cluster_id,n_stations,Model,Adjusted R-Squared,R-Squared,RMSE,Time Taken,R2_deploy_mean,R2_deploy_std,R2_deploy_min,season
1,4,ExtraTreesRegressor,0.5324857541447043,0.547166941209246,2.1883444667945877,32.73852348327637,0.5073,0.1376,0.2623,
1,4,HistGradientBoostingRegressor,0.5260259940720808,0.5409100347327622,2.203411049288373,1.951772689819336,0.4991,0.1297,0.265,
1,4,CatBoostRegressor,0.5248386073267713,0.5397599350799432,2.206169285520132,4.735165119171143,0.4968,0.1251,0.2791,
1,4,LGBMRegressor,0.5185767954854723,0.5336947607354052,2.220658468960895,0.5494039058685303,0.4907,0.1259,0.2863,
1,4,RandomForestRegressor,0.5062770723076145,0.5217812814814857,2.248846996200317,106.73296785354614,0.4751,0.1379,0.2109,
1,4,GradientBoostingRegressor,0.4987934240325367,0.5145326396072303,2.2658264434232063,42.31930375099182,,,,
1,4,MLPRegressor,0.4921713634975007,0.5081185293332386,2.280745645159619,18.84668564796448,,,,
1,4,XGBRegressor,0.4851755653748659,0.5013424178229686,2.296401576517208,1.5951101779937744,,,,
1,4,HuberRegressor,0.4784534602622506,0.4948314046364298,2.311345107398938,1.168107986450195,,,,
1,4,LinearSVR,0.4757034849300153,0.4921677858219548,2.3174306481929188,1.612762212753296,,,,
1,4,ElasticNetCV,0.4611642612513037,0.4780851323215699,2.3493431599420727,0.5765810012817383,,,,
1,4,LassoCV,0.4608865307097842,0.4778161232555342,2.3499485395092976,0.633549690246582,,,,
1,4,LassoLarsCV,0.459548651722682,0.476520257216387,2.3528625815809625,0.2960643768310547,,,,
1,4,BayesianRidge,0.4590782719207597,0.4760646485875885,2.3538862614476126,0.1054260730743408,,,,
1,4,RidgeCV,0.4589353456597934,0.4759262105902256,2.3541972213554185,0.1108667850494384,,,,
1,4,LassoLarsIC,0.4588503273569377,0.4758438620875294,2.354382173365218,0.107795238494873,,,,
1,4,Ridge,0.4588372769306844,0.4758312214792672,2.354410562466455,0.0564892292022705,,,,
1,4,TransformedTargetRegressor,0.4588253552524703,0.4758196741733628,2.3544364958588795,0.07574462890625,,,,
1,4,LinearRegression,0.4588253552524703,0.4758196741733628,2.3544364958588795,0.0755360126495361,,,,
1,4,PoissonRegressor,0.4585105959064004,0.4755147991054318,2.3551210929413444,0.1019108295440673,,,,
1,4,SGDRegressor,0.4567867122691718,0.4738450499857715,2.358866991295383,0.1515767574310302,,,,
1,4,BaggingRegressor,0.4345793410593522,0.4523350491209916,2.406601022721305,10.621628761291504,,,,
1,4,KNeighborsRegressor,0.4180071380850698,0.4362832572659295,2.441614468284144,0.3172378540039062,,,,
1,4,GammaRegressor,0.3874023210165054,0.406639512610544,2.5049896409386023,0.0658879280090332,,,,
1,4,TweedieRegressor,0.3601332832432099,0.3802267949348049,2.5601359080793507,0.0610332489013671,,,,
1,4,RANSACRegressor,0.3207132034788019,0.3420446102083581,2.637818120499753,0.2347688674926757,,,,
1,4,ElasticNet,0.2926545004667017,0.3148670248763308,2.691745886710628,0.0616312026977539,,,,
1,4,LarsCV,0.2884208360803466,0.3107663087784517,2.6997893022307102,0.3129703998565674,,,,
1,4,LassoLars,0.269572161755888,0.2925095328103089,2.7353123045830547,0.0424628257751464,,,,
1,4,Lasso,0.2695592856368674,0.2924970610355701,2.7353364137761416,0.0607786178588867,,,,
1,4,OrthogonalMatchingPursuit,0.2158016874581513,0.2404275939929616,2.834204690563746,0.0541150569915771,,,,
1,4,OrthogonalMatchingPursuitCV,0.1932259596626607,0.2185608039161013,2.874711183002919,0.172037124633789,,,,
1,4,QuantileRegressor,-0.0664154496666373,-0.0329271766484944,3.305076185408267,52.3073844909668,,,,
1,4,ExtraTreeRegressor,-0.0874669335873348,-0.0533175881501888,3.3375385515259706,0.3696436882019043,,,,
1,4,PassiveAggressiveRegressor,-0.1313239932395189,-0.0957974198300433,3.404174072407104,0.1037049293518066,,,,
1,4,DecisionTreeRegressor,-0.137023773006258,-0.1013182113975477,3.412738668017011,1.800861120223999,,,,
1,4,DummyRegressor,-0.2267766983554393,-0.1882526568857987,3.544875769430807,0.0418677330017089,,,,
1,4,AdaBoostRegressor,-0.8527344162632879,-0.794553642549507,4.3563708687904,11.819180011749268,,,,
1,4,Lars,-6.564453126888563e+24,-6.358311891222139e+24,8200069561585.874,0.0651867389678955,,,,
10,31,CatBoostRegressor,0.4279511330422555,0.4307028379073649,2.214231627145514,9.433660507202148,0.3838,0.1628,0.2024,
10,31,XGBRegressor,0.4091052372934526,0.4119475958527038,2.2504095140859715,4.345698833465576,0.3642,0.1644,0.1661,
10,31,LGBMRegressor,0.4085860589416137,0.4114309148847058,2.2513979366010783,1.6354594230651855,0.3608,0.1577,0.1772,
10,31,HistGradientBoostingRegressor,0.4083927550632293,0.4112385408486013,2.2517658416899557,4.5014636516571045,0.3606,0.1574,0.1801,
10,31,ExtraTreesRegressor,0.400239083972546,0.4031240910512457,2.2672299265298044,212.31416368484497,0.3531,0.1736,0.1278,
10,31,MLPRegressor,0.397069070480666,0.3999693261544629,2.273213708923993,130.3285710811615,,,,
10,31,GradientBoostingRegressor,0.3943580093698298,0.3972713059575751,2.2783186958943777,246.88907742500305,,,,
10,31,RandomForestRegressor,0.3768336099931967,0.3798312035314443,2.311045499385481,781.9058599472046,,,,
10,31,KNeighborsRegressor,0.3677416107104649,0.3707829391463847,2.327843530408239,9.027976036071776,,,,
10,31,BaggingRegressor,0.3295329440060246,0.3327580661353382,2.397149977654088,77.9165632724762,,,,
10,31,PoissonRegressor,0.305515045691878,0.308855700202179,2.4397083106217528,0.7664148807525635,,,,
10,31,HuberRegressor,0.2815803187613928,0.2850361055765437,2.481393244720524,6.665875673294067,,,,
10,31,BayesianRidge,0.275411107838829,0.2788965701741848,2.4920245757836046,0.6861565113067627,,,,
10,31,RidgeCV,0.2753907014485879,0.2788762619440249,2.4920596666251136,0.5431258678436279,,,,
10,31,Ridge,0.2753907014473118,0.2788762619427549,2.492059666627308,0.2543940544128418,,,,
10,31,LassoLarsIC,0.2753889862593554,0.2788745550053018,2.492062616043087,0.6245818138122559,,,,
10,31,LinearRegression,0.2753889786358151,0.2788745474184327,2.492062629152424,0.4346511363983154,,,,
10,31,TransformedTargetRegressor,0.2753889786358151,0.2788745474184327,2.492062629152424,0.4384956359863281,,,,
10,31,LassoLarsCV,0.2753889655847055,0.2788745344301024,2.492062651594935,1.4662361145019531,,,,
10,31,ElasticNetCV,0.2736913820744291,0.277185116741094,2.4949800855132014,4.014121055603027,,,,
10,31,LassoCV,0.273581558377729,0.2770758213251371,2.495168708897362,4.325047969818115,,,,
10,31,LinearSVR,0.2701689289476113,0.2736796075363187,2.5010228477674588,30.223796844482425,,,,
10,31,SGDRegressor,0.2652019850245819,0.2687365559143621,2.509518907183868,1.7268359661102295,,,,
10,31,GammaRegressor,0.2594689092904124,0.2630310577759208,2.5192898288264964,0.308434247970581,,,,
10,31,TweedieRegressor,0.210912681569366,0.214708398226702,2.600572805624879,0.2917163372039795,,,,
10,31,OrthogonalMatchingPursuit,0.1880216213303155,0.1919274499823877,2.6380238485908056,0.3105363845825195,,,,
10,31,OrthogonalMatchingPursuitCV,0.1853071037071471,0.1892259898998973,2.64242974624856,1.0971219539642334,,,,
10,31,ElasticNet,0.1275324625654693,0.1317292599128294,2.7345201207486127,0.3348615169525146,,,,
10,31,LarsCV,0.097318241884368,0.1016603775460679,2.781466399216724,1.3620820045471191,,,,
10,31,Lasso,0.0093823514161863,0.0141474817407477,2.9137984998915147,0.2889242172241211,,,,
10,31,LassoLars,0.009378375305633,0.0141435247563274,2.9138043475429054,0.2638189792633056,,,,
10,31,QuantileRegressor,-0.0407955208866224,-0.0357890218550993,2.986683427572628,1234.8374283313751,,,,
10,31,DecisionTreeRegressor,-0.2048988190355836,-0.1991029401626172,3.213525675811417,12.791963577270508,,,,
10,31,ExtraTreeRegressor,-0.243374398503519,-0.2373934420168639,3.264430638582448,2.392359972000122,,,,
10,31,RANSACRegressor,-0.3723000858458882,-0.3656989630385057,3.4295017605078426,1.239954710006714,,,,
10,31,DummyRegressor,-0.4937643080263818,-0.4865789104997984,3.578059217862787,0.2328512668609619,,,,
10,31,PassiveAggressiveRegressor,-0.5507967793822963,-0.543337040732141,3.645725199127713,0.9179623126983644,,,,
10,31,AdaBoostRegressor,-0.9873670449626368,-0.9778072890007644,4.127105082807448,75.56632089614868,,,,
10,31,Lars,-4.433474137733236e+19,-4.412147966039169e+19,19492995142.945736,0.2653968334197998,,,,
10,31,CatBoostRegressor,0.1991661246999249,0.215629132643508,2.7058159561278536,5.770662784576416,0.2129,0.0332,0.1795,DJF
10,31,LGBMRegressor,0.1745507254157825,0.1915197602975961,2.747085843117905,0.6055736541748047,0.1893,0.0255,0.1599,DJF
10,31,HistGradientBoostingRegressor,0.1625674532012399,0.1797828321897937,2.7669540918923388,2.0264837741851807,0.1778,0.0143,0.1614,DJF
10,31,GradientBoostingRegressor,0.1560160697008129,0.1733661276557985,2.7777561929302697,65.44203853607178,0.171,0.0202,0.1485,DJF
10,31,XGBRegressor,0.1554892985271588,0.1728501854921099,2.778622923675119,1.8731627464294436,0.1708,0.0166,0.1519,DJF
10,31,ExtraTreesRegressor,0.1315476760395326,0.1494007388893367,2.817734221533716,52.1120593547821,,,,DJF
10,31,KNeighborsRegressor,0.1301619883770362,0.1480435372683259,2.819981289790916,0.9418187141418456,,,,DJF
10,31,RandomForestRegressor,0.1166135902229874,0.1347736580347579,2.8418581239751664,188.1873247623444,,,,DJF
10,31,MLPRegressor,0.0952137554268904,0.113813746749773,2.8760738302703235,48.1282012462616,,,,DJF
10,31,BaggingRegressor,0.0611964117036144,0.0804957088590906,2.9296410084438955,16.551391124725342,,,,DJF
10,31,PoissonRegressor,0.0334902230393275,0.0533590855168197,2.9725567971427718,0.2022781372070312,,,,DJF
10,31,LassoLarsCV,-0.0051398041492853,0.0155231886267391,3.031379236227683,0.4436321258544922,,,,DJF
10,31,LassoCV,-0.0053409443510277,0.0153261833309258,3.0316825282314586,1.142280340194702,,,,DJF
10,31,ElasticNetCV,-0.0083065882871355,0.0124215051221477,3.0361507985163985,1.5868017673492432,,,,DJF
10,31,LassoLarsIC,-0.011366295235575,0.0094246975856221,3.040753909837364,0.1971728801727295,,,,DJF
10,31,LinearRegression,-0.0113665140339722,0.0094244832851364,3.0407542387548143,0.1369340419769287,,,,DJF
10,31,TransformedTargetRegressor,-0.0113665140339722,0.0094244832851364,3.0407542387548143,0.1310381889343261,,,,DJF
10,31,Ridge,-0.0113839938156443,0.0094073628411414,3.0407805158214445,0.0760385990142822,,,,DJF
10,31,RidgeCV,-0.0113839938164679,0.0094073628403347,3.0407805158226826,0.1725962162017822,,,,DJF
10,31,BayesianRidge,-0.0114638192135605,0.0093291784404414,3.040900513135429,0.2883341312408447,,,,DJF
10,31,OrthogonalMatchingPursuitCV,-0.017000042922346,0.003906764721101,3.04921130556726,0.2667694091796875,,,,DJF
10,31,SGDRegressor,-0.0212155282802166,-0.0002220615042414,3.055524291152632,0.6952056884765625,,,,DJF
10,31,HuberRegressor,-0.0551766110729656,-0.0334849950390307,3.105915340501641,2.6610143184661865,,,,DJF
10,31,OrthogonalMatchingPursuit,-0.0577413315580861,-0.0359969917133562,3.109687680625676,0.0871722698211669,,,,DJF
10,31,LinearSVR,-0.0720462090109919,-0.0500077990495964,3.130644746935756,13.68902850151062,,,,DJF
10,31,LarsCV,-0.1731226779314447,-0.1490064054294277,3.274905336192623,0.4278762340545654,,,,DJF
10,31,PassiveAggressiveRegressor,-0.2116194882703301,-0.1867118240528038,3.328205705500748,0.2875962257385254,,,,DJF
10,31,GammaRegressor,-0.2688832258361073,-0.2427983719472883,3.405946829025572,0.1057586669921875,,,,DJF
10,31,TweedieRegressor,-0.3906232093742068,-0.3620357062121055,3.565593032540748,0.0871267318725586,,,,DJF
10,31,RANSACRegressor,-0.4502598527947257,-0.4204463793475979,3.641245392052244,0.7137575149536133,,,,DJF
10,31,ElasticNet,-0.546577661900479,-0.5147841512629634,3.760216945730627,0.106325626373291,,,,DJF
10,31,DecisionTreeRegressor,-0.5472331079705981,-0.5154261231105355,3.761013659147257,2.83528995513916,,,,DJF
10,31,ExtraTreeRegressor,-0.6005457310093785,-0.5676427808515794,3.825261059086312,0.6327636241912842,,,,DJF
10,31,LassoLars,-0.6313678335166748,-0.5978312631611469,3.861917421637145,0.0818421840667724,,,,DJF
10,31,Lasso,-0.6313769019431819,-0.5978401451649986,3.861928155410647,0.0871238708496093,,,,DJF
10,31,AdaBoostRegressor,-1.157313271554416,-1.1129646661547137,4.441029349543125,23.275570392608643,,,,DJF
10,31,DummyRegressor,-2.4310530590637103,-2.3605197618239355,5.60067991288764,0.0668783187866211,,,,DJF
10,31,QuantileRegressor,-5.133915275037648,-5.007818341562684,7.488518761544846,205.15004205703733,,,,DJF
10,31,Lars,-1.896300042259441e+27,-1.8573171725007957e+27,131668098310885.5,0.0854015350341796,,,,DJF
10,31,CatBoostRegressor,0.5790286998469285,0.5868599146079405,1.6766421137419527,5.076442718505859,0.576,0.1027,0.4589,JJA
10,31,ExtraTreesRegressor,0.5721552360489727,0.5801143159901865,1.6902744893242716,56.00121998786926,0.5691,0.1024,0.4512,JJA
10,31,HistGradientBoostingRegressor,0.5601040458946714,0.5682873108532245,1.7139143302888329,2.111769676208496,0.5569,0.1162,0.4228,JJA
10,31,LGBMRegressor,0.5526704329256706,0.5609919833673179,1.7283350146854877,0.5754928588867188,0.5494,0.1215,0.4092,JJA
10,31,MLPRegressor,0.5506760972364775,0.5590347477632895,1.7321834601915782,48.53128576278687,0.548,0.0711,0.466,JJA
10,31,XGBRegressor,0.540725920675147,0.5492696716340633,1.7512578451066068,1.868185043334961,,,,JJA
10,31,RandomForestRegressor,0.5361777557709493,0.5448061150062974,1.759907785967651,170.87895226478577,,,,JJA
10,31,GradientBoostingRegressor,0.5330032129235343,0.5416906273172676,1.765920192332754,65.46351265907288,,,,JJA
10,31,KNeighborsRegressor,0.514779457847882,0.5238058838077189,1.800046464046768,1.032620191574097,,,,JJA
10,31,BaggingRegressor,0.5009903231592424,0.5102732646465653,1.825444401585544,17.60558843612671,,,,JJA
10,31,LinearRegression,0.3896920333100458,0.4010454266548362,2.018778383222935,0.1413443088531494,,,,JJA
10,31,TransformedTargetRegressor,0.3896920333100458,0.4010454266548362,2.018778383222935,0.1519544124603271,,,,JJA
10,31,LassoLarsIC,0.3896920233663864,0.4010454168961559,2.018778399668767,0.2070424556732177,,,,JJA
10,31,Ridge,0.389670234301507,0.4010240331673326,2.0188144363114238,0.0920424461364746,,,,JJA
10,31,RidgeCV,0.389670234297621,0.401024033163519,2.01881443631785,0.1809425354003906,,,,JJA
10,31,BayesianRidge,0.389578441327687,0.4009339477932736,2.0189662444190377,0.2266063690185547,,,,JJA
10,31,LassoLarsCV,0.388742111243412,0.4001131757304094,2.0203488497890687,0.4513647556304931,,,,JJA
10,31,PoissonRegressor,0.3874119514679764,0.398807760556005,2.0225458982060305,0.1764078140258789,,,,JJA
10,31,SGDRegressor,0.3874014498732989,0.398797454319641,2.022563234380204,0.4731552600860595,,,,JJA
10,31,LassoCV,0.3828835266572906,0.3943635768021529,2.030007750374494,1.892232179641724,,,,JJA
10,31,ElasticNetCV,0.3797581055403206,0.391296297045358,2.035141802421109,1.5411639213562012,,,,JJA
10,31,HuberRegressor,0.3203115800521233,0.3329556391251512,2.1304387931863795,2.4507076740264893,,,,JJA
10,31,GammaRegressor,0.3096164066516464,0.3224594251306361,2.1471350289713533,0.1241302490234375,,,,JJA
10,31,LinearSVR,0.3075711813462227,0.3204522465960863,2.150313064661613,9.632363319396973,,,,JJA
10,31,OrthogonalMatchingPursuitCV,0.2979155852944131,0.3109762709751701,2.165253714917871,0.2595772743225097,,,,JJA
10,31,TweedieRegressor,0.186295316942135,0.2014324441590032,2.3310282344446915,0.1022629737854003,,,,JJA
10,31,DecisionTreeRegressor,0.1702623660439078,0.1856977498917889,2.353881092652538,2.880090951919556,,,,JJA
10,31,OrthogonalMatchingPursuit,0.1653570214381717,0.1808836580794625,2.3608288205006227,0.0811069011688232,,,,JJA
10,31,ExtraTreeRegressor,0.1378138964301176,0.1538529103452249,2.399466194079201,0.654871940612793,,,,JJA
10,31,ElasticNet,-0.04539080424795,-0.025943683044495,2.642125629866191,0.1252307891845703,,,,JJA
10,31,PassiveAggressiveRegressor,-0.1610647907496001,-0.1394658177922905,2.784468786236664,0.3218915462493896,,,,JJA
10,31,LassoLars,-0.3974221892820933,-0.3714263238345141,3.0547659683331854,0.0850141048431396,,,,JJA
10,31,Lasso,-0.3974468953853847,-0.3714505703368762,3.0547929719941216,0.1562623977661132,,,,JJA
10,31,LarsCV,-0.6442412552195089,-0.6136538817243136,3.313575699202038,0.415048599243164,,,,JJA
10,31,RANSACRegressor,-0.705376538059129,-0.6736518815016008,3.3746152758302137,0.5912277698516846,,,,JJA
10,31,AdaBoostRegressor,-0.8221346036232589,-0.7882379284835126,3.4882239054603525,24.11925220489502,,,,JJA
10,31,DummyRegressor,-3.56962888206375,-3.4846213170811677,5.524011722657412,0.0687310695648193,,,,JJA
10,31,QuantileRegressor,-8.540028948002561,-8.362558380553155,7.981581864923601,212.96592259407043,,,,JJA
10,31,Lars,-3.69629114344423e+30,-3.627530043214801e+30,4968178739839013.0,0.0882215499877929,,,,JJA
10,31,CatBoostRegressor,0.3774647433251524,0.3892850330088521,2.062062912990731,5.9587812423706055,0.339,0.0563,0.2769,MAM
10,31,ExtraTreesRegressor,0.3578486011689065,0.3700413492479778,2.094298837571852,64.11049962043762,0.3191,0.0576,0.2583,MAM
10,31,LGBMRegressor,0.3487602190163746,0.3611255313135321,2.109067094882222,0.638192892074585,0.3074,0.0514,0.248,MAM
10,31,GradientBoostingRegressor,0.343951904918867,0.3564085143191416,2.116838738637419,71.34845471382141,0.3007,0.0588,0.2331,MAM
10,31,HistGradientBoostingRegressor,0.3414576891408815,0.3539616570685862,2.120858904077342,6.102447986602783,0.3002,0.0567,0.2361,MAM
10,31,XGBRegressor,0.3377235462114271,0.3502984155871594,2.1268633742707728,1.9130058288574217,,,,MAM
10,31,RandomForestRegressor,0.3185761035496703,0.3315145319632842,2.157389769584429,187.1593096256256,,,,MAM
10,31,MLPRegressor,0.3068420324584417,0.3200032596902434,2.17588553479331,61.15980768203735,,,,MAM
10,31,KNeighborsRegressor,0.2906553363307986,0.3041239058941378,2.201144673644746,1.1050114631652832,,,,MAM
10,31,BaggingRegressor,0.2595962417818077,0.2736545409884822,2.2488176565450497,18.97726559638977,,,,MAM
10,31,PoissonRegressor,0.0399485709639698,0.0581773955659197,2.5607500177907343,0.3682482242584228,,,,MAM
10,31,ElasticNetCV,-0.0333549597770779,-0.0137342959838422,2.6567133576736137,1.5339572429656982,,,,MAM
10,31,BayesianRidge,-0.0356711665451718,-0.0160065241424154,2.6596891275586607,0.2973947525024414,,,,MAM
10,31,RidgeCV,-0.0357608875447017,-0.016094541578663,2.659804330533659,0.1701822280883789,,,,MAM
10,31,Ridge,-0.0357608875475485,-0.0160945415814559,2.6598043305373142,0.0790016651153564,,,,MAM
10,31,LassoLarsIC,-0.0357830271204342,-0.0161162607827045,2.659832757280334,0.4468867778778076,,,,MAM
10,31,LinearRegression,-0.0357832662760213,-0.0161164953973627,2.6598330643493884,0.2122268676757812,,,,MAM
10,31,TransformedTargetRegressor,-0.0357832662760213,-0.0161164953973627,2.6598330643493884,0.1334531307220459,,,,MAM
10,31,LarsCV,-0.0384919710162583,-0.0187737690349369,2.6633086941023274,0.8808777332305908,,,,MAM
10,31,LassoCV,-0.0414410425383346,-0.0216668455281132,2.6670875965237446,1.8987891674041748,,,,MAM
10,31,LassoLarsCV,-0.0417824610788906,-0.0220017814381523,2.6675247401061477,0.7247798442840576,,,,MAM
10,31,SGDRegressor,-0.0419519609762839,-0.0221680629830633,2.667741736838632,0.5755269527435303,,,,MAM
10,31,GammaRegressor,-0.0721081089884578,-0.0517516259063985,2.7060712399193414,0.1144173145294189,,,,MAM
10,31,HuberRegressor,-0.1149718330515121,-0.0938014817910404,2.759636518004628,2.969705820083618,,,,MAM
10,31,LinearSVR,-0.1718692583047825,-0.1496185761850714,2.829173072979378,19.928773880004883,,,,MAM
10,31,OrthogonalMatchingPursuitCV,-0.2443017730969454,-0.2206757900634592,2.9152969294073605,0.3932242393493652,,,,MAM
10,31,TweedieRegressor,-0.2733326252725889,-0.2491554235269069,2.949109299075316,0.0919408798217773,,,,MAM
10,31,OrthogonalMatchingPursuit,-0.285975284569621,-0.2615580323309574,2.963713689247635,0.221083402633667,,,,MAM
10,31,DecisionTreeRegressor,-0.3456278559656438,-0.3200779599662962,3.0316734447914637,3.368503332138061,,,,MAM
10,31,ExtraTreeRegressor,-0.3522813715905777,-0.3266051430160732,3.0391593234274312,0.744992733001709,,,,MAM
10,31,PassiveAggressiveRegressor,-0.3670405032841712,-0.3410840380319402,3.055699381739802,0.5778355598449707,,,,MAM
10,31,ElasticNet,-0.5064755208730818,-0.4778715552868842,3.207753405784235,0.1474840641021728,,,,MAM
10,31,Lasso,-0.897715938856344,-0.8616833577388185,3.600273864691625,0.2596721649169922,,,,MAM
10,31,LassoLars,-0.8977471814247786,-0.8617140070939284,3.600303500670685,0.1259970664978027,,,,MAM
10,31,AdaBoostRegressor,-0.9322154145887962,-0.8955277801345787,3.6328520090131327,23.520691394805908,,,,MAM
10,31,RANSACRegressor,-1.096774466740522,-1.0569622933213982,3.7843892042810072,0.6485669612884521,,,,MAM
10,31,DummyRegressor,-4.392154190811073,-4.289771516302003,6.068775700941882,0.1044991016387939,,,,MAM
10,31,QuantileRegressor,-9.844780665976147,-9.638867109027233,8.606574286398654,238.64114332199097,,,,MAM
10,31,Lars,-109736498351539.58,-107652893952459.7,27377606.94773888,0.1164596080780029,,,,MAM
10,31,CatBoostRegressor,0.3565149002915649,0.3687123853323736,2.372680115653365,5.133375644683838,0.3781,0.1484,0.2817,SON
10,31,LGBMRegressor,0.3456409040002161,0.3580445094425034,2.392643614419605,0.5487782955169678,0.3668,0.1398,0.2827,SON
10,31,HistGradientBoostingRegressor,0.3416351627715926,0.3541146984393595,2.3999558746634517,2.042190790176392,0.3626,0.1374,0.2822,SON
10,31,ExtraTreesRegressor,0.3243608545130045,0.3371678307332719,2.431237272454246,53.15248394012451,0.3454,0.137,0.263,SON
10,31,XGBRegressor,0.3189421332470405,0.3318518232234024,2.4409672354572405,1.966834306716919,0.3416,0.1545,0.242,SON
10,31,GradientBoostingRegressor,0.3164398229220224,0.329396945065455,2.4454473667457166,66.93764138221741,,,,SON
10,31,RandomForestRegressor,0.3063617427094756,0.3195098983868444,2.463408651698528,166.1138253211975,,,,SON
10,31,MLPRegressor,0.2982394728682951,0.3115415890102188,2.477789517321204,50.26591968536377,,,,SON
10,31,KNeighborsRegressor,0.293780118811397,0.3071667635685524,2.4856496366465826,1.0095593929290771,,,,SON
10,31,BaggingRegressor,0.247643088896949,0.2619042771866026,2.5655583736140275,16.870580196380615,,,,SON
10,31,PoissonRegressor,0.2043124441934121,0.2193949800027198,2.638403571113461,0.1633398532867431,,,,SON
10,31,SGDRegressor,0.1821977054242637,0.1976994338387153,2.674817189708329,0.319918155670166,,,,SON
10,31,LassoCV,0.1813518191265596,0.1968695816115238,2.676200168488417,1.948613405227661,,,,SON
10,31,LassoLarsCV,0.1806755517104966,0.1962061330807695,2.677305315610669,0.4306225776672363,,,,SON
10,31,ElasticNetCV,0.1802796581999221,0.1958177438701005,2.6779520678194246,1.9899325370788572,,,,SON
10,31,BayesianRidge,0.1798106476278193,0.1953576235573678,2.6787180657838947,0.2012269496917724,,,,SON
10,31,Ridge,0.1796724385631497,0.1952220342938398,2.678943749964122,0.0768039226531982,,,,SON
10,31,RidgeCV,0.1796724385601324,0.1952220342908798,2.678943749969049,0.1692357063293457,,,,SON
10,31,LassoLarsIC,0.1796509351161472,0.1952009384521933,2.678978861637891,0.1923224925994873,,,,SON
10,31,LinearRegression,0.1796508855999298,0.195200889874573,2.678978942489387,0.1397247314453125,,,,SON
10,31,TransformedTargetRegressor,0.1796508855999298,0.195200889874573,2.678978942489387,0.1320860385894775,,,,SON
10,31,HuberRegressor,0.1378435789929161,0.1541860553810032,2.746394853910151,2.458847045898437,,,,SON
10,31,LinearSVR,0.1140789164199428,0.1308718602957231,2.7839886593410808,10.013556957244871,,,,SON
10,31,OrthogonalMatchingPursuitCV,0.1018934185901625,0.118917342837611,2.803069607971942,0.2552535533905029,,,,SON
10,31,OrthogonalMatchingPursuit,0.055937774639825,0.0738328041854055,2.8738907427571405,0.0749082565307617,,,,SON
10,31,GammaRegressor,-0.0484738908770443,-0.028599701707092,3.0286476663933546,0.1000511646270752,,,,SON
10,31,TweedieRegressor,-0.1691218995548566,-0.1469607851993517,3.198157450541764,0.0922482013702392,,,,SON
10,31,PassiveAggressiveRegressor,-0.298548956057288,-0.2739345065953764,3.370537061367855,0.3408601284027099,,,,SON
10,31,ElasticNet,-0.3067107199523138,-0.2819415614022489,3.38111288005478,0.0950791835784912,,,,SON
10,31,DecisionTreeRegressor,-0.319333682471681,-0.2943252512538101,3.397404582138672,2.758213758468628,,,,SON
10,31,ExtraTreeRegressor,-0.363717670977622,-0.3378679257400512,3.4540782912530026,0.5849826335906982,,,,SON
10,31,LassoLars,-0.4803971919399099,-0.4523357455889005,3.598811250368962,0.0776362419128418,,,,SON
10,31,Lasso,-0.4804128582170568,-0.4523511149062869,3.598830292496843,0.0867979526519775,,,,SON
10,31,AdaBoostRegressor,-0.7724743730256123,-0.7388765015908387,3.937856859232065,22.71488046646118,,,,SON
10,31,RANSACRegressor,-0.7784264724275458,-0.7447157768676302,3.944463124382486,0.5569264888763428,,,,SON
10,31,LarsCV,-1.4885473323079088,-1.4413760475758717,4.665980246652889,0.4203550815582275,,,,SON
10,31,DummyRegressor,-1.902433370716654,-1.847416731423373,5.039077903043804,0.0603277683258056,,,,SON
10,31,QuantileRegressor,-4.336772617591839,-4.235612226778177,6.832966520549414,214.9601502418518,,,,SON
10,31,Lars,-2.28267815770712e+17,-2.239409195155805e+17,1413163086.9203403,0.0821971893310546,,,,SON
11,16,CatBoostRegressor,0.6005171342198703,0.6040607433190435,1.807256553088461,7.205692768096924,0.5621,0.1326,0.3187,
11,16,LGBMRegressor,0.5889778850788796,0.5926238529817872,1.83317246187174,0.9429333209991456,0.548,0.1308,0.2901,
11,16,HistGradientBoostingRegressor,0.5875962586564403,0.5912544822638639,1.836250927187816,3.98439359664917,0.5464,0.1295,0.2917,
11,16,ExtraTreesRegressor,0.585740694436049,0.5894153778088813,1.8403772930608455,139.78798818588257,0.5437,0.1379,0.2764,
11,16,XGBRegressor,0.5843703185102238,0.588057157790145,1.843418777506808,3.993609666824341,0.5433,0.1353,0.3023,
11,16,GradientBoostingRegressor,0.5716003712284708,0.5754004862087032,1.87152344813301,149.6730682849884,,,,
11,16,RandomForestRegressor,0.5622791074974283,0.5661619066621465,1.8917745030521231,437.3268222808838,,,,
11,16,MLPRegressor,0.5547995305493896,0.5587486772328663,1.907868934897643,118.62972474098206,,,,
11,16,KNeighborsRegressor,0.5308424077818263,0.5350040659032176,1.9585294403327616,4.010476350784302,,,,
11,16,BaggingRegressor,0.5212480310731824,0.525494796025224,1.978454269576948,43.68359470367432,,,,
11,16,PoissonRegressor,0.46764509635062,0.4723673456437842,2.086274064734476,0.630901575088501,,,,
11,16,HuberRegressor,0.450689112215327,0.4555617694103419,2.119238491440316,6.982181310653687,,,,
11,16,LinearSVR,0.4498728536481529,0.4547527514573058,2.120812467549018,23.204142332077023,,,,
11,16,ElasticNetCV,0.4386427751443953,0.443622289261979,2.142349823513355,6.274520635604858,,,,
11,16,BayesianRidge,0.4376768260236297,0.442664908584035,2.1441922434353957,0.7419960498809814,,,,
11,16,LassoCV,0.4376230093169799,0.4426115692579884,2.144294845114936,9.674166440963743,,,,
11,16,Ridge,0.4376022052775191,0.4425909497605689,2.144334506750063,0.2465317249298095,,,,
11,16,RidgeCV,0.4376022052755559,0.4425909497586231,2.1443345067538058,0.5300710201263428,,,,
11,16,LassoLarsCV,0.4375919317767522,0.4425807673907964,2.1443540922834705,1.407567024230957,,,,
11,16,LassoLarsIC,0.4375919317767522,0.4425807673907964,2.1443540922834705,0.6691288948059082,,,,
11,16,TransformedTargetRegressor,0.437591911340641,0.4425807471359635,2.1443541312429564,0.4534835815429687,,,,
11,16,LinearRegression,0.437591911340641,0.4425807471359635,2.1443541312429564,0.5112063884735107,,,,
11,16,SGDRegressor,0.4281087223925643,0.4331816787285262,2.1623573469706665,0.9195935726165771,,,,
11,16,GammaRegressor,0.4131779892709802,0.4183833885382394,2.190402504594956,0.3235046863555908,,,,
11,16,TweedieRegressor,0.3599107417862053,0.3655886476840213,2.287657475674815,0.3191213607788086,,,,
11,16,OrthogonalMatchingPursuitCV,0.3404370469015105,0.346287694031302,2.322195914830789,0.8832173347473145,,,,
11,16,OrthogonalMatchingPursuit,0.2966425231289717,0.3028816491804593,2.3980530371104,0.2486000061035156,,,,
11,16,ElasticNet,0.2728361998542824,0.2792864996781652,2.438298407989844,0.3898446559906006,,,,
11,16,Lasso,0.1918817260470584,0.1990501317888053,2.5704442774264127,0.3818409442901611,,,,
11,16,LassoLars,0.191874051794097,0.1990425256102345,2.5704564824423195,0.2184619903564453,,,,
11,16,DecisionTreeRegressor,0.1296412882967996,0.1373617972711036,2.6675948489756527,7.295098066329956,,,,
11,16,ExtraTreeRegressor,0.1107584728094883,0.1186464816254893,2.6963768992405157,1.6162986755371094,,,,
11,16,PassiveAggressiveRegressor,0.0378466001574112,0.0463813730714496,2.8047418143789296,0.5971393585205078,,,,
11,16,LarsCV,-0.0714413456583729,-0.061937135022728,2.9597493267327075,1.4259517192840576,,,,
11,16,RANSACRegressor,-0.0816062228291323,-0.0720118447437172,2.9737559118436807,1.7552316188812256,,,,
11,16,QuantileRegressor,-0.1123312526234854,-0.1024643284429105,3.0156976639698154,493.9007565975189,,,,
11,16,AdaBoostRegressor,-0.336702650988993,-0.324845442375844,3.305887988120959,37.89354753494263,,,,
11,16,DummyRegressor,-0.6696111522860477,-0.6548008818636404,3.6946933447481016,0.21470308303833,,,,
11,16,Lars,-6.346980150220735e+26,-6.290679320975725e+26,72036781321286.05,0.2605302333831787,,,,
11,16,CatBoostRegressor,0.47498220757018,0.4933394730397541,2.123840032415869,5.300563812255859,0.483,0.1856,0.3269,DJF
11,16,ExtraTreesRegressor,0.4450600278098702,0.4644635233409936,2.183523125473427,37.081525564193726,0.4531,0.2146,0.2695,DJF
11,16,HistGradientBoostingRegressor,0.4421997281206212,0.4617032341303897,2.189143105782993,1.6386346817016602,0.4509,0.2109,0.2814,DJF
11,16,LGBMRegressor,0.4402398398822563,0.4598118734528068,2.19298562244299,0.4913504123687744,0.4493,0.2072,0.2891,DJF
11,16,RandomForestRegressor,0.4309526378177351,0.4508493987331988,2.2111031285381184,104.57499241828918,0.4394,0.2203,0.2551,DJF
11,16,GradientBoostingRegressor,0.4066169772991496,0.4273646354355429,2.257887764268644,40.66253113746643,,,,DJF
11,16,XGBRegressor,0.3923712630195807,0.413617023053861,2.28483027297777,1.9502274990081787,,,,DJF
11,16,MLPRegressor,0.3905552852549018,0.4118645410152198,2.2882419824939912,46.543768882751465,,,,DJF
11,16,BaggingRegressor,0.3797271111297012,0.4014149743769144,2.3084803994529355,10.471028327941896,,,,DJF
11,16,KNeighborsRegressor,0.374188828415109,0.3960703379110842,2.3187634582154515,0.4540355205535888,,,,DJF
11,16,PoissonRegressor,0.197886978130043,0.2259328879856359,2.6251406394442696,0.2313168048858642,,,,DJF
11,16,SGDRegressor,0.1815582453547778,0.2101750899227925,2.6517262066112743,0.5136606693267822,,,,DJF
11,16,LassoLarsIC,0.1803476335673066,0.2090068072187993,2.65368665446997,0.2169060707092285,,,,DJF
11,16,BayesianRidge,0.1803081885907156,0.208968741437194,2.6537505067523166,0.2191367149353027,,,,DJF
11,16,LassoCV,0.1801929089609667,0.2088574925637301,2.6539371089705326,2.622330904006958,,,,DJF
11,16,RidgeCV,0.1801455859439974,0.2088118241977037,2.654013706562715,0.2061414718627929,,,,DJF
11,16,Ridge,0.1801455859423411,0.2088118241961053,2.654013706565396,0.0983455181121826,,,,DJF
11,16,LassoLarsCV,0.1800936276023141,0.2087616825812541,2.654097804400011,0.5173141956329346,,,,DJF
11,16,LinearRegression,0.1800934427935641,0.2087615042343484,2.654098103519817,0.1551792621612548,,,,DJF
11,16,TransformedTargetRegressor,0.1800934427935641,0.2087615042343484,2.654098103519817,0.1609039306640625,,,,DJF
11,16,ElasticNetCV,0.1790938210215789,0.2077968342725725,2.655715535446735,1.471367359161377,,,,DJF
11,16,HuberRegressor,0.1276117372407521,0.1581148233512153,2.737724224258835,1.9276933670043943,,,,DJF
11,16,OrthogonalMatchingPursuitCV,0.1231851726069328,0.1538430337045925,2.7446611466156146,0.296433687210083,,,,DJF
11,16,OrthogonalMatchingPursuit,0.1110620003354214,0.1421437485754416,2.763570369218103,0.0924580097198486,,,,DJF
11,16,LinearSVR,0.0741283376398366,0.1065014726873947,2.8203966350798715,7.28739857673645,,,,DJF
11,16,ExtraTreeRegressor,0.017528140191829,0.0518803031221846,2.905325874197061,0.4522953033447265,,,,DJF
11,16,DecisionTreeRegressor,0.0059143140713877,0.0406725548381223,2.9224473917872285,1.771524429321289,,,,DJF
11,16,GammaRegressor,-0.0331292699872709,0.002994131061235,2.9792855125512467,0.1261353492736816,,,,DJF
11,16,LarsCV,-0.059819081374536,-0.0227624701376643,3.017523486392293,0.4866652488708496,,,,DJF
11,16,TweedieRegressor,-0.1675166586732304,-0.1266943978804602,3.1671332434267314,0.1239814758300781,,,,DJF
11,16,AdaBoostRegressor,-0.421747211210763,-0.3720357702593377,3.494990377249686,16.790621995925903,,,,DJF
11,16,PassiveAggressiveRegressor,-0.4343195194296185,-0.3841684872817299,3.5104092168397694,0.3706173896789551,,,,DJF
11,16,ElasticNet,-0.5133929755665718,-0.4604771372600484,3.605874843884361,0.126927375793457,,,,DJF
11,16,Lasso,-0.7406584807772632,-0.6797962961347015,3.867154978377885,0.1150722503662109,,,,DJF
11,16,LassoLars,-0.7406659174517947,-0.6798034727856481,3.867163239258046,0.0961945056915283,,,,DJF
11,16,RANSACRegressor,-0.9499941020678272,-0.8818124901074138,4.093091381478837,0.588280200958252,,,,DJF
11,16,DummyRegressor,-2.4484903470504844,-2.327913761489279,5.443137423623045,0.0773229598999023,,,,DJF
11,16,QuantileRegressor,-5.200652551340046,-4.983846518076409,7.298834062364225,88.62008571624756,,,,DJF
11,16,Lars,-8.939801416902389e+24,-8.627220947779929e+24,8763926521602.734,0.103309154510498,,,,DJF
11,16,CatBoostRegressor,0.6631131878109606,0.6753983632959742,1.4511060820710182,5.236273288726807,0.6605,0.0296,0.6264,JJA
11,16,ExtraTreesRegressor,0.65901326703936,0.6714479534115065,1.4599093773044545,39.38242983818054,0.6564,0.0423,0.6086,JJA
11,16,HistGradientBoostingRegressor,0.6465124101912573,0.6594029624938451,1.4864292501116778,1.792006254196167,0.6435,0.0183,0.6275,JJA
11,16,LGBMRegressor,0.6442406578873217,0.6572140536693886,1.4911980045621092,0.5582642555236816,0.6412,0.0245,0.6191,JJA
11,16,MLPRegressor,0.6442137591645277,0.6571881358562589,1.491254377731888,46.93284225463867,0.6411,0.045,0.6044,JJA
11,16,RandomForestRegressor,0.6267084442737711,0.6403211833399627,1.5275000745291822,115.087904214859,,,,JJA
11,16,XGBRegressor,0.6203135884957245,0.6341595273269176,1.540528312872119,1.872445106506348,,,,JJA
11,16,GradientBoostingRegressor,0.601968740955227,0.6164836572088856,1.5773052446472575,41.05204367637634,,,,JJA
11,16,BaggingRegressor,0.5783335973754811,0.5937104110854513,1.6234602392191515,11.53079342842102,,,,JJA
11,16,KNeighborsRegressor,0.5656758877948129,0.5815142873484866,1.6476468313845842,0.4596209526062011,,,,JJA
11,16,ElasticNetCV,0.3637568331459299,0.3869585693764268,1.99420004977454,1.845621109008789,,,,JJA
11,16,LassoCV,0.3554167637256734,0.3789226353888377,2.0072277870246675,1.8717405796051023,,,,JJA
11,16,PoissonRegressor,0.3510480428923714,0.3747132277139624,2.0140183838747854,0.2069997787475586,,,,JJA
11,16,LarsCV,0.3426949203690509,0.366664716627878,2.0269388716500183,0.4681909084320068,,,,JJA
11,16,BayesianRidge,0.342297355636207,0.3662816497985819,2.027551766348177,0.2362604141235351,,,,JJA
11,16,Ridge,0.3418594913340187,0.3658597529952578,2.0282265734472054,0.0934994220733642,,,,JJA
11,16,RidgeCV,0.3415135590769914,0.3655264357719148,2.028759542329704,0.1912879943847656,,,,JJA
11,16,LassoLarsCV,0.3414755236681553,0.3654897873917639,2.0288181339570825,0.5516481399536133,,,,JJA
11,16,LassoLarsIC,0.3414749213580761,0.3654892070459906,2.0288190617717463,0.2379882335662841,,,,JJA
11,16,TransformedTargetRegressor,0.341474376873612,0.3654886824171188,2.028819900509911,0.1525449752807617,,,,JJA
11,16,LinearRegression,0.341474376873612,0.3654886824171188,2.028819900509911,0.1727075576782226,,,,JJA
11,16,HuberRegressor,0.3385624244679552,0.362682919523824,2.033300599656149,2.137861967086792,,,,JJA
11,16,SGDRegressor,0.3284623998743651,0.352951210251718,2.0487658401050908,0.4114024639129638,,,,JJA
11,16,LinearSVR,0.3022881716500435,0.3277314717114277,2.0883111150928437,5.363983631134033,,,,JJA
11,16,GammaRegressor,0.2643042787140679,0.291132728841999,2.1444023393207345,0.1376237869262695,,,,JJA
11,16,ExtraTreeRegressor,0.2585395285066594,0.2855782004817002,2.152787478392957,0.4767365455627441,,,,JJA
11,16,OrthogonalMatchingPursuitCV,0.2150396104493147,0.2436645841363333,2.2150372200651147,0.2802670001983642,,,,JJA
11,16,OrthogonalMatchingPursuit,0.2042003576777032,0.2332206039536379,2.2302781365301354,0.092078685760498,,,,JJA
11,16,DecisionTreeRegressor,0.1745260824975784,0.2046284538813781,2.2714795691791685,1.9512183666229248,,,,JJA
11,16,TweedieRegressor,0.1227771760256247,0.1547666631235558,2.341596814480989,0.1090309619903564,,,,JJA
11,16,AdaBoostRegressor,0.0019073979646713,0.0383046160291686,2.497713237151456,15.44191837310791,,,,JJA
11,16,RANSACRegressor,-0.0408617425585673,-0.0029048718817963,2.550666511697377,0.5912134647369385,,,,JJA
11,16,ElasticNet,-0.2040178190917907,-0.1601111725284758,2.74330196388495,0.1381678581237793,,,,JJA
11,16,Lasso,-0.4910658387957691,-0.4366914767651293,3.052850712584533,0.1090121269226074,,,,JJA
11,16,LassoLars,-0.4910859603410704,-0.436710864542571,3.052871311227824,0.0919208526611328,,,,JJA
11,16,PassiveAggressiveRegressor,-0.9038148580248035,-0.834388870495536,3.4496061476444604,0.1937253475189209,,,,JJA
11,16,DummyRegressor,-4.762088513822762,-4.551963730093407,6.001324632325872,0.0797266960144043,,,,JJA
11,16,QuantileRegressor,-10.599799285226322,-10.176792017936869,8.51495573222081,90.41518831253052,,,,JJA
11,16,Lars,-495242143860687.1,-477182260170467.6,55637288.2838597,0.0985224246978759,,,,JJA
11,16,CatBoostRegressor,0.4816219958269518,0.4997471008679675,1.7471048943241898,5.4151270389556885,0.4751,0.0802,0.3875,MAM
11,16,ExtraTreesRegressor,0.4814109927678728,0.4995434755382268,1.7474604331088197,38.17088174819946,0.4739,0.0632,0.401,MAM
11,16,LGBMRegressor,0.4702425482650397,0.4887655360879404,1.7661770407213802,0.7180221080780029,0.4619,0.0595,0.3936,MAM
11,16,RandomForestRegressor,0.458307279722728,0.4772475846275277,1.7859619308105366,112.83925127983092,0.4494,0.0567,0.3841,MAM
11,16,HistGradientBoostingRegressor,0.457109726644765,0.4760919040348081,1.787935008301782,1.8490447998046875,0.448,0.0556,0.3841,MAM
11,16,XGBRegressor,0.4486090665199521,0.4678884697884852,1.8018785197648697,1.832049369812012,,,,MAM
11,16,GradientBoostingRegressor,0.4408533007014272,0.4604038845929857,1.8145067181221408,42.39297103881836,,,,MAM
11,16,BaggingRegressor,0.4023638656347308,0.4232602339691808,1.8759191709968728,11.555347442626951,,,,MAM
11,16,MLPRegressor,0.3961634727534515,0.4172766380417924,1.8856252630980008,46.29946541786194,,,,MAM
11,16,KNeighborsRegressor,0.3828835285260812,0.4044610275286657,1.906247411158002,0.5061979293823242,,,,MAM
11,16,ElasticNetCV,0.2520146442091926,0.2781679783277523,2.0986607746048977,1.747087001800537,,,,MAM
11,16,LassoCV,0.2496556123335022,0.275891430084079,2.101967597556309,2.34917426109314,,,,MAM
11,16,SGDRegressor,0.2464797840696811,0.2728266447665454,2.1064111834836976,0.4378986358642578,,,,MAM
11,16,LassoLarsCV,0.2437090522834419,0.2701527917140908,2.110280320002063,0.5094397068023682,,,,MAM
11,16,BayesianRidge,0.2434659732554754,0.2699182119528364,2.1106194247336205,0.2112984657287597,,,,MAM
11,16,LassoLarsIC,0.2433997549325683,0.2698543089559051,2.1107117924365326,0.2213010787963867,,,,MAM
11,16,Ridge,0.2432100424097169,0.2696712297380484,2.11097639938301,0.0896401405334472,,,,MAM
11,16,RidgeCV,0.2431006565316188,0.2695656685410027,2.1111289533786404,0.1830308437347412,,,,MAM
11,16,LinearRegression,0.2430881834712227,0.2695536316015995,2.1111463481159225,0.1599485874176025,,,,MAM
11,16,TransformedTargetRegressor,0.2430881834712227,0.2695536316015995,2.1111463481159225,0.1467378139495849,,,,MAM
11,16,HuberRegressor,0.2390099328108199,0.2656179771181338,2.1168261496016707,2.2502360343933105,,,,MAM
11,16,PoissonRegressor,0.2346559686546869,0.2614162494709566,2.122873166576876,0.2183430194854736,,,,MAM
11,16,LinearSVR,0.2143502369905666,0.2418205084244629,2.1508503260296896,8.028386354446411,,,,MAM
11,16,LarsCV,0.0785918493557019,0.1108089175600479,2.329280133202779,0.5217494964599609,,,,MAM
11,16,GammaRegressor,0.0395841655019154,0.0731651387361141,2.3780739390474426,0.1330125331878662,,,,MAM
11,16,DecisionTreeRegressor,-0.0396318302080296,-0.0032810669140426,2.474203868441058,1.9402751922607424,,,,MAM
11,16,OrthogonalMatchingPursuitCV,-0.1464784513568318,-0.1063917922184811,2.598236299289604,0.268897533416748,,,,MAM
11,16,OrthogonalMatchingPursuit,-0.1823514334820559,-0.1410104742693967,2.638572239120346,0.0881242752075195,,,,MAM
11,16,TweedieRegressor,-0.1837990738189572,-0.1424074978113014,2.640187044594348,0.1077263355255127,,,,MAM
11,16,ExtraTreeRegressor,-0.2377423805617333,-0.1944646749476868,2.6996709200183604,0.4408245086669922,,,,MAM
11,16,RANSACRegressor,-0.3311211781729375,-0.2845784796354222,2.799654855073742,0.5686061382293701,,,,MAM
11,16,ElasticNet,-0.6669710243512454,-0.6086853241991041,3.132995154219725,0.117448091506958,,,,MAM
11,16,Lasso,-0.9355146726418626,-0.8678393344376019,3.3759338769508185,0.1246695518493652,,,,MAM
11,16,LassoLars,-0.9355332478359972,-0.8678572601494241,3.375950076382831,0.0949118137359619,,,,MAM
11,16,PassiveAggressiveRegressor,-1.0483447673161277,-0.9767243209064732,3.47293956642559,0.2221724987030029,,,,MAM
11,16,AdaBoostRegressor,-1.308904930311812,-1.228173988692518,3.687217219256546,16.88262414932251,,,,MAM
11,16,DummyRegressor,-5.471239134372363,-5.244972031771931,6.172902566754493,0.068490982055664,,,,MAM
11,16,QuantileRegressor,-12.092034275620346,-11.634270839409846,8.780096002153387,88.48749160766602,,,,MAM
11,16,Lars,-7.779388273470328e+17,-7.507381690481856e+17,2140269298.2803807,0.1036140918731689,,,,MAM
11,16,CatBoostRegressor,0.5725306779302163,0.5877732448819915,1.897269936916721,5.032440423965454,0.5871,0.1171,0.4755,SON
11,16,ExtraTreesRegressor,0.56895400843241,0.5843241111428232,1.9051907065274287,38.67707896232605,0.5842,0.1185,0.4772,SON
11,16,LGBMRegressor,0.5607944082627363,0.576455463435618,1.9231385755285249,0.4782371520996094,0.5747,0.108,0.4696,SON
11,16,HistGradientBoostingRegressor,0.5572828020810524,0.5730690730052621,1.9308113606183923,1.6883323192596436,0.5714,0.1075,0.4699,SON
11,16,XGBRegressor,0.5540380813943326,0.5699400515506362,1.9378740028204924,1.9409282207489011,0.5684,0.1154,0.4553,SON
11,16,RandomForestRegressor,0.5286741898230938,0.5454805776661689,1.9922198377756704,108.34343647956848,,,,SON
11,16,KNeighborsRegressor,0.5119918105119192,0.5293930534017477,2.027170156652413,0.4570178985595703,,,,SON
11,16,GradientBoostingRegressor,0.5096562180636321,0.5271407427761017,2.032015353886747,42.03269171714783,,,,SON
11,16,MLPRegressor,0.4994454422011704,0.5172940595553283,2.053063391367981,45.728880167007446,,,,SON
11,16,BaggingRegressor,0.4832319130129293,0.5016586673032766,2.0860489347935074,10.815352439880373,,,,SON
11,16,SGDRegressor,0.3480706594722037,0.3713169513293755,2.3430249462384416,0.374377965927124,,,,SON
11,16,PoissonRegressor,0.3461531809191256,0.369467845624862,2.346468111877938,0.1940512657165527,,,,SON
11,16,ElasticNetCV,0.3455009938994396,0.3688389140852758,2.3476380759868185,2.097786426544189,,,,SON
11,16,OrthogonalMatchingPursuitCV,0.3436624187192009,0.3670658982418918,2.3509331780697647,0.2665748596191406,,,,SON
11,16,LassoCV,0.3424623124760989,0.3659085850106278,2.35308152453909,2.409053087234497,,,,SON
11,16,LassoLarsCV,0.3389989459012613,0.3625687140743542,2.359270432719456,0.4927351474761963,,,,SON
11,16,BayesianRidge,0.3357855806963631,0.3594699300376179,2.364998113532161,0.2229032516479492,,,,SON
11,16,Ridge,0.3353988408220461,0.3590969804123851,2.3656865252467,0.0920374393463134,,,,SON
11,16,RidgeCV,0.3353988408201631,0.3590969804105693,2.365686525250051,0.1902687549591064,,,,SON
11,16,LassoLarsIC,0.3353723371799968,0.3590714218288875,2.365733695405009,0.2075579166412353,,,,SON
11,16,LinearRegression,0.335295402124914,0.3589972300998576,2.365870616116785,0.1457128524780273,,,,SON
11,16,TransformedTargetRegressor,0.335295402124914,0.3589972300998576,2.365870616116785,0.1517143249511718,,,,SON
11,16,HuberRegressor,0.3049178158573473,0.3297028382713087,2.419327865007353,1.9283442497253416,,,,SON
11,16,OrthogonalMatchingPursuit,0.2924501211338975,0.3176797126940993,2.4409291814581278,0.087310791015625,,,,SON
11,16,LinearSVR,0.2525505534958329,0.2792028713188815,2.5088087822126264,5.973989009857178,,,,SON
11,16,ExtraTreeRegressor,0.0537987216416913,0.0875380699191269,2.822723989413445,0.4690814018249511,,,,SON
11,16,DecisionTreeRegressor,0.0470782300749109,0.0810572155318277,2.832730595849509,1.835448265075684,,,,SON
11,16,GammaRegressor,0.0450640196539543,0.0791148271940272,2.8357228160799903,0.1092941761016845,,,,SON
11,16,TweedieRegressor,-0.0734836847504947,-0.0352057403655721,3.006591138323869,0.1096565723419189,,,,SON
11,16,PassiveAggressiveRegressor,-0.1048275461934924,-0.0654319522325517,3.0501689507657463,0.2872343063354492,,,,SON
11,16,RANSACRegressor,-0.453200729260143,-0.4013829536526101,3.498158252335948,0.5725853443145752,,,,SON
11,16,ElasticNet,-0.471476716876088,-0.4190072618369249,3.520086586364396,0.1196434497833252,,,,SON
11,16,AdaBoostRegressor,-0.4871249453936173,-0.4340975107321967,3.538754040844378,17.026100873947144,,,,SON
11,16,LassoLars,-0.7304680119807643,-0.6687635266090255,3.8173188494546286,0.0907349586486816,,,,SON
11,16,Lasso,-0.7304810330458766,-0.668776083373084,3.817333211310337,0.2726521492004394,,,,SON
11,16,LarsCV,-0.7792893563026981,-0.7158440147546623,3.870792932054627,0.4664919376373291,,,,SON
11,16,DummyRegressor,-2.623617101835858,-2.494407300264849,5.523925329390501,0.0742709636688232,,,,SON
11,16,QuantileRegressor,-5.3671127323412415,-5.140076224452687,7.32230674977703,94.024897813797,,,,SON
11,16,Lars,-1.5488319450753216e+16,-1.4936041815821448e+16,361142664.31716895,0.0947906970977783,,,,SON
12,19,CatBoostRegressor,0.5500339041667098,0.5531271633039689,1.8123365275707088,7.209511995315552,0.5063,0.1583,0.1961,
12,19,LGBMRegressor,0.530966314177037,0.5341906520722453,1.850337562482638,1.299546718597412,0.4865,0.1477,0.1988,
12,19,HistGradientBoostingRegressor,0.5306794758265951,0.5339057855711419,1.850903264552766,3.760775566101074,0.4861,0.1467,0.2106,
12,19,XGBRegressor,0.5226490232718173,0.5259305377772815,1.866671323163568,3.8782105445861816,0.4742,0.1774,0.157,
12,19,ExtraTreesRegressor,0.5222443657822268,0.5255286620761161,1.867462358013349,147.22329950332642,0.4734,0.1701,0.1762,
12,19,GradientBoostingRegressor,0.5073640977561679,0.5107506873682932,1.896321536890047,151.22509503364563,,,,
12,19,RandomForestRegressor,0.4995663876461956,0.5030065820482612,1.911270620052592,443.8643276691437,,,,
12,19,MLPRegressor,0.4992491386548311,0.5026915139619702,1.911876347359376,125.36941123008728,,,,
12,19,KNeighborsRegressor,0.4892177805343455,0.4927291156819096,1.9309313484975112,4.898731231689453,,,,
12,19,BaggingRegressor,0.4619991381619626,0.4656975858831224,1.9817115180332547,44.47186493873596,,,,
12,19,PoissonRegressor,0.4043031715039683,0.4083982459436752,2.0852666226375427,0.5604109764099121,,,,
12,19,HuberRegressor,0.3673740753071287,0.3717230161276571,2.148930849025479,5.6490654945373535,,,,
12,19,LinearSVR,0.3650892049763631,0.3694538529714843,2.15280802408222,25.177224159240723,,,,
12,19,GammaRegressor,0.3639289352461959,0.3683015594310296,2.154774204115564,0.3156774044036865,,,,
12,19,ElasticNetCV,0.3570598151627893,0.3614796606130909,2.166377982942284,5.738401651382446,,,,
12,19,SGDRegressor,0.3552441597984708,0.3596764868392695,2.169434739112675,1.1621103286743164,,,,
12,19,LassoCV,0.3548815479433493,0.3593163677329231,2.170044700381905,9.149006128311155,,,,
12,19,BayesianRidge,0.3543730846027837,0.358811399786541,2.170899714561973,0.8356518745422363,,,,
12,19,Ridge,0.3542427304465919,0.3586819417404971,2.1711188593274917,0.2409272193908691,,,,
12,19,RidgeCV,0.3542427304437722,0.3586819417376967,2.171118859332232,0.5409994125366211,,,,
12,19,LassoLarsCV,0.3542246844007459,0.3586640197508782,2.1711491956772284,1.4992012977600098,,,,
12,19,LassoLarsIC,0.3542246844007459,0.3586640197508782,2.1711491956772284,0.6437134742736816,,,,
12,19,TransformedTargetRegressor,0.3542246062253859,0.358663942112929,2.171149327093188,0.4875712394714355,,,,
12,19,LinearRegression,0.3542246062253859,0.358663942112929,2.171149327093188,0.46254563331604,,,,
12,19,TweedieRegressor,0.3083190962972674,0.3130740062677261,2.246993627179861,0.3135058879852295,,,,
12,19,OrthogonalMatchingPursuitCV,0.2556060550903503,0.2607233370214432,2.331043423546951,0.9010839462280272,,,,
12,19,OrthogonalMatchingPursuit,0.246848469786831,0.2520259550999372,2.3447153644747667,0.2406733036041259,,,,
12,19,ElasticNet,0.2380977500568347,0.2433353915550691,2.358297420288784,0.468287706375122,,,,
12,19,Lasso,0.1603812449369046,0.1661531428864676,2.4756543779915847,0.3675639629364013,,,,
12,19,LassoLars,0.1603735954650413,0.1661455460003412,2.475665655375076,0.2055752277374267,,,,
12,19,DecisionTreeRegressor,0.0201149971638273,0.0268511452126553,2.6744624414726257,7.74831485748291,,,,
12,19,LarsCV,-0.0076322156852577,-0.0007053214436083,2.712064225203612,1.4188930988311768,,,,
12,19,ExtraTreeRegressor,-0.0331143139309153,-0.0260122448617294,2.7461429289589527,1.700732707977295,,,,
12,19,QuantileRegressor,-0.0552058529294186,-0.0479519171851741,2.7753486179438167,516.2088551521301,,,,
12,19,RANSACRegressor,-0.4352231680794891,-0.4253568309936997,3.236746343557402,1.3772413730621338,,,,
12,19,PassiveAggressiveRegressor,-0.475756903815441,-0.4656119205169846,3.2821343901539097,0.7491500377655029,,,,
12,19,DummyRegressor,-0.5540397229260747,-0.5433565900920274,3.368061443361757,0.2778549194335937,,,,
12,19,AdaBoostRegressor,-0.9788046437733656,-0.9652014954431178,3.8005846356452007,55.64352107048035,,,,
12,19,Lars,-1.1315618356446172e+27,-1.1237829962611756e+27,90884138248571.8,0.2491130828857422,,,,
12,19,LGBMRegressor,0.3685794263719575,0.3865629237221233,2.070561901614831,1.5773818492889404,0.3957,0.1637,0.22,DJF
12,19,CatBoostRegressor,0.3674247950251291,0.3854411774452995,2.072454177409637,7.188668966293335,0.3944,0.1737,0.2055,DJF
12,19,HistGradientBoostingRegressor,0.3644133130925854,0.3825154655677966,2.0773814555157912,1.879770040512085,0.3922,0.176,0.2028,DJF
12,19,ExtraTreesRegressor,0.3532965712926816,0.3717153398318141,2.095469945277705,38.5079710483551,0.3803,0.1908,0.1698,DJF
12,19,RandomForestRegressor,0.3412698123708265,0.3600311151830498,2.114864940369132,108.76221227645874,0.3723,0.1998,0.1615,DJF
12,19,XGBRegressor,0.3309522422501459,0.3500073999075785,2.1313629608519737,1.9549260139465328,,,,DJF
12,19,GradientBoostingRegressor,0.3148629630380999,0.3343763596604325,2.156838251185896,42.40881204605103,,,,DJF
12,19,KNeighborsRegressor,0.3096307393744758,0.3292931550252028,2.165058210184335,0.5737254619598389,,,,DJF
12,19,MLPRegressor,0.26822781437562,0.2890694272573271,2.22903456776397,50.39244723320007,,,,DJF
12,19,BaggingRegressor,0.2548269787316761,0.2760502609829891,2.2493519623381277,10.782946348190308,,,,DJF
12,19,PoissonRegressor,0.1117555464034525,0.1370536479299364,2.455811940691763,0.2293939590454101,,,,DJF
12,19,SGDRegressor,0.0239930637786903,0.0517907296837276,2.574277178199651,0.4789192676544189,,,,DJF
12,19,TransformedTargetRegressor,0.0206577533578666,0.0485504122812185,2.5786719680503403,0.1666438579559326,,,,DJF
12,19,LinearRegression,0.0206577533578666,0.0485504122812185,2.5786719680503403,0.1648266315460205,,,,DJF
12,19,LassoLarsCV,0.0206576958294323,0.0485503563912522,2.578672043788398,0.5261673927307129,,,,DJF
12,19,RidgeCV,0.0206120967252447,0.0485060559957283,2.578732075794573,0.2067148685455322,,,,DJF
12,19,Ridge,0.020612096723349,0.0485060559938865,2.5787320757970686,0.0986618995666503,,,,DJF
12,19,LassoLarsIC,0.0205499015974582,0.0484456322481635,2.57881395449874,0.2351503372192382,,,,DJF
12,19,BayesianRidge,0.0204413020147823,0.0483401256915765,2.578956917553757,0.225757360458374,,,,DJF
12,19,LassoCV,0.0131291801795383,0.0412362604908805,2.588564604284583,2.769452810287476,,,,DJF
12,19,ElasticNetCV,0.0120026172715413,0.0401417832353265,2.590041671516848,1.7456345558166504,,,,DJF
12,19,OrthogonalMatchingPursuitCV,-0.0404289207501566,-0.0107964514882852,2.657878122311642,0.2988040447235107,,,,DJF
12,19,HuberRegressor,-0.0506121641826484,-0.0206896658356743,2.6708534993663755,2.4548439979553223,,,,DJF
12,19,OrthogonalMatchingPursuit,-0.0742144411906307,-0.0436197260934292,2.7006875835243367,0.0951907634735107,,,,DJF
12,19,GammaRegressor,-0.1253573032689774,-0.0933059876695445,2.76422933384742,0.1264700889587402,,,,DJF
12,19,LinearSVR,-0.1253894405318132,-0.0933372096305906,2.7642688031476013,9.388392448425291,,,,DJF
12,19,LarsCV,-0.1669250008888367,-0.1336897951673192,2.8148180466804225,0.4838230609893799,,,,DJF
12,19,TweedieRegressor,-0.2805321729006975,-0.2440613198750447,2.948655948709529,0.1316206455230713,,,,DJF
12,19,DecisionTreeRegressor,-0.3472869372878375,-0.3089148409726776,3.0245370161270686,1.8172924518585205,,,,DJF
12,19,ExtraTreeRegressor,-0.359682010411104,-0.3209568898614205,3.0384180703640378,0.4682631492614746,,,,DJF
12,19,PassiveAggressiveRegressor,-0.6144360050273059,-0.5684552327322243,3.3108482204483334,0.3614833354949951,,,,DJF
12,19,ElasticNet,-0.7033394378190547,-0.6548266057292715,3.400787184963892,0.135491132736206,,,,DJF
12,19,AdaBoostRegressor,-0.7150070345697341,-0.6661618975092036,3.4124147254491843,17.702791213989258,,,,DJF
12,19,Lasso,-0.9686575562080012,-0.9125881954299252,3.6560652966850062,0.1218633651733398,,,,DJF
12,19,LassoLars,-0.968666032948258,-0.9125964307440352,3.656073167907308,0.0974211692810058,,,,DJF
12,19,RANSACRegressor,-1.1706819101309265,-1.108858691171501,3.8390781065743367,0.7258312702178955,,,,DJF
12,19,DummyRegressor,-3.203776784398338,-3.084048964589524,5.342551019564178,0.0807478427886962,,,,DJF
12,19,QuantileRegressor,-6.742235602588332,-6.521728892388031,7.250401320162029,93.2500958442688,,,,DJF
12,19,Lars,-9.766100988683652e+23,-9.487952542803424e+23,2575072494279.9023,0.1082653999328613,,,,DJF
12,19,CatBoostRegressor,0.6540069161856217,0.6634145831171305,1.628975216915735,9.24454951286316,0.6497,0.02,0.6268,JJA
12,19,ExtraTreesRegressor,0.640987686679672,0.6507493507880797,1.659340221285662,39.21197772026062,0.6367,0.0171,0.617,JJA
12,19,HistGradientBoostingRegressor,0.6301286887716868,0.6401856126419431,1.6842481992831095,1.9467008113861084,0.626,0.0127,0.6114,JJA
12,19,MLPRegressor,0.6216174791657134,0.6319058256536547,1.7035163309718344,52.53480672836304,0.6183,0.0116,0.6062,JJA
12,19,LGBMRegressor,0.6211586298948184,0.631459452646923,1.704548910908669,1.2434930801391602,0.6167,0.0175,0.5965,JJA
12,19,XGBRegressor,0.6110379777904671,0.6216139844366477,1.7271671445648549,1.960742473602295,,,,JJA
12,19,RandomForestRegressor,0.607590926774235,0.6182606598830926,1.7348034952979217,117.50634717941284,,,,JJA
12,19,KNeighborsRegressor,0.5886664486985346,0.599850744655372,1.7761426205954445,0.6412937641143799,,,,JJA
12,19,BaggingRegressor,0.5627260174831773,0.5746156423854474,1.8312919536106576,11.741671085357666,,,,JJA
12,19,GradientBoostingRegressor,0.5180889573719736,0.5311922787727357,1.9224905212581744,42.8131730556488,,,,JJA
12,19,PoissonRegressor,0.3669218847778587,0.3841354891192462,2.20348155069143,0.2705521583557129,,,,JJA
12,19,ElasticNetCV,0.3614253011913918,0.3787883594671546,2.2130265377302623,1.7875020503997805,,,,JJA
12,19,LassoCV,0.3565581240214223,0.3740535224619274,2.2214443044899403,3.121058464050293,,,,JJA
12,19,SGDRegressor,0.3498219775519832,0.3675005340535908,2.2330420992923203,0.6353085041046143,,,,JJA
12,19,BayesianRidge,0.3461010797144128,0.3638808086647762,2.239422711497225,0.2286946773529052,,,,JJA
12,19,Ridge,0.3456484566389246,0.3634404925611291,2.240197631764331,0.0994858741760253,,,,JJA
12,19,RidgeCV,0.3452886526151489,0.3630904717283322,2.240813448566997,0.2035143375396728,,,,JJA
12,19,LassoLarsCV,0.3452487704672436,0.3630516739892824,2.2408816977983563,0.8097054958343506,,,,JJA
12,19,LassoLarsIC,0.3452482779386151,0.3630511948526709,2.240882540636164,0.3558545112609863,,,,JJA
12,19,LinearRegression,0.3452477802010245,0.3630507106487308,2.2408833923874667,0.2184724807739257,,,,JJA
12,19,TransformedTargetRegressor,0.3452477802010245,0.3630507106487308,2.2408833923874667,0.1787002086639404,,,,JJA
12,19,HuberRegressor,0.3436968083227169,0.361541910211223,2.2435359159231854,2.466375827789306,,,,JJA
12,19,LarsCV,0.3167580170881359,0.3353355936627787,2.289117262533764,0.5565073490142822,,,,JJA
12,19,LinearSVR,0.3148037151561083,0.3334344298497488,2.292388747562882,8.374315977096558,,,,JJA
12,19,GammaRegressor,0.3005703738943408,0.3195880978670022,2.316075861120044,0.1295254230499267,,,,JJA
12,19,DecisionTreeRegressor,0.2092298951901426,0.2307311971336131,2.462668126142235,1.9205589294433596,,,,JJA
12,19,OrthogonalMatchingPursuitCV,0.2010256722716091,0.2227500497627134,2.47541022622853,0.3143012523651123,,,,JJA
12,19,OrthogonalMatchingPursuit,0.193531950241836,0.2154600845252906,2.486991789160466,0.102867841720581,,,,JJA
12,19,ExtraTreeRegressor,0.1849382757364902,0.207100074885649,2.500207293198856,0.4996848106384277,,,,JJA
12,19,TweedieRegressor,0.1668072869324396,0.1894620736925847,2.52786280515335,0.1389188766479492,,,,JJA
12,19,AdaBoostRegressor,0.1495485539392409,0.1726726113850017,2.5539096564689405,16.495368003845215,,,,JJA
12,19,ElasticNet,-0.0128597976240369,0.0146801968732932,2.787118506180294,0.1316781044006347,,,,JJA
12,19,Lasso,-0.2412081565279289,-0.2074592942658402,3.0853403483996305,0.1860678195953369,,,,JJA
12,19,LassoLars,-0.2412569348033868,-0.207506746243778,3.0854009732440737,0.2066104412078857,,,,JJA
12,19,PassiveAggressiveRegressor,-0.2862217183260833,-0.2512489223595131,3.140788466842164,0.2196559906005859,,,,JJA
12,19,RANSACRegressor,-1.3743298680724363,-1.309771049907325,4.267281531433619,0.7789256572723389,,,,JJA
12,19,DummyRegressor,-3.0315843288108617,-2.921964211109056,5.560561423282418,0.0733613967895507,,,,JJA
12,19,QuantileRegressor,-7.34402759050905,-7.117150707383427,7.999606672512797,95.6165807247162,,,,JJA
12,19,Lars,-454113100549595.6,-441765614431932.9,59015050.58048586,0.1201479434967041,,,,JJA
12,19,CatBoostRegressor,0.4213552032005767,0.4373890799591814,1.8149362642522813,5.455530643463135,0.3828,0.1473,0.2699,MAM
12,19,ExtraTreesRegressor,0.3776654935108736,0.3949099841463481,1.882206605368531,39.16934084892273,0.3345,0.1646,0.1941,MAM
12,19,LGBMRegressor,0.3711144927355606,0.3885405074072968,1.892087190220792,0.5061345100402832,0.3317,0.1491,0.2316,MAM
12,19,HistGradientBoostingRegressor,0.3488350033108626,0.3668783683669039,1.9253109274632456,1.8919024467468264,0.3035,0.1863,0.1658,MAM
12,19,KNeighborsRegressor,0.3460148523325773,0.3641363619662189,1.9294756179332968,0.5931544303894043,0.3091,0.1204,0.2323,MAM
12,19,XGBRegressor,0.3277233311291766,0.3463516871015824,1.9562725992132437,1.959500074386597,,,,MAM
12,19,MLPRegressor,0.3216292248249578,0.3404264445804238,1.9651192826023265,54.540440797805786,,,,MAM
12,19,RandomForestRegressor,0.319606394104905,0.3384596652042149,1.968046991808616,116.59124159812929,,,,MAM
12,19,GradientBoostingRegressor,0.2893147099747369,0.3090073442426783,2.0113794811868995,42.46477699279785,,,,MAM
12,19,BaggingRegressor,0.2486886198171869,0.269506977026686,2.068070481714842,11.731418371200562,,,,MAM
12,19,PoissonRegressor,0.16527655098474,0.1884062032049903,2.179850247089102,0.2385158538818359,,,,MAM
12,19,SGDRegressor,0.1153812880096091,0.1398935060142688,2.2440545664689355,0.5168273448944092,,,,MAM
12,19,ElasticNetCV,0.1119783324826769,0.1365848442057554,2.2483666434833096,2.1431643962860107,,,,MAM
12,19,LassoCV,0.1076706725996143,0.1323965468194525,2.253813290894196,2.8444747924804688,,,,MAM
12,19,LassoLarsCV,0.0965655877443856,0.1215991767539315,2.267794338448311,0.5364632606506348,,,,MAM
12,19,BayesianRidge,0.0920561630041316,0.117214705285421,2.273447055662917,0.2332801818847656,,,,MAM
12,19,LassoLarsIC,0.0916614155977255,0.1168308960768526,2.2739412160771346,0.235896348953247,,,,MAM
12,19,Ridge,0.0911360839225091,0.1163201210059371,2.2745986805404983,0.0988771915435791,,,,MAM
12,19,RidgeCV,0.0907472782823859,0.1159420889211129,2.275085157238516,0.2019004821777343,,,,MAM
12,19,LinearRegression,0.0907031133309125,0.1158991477521618,2.2751404101968298,0.1698837280273437,,,,MAM
12,19,TransformedTargetRegressor,0.0907031133309125,0.1158991477521618,2.2751404101968298,0.158982515335083,,,,MAM
12,19,HuberRegressor,0.0798317599088149,0.1053290325714401,2.2887005391118684,2.365356683731079,,,,MAM
12,19,GammaRegressor,0.0655447366979524,0.0914378936244253,2.3063998943814026,0.1262924671173095,,,,MAM
12,19,LinearSVR,0.0299069286556185,0.0567875864207029,2.349968569083486,10.70920991897583,,,,MAM
12,19,OrthogonalMatchingPursuit,-0.0026889727727437,0.025094896546698,2.389122792895331,0.0954947471618652,,,,MAM
12,19,OrthogonalMatchingPursuitCV,-0.1160359959372661,-0.085111353192699,2.5205449881091075,0.2860865592956543,,,,MAM
12,19,TweedieRegressor,-0.1299656097201493,-0.0986549862981009,2.536226086742893,0.1178052425384521,,,,MAM
12,19,DecisionTreeRegressor,-0.2366233466869867,-0.2023573056765715,2.6532249521779705,1.993436574935913,,,,MAM
12,19,LarsCV,-0.2519611706831739,-0.2172701283920761,2.669628204634074,0.5179171562194824,,,,MAM
12,19,ExtraTreeRegressor,-0.342724451494895,-0.305518416816773,2.7647050197360743,0.4621312618255615,,,,MAM
12,19,ElasticNet,-0.4384025612073023,-0.3985453473807454,2.8615120301422965,0.1354012489318847,,,,MAM
12,19,RANSACRegressor,-0.5541165771993204,-0.5110530020921964,2.9743847701139345,0.697699785232544,,,,MAM
12,19,Lasso,-0.6882244817457965,-0.6414448624855991,3.100062496367897,0.1302971839904785,,,,MAM
12,19,LassoLars,-0.6882375013538713,-0.6414575213286717,3.100074450204999,0.1049401760101318,,,,MAM
12,19,PassiveAggressiveRegressor,-0.9124179259110838,-0.8594260498852226,3.299489534371844,0.2289724349975586,,,,MAM
12,19,AdaBoostRegressor,-1.7696030637626543,-1.6928591365032215,3.970672954000623,18.447083711624146,,,,MAM
12,19,DummyRegressor,-4.699782489603238,-4.541845166923346,5.696190348803135,0.0749244689941406,,,,MAM
12,19,QuantileRegressor,-11.061510288183364,-10.727293562217694,8.28621500794068,93.16512680053712,,,,MAM
12,19,Lars,-2.1265406289699343e+18,-2.067615549965226e+18,3479302543.312014,0.1123955249786377,,,,MAM
12,19,CatBoostRegressor,0.5449815163749535,0.557140561364934,1.7813682695593147,7.661599397659302,0.5617,0.0791,0.481,SON
12,19,ExtraTreesRegressor,0.5130758624659644,0.5260874932195461,1.8427645317669124,39.821775913238525,0.5331,0.1063,0.4168,SON
12,19,HistGradientBoostingRegressor,0.5129785861771835,0.5259928163565343,1.842948593645292,1.9515056610107424,0.5315,0.0886,0.4334,SON
12,19,XGBRegressor,0.5098799826866809,0.5229770140281889,1.848802045258949,2.094829559326172,0.5277,0.0784,0.4404,SON
12,19,LGBMRegressor,0.5093112688109345,0.5224234973759629,1.8498743688789387,3.454528570175171,0.5278,0.0871,0.4328,SON
12,19,RandomForestRegressor,0.4905459148420295,0.5041595928895999,1.884914769224422,108.60849142074584,,,,SON
12,19,KNeighborsRegressor,0.4780874926569752,0.4920340857866878,1.9078228460392848,0.609769344329834,,,,SON
12,19,GradientBoostingRegressor,0.4760543742201131,0.4900552965242074,1.911535211212672,43.75854015350342,,,,SON
12,19,MLPRegressor,0.4450647630880352,0.459893792577963,1.967253578330505,52.48210716247559,,,,SON
12,19,BaggingRegressor,0.435069582068498,0.4501657036878077,1.984891045601247,10.92094373703003,,,,SON
12,19,PoissonRegressor,0.2818797633463312,0.3010694371286442,2.2378850523835965,0.2212016582489013,,,,SON
12,19,LassoCV,0.2530628366001819,0.2730225589000582,2.28234465158918,2.708017349243164,,,,SON
12,19,ElasticNetCV,0.2527378306315416,0.2727062377702475,2.2828411424575754,2.7023558616638184,,,,SON
12,19,LassoLarsCV,0.251143714477068,0.2711547197315407,2.285274809884831,0.4825856685638428,,,,SON
12,19,BayesianRidge,0.2495249878181245,0.2695792488324857,2.287743399934439,0.232759952545166,,,,SON
12,19,Ridge,0.2490476584773309,0.2691146747294212,2.288470828194837,0.1131186485290527,,,,SON
12,19,RidgeCV,0.2490476584760648,0.2691146747281889,2.288470828196766,0.2384333610534668,,,,SON
12,19,LassoLarsIC,0.2489855014843498,0.2690541787012169,2.28856553561769,0.2149064540863037,,,,SON
12,19,SGDRegressor,0.248955167929569,0.2690246557224249,2.288611752852658,0.4518704414367676,,,,SON
12,19,LinearRegression,0.2489164938917816,0.268987015135766,2.288670676577472,0.1513755321502685,,,,SON
12,19,TransformedTargetRegressor,0.2489164938917816,0.268987015135766,2.288670676577472,0.17714524269104,,,,SON
12,19,OrthogonalMatchingPursuitCV,0.2364901983478792,0.2568927761830012,2.3075254583849145,0.281031847000122,,,,SON
12,19,OrthogonalMatchingPursuit,0.2270184729259047,0.2476741550626827,2.3217943520289293,0.0951123237609863,,,,SON
12,19,HuberRegressor,0.2166205897215796,0.2375541250318699,2.337358178927558,2.3314990997314453,,,,SON
12,19,LinearSVR,0.1486139817185733,0.1713647957462836,2.436702168079525,9.17716646194458,,,,SON
12,19,GammaRegressor,-0.0084172050260182,0.0185298105477174,2.651913268160738,0.1166818141937255,,,,SON
12,19,DecisionTreeRegressor,-0.1429829675860681,-0.1124400735591244,2.823313288115342,1.848921537399292,,,,SON
12,19,TweedieRegressor,-0.1585105160244746,-0.1275526934466235,2.8424261043418992,0.1327066421508789,,,,SON
12,19,ExtraTreeRegressor,-0.2162726328683946,-0.1837712857905575,2.912424395901636,0.5230963230133057,,,,SON
12,19,ElasticNet,-0.5318159532870852,-0.490882629119675,3.268454826516204,0.1244006156921386,,,,SON
12,19,PassiveAggressiveRegressor,-0.6278774701111705,-0.5843771814205514,3.3693804302538672,0.2858929634094238,,,,SON
12,19,AdaBoostRegressor,-0.674371269998254,-0.6296285697904622,3.4171581157774984,19.33080244064331,,,,SON
12,19,LassoLars,-0.8019572157836823,-0.7538051524165412,3.544960745306319,0.0947558879852294,,,,SON
12,19,Lasso,-0.8020173286264116,-0.7538636589184613,3.5450198743157944,0.3499362468719482,,,,SON
12,19,RANSACRegressor,-1.1971609183967655,-1.1384481860168043,3.914444370751434,0.6945950984954834,,,,SON
12,19,LarsCV,-2.3000148081796112,-2.2118315146118666,4.797302862894627,0.4722988605499267,,,,SON
12,19,DummyRegressor,-2.8082872579490123,-2.7065218621012064,5.153520911753302,0.0768110752105712,,,,SON
12,19,QuantileRegressor,-5.96750190853925,-5.781315693643606,6.9707216477507,94.44591212272644,,,,SON
12,19,Lars,-2.2611961056708484e+16,-2.200772219236651e+16,397107699.1161979,0.1034128665924072,,,,SON
13,10,CatBoostRegressor,0.2827200556837658,0.2921773066343168,1.969162662804068,8.351729393005371,0.2092,0.205,-0.1332,
13,10,ExtraTreesRegressor,0.2737529229593196,0.2833284044907672,1.981433253919566,95.46361684799194,0.201,0.2103,-0.0996,
13,10,GradientBoostingRegressor,0.2576559958915682,0.2674437134962795,2.0032716785492464,103.25502347946168,0.1843,0.1769,-0.0658,
13,10,HistGradientBoostingRegressor,0.2525861588559361,0.2624407216603555,2.01010070883226,3.015773296356201,0.1775,0.2405,-0.2504,
13,10,KNeighborsRegressor,0.2484760099675708,0.2583847645973567,2.015620064779035,1.824756383895874,0.1777,0.2184,-0.2331,
13,10,XGBRegressor,0.238439121451684,0.2484802112655353,2.029035108603084,2.9661214351654053,,,,
13,10,LGBMRegressor,0.2384337504316898,0.2484749110618023,2.0290422636245866,0.6701605319976807,,,,
13,10,RandomForestRegressor,0.2349010802442538,0.2449888187115871,2.033742868385482,307.90553283691406,,,,
13,10,MLPRegressor,0.2124066686059427,0.2227909932214519,2.0634229841877825,81.13335728645325,,,,
13,10,BaggingRegressor,0.1954737207198531,0.2060813042439102,2.0854864186776543,30.635109424591064,,,,
13,10,GammaRegressor,0.1058238500964439,0.1176134565264644,2.198612990040462,0.2262721061706543,,,,
13,10,PoissonRegressor,0.0535812084954906,0.0660596279557025,2.2619287779119115,0.3462419509887695,,,,
13,10,TweedieRegressor,0.0382584318299541,0.0509388802822401,2.280165878283946,0.2062282562255859,,,,
13,10,QuantileRegressor,-0.0361769047129103,-0.0225150351810963,2.3667599014614447,235.58322978019717,,,,
13,10,LinearRegression,-0.0656612149454163,-0.0516105982819108,2.4001966681051607,0.2898218631744385,,,,
13,10,TransformedTargetRegressor,-0.0656612149454163,-0.0516105982819108,2.4001966681051607,0.3030271530151367,,,,
13,10,LassoLarsCV,-0.0656612214077083,-0.0516106046589983,2.400196675382695,0.9724900722503662,,,,
13,10,LassoLarsIC,-0.0656612214077083,-0.0516106046589983,2.400196675382695,0.4270079135894775,,,,
13,10,RidgeCV,-0.0656734351735093,-0.0516226573877465,2.400210429920949,0.353600263595581,,,,
13,10,Ridge,-0.0656734351736447,-0.0516226573878801,2.400210429921102,0.1602282524108886,,,,
13,10,BayesianRidge,-0.0657688290818252,-0.0517167935387012,2.4003178551050603,0.4570300579071045,,,,
13,10,HuberRegressor,-0.0671593932002061,-0.0530890232341909,2.401883254538604,3.822375059127808,,,,
13,10,ElasticNetCV,-0.0692519243662739,-0.0551539646251422,2.4042369583087018,2.865402936935425,,,,
13,10,LassoCV,-0.0694727842551958,-0.0553719125026368,2.404485249697319,7.007878303527832,,,,
13,10,SGDRegressor,-0.0805409573619952,-0.0662941530604159,2.41689545638467,0.6801817417144775,,,,
13,10,ElasticNet,-0.0878221600932671,-0.0734793539976921,2.425024884225035,0.1796541213989257,,,,
13,10,LinearSVR,-0.110236192222503,-0.0955978597730413,2.449880714646147,16.78463625907898,,,,
13,10,OrthogonalMatchingPursuitCV,-0.1964957535113465,-0.18072009898219,2.543272114104425,0.525519847869873,,,,
13,10,Lasso,-0.2373789889742659,-0.2210642938368963,2.5863578699597007,0.1844236850738525,,,,
13,10,LassoLars,-0.2373789890237643,-0.2210642938857421,2.586357870011432,0.1508095264434814,,,,
13,10,OrthogonalMatchingPursuit,-0.2576890804367664,-0.241106599153539,2.6074974584035773,0.1476376056671142,,,,
13,10,ExtraTreeRegressor,-0.3782891560902306,-0.3601165771203916,2.7296528509289697,1.0831704139709473,,,,
13,10,DecisionTreeRegressor,-0.400729002150787,-0.3822605564734398,2.7517837965737217,5.0771965980529785,,,,
13,10,DummyRegressor,-0.5199678059037258,-0.4999272107482415,2.866516482485169,0.1192045211791992,,,,
13,10,PassiveAggressiveRegressor,-0.5501377705565691,-0.5296993879972236,2.8948255549159225,0.4702277183532715,,,,
13,10,AdaBoostRegressor,-0.6285232485306171,-0.6070513627457128,2.967113981754565,36.32110643386841,,,,
13,10,RANSACRegressor,-1.6003882481177536,-1.566102437638615,3.749353129391581,1.079669952392578,,,,
13,10,LarsCV,-3.422721970376097e+26,-3.377593787350335e+26,43015310281156.56,0.9995262622833252,,,,
13,10,Lars,-3.422722142328757e+26,-3.37759395703582e+26,43015311361670.39,0.1640746593475341,,,,
13,10,CatBoostRegressor,0.0787095671412245,0.1265274096771471,2.269385033863181,4.741775035858154,0.1218,0.1388,-0.0318,DJF
13,10,ExtraTreesRegressor,0.0463434451808802,0.0958411902406961,2.308904153071336,24.624460458755493,0.0912,0.1391,-0.0693,DJF
13,10,GradientBoostingRegressor,0.0258504829575504,0.0764118765756706,2.333580116067046,27.00993704795837,0.0662,0.0744,0.0058,DJF
13,10,XGBRegressor,0.0188549588602194,0.0697794419643603,2.341944034022441,1.5385704040527344,0.0673,0.1953,-0.149,DJF
13,10,LGBMRegressor,-0.008895713316374,0.0434691160945104,2.37483283092976,0.3974485397338867,0.0322,0.0853,-0.0172,DJF
13,10,HistGradientBoostingRegressor,-0.0191963273966973,0.0337031359629929,2.386925316961175,1.306666374206543,,,,DJF
13,10,MLPRegressor,-0.0213815865328352,0.0316312985813256,2.3894828504194687,34.06380605697632,,,,DJF
13,10,RandomForestRegressor,-0.0743300854007771,-0.0185690083038509,2.45063580646466,68.97985482215881,,,,DJF
13,10,KNeighborsRegressor,-0.1639713252418535,-0.103557588637605,2.5508272425953367,0.2387161254882812,,,,DJF
13,10,BaggingRegressor,-0.1688342402391247,-0.1081681032024919,2.5561501946058525,6.951998949050903,,,,DJF
13,10,PoissonRegressor,-0.1947247571085217,-0.1327148216184601,2.584305414216718,0.1503627300262451,,,,DJF
13,10,LarsCV,-0.326195542880263,-0.2573618641840556,2.7227871218042066,0.3550097942352295,,,,DJF
13,10,GammaRegressor,-0.3276112100805468,-0.2587040538479925,2.724239974039703,0.0840466022491455,,,,DJF
13,10,ElasticNetCV,-0.3420772730994041,-0.2724192831461478,2.7390418431888213,0.5179738998413086,,,,DJF
13,10,BayesianRidge,-0.3432734767743712,-0.2735534001251825,2.740262235720581,0.1601974964141845,,,,DJF
13,10,RidgeCV,-0.3436922434586722,-0.2739504315144505,2.740689342012945,0.1437218189239502,,,,DJF
13,10,Ridge,-0.3436922434588514,-0.2739504315146204,2.740689342013128,0.0722002983093261,,,,DJF
13,10,LinearRegression,-0.3437620023514951,-0.2740165697034937,2.740760483665229,0.1099073886871337,,,,DJF
13,10,TransformedTargetRegressor,-0.3437620023514951,-0.2740165697034937,2.740760483665229,0.1091194152832031,,,,DJF
13,10,LassoLarsIC,-0.3437620172051949,-0.2740165837862403,2.740760498813162,0.1514079570770263,,,,DJF
13,10,LassoCV,-0.344918347814886,-0.2751128972362588,2.741939481295869,0.9060189723968506,,,,DJF
13,10,LassoLarsCV,-0.3450115308484733,-0.2752012437802136,2.7420344676620347,0.3448951244354248,,,,DJF
13,10,SGDRegressor,-0.3572301588800519,-0.2867856869658625,2.754461183483651,0.3122532367706299,,,,DJF
13,10,HuberRegressor,-0.3979594132041528,-0.3254009661520343,2.795485134812472,1.359400749206543,,,,DJF
13,10,OrthogonalMatchingPursuit,-0.4080426661026228,-0.3349608668239401,2.80554870951237,0.0692698955535888,,,,DJF
13,10,OrthogonalMatchingPursuitCV,-0.4080426661026228,-0.3349608668239401,2.80554870951237,0.215930700302124,,,,DJF
13,10,LinearSVR,-0.4227845665160765,-0.3489376166969029,2.8201972100338537,4.2489988803863525,,,,DJF
13,10,LassoLars,-0.4644035179662571,-0.3883964149576278,2.861147764397067,0.0690867900848388,,,,DJF
13,10,Lasso,-0.4644054365759253,-0.3883982339854794,2.8611496386837296,0.0723016262054443,,,,DJF
13,10,TweedieRegressor,-0.512031672615151,-0.4335525200572712,2.907303358939472,0.081484317779541,,,,DJF
13,10,ExtraTreeRegressor,-0.5796200556176816,-0.4976328554991167,2.9715717802042434,0.3019506931304931,,,,DJF
13,10,ElasticNet,-0.583611212252021,-0.5014168586749264,2.9753234818528616,0.0736396312713623,,,,DJF
13,10,DecisionTreeRegressor,-0.8627988902473864,-0.7661138267397367,3.226954865480276,1.1666207313537598,,,,DJF
13,10,AdaBoostRegressor,-0.9939467727213296,-0.890454725694271,3.3386176597297443,11.916033744812012,,,,DJF
13,10,RANSACRegressor,-1.3777793054927328,-1.2543651546886116,3.645823813468564,0.4789342880249023,,,,DJF
13,10,PassiveAggressiveRegressor,-2.038281348966448,-1.8805850851792616,4.121201978481421,0.1503016948699951,,,,DJF
13,10,DummyRegressor,-3.061866987455198,-2.851043441393509,4.765108069853723,0.054645299911499,,,,DJF
13,10,QuantileRegressor,-7.067327016213987,-6.648607620908763,6.7154440750077855,43.73531985282898,,,,DJF
13,10,Lars,-7256031871160112.0,-6879421220407857.0,201400014.10944968,0.0783247947692871,,,,DJF
13,10,HistGradientBoostingRegressor,0.4645280039447881,0.492710740579273,1.7286324734491882,1.4328701496124268,0.4942,0.06,0.4281,JJA
13,10,LGBMRegressor,0.459820892978643,0.4882513722955566,1.7362136925912988,0.4502835273742676,0.49,0.0565,0.4263,JJA
13,10,CatBoostRegressor,0.4592217489593597,0.487683762172025,1.73717629346593,4.532910108566284,0.491,0.0642,0.4174,JJA
13,10,ExtraTreesRegressor,0.4581591742043991,0.4866771124041675,1.738882144079063,24.883970499038696,0.4895,0.0589,0.4219,JJA
13,10,RandomForestRegressor,0.4391557091612466,0.4686738297317073,1.7691124437935104,67.29315304756165,0.4709,0.0628,0.4002,JJA
13,10,KNeighborsRegressor,0.4295749275026244,0.4595972997393284,1.784159138579208,0.2409276962280273,,,,JJA
13,10,XGBRegressor,0.4193846774269709,0.4499433786150251,1.8000249797444634,1.487338304519653,,,,JJA
13,10,GradientBoostingRegressor,0.4186249898836279,0.4492236746265949,1.8012021873489357,26.861188650131226,,,,JJA
13,10,BaggingRegressor,0.3986026234435126,0.4302551169464856,1.8319560494972909,6.867224216461182,,,,JJA
13,10,MLPRegressor,0.3845039795306384,0.4168985069237627,1.853305055020652,34.02905988693237,,,,JJA
13,10,PoissonRegressor,0.1857802252310078,0.2286338975872706,2.131597040239363,0.1411364078521728,,,,JJA
13,10,GammaRegressor,0.1542663559435624,0.1987786529991644,2.172456501434879,0.0867547988891601,,,,JJA
13,10,ElasticNetCV,0.1225080185500097,0.1686918070473776,2.212869810742857,0.8616418838500977,,,,JJA
13,10,HuberRegressor,0.1154332638557373,0.1619894078633301,2.221772502990408,1.3907241821289062,,,,JJA
13,10,LassoCV,0.1136856745396949,0.1603337969323426,2.2239661362636705,1.2389283180236816,,,,JJA
13,10,LarsCV,0.1129141391085402,0.1596028686291434,2.224933905467909,0.3400204181671142,,,,JJA
13,10,SGDRegressor,0.1090387201980722,0.1559314191350158,2.229788652045998,0.2897758483886719,,,,JJA
13,10,OrthogonalMatchingPursuitCV,0.1014172681469561,0.1487110961392216,2.2393053613206417,0.207892894744873,,,,JJA
13,10,LassoLarsCV,0.1008235274399059,0.1481486049430688,2.2400450523615056,0.3497438430786133,,,,JJA
13,10,BayesianRidge,0.0993892895230029,0.1467898532323186,2.241830840544009,0.1529412269592285,,,,JJA
13,10,RidgeCV,0.0986603571453516,0.1460992857166488,2.242737898688402,0.1297483444213867,,,,JJA
13,10,Ridge,0.0986603571445082,0.1460992857158499,2.242737898689451,0.0690619945526123,,,,JJA
13,10,LassoLarsIC,0.0984013799408396,0.1458539388913218,2.243060072622059,0.1588363647460937,,,,JJA
13,10,TransformedTargetRegressor,0.0984008738887725,0.1458534594735739,2.2430607021178246,0.1037154197692871,,,,JJA
13,10,LinearRegression,0.0984008738887725,0.1458534594735739,2.2430607021178246,0.1207859516143798,,,,JJA
13,10,LinearSVR,0.0887920595061467,0.136750372163718,2.2549817607591653,4.618150949478149,,,,JJA
13,10,DecisionTreeRegressor,0.0124596649671526,0.0644354720741446,2.3475330061477884,1.166611909866333,,,,JJA
13,10,RANSACRegressor,0.0064507195446406,0.0587427869370279,2.3546642614715108,0.4492454528808594,,,,JJA
13,10,TweedieRegressor,-0.0011648767578511,0.0515280114925621,2.36367133397051,0.0803344249725341,,,,JJA
13,10,ExtraTreeRegressor,-0.017049271345733,0.0364796376724633,2.382348444738832,0.2950377464294433,,,,JJA
13,10,AdaBoostRegressor,-0.0616478427687652,-0.0057716405177774,2.434022152235161,10.77580976486206,,,,JJA
13,10,OrthogonalMatchingPursuit,-0.1298077875403185,-0.0703442197750385,2.510941343822615,0.0662698745727539,,,,JJA
13,10,ElasticNet,-0.2838397154253924,-0.2162692040872138,2.6766383053467018,0.081611156463623,,,,JJA
13,10,PassiveAggressiveRegressor,-0.3075572381829765,-0.2387384361733462,2.7012491313166995,0.2183783054351806,,,,JJA
13,10,Lasso,-0.5907296907257837,-0.5070070754244267,2.979425148791096,0.1480076313018798,,,,JJA
13,10,LassoLars,-0.5909011043456363,-0.5071694672748133,2.979585672698831,0.0733990669250488,,,,JJA
13,10,DummyRegressor,-3.5338608504172946,-3.295236595132174,5.030004564320109,0.053551435470581,,,,JJA
13,10,QuantileRegressor,-8.284974708241787,-7.796291828860641,7.198212247836748,44.39379572868347,,,,JJA
13,10,Lars,-6.635246734266701e+21,-6.286023221936875e+21,192425588793.1192,0.0783836841583252,,,,JJA
13,10,KNeighborsRegressor,0.1032889934054499,0.1476806273952791,1.9469940765359133,0.2509758472442627,0.0923,0.1915,-0.0439,MAM
13,10,ExtraTreesRegressor,0.0958015256716343,0.1405638263809593,1.9551058038373643,25.785415172576904,0.0857,0.2193,-0.0781,MAM
13,10,GradientBoostingRegressor,0.0944319836986337,0.1392620835155329,1.9565858916711147,27.485876083374023,0.0821,0.1702,-0.0408,MAM
13,10,CatBoostRegressor,0.0811113273845896,0.1266008656328772,1.970923777581504,4.903386831283569,0.0711,0.2103,-0.0652,MAM
13,10,LGBMRegressor,0.0438017699944822,0.0911383160343592,2.0105382863478267,1.6387383937835691,0.0342,0.2515,-0.15,MAM
13,10,HistGradientBoostingRegressor,0.0387006649644255,0.0862897409562856,2.0158940403548726,1.395197868347168,,,,MAM
13,10,XGBRegressor,-0.0180885474022809,0.0323118757364456,2.0745846300206496,1.5727777481079102,,,,MAM
13,10,RandomForestRegressor,-0.0195334021614292,0.0309385484406214,2.076056216527601,71.5791563987732,,,,MAM
13,10,MLPRegressor,-0.0970610420661199,-0.0427510894885894,2.153544134142799,33.275224924087524,,,,MAM
13,10,BaggingRegressor,-0.134341519259733,-0.0781859985043007,2.189829460699005,7.318888425827026,,,,MAM
13,10,GammaRegressor,-0.323682605178307,-0.2581537633377968,2.3655400802100166,0.0897138118743896,,,,MAM
13,10,PoissonRegressor,-0.4474466734218827,-0.3757908975099084,2.4736580623826456,0.1479837894439697,,,,MAM
13,10,TweedieRegressor,-0.5706646290671642,-0.4929089543608691,2.5767964400665164,0.080543041229248,,,,MAM
13,10,AdaBoostRegressor,-0.5928898313221971,-0.514033899078524,2.594963478118158,10.779624938964844,,,,MAM
13,10,LinearSVR,-0.6371678797789884,-0.5561199649384445,2.6307827632683987,3.691863536834717,,,,MAM
13,10,HuberRegressor,-0.6530760728229563,-0.5712406236733052,2.6435333877017477,1.3840219974517822,,,,MAM
13,10,ElasticNetCV,-0.6556890362331405,-0.5737242324592227,2.6456218362271238,0.6614737510681152,,,,MAM
13,10,LassoCV,-0.6666910635271017,-0.5841816049366513,2.654397339592154,0.921212911605835,,,,MAM
13,10,LassoLarsCV,-0.6667993592469108,-0.5842845394822123,2.654483574890182,0.3652377128601074,,,,MAM
13,10,LassoLarsIC,-0.6840650657916347,-0.6006955080791776,2.668196520399087,0.1563405990600586,,,,MAM
13,10,BayesianRidge,-0.6845252910570447,-0.6011329499156071,2.6685610810067613,0.1624045372009277,,,,MAM
13,10,Ridge,-0.685178255460283,-0.6017535893483879,2.6690782316185397,0.0669887065887451,,,,MAM
13,10,RidgeCV,-0.6851782554619974,-0.6017535893500174,2.6690782316198973,0.1318295001983642,,,,MAM
13,10,LinearRegression,-0.6853314350452866,-0.6018991857856191,2.6691995359980827,0.109121561050415,,,,MAM
13,10,TransformedTargetRegressor,-0.6853314350452866,-0.6018991857856191,2.6691995359980827,0.1106626987457275,,,,MAM
13,10,ElasticNet,-0.6858568583188955,-0.6023985980060791,2.669615581838501,0.0837330818176269,,,,MAM
13,10,DecisionTreeRegressor,-0.7177227140380764,-0.6326869361153995,2.6947278402701342,1.241985321044922,,,,MAM
13,10,SGDRegressor,-0.7227691719514118,-0.6374835693795597,2.698683326579089,0.2978713512420654,,,,MAM
13,10,ExtraTreeRegressor,-0.8650019563069369,-0.7726751267867915,2.8078766533506228,0.3134999275207519,,,,MAM
13,10,LassoLars,-0.9373948744848396,-0.8414842371341049,2.86185386254081,0.0662627220153808,,,,MAM
13,10,Lasso,-0.937475133440165,-0.8415605228738203,2.8619131398274344,0.0748205184936523,,,,MAM
13,10,OrthogonalMatchingPursuitCV,-1.104647267176666,-1.000456808405544,2.982826823376333,0.2073333263397216,,,,MAM
13,10,OrthogonalMatchingPursuit,-1.104647267176666,-1.000456808405544,2.982826823376333,0.0686180591583252,,,,MAM
13,10,LarsCV,-1.341560829810312,-1.2256419768494051,3.146234595945363,0.3312220573425293,,,,MAM
13,10,RANSACRegressor,-1.41691418265308,-1.2972649656900566,3.196457946352282,0.4757330417633056,,,,MAM
13,10,PassiveAggressiveRegressor,-1.4636060940068534,-1.341645396283742,3.2271861337453,0.1867849826812744,,,,MAM
13,10,DummyRegressor,-5.886351776166888,-5.54544327239625,5.395515966060217,0.0596632957458496,,,,MAM
13,10,QuantileRegressor,-13.88338230851793,-13.146581204135856,7.932118594380242,44.01136302947998,,,,MAM
13,10,Lars,-3.940814943073759e+25,-3.7457250944067415e+25,12907181010060.371,0.0766468048095703,,,,MAM
13,10,KNeighborsRegressor,0.1250881419910154,0.1756286215935885,1.793035511336316,0.2287282943725586,0.1696,0.0641,0.0974,SON
13,10,GradientBoostingRegressor,0.124661613289482,0.1752267319056223,1.7934725198843575,29.179282188415527,0.1814,0.116,0.0809,SON
13,10,CatBoostRegressor,0.1221994988727666,0.1729068448942371,1.7959930501593313,5.0407233238220215,0.176,0.098,0.1008,SON
13,10,HistGradientBoostingRegressor,0.1204381027124105,0.1712471981911545,1.7977940686708658,1.4005143642425537,0.1733,0.0982,0.1121,SON
13,10,LGBMRegressor,0.1076703292253649,0.1592169725948882,1.810795499776786,0.385871410369873,0.1628,0.1068,0.0995,SON
13,10,ExtraTreesRegressor,0.0974183791706044,0.1495572404508648,1.821167881700582,25.398547649383545,,,,SON
13,10,RandomForestRegressor,0.0864712493423225,0.1392424865433437,1.832178782845084,74.64665675163269,,,,SON
13,10,XGBRegressor,0.0813429291141601,0.1344104107442794,1.8373142806044591,1.4978110790252686,,,,SON
13,10,BaggingRegressor,0.0202896104236973,0.0768839204762438,1.8973855831859927,7.2456395626068115,,,,SON
13,10,MLPRegressor,-0.0500015338992607,0.0106532402027504,1.9642723633266044,33.83744144439697,,,,SON
13,10,PoissonRegressor,-0.24794338329858,-0.1758542276523205,2.1414314711313027,0.1324920654296875,,,,SON
13,10,LinearRegression,-0.3218831102810291,-0.2455227252198655,2.203957757911841,0.1113271713256836,,,,SON
13,10,TransformedTargetRegressor,-0.3218831102810291,-0.2455227252198655,2.203957757911841,0.1118404865264892,,,,SON
13,10,RidgeCV,-0.3220611627512888,-0.2456904922457585,2.204106185146677,0.1454672813415527,,,,SON
13,10,Ridge,-0.3220611627515397,-0.245690492245995,2.204106185146886,0.0710713863372802,,,,SON
13,10,LassoLarsIC,-0.322562924310436,-0.2461632688624646,2.20452440741701,0.161665678024292,,,,SON
13,10,BayesianRidge,-0.3230692715064134,-0.2466403662204201,2.2049463714354007,0.138718843460083,,,,SON
13,10,OrthogonalMatchingPursuit,-0.3263733837460432,-0.2497536118993526,2.2076978704136043,0.0690336227416992,,,,SON
13,10,LassoCV,-0.3363035347225083,-0.2591101341287818,2.215946638838864,1.0015461444854736,,,,SON
13,10,LassoLarsCV,-0.3364003754379971,-0.2592013807079458,2.2160269312143237,0.3565816879272461,,,,SON
13,10,ElasticNetCV,-0.3394615905345068,-0.2620857605293041,2.218563541831246,0.8182175159454346,,,,SON
13,10,OrthogonalMatchingPursuitCV,-0.3622655053540029,-0.2835723760331683,2.23736901564712,0.209773302078247,,,,SON
13,10,HuberRegressor,-0.3693938304176176,-0.2902889236540837,2.243215116975943,1.509063482284546,,,,SON
13,10,SGDRegressor,-0.387471352678451,-0.3073221731270641,2.2579730391801505,0.341135025024414,,,,SON
13,10,LinearSVR,-0.4088203333511555,-0.3274379007442209,2.275278406201083,4.9893012046813965,,,,SON
13,10,AdaBoostRegressor,-0.6465165457391857,-0.5514032664602853,2.4597433164168234,11.077638864517212,,,,SON
13,10,GammaRegressor,-0.6656991483827834,-0.569477759836923,2.474030340868129,0.0859246253967285,,,,SON
13,10,DecisionTreeRegressor,-0.7039676638107855,-0.6055356421529094,2.5022886959639004,1.2141311168670654,,,,SON
13,10,LassoLars,-0.7352352765835284,-0.6349970385267134,2.5251426869716096,0.0695068836212158,,,,SON
13,10,Lasso,-0.7352354522818116,-0.6349972040755452,2.5251428148111104,0.0708937644958496,,,,SON
13,10,ExtraTreeRegressor,-0.8965948281777141,-0.7870354350223903,2.6399397817529957,0.2999908924102783,,,,SON
13,10,TweedieRegressor,-0.9326545932087832,-0.8210121584277881,2.6649180669934784,0.080963134765625,,,,SON
13,10,ElasticNet,-1.0706528069991053,-0.9510387167359988,2.758419931753565,0.0738966464996337,,,,SON
13,10,PassiveAggressiveRegressor,-1.1543816171047476,-1.029930817657105,2.8136369382267827,0.203226089477539,,,,SON
13,10,RANSACRegressor,-1.406763852400676,-1.267733848089982,2.9738802700162985,0.7398772239685059,,,,SON
13,10,DummyRegressor,-4.584097062412719,-4.261524061374757,4.529843717460476,0.0527052879333496,,,,SON
13,10,QuantileRegressor,-9.829801838463649,-9.204203529438148,6.308367629974857,45.22428226470947,,,,SON
13,10,LarsCV,-3.1305841194014085e+28,-2.949741647805692e+28,339171559651969.4,0.3398125171661377,,,,SON
13,10,Lars,-3.130584171171316e+28,-2.949741696585039e+28,339171562456378.94,0.0791831016540527,,,,SON
14,11,HistGradientBoostingRegressor,0.2714707547938126,0.2800237983717616,2.102264063982943,2.7447731494903564,0.1945,0.1574,0.0415,
14,11,LGBMRegressor,0.2692049235362314,0.2777845683160043,2.1055306985833004,0.6835355758666992,0.1909,0.1591,0.0221,
14,11,CatBoostRegressor,0.2681871040059026,0.2767786981409754,2.106996434100784,6.215394496917725,0.1881,0.1693,-0.0,
14,11,GradientBoostingRegressor,0.2674016703780898,0.276002485622803,2.108126820063887,83.42998337745667,0.1883,0.1419,0.0509,
14,11,ExtraTreesRegressor,0.2611867228678216,0.2698605025367357,2.117050009611247,65.53990411758423,0.1832,0.1673,0.0232,
14,11,RandomForestRegressor,0.2509183578137033,0.2597126896421362,2.1317111086942147,236.15258646011355,,,,
14,11,XGBRegressor,0.2383030724285746,0.2472455096163424,2.1495862395863066,2.114103078842163,,,,
14,11,MLPRegressor,0.1986823288014276,0.2080899195146902,2.204784421086832,35.498034954071045,,,,
14,11,BaggingRegressor,0.1943457631256131,0.2038042657761081,2.210742290151575,23.703965425491333,,,,
14,11,KNeighborsRegressor,0.1940918141651724,0.2035532982148898,2.2110906849386507,1.3364596366882324,,,,
14,11,PoissonRegressor,0.1449125992177826,0.1549514546926585,2.277555795620894,0.1040966510772705,,,,
14,11,GammaRegressor,0.1020884860654373,0.1126301031087597,2.333890851879532,0.090782880783081,,,,
14,11,ElasticNetCV,0.0624691960288602,0.0734759495323043,2.384825157646698,0.8753979206085205,,,,
14,11,LassoCV,0.0615313340586393,0.0725490982035287,2.3860176932596056,1.9103524684906008,,,,
14,11,BayesianRidge,0.0599876689559877,0.0710235559627657,2.3879792392429917,0.174666166305542,,,,
14,11,RidgeCV,0.0597825065294154,0.0708208021741261,2.3882398192747583,0.216116189956665,,,,
14,11,Ridge,0.0597825065285417,0.0708208021732627,2.388239819275868,0.0713729858398437,,,,
14,11,LassoLarsCV,0.0597545869909545,0.0707932104152715,2.3882752781228214,0.6000370979309082,,,,
14,11,LassoLarsIC,0.0597545869909545,0.0707932104152715,2.3882752781228214,0.1979622840881347,,,,
14,11,TransformedTargetRegressor,0.0597545811553537,0.0707932046481815,2.3882752855341955,0.1046490669250488,,,,
14,11,LinearRegression,0.0597545811553537,0.0707932046481815,2.3882752855341955,0.1102421283721923,,,,
14,11,SGDRegressor,0.0527581713477846,0.0638789337504325,2.397144450776746,0.2913465499877929,,,,
14,11,HuberRegressor,0.0509533522814229,0.0620953035330107,2.399427053284765,1.4282331466674805,,,,
14,11,TweedieRegressor,0.0130364717615323,0.0246235729279113,2.446889309763039,0.0757570266723632,,,,
14,11,LinearSVR,0.0127031303502811,0.0242941449952687,2.447302486468012,5.096084117889404,,,,
14,11,OrthogonalMatchingPursuitCV,-0.0378890117555059,-0.0257040377067196,2.509222819450452,0.2648231983184814,,,,
14,11,QuantileRegressor,-0.06675998799947,-0.0542360643208954,2.543882984024828,161.92646622657776,,,,
14,11,OrthogonalMatchingPursuit,-0.1234809827764331,-0.1102911460362976,2.610637873392077,0.0526695251464843,,,,
14,11,ElasticNet,-0.1341085396320529,-0.1207939337662971,2.6229564611918144,0.0678372383117675,,,,
14,11,AdaBoostRegressor,-0.3208675177272038,-0.305360333198708,2.8306971104697003,22.61367869377136,,,,
14,11,DecisionTreeRegressor,-0.3334119221920835,-0.317757464456982,2.844107046712697,3.9308693408966064,,,,
14,11,Lasso,-0.3550054593671183,-0.3390974902381019,2.8670435768145106,0.070897102355957,,,,
14,11,LassoLars,-0.3550054594083549,-0.3390974902788544,2.8670435768581366,0.0541403293609619,,,,
14,11,ExtraTreeRegressor,-0.4638865314713114,-0.4467002820801795,2.9800083362097243,0.7319304943084717,,,,
14,11,DummyRegressor,-0.5949361121713135,-0.5762113208726678,3.110537325465525,0.0541019439697265,,,,
14,11,RANSACRegressor,-0.8918865215675809,-0.8696754875288277,3.3877496806171514,0.3298969268798828,,,,
14,11,PassiveAggressiveRegressor,-0.9823579279939983,-0.9590847459538916,3.46780610981122,0.2108478546142578,,,,
14,11,LarsCV,-8.741991044965176e+24,-8.639358747281004e+24,7282306439028.476,0.59442138671875,,,,
14,11,Lars,-8.741992696321969e+24,-8.639360379250619e+24,7282307126840.072,0.0699274539947509,,,,
14,11,CatBoostRegressor,0.0987190990393129,0.1439338599570732,2.485956851944002,4.553269147872925,0.1322,0.0708,0.0548,DJF
14,11,ExtraTreesRegressor,0.091750444795704,0.1373148037524413,2.495548986853023,17.567392826080322,0.1253,0.0362,0.0875,DJF
14,11,GradientBoostingRegressor,0.0908291100016438,0.1364396897674477,2.496814417319737,22.65373277664185,0.1241,0.039,0.0806,DJF
14,11,LGBMRegressor,0.0892084689369684,0.1349003517662175,2.499038772708671,0.5167694091796875,0.1225,0.0559,0.059,DJF
14,11,RandomForestRegressor,0.085330286370579,0.1312167268536603,2.5043536187775453,51.44076824188232,0.1197,0.061,0.0575,DJF
14,11,HistGradientBoostingRegressor,0.0821806184000876,0.128225068982023,2.50866178785871,1.7154512405395508,,,,DJF
14,11,XGBRegressor,0.0124417957052529,0.0619848494324142,2.6022250491180463,1.186776876449585,,,,DJF
14,11,BaggingRegressor,0.0102039233518714,0.0598592449228478,2.605171787914077,5.143114805221558,,,,DJF
14,11,PoissonRegressor,-0.0101467063112954,0.0405295498581674,2.6318172460316798,0.0634071826934814,,,,DJF
14,11,KNeighborsRegressor,-0.0316350158397187,0.0201192491689627,2.659662559607374,0.1513383388519287,,,,DJF
14,11,MLPRegressor,-0.0391081416319507,0.0130210293529298,2.669278425255696,14.432820081710815,,,,DJF
14,11,LinearRegression,-0.1285440115260352,-0.0719280912153645,2.781779822823603,0.0527350902557373,,,,DJF
14,11,TransformedTargetRegressor,-0.1285440115260352,-0.0719280912153645,2.781779822823603,0.0515103340148925,,,,DJF
14,11,LassoLarsIC,-0.1285440956441215,-0.0719281711134798,2.7817799264961174,0.0717198848724365,,,,DJF
14,11,RidgeCV,-0.1285874048805144,-0.0719693076457059,2.7818333030584763,0.0575413703918457,,,,DJF
14,11,Ridge,-0.1285874048810602,-0.0719693076462244,2.7818333030591487,0.0292062759399414,,,,DJF
14,11,BayesianRidge,-0.1288692135943592,-0.0722369787986554,2.782180593808909,0.0739269256591796,,,,DJF
14,11,ElasticNetCV,-0.1332573436693485,-0.0764049685688794,2.7875827825361768,0.2306430339813232,,,,DJF
14,11,LassoLarsCV,-0.1349000001273337,-0.07796521751225,2.7896023515057107,0.1530377864837646,,,,DJF
14,11,LassoCV,-0.1374180749315823,-0.0803569674935429,2.792695370857663,0.4501640796661377,,,,DJF
14,11,LarsCV,-0.1421377918062432,-0.0848399092741574,2.798483518017582,0.1428420543670654,,,,DJF
14,11,SGDRegressor,-0.1533336454709073,-0.0954740980392563,2.81216619463657,0.1012828350067138,,,,DJF
14,11,OrthogonalMatchingPursuit,-0.2246016593629751,-0.1631667935086451,2.897750064824797,0.0247633457183837,,,,DJF
14,11,OrthogonalMatchingPursuitCV,-0.2246016593629751,-0.1631667935086451,2.897750064824797,0.0747663974761962,,,,DJF
14,11,HuberRegressor,-0.2467434972249973,-0.1841978368290944,2.923829598783489,0.4752917289733886,,,,DJF
14,11,GammaRegressor,-0.2653986302432753,-0.2019170936089973,2.9456231370380173,0.0315186977386474,,,,DJF
14,11,LinearSVR,-0.301208026966028,-0.2359300323021804,2.9870113256122184,1.7835745811462402,,,,DJF
14,11,TweedieRegressor,-0.4769601536006009,-0.4028651626172932,3.182349629772397,0.0443658828735351,,,,DJF
14,11,AdaBoostRegressor,-0.5670768871073546,-0.4884609897608316,3.277997779473528,8.646079778671265,,,,DJF
14,11,ElasticNet,-0.639426788627675,-0.5571812975593968,3.3528144230771795,0.0352170467376709,,,,DJF
14,11,LassoLars,-0.6485980403286302,-0.5658924530211737,3.3621794708125305,0.0361886024475097,,,,DJF
14,11,Lasso,-0.6486045817783657,-0.5658986663045344,3.3621861411790044,0.0323700904846191,,,,DJF
14,11,DecisionTreeRegressor,-0.7325256198591603,-0.6456096188628813,3.446698817625488,0.8558025360107422,,,,DJF
14,11,ExtraTreeRegressor,-0.7702926763917675,-0.6814820070075651,3.484063315410194,0.1978101730346679,,,,DJF
14,11,RANSACRegressor,-0.9613976801801764,-0.8629998032480606,3.667299093248414,0.1874382495880127,,,,DJF
14,11,PassiveAggressiveRegressor,-1.5992916188768032,-1.4688923737826491,4.221735356455503,0.0700645446777343,,,,DJF
14,11,DummyRegressor,-2.9623590512949343,-2.7635784968821446,5.212432162098042,0.0197548866271972,,,,DJF
14,11,QuantileRegressor,-6.458887747188063,-6.084696054185318,7.151555906900345,30.701546669006348,,,,DJF
14,11,Lars,-4.86071163751697e+17,-4.616863227608092e+17,1825632805.0942864,0.0326137542724609,,,,DJF
14,11,HistGradientBoostingRegressor,0.398699676723939,0.4262541721897462,1.563879634010553,1.733450174331665,0.4123,0.1079,0.3008,JJA
14,11,CatBoostRegressor,0.393694985973038,0.4214788206280413,1.5703743217418007,4.53341555595398,0.4088,0.123,0.2884,JJA
14,11,ExtraTreesRegressor,0.3891363912558722,0.4171291228174666,1.5762668134182998,17.565717697143555,0.4013,0.1131,0.2783,JJA
14,11,LGBMRegressor,0.378535017332283,0.4070135552345715,1.5898858226951442,0.4715189933776855,0.3882,0.0878,0.2869,JJA
14,11,GradientBoostingRegressor,0.3711458296117268,0.3999629759126151,1.5993097246994046,22.65950655937195,0.3831,0.0761,0.2971,JJA
14,11,XGBRegressor,0.3696967725057331,0.3985803216271607,1.6011512944370454,1.1091771125793457,,,,JJA
14,11,RandomForestRegressor,0.3628761503826008,0.3920722534709745,1.609791153904644,51.820796251297,,,,JJA
14,11,MLPRegressor,0.3030539835638373,0.3349914283088753,1.6836707821934744,13.597890377044678,,,,JJA
14,11,BaggingRegressor,0.2991064371431733,0.3312247775999525,1.6884322584121256,5.25282096862793,,,,JJA
14,11,KNeighborsRegressor,0.293488987644549,0.3258647468665401,1.6951848917700314,0.1610867977142334,,,,JJA
14,11,PoissonRegressor,0.1846573504582107,0.2220203028302886,1.8210743841124624,0.0625350475311279,,,,JJA
14,11,ElasticNetCV,0.0857519863501254,0.1276472619247124,1.9283666767834784,0.3891365528106689,,,,JJA
14,11,LassoCV,0.0760983682343461,0.1184360193845033,1.938520831751679,0.543243408203125,,,,JJA
14,11,BayesianRidge,0.0601354848869261,0.1032046327281566,1.9551956926734049,0.0629885196685791,,,,JJA
14,11,SGDRegressor,0.0597543063471422,0.1028409216367335,1.9555921344356244,0.1493988037109375,,,,JJA
14,11,RidgeCV,0.0589403033380774,0.1020642201912205,1.95643846295923,0.0548856258392334,,,,JJA
14,11,Ridge,0.058940303337638,0.1020642201908011,1.9564384629596867,0.0344319343566894,,,,JJA
14,11,LassoLarsIC,0.0585099947583626,0.1016536304364417,1.9568857119715592,0.0676894187927246,,,,JJA
14,11,LassoLarsCV,0.0585099947583626,0.1016536304364417,1.9568857119715592,0.1599977016448974,,,,JJA
14,11,LinearRegression,0.0585093365597287,0.1016530023996596,1.956886396003928,0.0429792404174804,,,,JJA
14,11,TransformedTargetRegressor,0.0585093365597287,0.1016530023996596,1.956886396003928,0.0463888645172119,,,,JJA
14,11,OrthogonalMatchingPursuitCV,0.0514379552634284,0.0949056660711124,1.964221574137659,0.0768141746520996,,,,JJA
14,11,HuberRegressor,0.0299215289682814,0.0743752267243174,1.986374075383722,0.4749557971954345,,,,JJA
14,11,GammaRegressor,-0.0136538310143656,0.0327967009567611,2.030497402982324,0.0379314422607421,,,,JJA
14,11,LinearSVR,-0.0218741729184832,0.0249530549647466,2.0387140538405903,1.558485507965088,,,,JJA
14,11,LarsCV,-0.0392873401990261,0.0083378434149822,2.0560109525431334,0.1664116382598877,,,,JJA
14,11,OrthogonalMatchingPursuit,-0.1912093331964082,-0.136622347459302,2.201160187255505,0.0313825607299804,,,,JJA
14,11,ExtraTreeRegressor,-0.1948736053156403,-0.140118704868386,2.204543075773295,0.1971504688262939,,,,JJA
14,11,DecisionTreeRegressor,-0.2336086869005875,-0.1770787572564669,2.239991213513272,0.8888545036315918,,,,JJA
14,11,TweedieRegressor,-0.2630643069834373,-0.205184578048351,2.266576264773095,0.0404994487762451,,,,JJA
14,11,AdaBoostRegressor,-0.4398261722154448,-0.3738463578063868,2.4199847941635824,8.08842396736145,,,,JJA
14,11,ElasticNet,-0.6192716309542103,-0.5450687558086509,2.566359298714414,0.029750108718872,,,,JJA
14,11,PassiveAggressiveRegressor,-0.6312265701490805,-0.5564758617410268,2.5758154791034062,0.0663824081420898,,,,JJA
14,11,Lasso,-0.8619223619602943,-0.7766000541311566,2.7519363782448623,0.0583229064941406,,,,JJA
14,11,LassoLars,-0.8620246288689193,-0.7766976346743151,2.752011952868044,0.034045934677124,,,,JJA
14,11,RANSACRegressor,-0.8731132243998192,-0.7872780970087889,2.760194081650823,0.1962149143218994,,,,JJA
14,11,DummyRegressor,-5.159155605175616,-4.876913240376327,5.005162631263011,0.0190107822418212,,,,JJA
14,11,QuantileRegressor,-11.856927956201494,-11.26776119649776,7.231463699707187,31.5224506855011,,,,JJA
14,11,Lars,-1.805722475713444e+21,-1.7229755190870645e+21,85700450952.75195,0.0434448719024658,,,,JJA
14,11,GradientBoostingRegressor,0.1090404281507378,0.1506740530035072,2.142607123494924,22.8914635181427,0.0654,0.0191,0.0449,MAM
14,11,HistGradientBoostingRegressor,0.0885741098145662,0.1311641046830445,2.167076417252051,1.688868522644043,0.0562,0.0336,0.036,MAM
14,11,ExtraTreesRegressor,0.0881902003090351,0.1307981348740335,2.1675327756097738,17.747507095336914,0.0447,0.0147,0.0307,MAM
14,11,CatBoostRegressor,0.0830840851250841,0.1259306232033512,2.1735933710177324,4.7353355884552,0.0413,0.0087,0.035,MAM
14,11,LGBMRegressor,0.0668708266419936,0.1104749936213397,2.192726317965232,0.4963324069976806,0.0186,0.0246,-0.0098,MAM
14,11,XGBRegressor,0.0593269221437966,0.1032836080249276,2.20157204902517,1.1777210235595703,,,,MAM
14,11,RandomForestRegressor,0.0503652281632208,0.0947406847911077,2.212034263256262,53.97097897529602,,,,MAM
14,11,KNeighborsRegressor,0.0090667536074166,0.0553720454949205,2.259621744028879,0.1579995155334472,,,,MAM
14,11,BaggingRegressor,0.0070785083529313,0.0534767088971869,2.261887502551334,5.4493279457092285,,,,MAM
14,11,MLPRegressor,-0.0362505357877265,0.0121723864453449,2.3107125843023244,14.253793954849243,,,,MAM
14,11,PoissonRegressor,-0.0383865517897987,0.0101361842751451,2.3130928861758284,0.0727214813232421,,,,MAM
14,11,ElasticNetCV,-0.1509279216003582,-0.0971462430209022,2.4352166732815825,0.2944033145904541,,,,MAM
14,11,LassoCV,-0.1599389031422182,-0.1057361506589369,2.4447311304261428,0.4410915374755859,,,,MAM
14,11,LassoLarsCV,-0.1817202487254881,-0.126499676355138,2.4675779688496897,0.1641371250152588,,,,MAM
14,11,LassoLarsIC,-0.1838990922514995,-0.1285767047631116,2.4698517685506123,0.0769424438476562,,,,MAM
14,11,BayesianRidge,-0.1840844692670258,-0.1287534193012769,2.4700451278627185,0.0621302127838134,,,,MAM
14,11,Ridge,-0.1852845718130393,-0.1298974422890655,2.4712965405794685,0.0339217185974121,,,,MAM
14,11,RidgeCV,-0.1852845718132683,-0.1298974422892838,2.471296540579707,0.0509958267211914,,,,MAM
14,11,LinearRegression,-0.1855721911853989,-0.1301716215038382,2.471596362943681,0.0551097393035888,,,,MAM
14,11,TransformedTargetRegressor,-0.1855721911853989,-0.1301716215038382,2.471596362943681,0.0520164966583251,,,,MAM
14,11,SGDRegressor,-0.1981515572652032,-0.1421631667387919,2.484674047385566,0.1500799655914306,,,,MAM
14,11,GammaRegressor,-0.2069505108816161,-0.1505509542983629,2.4937808001594592,0.0342214107513427,,,,MAM
14,11,LarsCV,-0.2119556950685124,-0.155322251373722,2.4989462640452365,0.1538839340209961,,,,MAM
14,11,HuberRegressor,-0.2362980675180912,-0.1785271297836008,2.5239174174294283,0.5386970043182373,,,,MAM
14,11,OrthogonalMatchingPursuitCV,-0.2774637121472005,-0.2177691461590136,2.565593411620168,0.0845546722412109,,,,MAM
14,11,AdaBoostRegressor,-0.2804863951019156,-0.220650582246686,2.56862691990782,7.652411460876465,,,,MAM
14,11,LinearSVR,-0.2998789959612971,-0.239136986804227,2.588004389704986,1.6109952926635742,,,,MAM
14,11,TweedieRegressor,-0.4158411623445222,-0.3496803603658061,2.7009765438011115,0.0343050956726074,,,,MAM
14,11,RANSACRegressor,-0.4587685095586054,-0.3906017567754929,2.7416166902907952,0.1889636516571045,,,,MAM
14,11,OrthogonalMatchingPursuit,-0.4775487630090418,-0.4085044282889931,2.7592081034004603,0.0286405086517334,,,,MAM
14,11,PassiveAggressiveRegressor,-0.6779392041447931,-0.5995308301193354,2.940367786232866,0.0649068355560302,,,,MAM
14,11,DecisionTreeRegressor,-0.6857012043288244,-0.6069301200143933,2.9471608814943897,0.9158937931060792,,,,MAM
14,11,ExtraTreeRegressor,-0.7782781016673834,-0.6951809941128326,3.0270067243968204,0.2123088836669922,,,,MAM
14,11,ElasticNet,-0.8410230121635254,-0.7549938994456036,3.079946367720358,0.0277864933013916,,,,MAM
14,11,LassoLars,-1.2375873754665574,-1.1330272177344751,3.3954985319065485,0.0281088352203369,,,,MAM
14,11,Lasso,-1.2376750192670656,-1.1331107660302866,3.395565030199569,0.0276095867156982,,,,MAM
14,11,DummyRegressor,-5.698840318526142,-5.385810397099687,5.8750742313588304,0.0224015712738037,,,,MAM
14,11,QuantileRegressor,-12.70650491512882,-12.066014031244295,8.403823228033351,31.095412492752075,,,,MAM
14,11,Lars,-3.96660624949347e+26,-3.781250817274149e+26,45208811648398.19,0.0291965007781982,,,,MAM
14,11,HistGradientBoostingRegressor,0.1421163896730614,0.1811900358924058,2.1316193768505447,1.6595768928527832,0.1781,0.174,0.02,SON
14,11,GradientBoostingRegressor,0.1341058694961218,0.1735443673429583,2.1415482904839687,22.82337188720703,0.1726,0.1274,0.0674,SON
14,11,LGBMRegressor,0.1263298452061187,0.1661225141997672,2.1511427149498674,0.4634349346160888,0.1676,0.175,0.0281,SON
14,11,CatBoostRegressor,0.1236419772315345,0.1635570693616772,2.154449195834597,4.556314945220947,0.1627,0.1616,0.0258,SON
14,11,ExtraTreesRegressor,0.1166386877564448,0.1568727556217889,2.1630405517497246,18.167189598083496,0.1571,0.1815,0.0058,SON
14,11,RandomForestRegressor,0.1125276362174257,0.1529489483330288,2.1680679675301078,55.62713241577149,,,,SON
14,11,BaggingRegressor,0.0530122898195737,0.0961443211537024,2.239585491764975,5.671334266662598,,,,SON
14,11,KNeighborsRegressor,0.0477269080189135,0.0910996703055014,2.245826646628177,0.1753900051116943,,,,SON
14,11,XGBRegressor,0.0442148467563813,0.0877475713474368,2.2499642316314503,1.2228214740753174,,,,SON
14,11,MLPRegressor,-0.0312680698302805,0.0157026418522727,2.3371213332046543,13.942649126052856,,,,SON
14,11,PoissonRegressor,-0.0359561391201765,0.0112280979854995,2.342427501082402,0.0567142963409423,,,,SON
14,11,ElasticNetCV,-0.1615319523360776,-0.1086281690819039,2.4803390719177605,0.3835926055908203,,,,SON
14,11,LassoCV,-0.1643937513485458,-0.1113596229976505,2.4833927395714523,0.4877743721008301,,,,SON
14,11,LassoLarsCV,-0.1675815603980817,-0.114402238315173,2.486789859684564,0.1449646949768066,,,,SON
14,11,LassoLarsIC,-0.1700826269737119,-0.1167893899151926,2.489451900615816,0.0660300254821777,,,,SON
14,11,BayesianRidge,-0.1704795989898291,-0.1171682812220737,2.489874160938111,0.0602171421051025,,,,SON
14,11,RidgeCV,-0.1707065501017279,-0.1173848954918315,2.4901155373451864,0.0608875751495361,,,,SON
14,11,Ridge,-0.1707065501024751,-0.1173848954925447,2.4901155373459813,0.0263073444366455,,,,SON
14,11,LinearRegression,-0.1707468397339853,-0.1174233500699879,2.490158385391142,0.0435943603515625,,,,SON
14,11,TransformedTargetRegressor,-0.1707468397339853,-0.1174233500699879,2.490158385391142,0.0521636009216308,,,,SON
14,11,SGDRegressor,-0.1731899037759514,-0.119755140952148,2.4927552089544345,0.137521743774414,,,,SON
14,11,LarsCV,-0.1764302337065886,-0.1228478850053775,2.4961953082947503,0.1498494148254394,,,,SON
14,11,OrthogonalMatchingPursuitCV,-0.1972419303324595,-0.142711680469139,2.518178045471944,0.0821402072906494,,,,SON
14,11,OrthogonalMatchingPursuit,-0.2000251971778053,-0.145368179087723,2.521103391069071,0.0241212844848632,,,,SON
14,11,HuberRegressor,-0.2446103153152299,-0.1879225985245565,2.5675101671877782,0.4531939029693603,,,,SON
14,11,LinearSVR,-0.276091530163622,-0.2179699523727687,2.5997787348049988,1.841923475265503,,,,SON
14,11,AdaBoostRegressor,-0.3739013861509903,-0.3113249060125342,2.697573302762132,8.174200773239136,,,,SON
14,11,GammaRegressor,-0.3739110816539543,-0.3113341599187034,2.6975828210157977,0.0368785858154296,,,,SON
14,11,TweedieRegressor,-0.5795931251191178,-0.5076480941167287,2.89246485969383,0.0424706935882568,,,,SON
14,11,ExtraTreeRegressor,-0.6966943479079784,-0.6194157591874734,2.9977629003093598,0.2027409076690673,,,,SON
14,11,DecisionTreeRegressor,-0.7547746775768054,-0.674850729711465,3.04864006877797,0.9252736568450928,,,,SON
14,11,ElasticNet,-0.8005124160192025,-0.7185052715648867,3.088115493350006,0.0254073143005371,,,,SON
14,11,RANSACRegressor,-0.8453595862620582,-0.7613098075355476,3.1263383399270457,0.1830697059631347,,,,SON
14,11,LassoLars,-0.861135833254101,-0.7763675007678312,3.139673659346079,0.0363163948059082,,,,SON
14,11,Lasso,-0.8611360044967269,-0.7763676642109447,3.139673803786355,0.0265262126922607,,,,SON
14,11,PassiveAggressiveRegressor,-1.260601310963994,-1.157638700646808,3.460249874507827,0.0638620853424072,,,,SON
14,11,DummyRegressor,-3.291842071782873,-3.096363434910171,4.767792436738188,0.0192742347717285,,,,SON
14,11,QuantileRegressor,-6.980718390141826,-6.61722413148152,6.501543419052191,31.53294062614441,,,,SON
14,11,Lars,-3.9643314597316765e+28,-3.783769804177096e+28,458226765793032.8,0.0342228412628173,,,,SON
1,4,ExtraTreesRegressor,0.3796873536469746,0.4574424207385794,2.3522173499301737,9.095791578292848,0.4449,0.0559,0.4123,DJF
1,4,CatBoostRegressor,0.3678806605915599,0.4471156752806401,2.374497245745095,3.2881414890289307,0.429,0.0624,0.3622,DJF
1,4,LGBMRegressor,0.3575876558933166,0.4381128800849622,2.393751536566901,0.3618459701538086,0.4216,0.0501,0.3739,DJF
1,4,HistGradientBoostingRegressor,0.3551374452413789,0.4359697989019303,2.398312169335457,1.2141799926757812,0.4185,0.0537,0.363,DJF
1,4,RandomForestRegressor,0.3323682379356281,0.4160546705063711,2.4402854261623683,25.59670400619507,0.3988,0.0665,0.3348,DJF
1,4,GradientBoostingRegressor,0.328984217244989,0.4130948306822467,2.446462138379126,11.487554550170898,,,,DJF
1,4,XGBRegressor,0.2883188416060608,0.3775267862515407,2.519502916632704,0.8609619140625,,,,DJF
1,4,MLPRegressor,0.2782600290534356,0.3687288276400523,2.5372456130205983,7.342379808425903,,,,DJF
1,4,BaggingRegressor,0.2573206476311668,0.3504141597665359,2.5737882056113324,2.6105153560638428,,,,DJF
1,4,HuberRegressor,0.2444050267680864,0.3391174885938137,2.5960715712661706,0.3418629169464111,,,,DJF
1,4,LinearSVR,0.2221669073127593,0.3196668771482074,2.633997384903318,0.750262975692749,,,,DJF
1,4,KNeighborsRegressor,0.2212749853596883,0.3188867559970534,2.6355071220326978,0.0517153739929199,,,,DJF
1,4,SGDRegressor,0.2102650064664976,0.3092568580236219,2.654072746863746,0.0808429718017578,,,,DJF
1,4,LinearRegression,0.2052839463474688,0.3049001647718808,2.6624295474818407,0.0363750457763671,,,,DJF
1,4,TransformedTargetRegressor,0.2052839463474688,0.3049001647718808,2.6624295474818407,0.0344328880310058,,,,DJF
1,4,Ridge,0.2052193140243543,0.3048436339934465,2.662537809739437,0.0230734348297119,,,,DJF
1,4,LassoLarsIC,0.2052141799208159,0.3048391434404909,2.662546409421686,0.0544500350952148,,,,DJF
1,4,RidgeCV,0.2049099123064539,0.3045730152206868,2.663056011570694,0.0408065319061279,,,,DJF
1,4,BayesianRidge,0.2048707391665243,0.304538752362921,2.6631216135587543,0.0481162071228027,,,,DJF
1,4,ElasticNetCV,0.2046140895769029,0.3043142733346728,2.663551376339553,0.4313216209411621,,,,DJF
1,4,LassoLarsCV,0.1998186713372866,0.3001199520888802,2.671568647257184,0.1213307380676269,,,,DJF
1,4,LassoCV,0.1993921092069395,0.2997468587492452,2.672280634740215,0.1977045536041259,,,,DJF
1,4,PoissonRegressor,0.1609212386962414,0.2660982422022836,2.7357316545245114,0.0445315837860107,,,,DJF
1,4,GammaRegressor,-0.0177910173370849,0.109787243889012,3.013016001941573,0.0323677062988281,,,,DJF
1,4,TweedieRegressor,-0.0642990265109966,0.0691089294583484,3.0810870160554,0.0283362865447998,,,,DJF
1,4,OrthogonalMatchingPursuit,-0.1080767662014312,0.0308186501747927,3.143815535929876,0.0265545845031738,,,,DJF
1,4,OrthogonalMatchingPursuitCV,-0.1173454463431789,0.0227117823070803,3.156936621296877,0.0678882598876953,,,,DJF
1,4,LarsCV,-0.1461818519373372,-0.0025100320566124,3.1974141697974257,0.1172680854797363,,,,DJF
1,4,ElasticNet,-0.2280653683151001,-0.0741295979134859,3.3096561315236395,0.0321192741394043,,,,DJF
1,4,ExtraTreeRegressor,-0.3109283666977691,-0.1466058694793857,3.41949215672174,0.1175241470336914,,,,DJF
1,4,Lasso,-0.3500794651712786,-0.1808494486456309,3.47017836002502,0.0291047096252441,,,,DJF
1,4,LassoLars,-0.350128941899527,-0.180892723555575,3.470241945726132,0.0254008769989013,,,,DJF
1,4,PassiveAggressiveRegressor,-0.678363543415468,-0.4679837120681251,3.869146286923116,0.0520622730255126,,,,DJF
1,4,RANSACRegressor,-0.6984982327732807,-0.4855945545705016,3.8922854344549385,0.1443302631378173,,,,DJF
1,4,DecisionTreeRegressor,-0.7104603952318636,-0.4960572816234125,3.905967656462779,0.4450104236602783,,,,DJF
1,4,AdaBoostRegressor,-1.0073607702428946,-0.755741732190164,4.231407462368975,3.927489042282105,,,,DJF
1,4,DummyRegressor,-1.545998753228528,-1.226862419258378,4.765420455606996,0.0250210762023925,,,,DJF
1,4,QuantileRegressor,-3.297150887440611,-2.7585108040566904,6.191023223531287,9.019585371017456,,,,DJF
1,4,Lars,-1.7329114131262136e+16,-1.5156941050741812e+16,393151839.8521238,0.028508186340332,,,,DJF
1,4,ExtraTreesRegressor,0.607314282716285,0.6586830538725849,1.960705614790854,9.061588048934937,0.6537,0.0323,0.6264,JJA
1,4,HistGradientBoostingRegressor,0.5868645600537592,0.6409084402792848,2.0111111118363314,1.211794376373291,0.633,0.0352,0.593,JJA
1,4,CatBoostRegressor,0.5818600251138417,0.6365585683402286,2.023255288240466,2.9908769130706787,0.6303,0.0247,0.6036,JJA
1,4,RandomForestRegressor,0.576382873691026,0.631797904748886,2.0364633318354137,24.82561469078064,0.6252,0.0218,0.6002,JJA
1,4,LGBMRegressor,0.5747781797607238,0.6304031271757453,2.040316825036041,0.3736472129821777,0.6247,0.0233,0.6015,JJA
1,4,MLPRegressor,0.5555470265239184,0.6136876771239872,2.085944493717516,7.368217706680298,,,,JJA
1,4,XGBRegressor,0.5452261838219485,0.6047169446591936,2.1100248292643062,0.87174391746521,,,,JJA
1,4,BaggingRegressor,0.5189609663245494,0.5818875841018611,2.170101259374299,2.5164761543273926,,,,JJA
1,4,GradientBoostingRegressor,0.5053116514693772,0.5700237900853017,2.200673838065897,11.458647012710571,,,,JJA
1,4,KNeighborsRegressor,0.4772623838338721,0.5456437580416504,2.2622037412851137,0.0517113208770751,,,,JJA
1,4,LinearSVR,0.3681600397507064,0.4508135229228523,2.487100783510493,0.6771314144134521,,,,JJA
1,4,HuberRegressor,0.3671340840770103,0.4499217765669362,2.4891191903400403,0.2964744567871094,,,,JJA
1,4,SGDRegressor,0.3495078947298802,0.4346013387332388,2.523543845580148,0.0683901309967041,,,,JJA
1,4,BayesianRidge,0.3396078085834202,0.4259963219954727,2.5426747160615832,0.0461475849151611,,,,JJA
1,4,RidgeCV,0.3394546870283762,0.4258632308764083,2.5429694770730933,0.0462939739227294,,,,JJA
1,4,Ridge,0.3394546870277397,0.4258632308758551,2.5429694770743185,0.0275592803955078,,,,JJA
1,4,LassoLarsCV,0.3393895055947123,0.4258065760837761,2.5430949418248208,0.0947179794311523,,,,JJA
1,4,TransformedTargetRegressor,0.3393894921075354,0.4258065643609101,2.5430949677850285,0.0372021198272705,,,,JJA
1,4,LinearRegression,0.3393894921075354,0.4258065643609101,2.5430949677850285,0.0299708843231201,,,,JJA
1,4,LassoLarsIC,0.3393886529969344,0.4258058350176842,2.543096582910162,0.0446934700012207,,,,JJA
1,4,LassoCV,0.3355449583670626,0.422464949278348,2.550484216661491,0.294482946395874,,,,JJA
1,4,ElasticNetCV,0.334643802461093,0.4216816771391477,2.5522131561780053,0.3417820930480957,,,,JJA
1,4,PoissonRegressor,0.3053132674320755,0.3961879853552051,2.6078604143791946,0.0484943389892578,,,,JJA
1,4,ExtraTreeRegressor,0.241965993701074,0.341127418943666,2.724169864247705,0.1151490211486816,,,,JJA
1,4,GammaRegressor,0.2019871693624007,0.3063783826725517,2.795083437911924,0.0295188426971435,,,,JJA
1,4,OrthogonalMatchingPursuitCV,0.1635247630335736,0.2729473957762747,2.861649134879374,0.0647478103637695,,,,JJA
1,4,OrthogonalMatchingPursuit,0.1064984211406981,0.2233808951193858,2.957586818008377,0.0257115364074707,,,,JJA
1,4,TweedieRegressor,0.0875949954584567,0.206950301285112,2.9887092598472207,0.0318334102630615,,,,JJA
1,4,LarsCV,0.0400427089538582,0.1656185173755917,3.0656021750804885,0.1002531051635742,,,,JJA
1,4,RANSACRegressor,0.0214887224045277,0.1494916511597492,3.0950862612073373,0.1441137790679931,,,,JJA
1,4,ElasticNet,-0.0708465906991304,0.0692350854097674,3.2378257225802334,0.029102087020874,,,,JJA
1,4,AdaBoostRegressor,-0.1060285028314678,0.0386554582947415,3.290584133651441,3.915841579437256,,,,JJA
1,4,LassoLars,-0.1117342102734881,0.0336961370006598,3.2990608404611588,0.0223743915557861,,,,JJA
1,4,Lasso,-0.1117561512371447,0.0336770662212025,3.2990933951024544,0.0233356952667236,,,,JJA
1,4,DecisionTreeRegressor,-0.1389103582538153,0.0100750083782242,3.3391398701557518,0.4383955001831054,,,,JJA
1,4,PassiveAggressiveRegressor,-0.9634554627818122,-0.7066080911969823,4.384301045449893,0.0495111942291259,,,,JJA
1,4,DummyRegressor,-1.7415694447456218,-1.3829339069155262,5.180712181224449,0.0191676616668701,,,,JJA
1,4,QuantileRegressor,-4.050723870275753,-3.3900187128268904,7.031802310454168,9.152304649353027,,,,JJA
1,4,Lars,-1.3650039332492955e+29,-1.1864423722137773e+29,1155997224017186.5,0.0267884731292724,,,,JJA
1,4,CatBoostRegressor,0.462930991547902,0.5287841397232275,1.8125836841235865,3.1903181076049805,0.5028,0.1328,0.3529,MAM
1,4,HistGradientBoostingRegressor,0.4505060826866693,0.5178827210493393,1.833430555744288,1.466090202331543,0.4882,0.1887,0.2797,MAM
1,4,LGBMRegressor,0.4452715873438889,0.5132900575605783,1.842142514234726,0.3803846836090088,0.4845,0.1713,0.2958,MAM
1,4,RandomForestRegressor,0.4427351223694974,0.5110646032778696,1.846349258304401,26.320199489593502,0.4838,0.1435,0.3204,MAM
1,4,XGBRegressor,0.4421399051396688,0.5105423690871209,1.8473350422963732,0.919898271560669,0.4817,0.1711,0.2945,MAM
1,4,ExtraTreesRegressor,0.4353396912508208,0.5045759688903659,1.8585602779194543,9.19591188430786,,,,MAM
1,4,GradientBoostingRegressor,0.4245266852144748,0.4950888082808198,1.8762712123075729,11.954955577850342,,,,MAM
1,4,BaggingRegressor,0.3689757012925073,0.4463492529051427,1.9647444096809932,2.6562163829803467,,,,MAM
1,4,KNeighborsRegressor,0.3510993395012219,0.4306648155841783,1.992379793100656,0.0512685775756835,,,,MAM
1,4,LinearSVR,0.3339031071446737,0.4155771130806129,2.018606764271858,0.7682914733886719,,,,MAM
1,4,HuberRegressor,0.3299906949709916,0.4121444244704613,2.0245263675258727,0.3209023475646972,,,,MAM
1,4,MLPRegressor,0.3295816119435716,0.4117855014872753,2.0251443238668263,7.354540824890137,,,,MAM
1,4,SGDRegressor,0.2605910270101855,0.3512542525811437,2.1267937658115827,0.0933921337127685,,,,MAM
1,4,ElasticNetCV,0.2438660166510896,0.3365799928110378,2.150712696577366,0.2562620639801025,,,,MAM
1,4,LassoCV,0.2437426396693879,0.3364717437971196,2.150888153324209,0.3492419719696045,,,,MAM
1,4,PoissonRegressor,0.2418525413349533,0.3348134013892506,2.1535743110809964,0.0516862869262695,,,,MAM
1,4,BayesianRidge,0.2407060745404713,0.3338075095423208,2.1552020081147774,0.0435855388641357,,,,MAM
1,4,LassoLarsIC,0.2406648029761241,0.3337712985240108,2.155260580524424,0.0523154735565185,,,,MAM
1,4,LassoLarsCV,0.2406648029761241,0.3337712985240108,2.155260580524424,0.1341657638549804,,,,MAM
1,4,LinearRegression,0.2406647621367968,0.3337712626922304,2.1552606384826163,0.0369563102722168,,,,MAM
1,4,TransformedTargetRegressor,0.2406647621367968,0.3337712626922304,2.1552606384826163,0.0380823612213134,,,,MAM
1,4,RidgeCV,0.240664095522002,0.3337706778149446,2.1552615845261034,0.0491700172424316,,,,MAM
1,4,Ridge,0.2406578308875615,0.3337651813236916,2.1552704751224936,0.027224063873291,,,,MAM
1,4,GammaRegressor,0.0348811978835308,0.1532200155817354,2.4298161178128383,0.0349440574645996,,,,MAM
1,4,OrthogonalMatchingPursuitCV,0.0281278667495343,0.1472947495731609,2.438302506773082,0.0731644630432128,,,,MAM
1,4,OrthogonalMatchingPursuit,-0.0301271177284259,0.0961827468431795,2.510316208937373,0.0309047698974609,,,,MAM
1,4,TweedieRegressor,-0.1111350157791917,0.0251076973272486,2.607152513385606,0.0300939083099365,,,,MAM
1,4,PassiveAggressiveRegressor,-0.1589371499222212,-0.0168331397137744,2.662643130262228,0.0635113716125488,,,,MAM
1,4,ExtraTreeRegressor,-0.3545049529649342,-0.1884212393861275,2.8785469613497106,0.1096689701080322,,,,MAM
1,4,ElasticNet,-0.3660082628762495,-0.1985140617061371,2.890744336835258,0.0255570411682128,,,,MAM
1,4,LassoLars,-0.4512865576506937,-0.2733358898188647,2.979611258981223,0.0288124084472656,,,,MAM
1,4,Lasso,-0.4513405867951252,-0.2733832941363223,2.97966672161468,0.0320534706115722,,,,MAM
1,4,RANSACRegressor,-0.5050776220822257,-0.3205313196470754,3.03432761533295,0.1515207290649414,,,,MAM
1,4,DecisionTreeRegressor,-0.8695238714950282,-0.6402906992408695,3.381804734290489,0.4558308124542236,,,,MAM
1,4,AdaBoostRegressor,-0.8723628532683745,-0.6427815769820615,3.3843714947467443,4.07895302772522,,,,MAM
1,4,LarsCV,-0.9197777057101816,-0.6843826191789604,3.426955715066515,0.1176252365112304,,,,MAM
1,4,DummyRegressor,-2.9244166577696,-2.443221154773328,4.899712249984048,0.0230534076690673,,,,MAM
1,4,QuantileRegressor,-6.902259774514293,-5.933317840309543,6.952782943160032,9.4237802028656,,,,MAM
1,4,Lars,-6.024655939919137e+28,-5.285937909138862e+28,607084500897087.5,0.0315921306610107,,,,MAM
1,4,GradientBoostingRegressor,0.3415024595130357,0.4238146520739062,2.652521920678108,12.053258895874023,0.3702,0.0956,0.2743,SON
1,4,CatBoostRegressor,0.3392830258948033,0.4218726476579528,2.656988257879087,3.058748722076416,0.357,0.1671,0.1801,SON
1,4,LGBMRegressor,0.3390358687268832,0.4216563851360227,2.657485166780472,0.4281656742095947,0.3559,0.1819,0.1597,SON
1,4,ExtraTreesRegressor,0.3370606718387439,0.4199280878589009,2.661452962095089,9.528403997421265,0.3587,0.1599,0.1845,SON
1,4,RandomForestRegressor,0.3343330939030787,0.4175414571651938,2.6669224436195345,24.079142332077023,0.3573,0.1609,0.1799,SON
1,4,HistGradientBoostingRegressor,0.3297238400291865,0.4135083600255381,2.6761397538659164,1.1527154445648191,,,,SON
1,4,HuberRegressor,0.3186229763288022,0.4037951042877019,2.698209366038649,0.4957423210144043,,,,SON
1,4,XGBRegressor,0.3098042412083254,0.3960787110572846,2.715614045069152,0.9172065258026124,,,,SON
1,4,MLPRegressor,0.2975105030205724,0.3853216901430009,2.739692499498404,7.367533206939697,,,,SON
1,4,BaggingRegressor,0.293401245027173,0.3817260893987764,2.7476938202135788,2.4597268104553223,,,,SON
1,4,SGDRegressor,0.2926816571123761,0.3810964499733291,2.7490925660509005,0.0701069831848144,,,,SON
1,4,BayesianRidge,0.2920097085289155,0.380508494962801,2.7503980675717523,0.0509424209594726,,,,SON
1,4,RidgeCV,0.2919594041356005,0.3804644786186504,2.750495776996773,0.0485625267028808,,,,SON
1,4,Ridge,0.2917934416065394,0.3803192614057219,2.750818111967249,0.0270614624023437,,,,SON
1,4,LinearRegression,0.2917739177108386,0.3803021779969837,2.750856029094061,0.0362260341644287,,,,SON
1,4,TransformedTargetRegressor,0.2917739177108386,0.3803021779969837,2.750856029094061,0.0375852584838867,,,,SON
1,4,LassoLarsIC,0.2916591858755496,0.3802017876411059,2.751078837874769,0.0518243312835693,,,,SON
1,4,LassoLarsCV,0.2911813183094084,0.3797836535207323,2.752006660803677,0.127894639968872,,,,SON
1,4,ElasticNetCV,0.2910453383397483,0.3796646710472797,2.752270620999788,0.3252243995666504,,,,SON
1,4,LassoCV,0.2910352912442584,0.379655879838726,2.7522901231127355,0.353762149810791,,,,SON
1,4,LinearSVR,0.2895653487836074,0.3783696801856564,2.7551418963956933,0.7698674201965332,,,,SON
1,4,PoissonRegressor,0.2673006411761283,0.3588880610291122,2.7979813076013738,0.052682876586914,,,,SON
1,4,LarsCV,0.2322258374728184,0.3281976077887161,2.8641690634783736,0.126842975616455,,,,SON
1,4,OrthogonalMatchingPursuitCV,0.2051802915259022,0.3045327550851644,2.9141789494293,0.0767900943756103,,,,SON
1,4,KNeighborsRegressor,0.1926342287048417,0.2935549501167365,2.9370887493372493,0.0530192852020263,,,,SON
1,4,OrthogonalMatchingPursuit,0.1401674238017387,0.2476464958265213,3.031020338700805,0.0274200439453125,,,,SON
1,4,GammaRegressor,0.1322242208968358,0.2406961932847313,3.044988558536233,0.0338170528411865,,,,SON
1,4,TweedieRegressor,0.0770159062924812,0.192388918005921,3.140356922680712,0.0314662456512451,,,,SON
1,4,ElasticNet,-0.0734590481019208,0.0607233329108192,3.386683746879148,0.0299458503723144,,,,SON
1,4,LassoLars,-0.2233171157282309,-0.0704024762622022,3.6153590040977273,0.025853157043457,,,,SON
1,4,Lasso,-0.2233234610354275,-0.0704080284059991,3.6153683804619847,0.0287957191467285,,,,SON
1,4,PassiveAggressiveRegressor,-0.2507848892098883,-0.0944367780586523,3.655722451645624,0.055873155593872,,,,SON
1,4,DecisionTreeRegressor,-0.4786464543976185,-0.2938156475979163,3.974788971558245,0.4148941040039062,,,,SON
1,4,ExtraTreeRegressor,-0.4991398401697324,-0.3117473601485159,4.002238597361821,0.1237533092498779,,,,SON
1,4,RANSACRegressor,-0.9532417036862082,-0.7090864907254322,4.56835555001448,0.1408252716064453,,,,SON
1,4,DummyRegressor,-1.1692975157612566,-0.8981353262910998,4.814392152504,0.0237166881561279,,,,SON
1,4,AdaBoostRegressor,-1.1883063342487263,-0.9147680424676355,4.8354395880835686,3.9688560962677,,,,SON
1,4,QuantileRegressor,-2.458336784798201,-2.0260446866984263,6.0787676711911525,9.418115139007568,,,,SON
1,4,Lars,-5.357718723211921e+16,-4.688003882810431e+16,756609618.2667936,0.0296900272369384,,,,SON
2,15,CatBoostRegressor,0.5598782440019778,0.5636299922535237,2.1581709276759917,5.499912977218628,0.5154,0.1735,0.2338,
2,15,ExtraTreesRegressor,0.5478828397162513,0.5517368408931349,2.187383415423534,57.953272581100464,0.5056,0.1465,0.2859,
2,15,LGBMRegressor,0.5475867879521563,0.5514433127754472,2.188099460731999,0.6722121238708496,0.5057,0.1641,0.2337,
2,15,HistGradientBoostingRegressor,0.5434533955585298,0.5473451548310939,2.1980723233860178,2.6723225116729736,0.5003,0.1675,0.2427,
2,15,GradientBoostingRegressor,0.5362398214530134,0.5401930716963577,2.2153693694958774,72.33680462837219,0.4926,0.1475,0.2451,
2,15,RandomForestRegressor,0.5175689030061164,0.5216813105387408,2.259524561259039,199.8969395160675,,,,
2,15,XGBRegressor,0.5152869328265614,0.5194187926528172,2.2648621988210094,1.870772123336792,,,,
2,15,MLPRegressor,0.4945170661320408,0.4988259753997162,2.3128776965716806,31.198322296142575,,,,
2,15,BaggingRegressor,0.4711804196711514,0.475688258488124,2.3656646648280386,20.14036703109741,,,,
2,15,PoissonRegressor,0.451431475729152,0.4561076612931202,2.409433042915281,0.1104793548583984,,,,
2,15,HuberRegressor,0.4471952117765074,0.4519075087020723,2.418718450299741,1.4607503414154053,,,,
2,15,LinearSVR,0.442477680420125,0.4472301911951002,2.4290169681392366,3.334162950515747,,,,
2,15,TransformedTargetRegressor,0.4398413492420573,0.4446163330049115,2.434753187633052,0.0993311405181884,,,,
2,15,LinearRegression,0.4398413492420573,0.4446163330049115,2.434753187633052,0.1255373954772949,,,,
2,15,LassoLarsIC,0.4398412459297161,0.4446162305732399,2.4347534121587646,0.1825714111328125,,,,
2,15,LassoLarsCV,0.4398412459297161,0.4446162305732399,2.4347534121587646,0.4284172058105469,,,,
2,15,Ridge,0.4398266092919021,0.4446017187031285,2.434785221329659,0.0728278160095214,,,,
2,15,RidgeCV,0.4397048437099758,0.4444809910926337,2.435049833086332,0.1502985954284668,,,,
2,15,ElasticNetCV,0.4395824840502216,0.4443596744684334,2.4353157068856057,0.9544904232025146,,,,
2,15,BayesianRidge,0.4395488731583278,0.4443263500872679,2.435388734497501,0.1554610729217529,,,,
2,15,LassoCV,0.4386717243164578,0.4434566783618754,2.4372937741438587,1.4436430931091309,,,,
2,15,KNeighborsRegressor,0.4351902849729723,0.4400049159970708,2.444840315709779,1.6730964183807373,,,,
2,15,GammaRegressor,0.428149567984869,0.4330242164866081,2.460031375583068,0.0890624523162841,,,,
2,15,SGDRegressor,0.4281062454435074,0.4329812632413937,2.460124557984132,0.2451620101928711,,,,
2,15,LarsCV,0.4252388357359768,0.430138296314094,2.466284237874106,0.5764997005462646,,,,
2,15,TweedieRegressor,0.3881292542562717,0.3933450495884308,2.5446570768097105,0.0689697265625,,,,
2,15,OrthogonalMatchingPursuitCV,0.3747098635210398,0.380040050325653,2.5724101140064,0.2094244956970214,,,,
2,15,OrthogonalMatchingPursuit,0.3174266200806214,0.323245108827803,2.687658546175252,0.0643136501312255,,,,
2,15,ElasticNet,0.3045953111935087,0.3105231784025051,2.7128028106381845,0.0782406330108642,,,,
2,15,LassoLars,0.1799324781101633,0.1869230139095652,2.945942226839163,0.0601553916931152,,,,
2,15,Lasso,0.179920707363998,0.1869113435012626,2.945963368887114,0.0667941570281982,,,,
2,15,DecisionTreeRegressor,0.0550996140274876,0.0631542678196381,3.162222559395768,3.328789234161377,,,,
2,15,ExtraTreeRegressor,0.0343224288389844,0.0425541944578981,3.196800185286526,0.6080973148345947,,,,
2,15,PassiveAggressiveRegressor,-0.0344632946737302,-0.0256451760413534,3.308696729301486,0.2514979839324951,,,,
2,15,RANSACRegressor,-0.078605376370235,-0.0694109755487422,3.378552794688588,0.3234641551971435,,,,
2,15,QuantileRegressor,-0.1456146021269677,-0.1358489917659688,3.48191920693694,137.78826594352722,,,,
2,15,AdaBoostRegressor,-0.2241418159352839,-0.213706812768569,3.59927712375868,19.569711208343502,,,,
2,15,DummyRegressor,-0.4892376547683648,-0.4765428840798678,3.969916970595081,0.0477495193481445,,,,
2,15,Lars,-5.169420628479788e+20,-5.125354720489337e+20,73963994084.03899,0.0669929981231689,,,,
2,15,ExtraTreesRegressor,0.3868073244738045,0.4074303965206497,2.6804828581671867,15.84600067138672,0.3987,0.1026,0.2803,DJF
2,15,CatBoostRegressor,0.3773885249040191,0.3983283727211485,2.7009908644176206,4.089491844177246,0.3904,0.0993,0.2763,DJF
2,15,GradientBoostingRegressor,0.3657492328898798,0.3870805367164533,2.726120543191331,20.21630620956421,0.3762,0.094,0.2699,DJF
2,15,HistGradientBoostingRegressor,0.3469618442387002,0.3689250109122866,2.766201633290476,1.4313299655914309,0.3563,0.1164,0.2323,DJF
2,15,LGBMRegressor,0.3426711088645042,0.3647785827816173,2.775274309012162,0.4775006771087646,0.3544,0.1375,0.1999,DJF
2,15,RandomForestRegressor,0.3266220877077995,0.3492693269104521,2.808949868107508,46.37431836128235,,,,DJF
2,15,XGBRegressor,0.2881920430578472,0.3121317725514173,2.887991922021059,1.1123228073120115,,,,DJF
2,15,BaggingRegressor,0.258180306906818,0.2831293997238533,2.948246109330681,4.665635347366333,,,,DJF
2,15,MLPRegressor,0.2468701034345236,0.2721995842607168,2.9706364039544724,12.410918712615969,,,,DJF
2,15,SGDRegressor,0.2445395412717924,0.2699474042335035,2.9752291741389896,0.0967381000518798,,,,DJF
2,15,PoissonRegressor,0.2415413945766598,0.2670500920684762,2.981127127303268,0.0455274581909179,,,,DJF
2,15,KNeighborsRegressor,0.2399823065498086,0.2655434397375954,2.984189557806192,0.1939015388488769,,,,DJF
2,15,ElasticNetCV,0.2399197367047779,0.26548297425955,2.984312394706517,0.5037758350372314,,,,DJF
2,15,LassoCV,0.2393339578939103,0.2649168965297653,2.985462148465688,0.4172432422637939,,,,DJF
2,15,LassoLarsIC,0.2390086804843371,0.2646025589433841,2.986100404642656,0.0644583702087402,,,,DJF
2,15,LassoLarsCV,0.2390019860054517,0.2645960896151339,2.9861135390514413,0.1360960006713867,,,,DJF
2,15,TransformedTargetRegressor,0.2386527402649033,0.2642585898075635,2.9867986708055203,0.0416221618652343,,,,DJF
2,15,LinearRegression,0.2386527402649033,0.2642585898075635,2.9867986708055203,0.0386590957641601,,,,DJF
2,15,Ridge,0.2386358219263253,0.2642422404714041,2.98683185631306,0.0308198928833007,,,,DJF
2,15,RidgeCV,0.2385193730816878,0.2641297080677297,2.987060262002827,0.0465867519378662,,,,DJF
2,15,BayesianRidge,0.2384741576359498,0.2640860133208395,2.987148944007037,0.0600636005401611,,,,DJF
2,15,HuberRegressor,0.1844608446239606,0.2118892915536481,3.0912701726391894,0.4628987312316894,,,,DJF
2,15,OrthogonalMatchingPursuit,0.1808427042040533,0.2083928374707332,3.09811979583069,0.0226407051086425,,,,DJF
2,15,OrthogonalMatchingPursuitCV,0.1808427042040533,0.2083928374707332,3.09811979583069,0.0658178329467773,,,,DJF
2,15,LinearSVR,0.1660071409187314,0.1940562281075634,3.126048566416105,1.4514412879943848,,,,DJF
2,15,GammaRegressor,0.1367726273413466,0.1658049380809875,3.180366399698757,0.0349714756011962,,,,DJF
2,15,TweedieRegressor,0.080042145102021,0.1109824317017288,3.283208933997658,0.0296740531921386,,,,DJF
2,15,LarsCV,0.0353454828011985,0.0677890203751493,3.362021265136606,0.1442987918853759,,,,DJF
2,15,ExtraTreeRegressor,-0.1920183475986072,-0.1519280444282504,3.737283340797732,0.1855585575103759,,,,DJF
2,15,ElasticNet,-0.192140958206201,-0.1520465313607009,3.737475543711107,0.0260450839996337,,,,DJF
2,15,Lasso,-0.461824907830398,-0.4126603929930528,4.138683671980345,0.0293304920196533,,,,DJF
2,15,LassoLars,-0.4618281263945218,-0.4126635033095043,4.138688228138672,0.0231070518493652,,,,DJF
2,15,DecisionTreeRegressor,-0.4890589266273077,-0.4389784694537435,4.177057918169605,0.767742395401001,,,,DJF
2,15,RANSACRegressor,-0.5016450041943974,-0.4511412484479489,4.194673792836086,0.1641721725463867,,,,DJF
2,15,PassiveAggressiveRegressor,-0.5973404460435714,-0.5436182337326889,4.326266803833624,0.0754945278167724,,,,DJF
2,15,AdaBoostRegressor,-0.7994359839578058,-0.7389168365152787,4.591797797460858,7.213192462921143,,,,DJF
2,15,DummyRegressor,-1.7166015454816312,-1.6252360226515314,5.641927831897293,0.0177452564239501,,,,DJF
2,15,QuantileRegressor,-3.492400728442517,-3.3413110178446743,7.2552736812370515,24.934136390686035,,,,DJF
2,15,Lars,-5.158988641364092e+25,-4.985480054771129e+25,24586507439183.28,0.0275399684906005,,,,DJF
2,15,CatBoostRegressor,0.7154298511844837,0.7251532047886585,1.482126994935447,3.813034296035767,0.7119,0.0521,0.6519,JJA
2,15,LGBMRegressor,0.6985335764225087,0.7088342514877988,1.5254930076351814,0.4410743713378906,0.6952,0.0357,0.6541,JJA
2,15,HistGradientBoostingRegressor,0.6957259165145901,0.7061225252897181,1.532580263427599,1.5461695194244385,0.6924,0.0392,0.6471,JJA
2,15,ExtraTreesRegressor,0.689586858162944,0.7001932297519095,1.5479637873702,15.65159273147583,0.6863,0.0312,0.6504,JJA
2,15,XGBRegressor,0.6744830575713332,0.685605504351356,1.5851762092883692,1.0121643543243408,0.6707,0.0463,0.6173,JJA
2,15,GradientBoostingRegressor,0.6699729816456105,0.6812495312476967,1.5961198357649324,19.25411081314087,,,,JJA
2,15,RandomForestRegressor,0.6462793674124087,0.6583654938106179,1.652421904895911,45.92627000808716,,,,JJA
2,15,BaggingRegressor,0.623202578846459,0.6360772059929354,1.705472448289881,4.627387046813965,,,,JJA
2,15,MLPRegressor,0.6115682190457428,0.6248403755703758,1.7316021842911578,12.455833435058594,,,,JJA
2,15,KNeighborsRegressor,0.5501322287128279,0.5655035648615923,1.86351626448008,0.1878039836883545,,,,JJA
2,15,Ridge,0.4200090467755656,0.4398265053139859,2.1159302950052057,0.0278215408325195,,,,JJA
2,15,RidgeCV,0.4200058551537355,0.4398234227452936,2.1159361168546607,0.0437054634094238,,,,JJA
2,15,LassoLarsCV,0.4200051681933032,0.4398227592573134,2.1159373699396893,0.1469218730926513,,,,JJA
2,15,TransformedTargetRegressor,0.4200051004409388,0.4398226938199501,2.1159374935267867,0.0401201248168945,,,,JJA
2,15,LinearRegression,0.4200051004409388,0.4398226938199501,2.1159374935267867,0.0489096641540527,,,,JJA
2,15,LassoLarsIC,0.4199703859831215,0.4397891655053384,2.1160008152248277,0.069634199142456,,,,JJA
2,15,BayesianRidge,0.4199583754295636,0.4397775653351594,2.1160227229075947,0.0640625953674316,,,,JJA
2,15,SGDRegressor,0.4193672765067907,0.4392066634143036,2.117100628531776,0.0949683189392089,,,,JJA
2,15,ElasticNetCV,0.4186071854674563,0.438472543594992,2.1184858957236,0.3238317966461181,,,,JJA
2,15,LassoCV,0.4184045272774053,0.4382768099444644,2.118855087688066,0.2845792770385742,,,,JJA
2,15,HuberRegressor,0.3886181407520164,0.4095081815008086,2.172436150620176,0.4415957927703857,,,,JJA
2,15,PoissonRegressor,0.3838823305922537,0.4049341871779398,2.180833847124547,0.0525019168853759,,,,JJA
2,15,GammaRegressor,0.3368819256059786,0.3595397185807174,2.2624874543327897,0.0367207527160644,,,,JJA
2,15,LinearSVR,0.3338621321884896,0.3566231071706597,2.2676332075966297,1.444516897201538,,,,JJA
2,15,AdaBoostRegressor,0.3119728196309942,0.3354817210103452,2.3045893181423924,5.986234903335571,,,,JJA
2,15,OrthogonalMatchingPursuitCV,0.3100882336404698,0.3336615286185859,2.307743428040593,0.0574865341186523,,,,JJA
2,15,DecisionTreeRegressor,0.2638500607471561,0.2890032477375722,2.3838223497761506,0.7673029899597168,,,,JJA
2,15,TweedieRegressor,0.2047446283603892,0.2319173631544534,2.4776733672163123,0.0260391235351562,,,,JJA
2,15,ExtraTreeRegressor,0.1410317034526113,0.1703814174576474,2.575012338548164,0.1851706504821777,,,,JJA
2,15,OrthogonalMatchingPursuit,0.0510064266399504,0.0834321751602256,2.7065894373691486,0.0305399894714355,,,,JJA
2,15,ElasticNet,-0.0635623041895916,-0.0272219065521339,2.8653139557774647,0.0303156375885009,,,,JJA
2,15,PassiveAggressiveRegressor,-0.249192584524349,-0.2065094666021045,3.105313459485119,0.0617704391479492,,,,JJA
2,15,Lasso,-0.4494709302163118,-0.3999445886371666,3.3449952226694317,0.052884817123413,,,,JJA
2,15,LassoLars,-0.4495296576694567,-0.4000013094575161,3.34506298569122,0.0269060134887695,,,,JJA
2,15,RANSACRegressor,-1.5743568566854318,-1.4863947772998247,4.457846614492339,0.1692943572998047,,,,JJA
2,15,LarsCV,-2.562090312993611,-2.440378798882212,5.2437648746382735,0.1502218246459961,,,,JJA
2,15,DummyRegressor,-3.4289712463363253,-3.277639654775858,5.847122294264652,0.0179610252380371,,,,JJA
2,15,QuantileRegressor,-7.22313424192307,-6.942161545729799,7.967268201046318,24.45411872863769,,,,JJA
2,15,Lars,-1.0859064989812828e+24,-1.048802632273494e+24,2895255952002.212,0.0295820236206054,,,,JJA
2,15,ExtraTreesRegressor,0.4000834768077876,0.4204272925904927,2.062141285198771,15.951676845550535,0.4091,0.0917,0.3047,MAM
2,15,GradientBoostingRegressor,0.3908809581696719,0.4115368412762016,2.0778973703854566,19.90119171142578,0.3969,0.1055,0.2753,MAM
2,15,RandomForestRegressor,0.3739897957194698,0.3952184763469181,2.106510904201404,48.521414279937744,0.3811,0.1063,0.2585,MAM
2,15,LGBMRegressor,0.3588124239724841,0.3805557856312922,2.13189374146007,0.4208014011383056,0.3749,0.078,0.3067,MAM
2,15,CatBoostRegressor,0.3358585268213528,0.3583802798681044,2.169718069906188,4.019708871841431,0.35,0.1045,0.2492,MAM
2,15,HistGradientBoostingRegressor,0.3254977803711227,0.3483708774949355,2.1865766039466417,1.591716766357422,,,,MAM
2,15,BaggingRegressor,0.3081855077028952,0.3316456826489161,2.21445996466335,4.876344680786133,,,,MAM
2,15,XGBRegressor,0.296827691338099,0.3206730220764454,2.2325638337177107,1.0733294486999512,,,,MAM
2,15,MLPRegressor,0.2557076647999448,0.280947419949909,2.296914231531821,12.361500978469849,,,,MAM
2,15,KNeighborsRegressor,0.2352025539548284,0.2611376595102412,2.3283390381005478,0.1915130615234375,,,,MAM
2,15,PoissonRegressor,0.1596838514176908,0.1881798775565032,2.440587373562725,0.0611016750335693,,,,MAM
2,15,HuberRegressor,0.1419521555172528,0.171049482572056,2.4662026361796854,0.4144461154937744,,,,MAM
2,15,ElasticNetCV,0.139739413796023,0.1689117773070849,2.46938052179813,0.373708963394165,,,,MAM
2,15,LinearSVR,0.1385237322094313,0.1677373207931357,2.471124714581996,1.3499021530151367,,,,MAM
2,15,LassoCV,0.1349254513121583,0.164261061478664,2.476280129500054,0.5487244129180908,,,,MAM
2,15,BayesianRidge,0.123111172241591,0.1528474173426676,2.493132004144742,0.0592544078826904,,,,MAM
2,15,Ridge,0.1216562143239572,0.1514417986159105,2.495199483288137,0.0307989120483398,,,,MAM
2,15,RidgeCV,0.1213717621635509,0.1511669925347946,2.495603486504246,0.0445671081542968,,,,MAM
2,15,LassoLarsCV,0.1213397403195479,0.1511360565860291,2.4956489625622584,0.1520636081695556,,,,MAM
2,15,LassoLarsIC,0.1213397403195479,0.1511360565860291,2.4956489625622584,0.0622448921203613,,,,MAM
2,15,TransformedTargetRegressor,0.1213392220378268,0.1511355558797996,2.4956496985970538,0.0456562042236328,,,,MAM
2,15,LinearRegression,0.1213392220378268,0.1511355558797996,2.4956496985970538,0.0446102619171142,,,,MAM
2,15,SGDRegressor,0.1069962764863367,0.1372789950681867,2.515936294278561,0.1128613948822021,,,,MAM
2,15,GammaRegressor,0.0299181330774974,0.062814654563189,2.622268745388003,0.0370151996612548,,,,MAM
2,15,OrthogonalMatchingPursuitCV,0.0235489012029538,0.0566614102051145,2.630863129640825,0.0732636451721191,,,,MAM
2,15,OrthogonalMatchingPursuit,0.020839114288784,0.0540435150853212,2.634511105098445,0.0321004390716552,,,,MAM
2,15,LarsCV,-0.0050157295124588,0.0290654368990413,2.669066748258647,0.1459565162658691,,,,MAM
2,15,TweedieRegressor,-0.1606494137743557,-0.1212905414157679,2.86829313527123,0.0321278572082519,,,,MAM
2,15,AdaBoostRegressor,-0.245811561199386,-0.2035647486492937,2.971660446447355,6.64590048789978,,,,MAM
2,15,ExtraTreeRegressor,-0.27599569024415,-0.2327253013511681,3.0074444138464345,0.1883187294006347,,,,MAM
2,15,ElasticNet,-0.4470809842378509,-0.3980089086608325,3.202723331724696,0.0389235019683837,,,,MAM
2,15,DecisionTreeRegressor,-0.4673791844585986,-0.4176187750383746,3.2251074045811774,0.8264319896697998,,,,MAM
2,15,Lasso,-0.8347613816556645,-0.7725426460305664,3.606307877641109,0.0290892124176025,,,,MAM
2,15,LassoLars,-0.8347629648109369,-0.7725441754993376,3.6063094335230224,0.0272896289825439,,,,MAM
2,15,RANSACRegressor,-1.17693540243403,-1.1031131770312177,3.928219764168418,0.17582368850708,,,,MAM
2,15,PassiveAggressiveRegressor,-1.5841605365328937,-1.4965288679993738,4.2798914112456,0.0550870895385742,,,,MAM
2,15,DummyRegressor,-3.818567978430025,-3.655165145702555,5.844293262887378,0.0185065269470214,,,,MAM
2,15,QuantileRegressor,-8.397714377087166,-8.079027755407495,8.161765751399809,25.295820474624637,,,,MAM
2,15,Lars,-111122695760610.05,-107354405399474.02,28065603.772650026,0.0276234149932861,,,,MAM
2,15,CatBoostRegressor,0.5653450813577154,0.580460592438784,2.338826864857525,3.586256980895996,0.4752,0.2204,0.2348,SON
2,15,ExtraTreesRegressor,0.544417921648928,0.5602611933071955,2.394468290739439,16.066848039627075,0.4728,0.193,0.2544,SON
2,15,LGBMRegressor,0.5264991562834007,0.5429655689319687,2.441103273071387,0.4572100639343261,0.4362,0.1938,0.2388,SON
2,15,HistGradientBoostingRegressor,0.5237677414251812,0.540329141452899,2.448133965600532,1.378877878189087,0.4262,0.2173,0.2001,SON
2,15,XGBRegressor,0.5155722022995295,0.5324186094838581,2.469109227346978,1.067204236984253,0.4154,0.2339,0.1654,SON
2,15,GradientBoostingRegressor,0.5117345376621022,0.5287144030447957,2.4788701458931723,20.203644275665283,,,,SON
2,15,RandomForestRegressor,0.5004218750246341,0.5177951483043028,2.5074222842789973,47.3930504322052,,,,SON
2,15,MLPRegressor,0.4652971043171565,0.4838918727141642,2.5940720981118863,12.774779319763184,,,,SON
2,15,KNeighborsRegressor,0.4533480978453381,0.4723584035616903,2.622896818032046,0.184546947479248,,,,SON
2,15,BaggingRegressor,0.4403309043457195,0.4597938945346241,2.653942061896343,4.865303993225098,,,,SON
2,15,LinearRegression,0.4056475415882611,0.4263166765407559,2.7349400192197377,0.0392248630523681,,,,SON
2,15,TransformedTargetRegressor,0.4056475415882611,0.4263166765407559,2.7349400192197377,0.0404384136199951,,,,SON
2,15,Ridge,0.4056466628980345,0.4263158284077628,2.734942040885622,0.0261561870574951,,,,SON
2,15,RidgeCV,0.4056466628948979,0.4263158284047352,2.7349420408928387,0.0567679405212402,,,,SON
2,15,BayesianRidge,0.405601736437582,0.4262724643048994,2.7350454044371784,0.0620224475860595,,,,SON
2,15,LassoLarsIC,0.4054792312951272,0.4261542193876458,2.7353272355640827,0.0565433502197265,,,,SON
2,15,LassoLarsCV,0.4053165117749335,0.4259971585833786,2.735701537613506,0.1212425231933593,,,,SON
2,15,LassoCV,0.4046984477337353,0.4254005882684971,2.737122797561485,0.5097818374633789,,,,SON
2,15,ElasticNetCV,0.4043722266225624,0.4250857117863836,2.7378726569762675,0.403573989868164,,,,SON
2,15,SGDRegressor,0.4018555047212874,0.4226565111258793,2.743650762957703,0.09450364112854,,,,SON
2,15,PoissonRegressor,0.3839678242044539,0.4053908905961073,2.784373376938873,0.050431489944458,,,,SON
2,15,LinearSVR,0.3660550673136367,0.3881010657455426,2.824564794846437,1.50538969039917,,,,SON
2,15,HuberRegressor,0.3596803834213756,0.3819480671509259,2.838730591019182,0.3981504440307617,,,,SON
2,15,LarsCV,0.355346474549451,0.3777648738116416,2.848321154940228,0.1233348846435546,,,,SON
2,15,GammaRegressor,0.3381998800600002,0.3612145673840342,2.8859526092849643,0.0299887657165527,,,,SON
2,15,OrthogonalMatchingPursuitCV,0.3070861246627082,0.3311828204820112,2.9530133030667955,0.086648941040039,,,,SON
2,15,TweedieRegressor,0.2928452023893179,0.31743713893683,2.9832044658907697,0.0432538986206054,,,,SON
2,15,OrthogonalMatchingPursuit,0.2169908912897663,0.2442207289187929,3.1391291335971547,0.0226595401763916,,,,SON
2,15,AdaBoostRegressor,0.1559490669356359,0.1853016882554939,3.259193170258776,6.357244729995728,,,,SON
2,15,ExtraTreeRegressor,0.0971679904928439,0.1285647759857512,3.3707709981149243,0.1817760467529297,,,,SON
2,15,DecisionTreeRegressor,0.055899580561293,0.0887315116855138,3.446949094834062,0.8238813877105713,,,,SON
2,15,ElasticNet,0.0397601156513386,0.0731533110112224,3.476287164022326,0.0318889617919921,,,,SON
2,15,PassiveAggressiveRegressor,-0.0868251080591153,-0.0490297990462404,3.6983295360871886,0.0762398242950439,,,,SON
2,15,Lasso,-0.2704576875161577,-0.2262763923552404,3.9985808079748737,0.0342540740966796,,,,SON
2,15,LassoLars,-0.270462894286918,-0.2262814180559202,3.998589001743351,0.0306487083435058,,,,SON
2,15,RANSACRegressor,-0.4214451801746082,-0.3720131607713182,4.229517556616922,0.181997537612915,,,,SON
2,15,DummyRegressor,-1.4267717920801308,-1.3423786462968188,5.526373629383163,0.018172264099121,,,,SON
2,15,QuantileRegressor,-2.904034500915793,-2.768268231564008,7.009428303978479,25.52124333381653,,,,SON
2,15,Lars,-5417619150776007.0,-5229216630076687.0,261113911.3005299,0.0290098190307617,,,,SON
3,8,CatBoostRegressor,0.6688055040043219,0.6743397603429055,2.1196731111300817,6.27098560333252,0.6286,0.1226,0.4474,
3,8,ExtraTreesRegressor,0.6643963803654472,0.6700043131109188,2.133735846568291,131.3611776828766,0.6273,0.1212,0.4203,
3,8,GradientBoostingRegressor,0.6554667041622437,0.6612238516975942,2.161936504027256,160.07779383659363,0.6125,0.1227,0.4131,
3,8,LGBMRegressor,0.6495438151642687,0.6553999341087946,2.18044029689463,0.9226839542388916,0.608,0.1145,0.4443,
3,8,HistGradientBoostingRegressor,0.6491104227576545,0.6549737836844669,2.1817881034597604,4.880964040756226,0.6057,0.1202,0.4435,
3,8,MLPRegressor,0.6425389197624369,0.6485120904310929,2.20212373055252,70.04606771469116,,,,
3,8,RandomForestRegressor,0.6343738473893457,0.640483456326397,2.227132017946621,423.21286058425903,,,,
3,8,XGBRegressor,0.6272588252827206,0.6334873261599124,2.2486974119280045,2.8748292922973637,,,,
3,8,BaggingRegressor,0.5980623121383286,0.6047786864249143,2.335106540196685,43.79027724266052,,,,
3,8,PoissonRegressor,0.5674404560660029,0.57466852122643,2.422424691734732,0.2359905242919922,,,,
3,8,ElasticNetCV,0.5571589935851798,0.564558861869126,2.4510448027230893,2.1398348808288574,,,,
3,8,KNeighborsRegressor,0.556999890315294,0.5644024172131075,2.4514850670803843,1.8214454650878904,,,,
3,8,LassoCV,0.5551072973012627,0.5625414494072573,2.4567161252159706,3.261897563934326,,,,
3,8,BayesianRidge,0.5544112090582285,0.5618569927910098,2.458637288243268,0.4620661735534668,,,,
3,8,RidgeCV,0.5543815512925969,0.5618278306063114,2.458719108608441,0.315464973449707,,,,
3,8,Ridge,0.5543221611379301,0.5617694328604674,2.458882947026188,0.1338927745819091,,,,
3,8,LassoLarsCV,0.5543153928866748,0.5617627777066152,2.458901617771015,1.144996166229248,,,,
3,8,LassoLarsIC,0.5543153928866748,0.5617627777066152,2.458901617771015,0.4505410194396972,,,,
3,8,LinearRegression,0.5543153704773165,0.5617627556717171,2.4589016795887284,0.2595803737640381,,,,
3,8,TransformedTargetRegressor,0.5543153704773165,0.5617627556717171,2.4589016795887284,0.2180061340332031,,,,
3,8,SGDRegressor,0.5470546161867388,0.5546233285044502,2.4788500379712044,0.518763542175293,,,,
3,8,HuberRegressor,0.5441244046648479,0.5517420807844476,2.486855247462665,5.73514199256897,,,,
3,8,LinearSVR,0.5429395640965793,0.5505770388888755,2.49008487300155,13.29524302482605,,,,
3,8,GammaRegressor,0.5400561112315693,0.5477417684891183,2.4979271113706574,0.2651395797729492,,,,
3,8,TweedieRegressor,0.5258180428933175,0.5337416181141867,2.536295479595008,0.1301448345184326,,,,
3,8,OrthogonalMatchingPursuit,0.5059717036800868,0.514226911008121,2.5888283004559725,0.1863007545471191,,,,
3,8,OrthogonalMatchingPursuitCV,0.4895821339422884,0.4981112107980615,2.6314205926426326,0.6284527778625488,,,,
3,8,ElasticNet,0.4717986341909164,0.4806248731294269,2.676868857550626,0.2608492374420166,,,,
3,8,LarsCV,0.421134165078832,0.4308070067318037,2.80231075922366,1.3099336624145508,,,,
3,8,RANSACRegressor,0.3482270737288857,0.3591181920661305,2.973551698028871,0.6110317707061768,,,,
3,8,LassoLars,0.3412031741784059,0.352211661798893,2.9895311587551694,0.1771993637084961,,,,
3,8,Lasso,0.3412022823007589,0.3522107848245115,2.989533182364732,0.2070868015289306,,,,
3,8,ExtraTreeRegressor,0.2664696135871496,0.2787268981725853,3.154542550597827,1.4041156768798828,,,,
3,8,DecisionTreeRegressor,0.2564181197351195,0.2688433646708491,3.176082203976268,7.567152261734009,,,,
3,8,PassiveAggressiveRegressor,-0.1229727129098687,-0.1042078513870525,3.903120299181342,0.4827313423156738,,,,
3,8,QuantileRegressor,-0.1391692701963085,-0.1201337643816653,3.931166749436896,476.24167919158936,,,,
3,8,AdaBoostRegressor,-0.4906192288957005,-0.4657109981863405,4.496873750189983,75.23838925361633,,,,
3,8,DummyRegressor,-0.4957271420163944,-0.4707335581356897,4.50457189203601,0.186161994934082,,,,
3,8,Lars,-1.2190698574844195e+22,-1.198699213746284e+22,406669528138.8418,0.1979639530181884,,,,
3,8,GradientBoostingRegressor,0.489503394866376,0.5244689157659393,2.4435073923488178,39.85993695259094,0.5075,0.1007,0.4046,DJF
3,8,ExtraTreesRegressor,0.4830108826422569,0.5184210961599105,2.4589966026346284,30.098538160324097,0.501,0.1046,0.3949,DJF
3,8,CatBoostRegressor,0.474117495467819,0.5101368450933108,2.4800565825725966,5.5912275314331055,0.4933,0.0918,0.4273,DJF
3,8,HistGradientBoostingRegressor,0.472184427872224,0.5083361793878252,2.4846105651002333,2.0040946006774902,0.4933,0.0772,0.4143,DJF
3,8,LGBMRegressor,0.4677320049404987,0.5041887169308755,2.495068105417077,0.572101354598999,0.4897,0.0701,0.4197,DJF
3,8,MLPRegressor,0.4518379847675939,0.4893833282766628,2.532046616437635,23.282480478286743,,,,DJF
3,8,RandomForestRegressor,0.4401902369198477,0.4785333713773924,2.558806599934827,93.53851103782654,,,,DJF
3,8,KNeighborsRegressor,0.4355816066020499,0.4742404006704026,2.569317690692433,0.1863362789154052,,,,DJF
3,8,BaggingRegressor,0.3966333945985439,0.4379598744205615,2.6564880270437468,9.498532772064207,,,,DJF
3,8,XGBRegressor,0.3874327787524537,0.4293894377420116,2.6766655228736305,1.377162218093872,,,,DJF
3,8,PoissonRegressor,0.3750993542762505,0.4179007683669182,2.703477221954819,0.1027507781982421,,,,DJF
3,8,ElasticNetCV,0.3299535782465435,0.3758471687776021,2.799430398491011,0.9322099685668944,,,,DJF
3,8,LassoCV,0.3280434331775198,0.3740678555626212,2.803417818193209,1.168982744216919,,,,DJF
3,8,LassoLarsCV,0.3208406699530196,0.3673584322850045,2.818402813444596,0.226804494857788,,,,DJF
3,8,BayesianRidge,0.3207508742696648,0.3672747869909206,2.8185891261628666,0.0995361804962158,,,,DJF
3,8,RidgeCV,0.3198196143214753,0.3664073119706893,2.8205206267034666,0.0857512950897216,,,,DJF
3,8,Ridge,0.3198196143190573,0.366407311968437,2.8205206267084795,0.0381710529327392,,,,DJF
3,8,LassoLarsIC,0.3196541954534678,0.3662532231621344,2.8208635790844903,0.1012465953826904,,,,DJF
3,8,LinearRegression,0.319654045555984,0.3662530835316014,2.8208638898384675,0.0667653083801269,,,,DJF
3,8,TransformedTargetRegressor,0.319654045555984,0.3662530835316014,2.8208638898384675,0.0737979412078857,,,,DJF
3,8,SGDRegressor,0.3125131808229916,0.3596013191227867,2.8356290449470274,0.1669821739196777,,,,DJF
3,8,GammaRegressor,0.2763946503602611,0.3259566606095583,2.909163382938264,0.0526187419891357,,,,DJF
3,8,HuberRegressor,0.248030332151283,0.2995351039217431,2.965632889707424,0.7311809062957764,,,,DJF
3,8,TweedieRegressor,0.2330345525878353,0.2855664325475726,2.995057245150064,0.0411837100982666,,,,DJF
3,8,OrthogonalMatchingPursuitCV,0.2093075767115403,0.2634645920052704,3.041032186001227,0.1191205978393554,,,,DJF
3,8,LinearSVR,0.2031862978348356,0.2577625788050524,3.0527808233473226,3.3583946228027344,,,,DJF
3,8,OrthogonalMatchingPursuit,0.1453919079659088,0.2039267087901616,3.161554905453426,0.03678560256958,,,,DJF
3,8,DecisionTreeRegressor,-0.078922405314185,-0.0050236104296519,3.5523220699350047,1.559840440750122,,,,DJF
3,8,ElasticNet,-0.082207558342993,-0.0080837529770347,3.557726097031193,0.0441994667053222,,,,DJF
3,8,ExtraTreeRegressor,-0.2600265898579246,-0.1737233987717654,3.83890250851989,0.3344745635986328,,,,DJF
3,8,AdaBoostRegressor,-0.3318528299413796,-0.2406300333700524,3.946802067198033,13.838883638381958,,,,DJF
3,8,LassoLars,-0.4631086483779765,-0.3628957272561972,4.136714196896838,0.0375018119812011,,,,DJF
3,8,Lasso,-0.4631148006614627,-0.3629014581504037,4.136722894204353,0.0637195110321044,,,,DJF
3,8,PassiveAggressiveRegressor,-0.5342361173617876,-0.4291514517890624,4.23607196142649,0.097769021987915,,,,DJF
3,8,DummyRegressor,-1.772816101601265,-1.5828971905326852,5.694790629159392,0.0326061248779296,,,,DJF
3,8,RANSACRegressor,-1.874149575442116,-1.677290015480327,5.797915892495516,0.2264332771301269,,,,DJF
3,8,QuantileRegressor,-3.705996530493657,-3.3836680010077904,7.4189599975615454,86.93529844284058,,,,DJF
3,8,LarsCV,-6.861974753443577,-6.323483331974839,9.58921487746204,0.2235171794891357,,,,DJF
3,8,Lars,-4.260020573476385e+23,-3.968238342416359e+23,2232148461108.069,0.0413732528686523,,,,DJF
3,8,CatBoostRegressor,0.7919291336898888,0.8050428437514504,1.7667529750950588,5.646458625793457,0.792,0.028,0.7622,JJA
3,8,LGBMRegressor,0.7814151211690616,0.7951914790785746,1.810840717538465,0.6370043754577637,0.7854,0.0107,0.7769,JJA
3,8,HistGradientBoostingRegressor,0.771798835212623,0.7861812615647686,1.850244500530679,2.091848373413086,0.7768,0.0045,0.7734,JJA
3,8,ExtraTreesRegressor,0.7707149395549919,0.7851656786586689,1.85463338315058,30.78534364700317,0.7743,0.0128,0.7668,JJA
3,8,XGBRegressor,0.7664727328343787,0.7811908379078422,1.8717118596104223,1.5812110900878906,0.7709,0.0201,0.7489,JJA
3,8,RandomForestRegressor,0.7635074218817999,0.7784124163010142,1.8835577988479697,90.59054136276244,,,,JJA
3,8,BaggingRegressor,0.7456047390237865,0.761638053791195,1.9535507682053137,9.212535858154297,,,,JJA
3,8,GradientBoostingRegressor,0.7419270300165219,0.7581921331667412,1.9676210203836533,40.54226613044739,,,,JJA
3,8,MLPRegressor,0.7361074781389274,0.7527393597688269,1.98968229457726,24.319212913513184,,,,JJA
3,8,KNeighborsRegressor,0.6217764705039864,0.6456140879091974,2.3820148527788496,0.2067763805389404,,,,JJA
3,8,LassoCV,0.6151959190153441,0.6394482770605955,2.4026473311498617,1.2563765048980713,,,,JJA
3,8,SGDRegressor,0.6147933203577522,0.639071052267978,2.4039038793022853,0.225762128829956,,,,JJA
3,8,ElasticNetCV,0.613350635492121,0.6377192929190881,2.408401250214546,0.9525818824768066,,,,JJA
3,8,BayesianRidge,0.6131566418428875,0.6375375257603526,2.409005358226894,0.1041128635406494,,,,JJA
3,8,Ridge,0.6130032782628565,0.6373938279521723,2.4094828345337143,0.0421903133392334,,,,JJA
3,8,RidgeCV,0.612908462794032,0.6373049882481896,2.409777982063824,0.1093382835388183,,,,JJA
3,8,LassoLarsCV,0.6128974364492039,0.6372946568410608,2.409812303214273,0.3390717506408691,,,,JJA
3,8,LassoLarsIC,0.6128974364492039,0.6372946568410608,2.409812303214273,0.1107227802276611,,,,JJA
3,8,LinearRegression,0.612897333519447,0.6372945603984734,2.409812623596261,0.0703766345977783,,,,JJA
3,8,TransformedTargetRegressor,0.612897333519447,0.6372945603984734,2.409812623596261,0.0695958137512207,,,,JJA
3,8,PoissonRegressor,0.5753967332636196,0.6021574433520469,2.5238402327273937,0.0934634208679199,,,,JJA
3,8,HuberRegressor,0.5731196710974713,0.6000238935072945,2.530598608398047,0.8498709201812744,,,,JJA
3,8,LinearSVR,0.5176637209326014,0.5480630662519752,2.689955886963141,2.7983970642089844,,,,JJA
3,8,DecisionTreeRegressor,0.4895561139155211,0.5217269470721059,2.767223242805769,1.538142204284668,,,,JJA
3,8,GammaRegressor,0.4855993683733454,0.5180195762489749,2.777927711973774,0.0632858276367187,,,,JJA
3,8,OrthogonalMatchingPursuitCV,0.475255710562841,0.5083278296450149,2.805718231131927,0.1616492271423339,,,,JJA
3,8,TweedieRegressor,0.4053286126653417,0.4428079017830723,2.9868176914416105,0.0444180965423584,,,,JJA
3,8,ExtraTreeRegressor,0.3711412057193922,0.4107751633421196,3.071473431354112,0.3438332080841064,,,,JJA
3,8,OrthogonalMatchingPursuit,0.3709328719514622,0.4105799598536809,3.071982161334865,0.0452995300292968,,,,JJA
3,8,PassiveAggressiveRegressor,0.2447313374382221,0.2923323035660653,3.3660528177103357,0.1110858917236328,,,,JJA
3,8,ElasticNet,0.1907456154852068,0.241749043080677,3.4842774014929554,0.0531578063964843,,,,JJA
3,8,AdaBoostRegressor,0.1448656047645546,0.1987606296743516,3.581684942347036,14.088725328445436,,,,JJA
3,8,LassoLars,-0.0411293065192983,0.0244880867487247,3.952050899803876,0.0466194152832031,,,,JJA
3,8,Lasso,-0.0411300500153861,0.024487390111634,3.9520523109320806,0.0453896522521972,,,,JJA
3,8,LarsCV,-0.2300587952764712,-0.1525340812884583,4.295691940176718,0.2202892303466797,,,,JJA
3,8,RANSACRegressor,-1.4241445926783785,-1.2713623704507495,6.03044629179734,0.2296745777130127,,,,JJA
3,8,DummyRegressor,-2.029402754803757,-1.8384740097531005,6.741378344742955,0.0337488651275634,,,,JJA
3,8,QuantileRegressor,-4.181722573571648,-3.855143419775115,8.816724538665179,89.15887665748596,,,,JJA
3,8,Lars,-9.217463957979724e+17,-8.636531355586044e+17,3718569626.905842,0.0414090156555175,,,,JJA
3,8,CatBoostRegressor,0.5133122692389518,0.5502447277284075,1.9830713364832664,5.567954301834106,0.5426,0.0747,0.4628,MAM
3,8,ExtraTreesRegressor,0.506114677878448,0.5435933279551257,1.9976812711698309,32.02514290809631,0.5339,0.0495,0.4774,MAM
3,8,LGBMRegressor,0.4961904114554291,0.5344221677530778,2.017652420009554,0.5719847679138184,0.5264,0.0723,0.4494,MAM
3,8,GradientBoostingRegressor,0.4890617523352861,0.5278344692744298,2.0318766773453656,41.29842066764832,0.5178,0.0512,0.4594,MAM
3,8,HistGradientBoostingRegressor,0.4889293954082492,0.5277121562963247,2.032139835897363,2.2346303462982178,0.5208,0.0639,0.4655,MAM
3,8,XGBRegressor,0.4577873493335248,0.49893333462862,2.093138477782686,1.5155513286590576,,,,MAM
3,8,RandomForestRegressor,0.4538952270675794,0.4953365673406974,2.1006375496950134,97.57457089424132,,,,MAM
3,8,MLPRegressor,0.4131020766299216,0.4576390185382749,2.1776818158902262,24.38510060310364,,,,MAM
3,8,KNeighborsRegressor,0.3900559522594899,0.4363417568940987,2.220026389869538,0.1839818954467773,,,,MAM
3,8,BaggingRegressor,0.3739360605254007,0.4214451284450584,2.249171040710414,9.78866410255432,,,,MAM
3,8,PoissonRegressor,0.2265946029484739,0.2852847258275948,2.4998660436944893,0.0827765464782714,,,,MAM
3,8,SGDRegressor,0.1846623598563852,0.2465345247913982,2.5667400330468166,0.220834732055664,,,,MAM
3,8,ElasticNetCV,0.1836938728448051,0.2456395317351656,2.5682640131155146,1.1376192569732666,,,,MAM
3,8,LassoCV,0.1816420039517396,0.2437433695877797,2.571489784373188,1.1705830097198486,,,,MAM
3,8,LassoLarsCV,0.1776008774222233,0.2400089052738253,2.577831091237329,0.2512738704681396,,,,MAM
3,8,BayesianRidge,0.1765800334130873,0.2390655283480133,2.5794305258794523,0.1103570461273193,,,,MAM
3,8,RidgeCV,0.1765059615671951,0.2389970774685041,2.5795465413342096,0.1286439895629882,,,,MAM
3,8,Ridge,0.1765059615610748,0.2389970774628482,2.579546541343796,0.0419247150421142,,,,MAM
3,8,LassoLarsIC,0.1764907504600298,0.238983020661208,2.5795703651725463,0.0998401641845703,,,,MAM
3,8,LinearRegression,0.1764906796223398,0.2389829551990595,2.5795704761189637,0.0907630920410156,,,,MAM
3,8,TransformedTargetRegressor,0.1764906796223398,0.2389829551990595,2.5795704761189637,0.0698854923248291,,,,MAM
3,8,HuberRegressor,0.107185047456758,0.1749366037205791,2.685924902564121,0.9317550659179688,,,,MAM
3,8,LinearSVR,0.0636629199980366,0.1347171672157237,2.750611468371127,2.980635404586792,,,,MAM
3,8,GammaRegressor,-0.1199956317959292,-0.0350043949817355,3.008301101225659,0.0485279560089111,,,,MAM
3,8,DecisionTreeRegressor,-0.1344224006362993,-0.0483363837246069,3.027614211131896,1.7379558086395264,,,,MAM
3,8,OrthogonalMatchingPursuitCV,-0.2929296232016307,-0.1948152335826198,3.232217529378132,0.1525919437408447,,,,MAM
3,8,TweedieRegressor,-0.3072783669868431,-0.2080751182273017,3.250103381268528,0.0612745285034179,,,,MAM
3,8,ExtraTreeRegressor,-0.3206783798418327,-0.220458266700378,3.2667182020259737,0.3618416786193847,,,,MAM
3,8,PassiveAggressiveRegressor,-0.4570058873341827,-0.346440516457221,3.4311822895792448,0.1371026039123535,,,,MAM
3,8,RANSACRegressor,-0.462015223511669,-0.3510697175116266,3.43707560737039,0.2457227706909179,,,,MAM
3,8,ElasticNet,-0.6880462697716412,-0.5599483234989195,3.693221129391715,0.0466704368591308,,,,MAM
3,8,AdaBoostRegressor,-0.7551076777547057,-0.6219207544849554,3.7658673764942936,14.058293104171751,,,,MAM
3,8,OrthogonalMatchingPursuit,-1.1047670730127304,-0.9450461315530796,4.123966785176332,0.0416326522827148,,,,MAM
3,8,LassoLars,-1.3235611004446448,-1.1472369022658775,4.333014943957836,0.0403163433074951,,,,MAM
3,8,Lasso,-1.3235794930953113,-1.1472538991841996,4.333032093382585,0.0889816284179687,,,,MAM
3,8,LarsCV,-2.502615552791547,-2.236818419780384,5.31997233824589,0.2608413696289062,,,,MAM
3,8,DummyRegressor,-4.545449657213862,-4.124631386430347,6.693935475612955,0.0282855033874511,,,,MAM
3,8,QuantileRegressor,-9.178606473822766,-8.40619957446016,9.068956113041072,89.75845003128052,,,,MAM
3,8,Lars,-3.015529119083405e+21,-2.7866947002659457e+21,156097124008.30154,0.0532886981964111,,,,MAM
3,8,ExtraTreesRegressor,0.6227301650437378,0.6461146589459855,2.2358852755363423,33.263060569763184,0.663,0.1002,0.552,SON
3,8,CatBoostRegressor,0.6146104233895112,0.6384982070637151,2.2598179660765,5.3219311237335205,0.645,0.0592,0.5776,SON
3,8,LGBMRegressor,0.580871988675149,0.6068509976415655,2.356659390713489,0.5728483200073242,0.6061,0.0383,0.5676,SON
3,8,GradientBoostingRegressor,0.5765131210143046,0.602762307728294,2.368882144083,41.66702389717102,0.5999,0.0312,0.5681,SON
3,8,RandomForestRegressor,0.5746924287151998,0.6010544682576461,2.373968936514665,97.75088810920715,0.6063,0.0713,0.543,SON
3,8,BaggingRegressor,0.5627571257022335,0.589858956753748,2.407048522805024,9.920072555541992,,,,SON
3,8,HistGradientBoostingRegressor,0.5575555335484732,0.5849797773367911,2.421323732649118,2.111525058746338,,,,SON
3,8,XGBRegressor,0.5505679394956452,0.578425298617816,2.4403690015520487,1.3800866603851318,,,,SON
3,8,MLPRegressor,0.5212898781758502,0.5509619931649504,2.518603369301234,25.14073872566223,,,,SON
3,8,ElasticNetCV,0.5086167033995384,0.5390743457508067,2.5517238314175628,0.7598214149475098,,,,SON
3,8,TransformedTargetRegressor,0.507933583608799,0.538433568095857,2.553496915339802,0.0880928039550781,,,,SON
3,8,LinearRegression,0.507933583608799,0.538433568095857,2.553496915339802,0.0705878734588623,,,,SON
3,8,Ridge,0.5079258270540006,0.5384262923192484,2.5535170409367125,0.0401046276092529,,,,SON
3,8,RidgeCV,0.5078745645428605,0.5383782072364849,2.553650045566876,0.1039645671844482,,,,SON
3,8,BayesianRidge,0.5078648686609418,0.5383691123389827,2.553675201518555,0.1029675006866455,,,,SON
3,8,LassoLarsIC,0.5077499423952592,0.5382613096021647,2.553973358674938,0.1127588748931884,,,,SON
3,8,LassoLarsCV,0.5072208913780467,0.5377650510033744,2.5553454452070303,0.236314058303833,,,,SON
3,8,LassoCV,0.5069417283830944,0.5375031914998447,2.5560691537339597,0.924647331237793,,,,SON
3,8,SGDRegressor,0.5029157976212093,0.5337268019008865,2.5664833757208907,0.178739309310913,,,,SON
3,8,PoissonRegressor,0.5023653566603244,0.5332104791813788,2.5679039667405825,0.1009774208068847,,,,SON
3,8,HuberRegressor,0.4665729603309447,0.4996366198145638,2.658648898405854,0.889380693435669,,,,SON
3,8,KNeighborsRegressor,0.463256214909494,0.4965254577870047,2.66690157038218,0.2035017013549804,,,,SON
3,8,LinearSVR,0.415684442432091,0.4519023488929118,2.7825770554508527,3.76350474357605,,,,SON
3,8,GammaRegressor,0.3584709055044276,0.3982351055764672,2.915624919687828,0.090531587600708,,,,SON
3,8,OrthogonalMatchingPursuitCV,0.3248406432464148,0.3666893637063478,2.991070298195341,0.1609148979187011,,,,SON
3,8,TweedieRegressor,0.3152791054123641,0.3577204831760606,3.012175454616679,0.0605924129486084,,,,SON
3,8,RANSACRegressor,0.2592456435252352,0.3051601697530099,3.1330013500122984,0.2532539367675781,,,,SON
3,8,OrthogonalMatchingPursuit,0.2543351225588652,0.3005540199209191,3.1433686575332187,0.0472595691680908,,,,SON
3,8,ExtraTreeRegressor,0.2204297377037369,0.2687502085072244,3.214038737917169,0.3588719367980957,,,,SON
3,8,DecisionTreeRegressor,0.2204147478389937,0.2687361477663289,3.214069638130208,1.631880521774292,,,,SON
3,8,ElasticNet,0.0778616667442126,0.13501900145015,3.4955982468989637,0.0763399600982666,,,,SON
3,8,LarsCV,0.0283913028962521,0.0886149824687985,3.5881382808727085,0.2897164821624756,,,,SON
3,8,PassiveAggressiveRegressor,0.0014857551127678,0.0633771339280921,3.6374799432137306,0.1374220848083496,,,,SON
3,8,AdaBoostRegressor,-0.1089548333379104,-0.0402179635029158,3.833367035915627,14.331600427627563,,,,SON
3,8,LassoLars,-0.2996001066137375,-0.2190463809971834,4.149811252920245,0.0448701381683349,,,,SON
3,8,Lasso,-0.2996049159027074,-0.2190508921897296,4.149818931291046,0.0447993278503418,,,,SON
3,8,DummyRegressor,-1.7586997771999422,-1.5877059893569705,6.046105134556636,0.0311615467071533,,,,SON
3,8,QuantileRegressor,-3.4527651713757423,-3.1767673301747665,7.681364445635253,89.73246788978577,,,,SON
3,8,Lars,-5434761970851.389,-5097896559434.918,8486209.299428463,0.0422911643981933,,,,SON
4,28,CatBoostRegressor,0.6365215713777203,0.6383680976012474,2.4046581895089862,5.9601335525512695,0.6243,0.1032,0.4908,
4,28,ExtraTreesRegressor,0.6217062812078251,0.623628071380059,2.4531753743411704,111.4740025997162,0.609,0.1126,0.4691,
4,28,XGBRegressor,0.6212925594236831,0.6232164513661006,2.4545164681767577,3.004212617874145,0.608,0.1103,0.47,
4,28,LGBMRegressor,0.6165379482408571,0.6184859943380756,2.469876438374976,1.010891675949097,0.6028,0.1067,0.4754,
4,28,HistGradientBoostingRegressor,0.6156427065885788,0.6175953006508406,2.472757880243873,3.8130428791046143,0.6023,0.1073,0.4747,
4,28,RandomForestRegressor,0.6098686842216755,0.6118506112040671,2.491262194499401,419.4382655620575,,,,
4,28,GradientBoostingRegressor,0.5980186554899208,0.6000607824376465,2.52881454363548,148.21895384788513,,,,
4,28,MLPRegressor,0.5978453217284754,0.5998883292383217,2.529359695420904,55.913554430007935,,,,
4,28,BaggingRegressor,0.568494754383473,0.5706868672817281,2.620034868449657,42.022478103637695,,,,
4,28,KNeighborsRegressor,0.5568617356011194,0.5591129460208473,2.655116964047004,5.160678625106812,,,,
4,28,PoissonRegressor,0.5233639117567186,0.5257852962646152,2.7536420951482485,0.2619423866271972,,,,
4,28,LinearSVR,0.5186172346093121,0.5210627329658917,2.7673194788818387,7.346893787384033,,,,
4,28,ElasticNetCV,0.5180325597510548,0.5204810283456814,2.7689995256646096,1.8391225337982176,,,,
4,28,LinearRegression,0.5176744686884815,0.520124756440685,2.770027987125263,0.2294831275939941,,,,
4,28,TransformedTargetRegressor,0.5176744686884815,0.520124756440685,2.770027987125263,0.2826967239379883,,,,
4,28,LassoLarsCV,0.5176744545341478,0.5201247423582576,2.7700280277699085,0.8699629306793213,,,,
4,28,LassoLarsIC,0.5176744545341478,0.5201247423582576,2.7700280277699085,0.3350331783294678,,,,
4,28,Ridge,0.5176741301926713,0.5201244196644854,2.7700289591272025,0.1534593105316162,,,,
4,28,BayesianRidge,0.517672448624753,0.5201227466391904,2.770033787800162,0.3173553943634033,,,,
4,28,RidgeCV,0.5176724427295654,0.5201227407739513,2.770033804728356,0.3785998821258545,,,,
4,28,LassoCV,0.5172260418765957,0.5196786077058522,2.771315360651168,2.648636817932129,,,,
4,28,HuberRegressor,0.5155153545464171,0.5179766109299586,2.7762210330372192,2.9750607013702397,,,,
4,28,SGDRegressor,0.51479174113198,0.5172566735827658,2.778293504523656,0.5692007541656494,,,,
4,28,LarsCV,0.4948348135014455,0.497401130208652,2.8348542688164597,0.8247098922729492,,,,
4,28,OrthogonalMatchingPursuit,0.4814347158685528,0.4840691071290987,2.872207096378627,0.1418938636779785,,,,
4,28,GammaRegressor,0.4790754991338891,0.481721875577666,2.8787332462091104,0.1803038120269775,,,,
4,28,OrthogonalMatchingPursuitCV,0.4646162757609132,0.4673361072794004,2.918412074801632,0.508420467376709,,,,
4,28,TweedieRegressor,0.4462064794424744,0.4490198355527802,2.968164499199036,0.1546249389648437,,,,
4,28,ElasticNet,0.4001982543114797,0.4032453392692562,3.0889998984400795,0.1844327449798584,,,,
4,28,LassoLars,0.345166876448335,0.3484935292548179,3.2275973555354374,0.1476507186889648,,,,
4,28,Lasso,0.3451658867971042,0.3484925446311673,3.227599794473217,0.1517608165740966,,,,
4,28,PassiveAggressiveRegressor,0.2677536005763827,0.2714735247098286,3.4130500248118927,0.2750658988952636,,,,
4,28,DecisionTreeRegressor,0.2422413795695382,0.2460909097026802,3.4719980625967377,6.972865104675293,,,,
4,28,ExtraTreeRegressor,0.2137780345110008,0.2177721628071179,3.536605498499503,1.2699787616729736,,,,
4,28,RANSACRegressor,0.128775749704506,0.1332017026581409,3.7228797533505382,0.6695733070373535,,,,
4,28,QuantileRegressor,-0.0426237086573051,-0.0373270201396285,4.072656945727736,475.6968729496002,,,,
4,28,DummyRegressor,-0.2650590416639296,-0.2586323475032976,4.48610494331083,0.1278800964355468,,,,
4,28,AdaBoostRegressor,-0.3308373908570847,-0.3240765325833694,4.601257394695496,42.85041522979736,,,,
4,28,Lars,-6.851858107567097e+21,-6.8170496163907e+21,330155253076.32056,0.159313678741455,,,,
4,28,CatBoostRegressor,0.5087378463692547,0.518429559176525,2.7391674425644803,5.22621488571167,0.5146,0.043,0.4664,DJF
4,28,HistGradientBoostingRegressor,0.4894100609303152,0.4994830759492262,2.792531326108895,2.221104621887207,0.4944,0.0315,0.4625,DJF
4,28,ExtraTreesRegressor,0.4882967277549327,0.4983917068215825,2.79557420316664,30.988221168518063,0.4935,0.0383,0.4659,DJF
4,28,XGBRegressor,0.4867691371546875,0.4968942528180102,2.7997439150617174,1.441462755203247,0.4916,0.0298,0.4632,DJF
4,28,LGBMRegressor,0.4829396756997433,0.4931403397039132,2.810169619032808,0.5743744373321533,0.4877,0.0295,0.458,DJF
4,28,RandomForestRegressor,0.4644280807381949,0.4749939449936887,2.8600315651660675,93.75589561462402,,,,DJF
4,28,GradientBoostingRegressor,0.4633815391339317,0.4739680497603996,2.8628245432370254,40.51224231719971,,,,DJF
4,28,BaggingRegressor,0.4350895938542334,0.4462342533354081,2.937323058617499,9.552903652191162,,,,DJF
4,28,MLPRegressor,0.4252810849227264,0.4366192485257415,2.9627136101907934,24.25650787353516,,,,DJF
4,28,KNeighborsRegressor,0.4216877289481535,0.4330967829583829,2.9719611704980755,0.5898067951202393,,,,DJF
4,28,BayesianRidge,0.358396925040075,0.3710545920164875,3.1303661990006013,0.1464173793792724,,,,DJF
4,28,RidgeCV,0.3583472098309777,0.3710058575984507,3.130487476314881,0.1273760795593261,,,,DJF
4,28,Ridge,0.3583472098282262,0.3710058575957535,3.130487476321593,0.0605514049530029,,,,DJF
4,28,LassoLarsIC,0.3583356976358577,0.3709945725180964,3.1305155589645275,0.1347401142120361,,,,DJF
4,28,LassoLarsCV,0.3583356976358577,0.3709945725180964,3.1305155589645275,0.3129787445068359,,,,DJF
4,28,LinearRegression,0.3583356952878169,0.3709945702163782,3.130515564692272,0.0916345119476318,,,,DJF
4,28,TransformedTargetRegressor,0.3583356952878169,0.3709945702163782,3.130515564692272,0.0807726383209228,,,,DJF
4,28,PoissonRegressor,0.3579263146271946,0.3705932658949615,3.1315140370831287,0.1212179660797119,,,,DJF
4,28,LassoCV,0.3572122363688643,0.3698932751077514,3.1332549001312158,1.2196044921875,,,,DJF
4,28,ElasticNetCV,0.3554882394225186,0.3682032894996719,3.1374538792464683,1.1356899738311768,,,,DJF
4,28,SGDRegressor,0.3514205044396515,0.3642158035629378,3.147339080816089,0.1701273918151855,,,,DJF
4,28,HuberRegressor,0.3132914243987529,0.3268389412343759,3.238531775678276,1.4100885391235352,,,,DJF
4,28,LinearSVR,0.2817012677645315,0.2958720011931138,3.312184169354618,3.053163766860962,,,,DJF
4,28,OrthogonalMatchingPursuitCV,0.279141472565179,0.2933627061182554,3.3180807221981112,0.1818423271179199,,,,DJF
4,28,OrthogonalMatchingPursuit,0.2293358802411036,0.2445396879522612,3.430792855784768,0.0561070442199707,,,,DJF
4,28,GammaRegressor,0.2229043724425651,0.2382350621576395,3.445078798140902,0.075510025024414,,,,DJF
4,28,TweedieRegressor,0.1666595884865194,0.1830998859517131,3.5675753007933504,0.0509586334228515,,,,DJF
4,28,PassiveAggressiveRegressor,0.0072808346248557,0.026865386331073,3.893813355367001,0.1305038928985595,,,,DJF
4,28,ElasticNet,-0.0241837050273705,-0.0039784149238055,3.955039798802456,0.0792694091796875,,,,DJF
4,28,ExtraTreeRegressor,-0.0379969003948348,-0.0175191009569708,3.9816213407749657,0.3653388023376465,,,,DJF
4,28,DecisionTreeRegressor,-0.0535118011658859,-0.0327279208272339,4.011267543978804,1.5947043895721436,,,,DJF
4,28,AdaBoostRegressor,-0.1231382517939354,-0.1009807676506968,4.141699032015132,14.640462636947632,,,,DJF
4,28,LassoLars,-0.2471043339086518,-0.2225012234194412,4.364287189829122,0.058129072189331,,,,DJF
4,28,Lasso,-0.2471146679803459,-0.2225113536186116,4.364305272022431,0.0779709815979003,,,,DJF
4,28,LarsCV,-0.3244947347285758,-0.2983648517549737,4.497664384231457,0.3081018924713135,,,,DJF
4,28,DummyRegressor,-1.2171454754143711,-1.1734052095688443,5.819142897360918,0.0577893257141113,,,,DJF
4,28,RANSACRegressor,-1.5954096795847414,-1.5442069458796497,6.296002432731121,0.2653498649597168,,,,DJF
4,28,QuantileRegressor,-2.6483687101745503,-2.5763930012934213,7.464681606538588,87.69448852539062,,,,DJF
4,28,Lars,-5.024527787331342e+23,-4.925402951544445e+23,2770189975403.94,0.0607750415802001,,,,DJF
4,28,CatBoostRegressor,0.7620849861196917,0.7671734726332915,2.007072946243341,4.945032119750977,0.7614,0.0239,0.7341,JJA
4,28,ExtraTreesRegressor,0.7597667105975627,0.7649047800001815,2.0168278334194096,31.625768899917603,0.7587,0.0324,0.7233,JJA
4,28,HistGradientBoostingRegressor,0.748379789614094,0.7537614005776709,2.064072714529012,2.0322859287261963,0.7474,0.0283,0.7228,JJA
4,28,LGBMRegressor,0.7482212783012514,0.7536062794782683,2.0647227564391866,0.5720021724700928,0.7471,0.0313,0.7163,JJA
4,28,RandomForestRegressor,0.7371469096538869,0.7427687675747876,2.1096420625921724,90.51380801200868,0.7362,0.0273,0.7076,JJA
4,28,XGBRegressor,0.7267285199079394,0.7325732046057258,2.1510444592947557,1.492807388305664,,,,JJA
4,28,MLPRegressor,0.7155153561336187,0.7215998661022438,2.194732761799388,24.903852224349976,,,,JJA
4,28,GradientBoostingRegressor,0.7081479892912266,0.7143900712693134,2.2229698740573647,40.72253131866455,,,,JJA
4,28,BaggingRegressor,0.7043077708842799,0.7106319868111846,2.237547110299337,9.227376937866213,,,,JJA
4,28,KNeighborsRegressor,0.6889441198074913,0.6955969309332816,2.2949405520696264,0.5992658138275146,,,,JJA
4,28,LassoCV,0.5874284784048436,0.5962524890853484,2.643028557703712,1.358151912689209,,,,JJA
4,28,BayesianRidge,0.5862598398583848,0.5951088451846076,2.6467691950350547,0.1263229846954345,,,,JJA
4,28,Ridge,0.5859860135880146,0.5948408754646968,2.647644907777339,0.0546176433563232,,,,JJA
4,28,RidgeCV,0.5858132531115889,0.594671809960438,2.6481972570983703,0.1336467266082763,,,,JJA
4,28,LassoLarsIC,0.5857929935572855,0.5946519837140927,2.6482620233426784,0.1375713348388672,,,,JJA
4,28,LassoLarsCV,0.5857929935572855,0.5946519837140927,2.6482620233426784,0.3933668136596679,,,,JJA
4,28,TransformedTargetRegressor,0.5857928279633551,0.5946518216618575,2.6482625527109254,0.0931496620178222,,,,JJA
4,28,LinearRegression,0.5857928279633551,0.5946518216618575,2.6482625527109254,0.0954282283782959,,,,JJA
4,28,SGDRegressor,0.5840839077108043,0.5929794515097653,2.653719980130539,0.2183022499084472,,,,JJA
4,28,ElasticNetCV,0.58287227087731,0.5917937289621584,2.6575825459479057,1.0477712154388428,,,,JJA
4,28,PoissonRegressor,0.5576934279026428,0.5671534068686034,2.7366164203530303,0.1330306529998779,,,,JJA
4,28,HuberRegressor,0.5495144016108391,0.5591493122227746,2.76180294284292,1.8044028282165527,,,,JJA
4,28,OrthogonalMatchingPursuitCV,0.5191220345197021,0.5294069719943282,2.853446084583909,0.2186653614044189,,,,JJA
4,28,LinearSVR,0.508077607580623,0.5185987614108853,2.88602792092406,2.92258882522583,,,,JJA
4,28,GammaRegressor,0.4895427030683104,0.5004602783353855,2.9398958180535297,0.0782537460327148,,,,JJA
4,28,ExtraTreeRegressor,0.4740776802234069,0.4853260188117846,2.984097669231261,0.3797633647918701,,,,JJA
4,28,OrthogonalMatchingPursuit,0.4477683364327345,0.4595793748645439,3.0578268125697607,0.0675368309020996,,,,JJA
4,28,DecisionTreeRegressor,0.4196394137468433,0.4320520688710791,3.13473756037831,1.5510311126708984,,,,JJA
4,28,TweedieRegressor,0.4059816699747959,0.4186864346378826,3.171408278526235,0.0705306529998779,,,,JJA
4,28,RANSACRegressor,0.3367196409495249,0.3509057703018402,3.351203499653906,0.2837874889373779,,,,JJA
4,28,ElasticNet,0.2992606865016177,0.3142479817047676,3.444533984464347,0.0772843360900878,,,,JJA
4,28,AdaBoostRegressor,0.2281559119697408,0.2446639841947226,3.615072598354107,13.966252326965332,,,,JJA
4,28,LassoLars,0.1651882868910009,0.1830431001466592,3.759642057709424,0.0671665668487548,,,,JJA
4,28,Lasso,0.1651864881797125,0.1830413399059068,3.7596461080281136,0.0777158737182617,,,,JJA
4,28,PassiveAggressiveRegressor,0.1498890015079621,0.1680710333198166,3.793936430466341,0.1725862026214599,,,,JJA
4,28,LarsCV,-0.6885630733176451,-0.6524483688027714,5.34700851939202,0.3815245628356933,,,,JJA
4,28,DummyRegressor,-1.2466947568020736,-1.1986428252164778,6.167714583729764,0.0461244583129882,,,,JJA
4,28,QuantileRegressor,-2.903419816083573,-2.819934126100797,8.129706436895912,89.41108131408691,,,,JJA
4,28,Lars,-8.935939602750612e+17,-8.744819221513075e+17,3889755868.0851855,0.072603702545166,,,,JJA
4,28,CatBoostRegressor,0.6109240409994405,0.6186814260924955,2.319499137208998,5.299588441848755,0.6111,0.0227,0.5927,MAM
4,28,HistGradientBoostingRegressor,0.6052563139399678,0.613126702009397,2.3363322996110507,1.9834394454956052,0.6054,0.0292,0.5764,MAM
4,28,LGBMRegressor,0.5985421841653953,0.6065464383579329,2.3561176668055768,0.5294380187988281,0.6005,0.0251,0.5718,MAM
4,28,ExtraTreesRegressor,0.5882323000343579,0.5964421123952148,2.386179747147143,30.600279331207275,0.5892,0.0243,0.5645,MAM
4,28,XGBRegressor,0.5825851613287468,0.5909075661759805,2.402486516118051,1.4313325881958008,0.5815,0.0357,0.5504,MAM
4,28,RandomForestRegressor,0.5770816079499332,0.5855137424834969,2.418272867370968,96.18698620796204,,,,MAM
4,28,GradientBoostingRegressor,0.5717946861317205,0.5803322311578936,2.4333413894452187,41.220247983932495,,,,MAM
4,28,BaggingRegressor,0.5420075122614838,0.5511389530892346,2.516553654562829,9.619566440582275,,,,MAM
4,28,KNeighborsRegressor,0.5303563930518064,0.5397201335536534,2.54836261017032,0.574815034866333,,,,MAM
4,28,MLPRegressor,0.5228344208656849,0.5323481342290186,2.568689266169858,24.17423415184021,,,,MAM
4,28,LassoCV,0.3880750678736693,0.4002756092762767,2.908881912417752,1.1519379615783691,,,,MAM
4,28,BayesianRidge,0.3880540363549514,0.400254997083364,2.9089319003129344,0.1233954429626464,,,,MAM
4,28,RidgeCV,0.3880514908660611,0.4002525023463569,2.90893795039462,0.1235136985778808,,,,MAM
4,28,Ridge,0.3880514908610391,0.4002525023414348,2.9089379504065564,0.0582497119903564,,,,MAM
4,28,LassoLarsIC,0.388049090095566,0.4002501494423536,2.908943656500158,0.1082534790039062,,,,MAM
4,28,LassoLarsCV,0.388049090095566,0.4002501494423536,2.908943656500158,0.2417988777160644,,,,MAM
4,28,TransformedTargetRegressor,0.3880490633068871,0.4002501231877866,2.908943720170916,0.0914592742919921,,,,MAM
4,28,LinearRegression,0.3880490633068871,0.4002501231877866,2.908943720170916,0.07582688331604,,,,MAM
4,28,ElasticNetCV,0.3862697060536368,0.3985062427074191,2.913169788540195,1.1737158298492432,,,,MAM
4,28,SGDRegressor,0.3789173810647621,0.3913005081591731,2.9305673371327217,0.2043650150299072,,,,MAM
4,28,PoissonRegressor,0.369164900886667,0.3817424726456834,2.9534861699669994,0.1010792255401611,,,,MAM
4,28,HuberRegressor,0.3438114572645487,0.3568945252411085,3.012252258098779,0.7779278755187988,,,,MAM
4,28,LinearSVR,0.3050369447714826,0.318893097844271,3.0999727476922763,2.6390397548675537,,,,MAM
4,28,GammaRegressor,0.2101246231867548,0.2258731353518395,3.304884641160341,0.0731911659240722,,,,MAM
4,28,DecisionTreeRegressor,0.1351643925636754,0.1524074596149092,3.4581497687133336,1.6215901374816897,,,,MAM
4,28,OrthogonalMatchingPursuitCV,0.1174761998839678,0.1350719336036052,3.493334960402364,0.1675727367401123,,,,MAM
4,28,PassiveAggressiveRegressor,0.0992047857326449,0.1171648143733321,3.5293119946658957,0.1152193546295166,,,,MAM
4,28,ExtraTreeRegressor,0.0910543006479435,0.10917683342191,3.5452428236266877,0.3633813858032226,,,,MAM
4,28,TweedieRegressor,0.0800735703529013,0.098415036606388,3.566593101420601,0.0611217021942138,,,,MAM
4,28,ElasticNet,-0.0723537283416047,-0.0509731710640803,3.850756436898177,0.0692071914672851,,,,MAM
4,28,LarsCV,-0.1466900939289186,-0.1238274203680849,3.981988921140127,0.2139151096343994,,,,MAM
4,28,AdaBoostRegressor,-0.1644688211986682,-0.1412516758934221,4.012739337127079,13.770486116409302,,,,MAM
4,28,OrthogonalMatchingPursuit,-0.250115641951725,-0.2251908728388194,4.157690064399371,0.051285982131958,,,,MAM
4,28,Lasso,-0.3065893067837191,-0.2805385673928162,4.250564069937252,0.0941622257232666,,,,MAM
4,28,LassoLars,-0.3065989943173612,-0.280548061776696,4.250579827530662,0.0432243347167968,,,,MAM
4,28,RANSACRegressor,-0.8599752900438336,-0.8228911571010011,5.071431972856737,0.2434909343719482,,,,MAM
4,28,DummyRegressor,-1.9682256709960997,-1.909045274365694,6.406568520214624,0.0453567504882812,,,,MAM
4,28,QuantileRegressor,-4.372710134772137,-4.265589197215759,8.61933424276065,90.0103406906128,,,,MAM
4,28,Lars,-9.734246353899348e+17,-9.54016523474761e+17,3668835026.197813,0.0441687107086181,,,,MAM
4,28,CatBoostRegressor,0.5690939035829139,0.5778561152136273,2.5594041725970254,4.598336935043335,0.577,0.1215,0.4931,SON
4,28,ExtraTreesRegressor,0.5585071846569684,0.5674846707348881,2.590653766410456,30.6796932220459,0.5683,0.1226,0.475,SON
4,28,LGBMRegressor,0.5473277811318189,0.5565325935353742,2.623248755040706,0.5409014225006104,0.5527,0.1192,0.4829,SON
4,28,HistGradientBoostingRegressor,0.5441949282545603,0.553463445303157,2.63231059034302,1.878530979156494,0.5502,0.1231,0.4769,SON
4,28,RandomForestRegressor,0.5393695800089451,0.5487362175595991,2.646207293262971,96.63251328468324,0.5482,0.1309,0.4562,SON
4,28,XGBRegressor,0.5251397755817238,0.534795767492624,2.686769756943262,1.4902212619781494,,,,SON
4,28,GradientBoostingRegressor,0.5212915490928571,0.531025792333174,2.697634465409347,41.06830096244812,,,,SON
4,28,MLPRegressor,0.501978033978071,0.5121050057227554,2.751514486020392,23.43211388587952,,,,SON
4,28,BaggingRegressor,0.4966180867596712,0.5068540497491943,2.766281408334135,9.798441648483276,,,,SON
4,28,KNeighborsRegressor,0.4871051840045872,0.4975345860469702,2.792297639327584,0.5597975254058838,,,,SON
4,28,PoissonRegressor,0.4447294870967673,0.4560205729895126,2.9053593780645324,0.0974109172821044,,,,SON
4,28,ElasticNetCV,0.4434904165901575,0.454806698222983,2.9085991854885105,0.7903501987457275,,,,SON
4,28,LassoCV,0.4425562006201695,0.4538914789627327,2.911039503208492,0.9514904022216796,,,,SON
4,28,LassoLarsCV,0.441586666461869,0.4529416596879042,2.913569916238139,0.2044992446899414,,,,SON
4,28,LassoLarsIC,0.4413234638084857,0.4526838090993208,2.914256476663098,0.0985715389251709,,,,SON
4,28,BayesianRidge,0.4413083880708346,0.4526690399175641,2.9142957966155723,0.1136438846588134,,,,SON
4,28,RidgeCV,0.4412878578035424,0.4526489271206868,2.9143493420069384,0.1054048538208007,,,,SON
4,28,Ridge,0.4412092200490425,0.4525718884167754,2.9145544295710404,0.0501551628112793,,,,SON
4,28,LinearRegression,0.4411991871828585,0.4525620595627823,2.914580594286328,0.0680358409881591,,,,SON
4,28,TransformedTargetRegressor,0.4411991871828585,0.4525620595627823,2.914580594286328,0.0812823772430419,,,,SON
4,28,SGDRegressor,0.4402874310557507,0.4516688434382592,2.916957383626428,0.2477846145629882,,,,SON
4,28,HuberRegressor,0.4116245619250872,0.4235888162013507,2.9907135731200127,0.6240851879119873,,,,SON
4,28,LinearSVR,0.3803107561273336,0.3929117574713326,3.0692660348641865,2.996250867843628,,,,SON
4,28,LarsCV,0.3228982754220042,0.3366667244080005,3.2082966246040168,0.2304508686065673,,,,SON
4,28,GammaRegressor,0.312733052343633,0.3267082049168532,3.2322897384344045,0.0703165531158447,,,,SON
4,28,OrthogonalMatchingPursuitCV,0.3001731265173275,0.314403677491896,3.261691351901399,0.1627066135406494,,,,SON
4,28,PassiveAggressiveRegressor,0.2768470892034248,0.2915519608644487,3.3156037619253915,0.14896821975708,,,,SON
4,28,OrthogonalMatchingPursuit,0.261073676869706,0.2760992912126175,3.351568680150871,0.0500614643096923,,,,SON
4,28,TweedieRegressor,0.2497467597450632,0.2650027000123348,3.377158892308419,0.0612068176269531,,,,SON
4,28,DecisionTreeRegressor,0.1661436545399438,0.1830996127621319,3.5603539352899705,1.627124547958374,,,,SON
4,28,ExtraTreeRegressor,0.1443716494970306,0.1617703281109634,3.6065348858224073,0.3554964065551758,,,,SON
4,28,ElasticNet,0.0635254363471067,0.082568073204034,3.773075948420237,0.0644474029541015,,,,SON
4,28,AdaBoostRegressor,-0.108866943111392,-0.0863188127724798,4.1057005681827095,14.419817447662354,,,,SON
4,28,LassoLars,-0.1781713450558015,-0.154213952137812,4.232059668978172,0.0383603572845459,,,,SON
4,28,Lasso,-0.1781757765113192,-0.154218293482395,4.232067627993053,0.0506620407104492,,,,SON
4,28,RANSACRegressor,-0.2251999974719967,-0.2002863057023447,4.315698016000301,0.2570095062255859,,,,SON
4,28,DummyRegressor,-1.290232827464914,-1.243662345207381,5.900480400391737,0.0450315475463867,,,,SON
4,28,QuantileRegressor,-2.678330567798634,-2.6035339679111797,7.477784281843845,90.01727747917175,,,,SON
4,28,Lars,-23061197774170.727,-22592262437596.97,18723562.493186414,0.0428235530853271,,,,SON
5,22,CatBoostRegressor,0.5010096238736041,0.5042428228549848,2.1243102107626126,10.865746259689333,0.4732,0.1121,0.2784,
5,22,XGBRegressor,0.4799029083651722,0.4832728679222013,2.168772832847731,4.145505666732788,0.4502,0.1159,0.2502,
5,22,LGBMRegressor,0.4771998679353068,0.4805873417931774,2.1744012853379773,2.0204663276672363,0.4466,0.1077,0.2698,
5,22,HistGradientBoostingRegressor,0.4750895717172786,0.478490719200752,2.178785379103682,4.581732749938965,0.4444,0.1066,0.2691,
5,22,MLPRegressor,0.46107066864932,0.4645626513578558,2.207688331369817,97.69519209861755,0.43,0.114,0.2232,
5,22,ExtraTreesRegressor,0.4597206715506553,0.4632214015406078,2.2104516888020656,149.4423770904541,,,,
5,22,RandomForestRegressor,0.4342933379521494,0.437958823883345,2.261869260462701,537.3359913825989,,,,
5,22,GradientBoostingRegressor,0.4340394620745333,0.4377065929898172,2.262376740461465,188.99841260910037,,,,
5,22,KNeighborsRegressor,0.3890699703822471,0.3930284802933773,2.350539686828298,5.562239170074463,,,,
5,22,BaggingRegressor,0.3746366867655007,0.3786887168728517,2.378143471682709,53.0084183216095,,,,
5,22,PoissonRegressor,0.3421456005852104,0.3464081560889779,2.4391400850634284,0.5119884014129639,,,,
5,22,HuberRegressor,0.3256546807852264,0.3300240889010889,2.469522716387752,6.91024661064148,,,,
5,22,LinearSVR,0.3219206006615511,0.3263142036810228,2.4763505723436547,21.349865436553955,,,,
5,22,SGDRegressor,0.3199492805719631,0.3243556567237647,2.4799475970920897,0.7085425853729248,,,,
5,22,LassoCV,0.3148146362262278,0.3192542822118031,2.4892922701234665,5.850669145584106,,,,
5,22,ElasticNetCV,0.314628954594333,0.3190698037006333,2.489629539835534,2.779168128967285,,,,
5,22,BayesianRidge,0.313955825040394,0.3184010356772813,2.4908518207861925,0.8832395076751709,,,,
5,22,RidgeCV,0.3138948372601229,0.3183404430662129,2.490962533880976,0.4397602081298828,,,,
5,22,Ridge,0.3138948372573876,0.3183404430634953,2.4909625338859414,0.2122595310211181,,,,
5,22,LassoLarsCV,0.3138892461807984,0.3183348882141842,2.490972683302308,1.945318460464477,,,,
5,22,LassoLarsIC,0.3138892461807984,0.3183348882141842,2.490972683302308,0.5839536190032959,,,,
5,22,LinearRegression,0.313889155080462,0.3183347977041307,2.490972848675347,0.5093657970428467,,,,
5,22,TransformedTargetRegressor,0.313889155080462,0.3183347977041307,2.490972848675347,0.3496918678283691,,,,
5,22,GammaRegressor,0.2715662512447295,0.2762861243468155,2.566651364033492,0.4465105533599853,,,,
5,22,TweedieRegressor,0.2114296419310479,0.2165391690891621,2.670496885949305,0.2696657180786133,,,,
5,22,OrthogonalMatchingPursuitCV,0.1577267714175054,0.1631842653392063,2.7599317989858645,0.904463529586792,,,,
5,22,OrthogonalMatchingPursuit,0.112943064735128,0.1186907338621143,2.832354438305249,0.324138879776001,,,,
5,22,ElasticNet,0.0447545956010179,0.0509440906619185,2.939201294989148,0.3902235031127929,,,,
5,22,ExtraTreeRegressor,-0.0752596632143371,-0.068292537966728,3.118376355979516,1.813429594039917,,,,
5,22,DecisionTreeRegressor,-0.1138354588337433,-0.1066183824266131,3.173820577364002,9.086996078491213,,,,
5,22,Lasso,-0.1499159774619392,-0.1424651179967428,3.2248157478408745,0.440082311630249,,,,
5,22,LassoLars,-0.1499558045513325,-0.1425046870272417,3.2248715927528178,0.4802720546722412,,,,
5,22,QuantileRegressor,-0.2762249342560714,-0.2679556582241744,3.3973122453447977,635.6094212532043,,,,
5,22,LarsCV,-0.3511696619115434,-0.342414782892678,3.4956407584332614,2.681461334228516,,,,
5,22,PassiveAggressiveRegressor,-0.5158636684217826,-0.5060416576112741,3.702558455664856,0.6504523754119873,,,,
5,22,AdaBoostRegressor,-0.5434491718473939,-0.5334484212738686,3.736095921032036,54.98626756668091,,,,
5,22,DummyRegressor,-0.9608579722407417,-0.94815262900808,4.211093855263077,0.3946037292480469,,,,
5,22,RANSACRegressor,-1.4531869232233774,-1.43729154359126,4.710176401983698,1.1354570388793943,,,,
5,22,Lars,-9.903249479515326e+16,-9.839081556321922e+16,946369448.7532884,0.3704354763031006,,,,
5,22,CatBoostRegressor,0.3372463293955938,0.3545255386523716,2.637773385890018,7.359901428222656,0.3317,0.0534,0.274,DJF
5,22,LGBMRegressor,0.3239256247803195,0.3415521293486194,2.6641498505478185,1.3333959579467771,0.3168,0.0479,0.2631,DJF
5,22,HistGradientBoostingRegressor,0.3171873572092873,0.3349895408278169,2.6773933978133964,6.967589378356934,0.3107,0.0616,0.2407,DJF
5,22,XGBRegressor,0.2939383949720076,0.3123467218701882,2.72259290877795,2.0763630867004395,0.286,0.0742,0.2004,DJF
5,22,ExtraTreesRegressor,0.2761282325114521,0.2950009031586044,2.7567172923962477,38.74627041816712,0.2641,0.0195,0.2418,DJF
5,22,MLPRegressor,0.2714471590150026,0.2904418738726648,2.7656163831945406,44.57049107551575,,,,DJF
5,22,GradientBoostingRegressor,0.2669894364998174,0.2861003723964039,2.7740643290006592,51.798014879226685,,,,DJF
5,22,RandomForestRegressor,0.2566185618179537,0.2759998855249017,2.7936195908972734,130.32366585731506,,,,DJF
5,22,KNeighborsRegressor,0.2000979095765084,0.2209528308216168,2.897876193576851,0.6350173950195312,,,,DJF
5,22,BaggingRegressor,0.1930257636552746,0.2140650687743435,2.910658447823137,12.065467357635498,,,,DJF
5,22,PoissonRegressor,0.105923885490626,0.1292340970508357,3.063717078956973,0.2316324710845947,,,,DJF
5,22,LinearRegression,0.097735609223879,0.1212593042325265,3.077714424923349,0.1453733444213867,,,,DJF
5,22,TransformedTargetRegressor,0.097735609223879,0.1212593042325265,3.077714424923349,0.1264078617095947,,,,DJF
5,22,LassoLarsIC,0.0977356044955228,0.1212592996274473,3.0777144329877983,0.1892073154449463,,,,DJF
5,22,LassoLarsCV,0.0977356044955228,0.1212592996274473,3.0777144329877983,0.399010419845581,,,,DJF
5,22,Ridge,0.0977339828507041,0.1212577202618967,3.0777171987831937,0.0844166278839111,,,,DJF
5,22,RidgeCV,0.0977339828500682,0.1212577202612774,3.077717198784278,0.1665320396423339,,,,DJF
5,22,BayesianRidge,0.0977209757493274,0.1212450522796173,3.0777393829476067,0.1674613952636718,,,,DJF
5,22,ElasticNetCV,0.0972691879092271,0.1208050433808869,3.078509827108435,1.1482784748077393,,,,DJF
5,22,LassoCV,0.0957760792680493,0.1193508628329033,3.081054689026602,1.6048786640167236,,,,DJF
5,22,SGDRegressor,0.0941516572718184,0.1177687925109657,3.083820976830181,0.4460961818695068,,,,DJF
5,22,LarsCV,0.0288093432243266,0.0541300729780377,3.1931083764154904,0.3898355960845947,,,,DJF
5,22,HuberRegressor,0.0151627119680682,0.0408392345413226,3.215464010113521,2.2129032611846924,,,,DJF
5,22,LinearSVR,-0.0097951807228362,0.016532040095546,3.255952481834364,8.765212774276733,,,,DJF
5,22,OrthogonalMatchingPursuit,-0.1437137909137285,-0.1138950651946566,3.4651344492613694,0.0813410282135009,,,,DJF
5,22,OrthogonalMatchingPursuitCV,-0.1437137909137285,-0.1138950651946566,3.4651344492613694,0.2950811386108398,,,,DJF
5,22,GammaRegressor,-0.1789300903337243,-0.148193210805904,3.5180777847482743,0.1071760654449462,,,,DJF
5,22,TweedieRegressor,-0.3052999051113159,-0.2712683316872084,3.701830799321054,0.0981843471527099,,,,DJF
5,22,DecisionTreeRegressor,-0.3101357274183576,-0.2759780751971372,3.708681656520976,2.055036783218384,,,,DJF
5,22,ExtraTreeRegressor,-0.3612704737062777,-0.3257796444381533,3.7803640416239337,0.4358465671539306,,,,DJF
5,22,AdaBoostRegressor,-0.511078830863545,-0.4716822217158858,3.982951076973145,18.565367221832275,,,,DJF
5,22,ElasticNet,-0.7400764876645047,-0.6947094876964266,4.274108872934669,0.0951652526855468,,,,DJF
5,22,Lasso,-0.9114589441650998,-0.8616236877992656,4.479648091491387,0.1157674789428711,,,,DJF
5,22,LassoLars,-0.9114638503019604,-0.8616284660240991,4.479653840438438,0.1181573867797851,,,,DJF
5,22,PassiveAggressiveRegressor,-1.3233520299897572,-1.262777962000453,4.938771352748711,0.2309198379516601,,,,DJF
5,22,RANSACRegressor,-2.0131783801336245,-1.934619268252968,5.624369345706428,0.6682801246643066,,,,DJF
5,22,DummyRegressor,-2.528650624125596,-2.43665220113275,6.086473583905934,0.0611512660980224,,,,DJF
5,22,QuantileRegressor,-5.119366118247213,-4.959822969161973,8.015204916784771,128.4446427822113,,,,DJF
5,22,Lars,-1.3519830283145425e+30,-1.3167343398590648e+30,3767445956661889.0,0.0784153938293457,,,,DJF
5,22,CatBoostRegressor,0.5931835099074373,0.6038517745077667,1.7149775619762586,7.450697422027588,0.5866,0.0212,0.5663,JJA
5,22,ExtraTreesRegressor,0.5760634944566668,0.5871807105111249,1.750691309398352,39.74367260932922,0.5701,0.027,0.539,JJA
5,22,XGBRegressor,0.5739047043911107,0.585078532073162,1.755143126816175,2.0343105792999268,0.5669,0.0213,0.5424,JJA
5,22,LGBMRegressor,0.5708452553220662,0.5820993133118721,1.7614329949569658,1.8349416255950928,0.564,0.0179,0.5452,JJA
5,22,HistGradientBoostingRegressor,0.5692693415153166,0.5805647259161387,1.7646641405290295,2.151909828186035,0.5624,0.0155,0.5456,JJA
5,22,RandomForestRegressor,0.5497988270889462,0.5616048019030473,1.804107778962153,121.23064804077148,,,,JJA
5,22,MLPRegressor,0.5408355902074442,0.5528766149397665,1.821978622892625,38.93103528022766,,,,JJA
5,22,GradientBoostingRegressor,0.5057866476289536,0.5187467879883343,1.8902376332996176,49.85284757614136,,,,JJA
5,22,BaggingRegressor,0.5045557861660768,0.5175482043610222,1.892590032126073,12.034691333770752,,,,JJA
5,22,KNeighborsRegressor,0.4839052875831565,0.49743923983185,1.931629693364724,0.6131842136383057,,,,JJA
5,22,SGDRegressor,0.2611724101655619,0.2805472595493321,2.3111637678430785,0.3553876876831054,,,,JJA
5,22,PoissonRegressor,0.2611060615487632,0.2804826508438132,2.3112675397371016,0.1989417076110839,,,,JJA
5,22,BayesianRidge,0.2509885532764617,0.2706304618443866,2.3270375723221512,0.1809532642364502,,,,JJA
5,22,Ridge,0.2509703229506105,0.270612709586521,2.327065891245224,0.0810587406158447,,,,JJA
5,22,RidgeCV,0.2509703229439246,0.2706127095800105,2.32706589125561,0.1542222499847412,,,,JJA
5,22,TransformedTargetRegressor,0.2509680019476732,0.2706104494490454,2.3270694966581678,0.1316409111022949,,,,JJA
5,22,LinearRegression,0.2509680019476732,0.2706104494490454,2.3270694966581678,0.1229224205017089,,,,JJA
5,22,LassoLarsIC,0.250967993760343,0.270610441476418,2.32706950937624,0.1693110466003418,,,,JJA
5,22,LassoLarsCV,0.2469361446444223,0.2666843226694811,2.333324116103795,0.3687903881072998,,,,JJA
5,22,ElasticNetCV,0.246467747982551,0.2662282091368547,2.334049653072634,1.2217364311218262,,,,JJA
5,22,LassoCV,0.245776321084461,0.2655549140630153,2.3351202473791863,1.238318681716919,,,,JJA
5,22,HuberRegressor,0.2152218585888462,0.2358017049545233,2.3819498693933623,2.065493583679199,,,,JJA
5,22,GammaRegressor,0.1796070816048717,0.2011208819124362,2.435398978215301,0.0981030464172363,,,,JJA
5,22,LinearSVR,0.1770877820144231,0.1986676478706882,2.439135478395324,5.4455554485321045,,,,JJA
5,22,OrthogonalMatchingPursuitCV,0.1415194515116833,0.1640320533077056,2.4912906478632157,0.2195079326629638,,,,JJA
5,22,DecisionTreeRegressor,0.1162345915975747,0.1394102579018341,2.52771244945709,2.0087380409240723,,,,JJA
5,22,OrthogonalMatchingPursuit,0.112997845989449,0.1362583919862292,2.532337027789787,0.0798482894897461,,,,JJA
5,22,AdaBoostRegressor,0.1075583249728291,0.1309615157515137,2.5400899101626893,9.680943727493286,,,,JJA
5,22,TweedieRegressor,0.0111248942712808,0.0370569337571737,2.6738059785283146,0.1102643013000488,,,,JJA
5,22,ExtraTreeRegressor,-0.0240374762568569,0.0028166533652633,2.7209282727153954,0.4649229049682617,,,,JJA
5,22,ElasticNet,-0.3177483998920776,-0.2831920607340685,3.086564926076195,0.1121485233306884,,,,JJA
5,22,RANSACRegressor,-0.7797520007469041,-0.7330801825454993,3.587062245498022,0.5015876293182373,,,,JJA
5,22,Lasso,-0.7897520280238133,-0.742817971344867,3.597125578469034,0.1454031467437744,,,,JJA
5,22,LassoLars,-0.7898595598646954,-0.742922683294817,3.597233638054788,0.0818014144897461,,,,JJA
5,22,LarsCV,-0.8957430587378377,-0.8460295169877197,3.7021064758425606,0.3607461452484131,,,,JJA
5,22,PassiveAggressiveRegressor,-1.2288568125141728,-1.1704077702279618,4.014211517152623,0.1856441497802734,,,,JJA
5,22,DummyRegressor,-5.030458198418078,-4.872316812095925,6.602893975433791,0.0649406909942627,,,,JJA
5,22,QuantileRegressor,-11.021984554762614,-10.706722722032826,9.322818963195369,116.3993787765503,,,,JJA
5,22,Lars,-6.091796250167586e+20,-5.932046348502353e+20,66363892729.63796,0.0870096683502197,,,,JJA
5,22,CatBoostRegressor,0.4101274774938813,0.4246009036186225,2.069819892196496,14.626858472824097,0.4132,0.0659,0.3693,MAM
5,22,LGBMRegressor,0.4016767027075894,0.4163574815397368,2.0845937440376745,14.883373022079468,0.4047,0.072,0.3548,MAM
5,22,HistGradientBoostingRegressor,0.388405789392046,0.4034121904156872,2.107585277519872,8.741750478744507,0.3914,0.0815,0.3331,MAM
5,22,XGBRegressor,0.3679414320595729,0.3834499574452432,2.1425557672603524,2.987029552459717,0.3711,0.0469,0.3435,MAM
5,22,ExtraTreesRegressor,0.3658074126452044,0.381368299466887,2.1461696750610297,42.86861443519592,0.3678,0.0474,0.3245,MAM
5,22,GradientBoostingRegressor,0.3634057514931463,0.3790255667509481,2.150229563024289,54.810866355896,,,,MAM
5,22,RandomForestRegressor,0.343373362783004,0.3594847033908365,2.183799295979971,125.9667031764984,,,,MAM
5,22,BaggingRegressor,0.2928205381429978,0.3101722697589002,2.2663046660228754,12.375133752822876,,,,MAM
5,22,KNeighborsRegressor,0.2795332343362231,0.2972109903094346,2.2874965585151545,0.7972326278686523,,,,MAM
5,22,MLPRegressor,0.2749859190056283,0.2927752503277366,2.2947041126523726,39.386040925979614,,,,MAM
5,22,PoissonRegressor,0.0632862139254896,0.0862699218717016,2.608296324048472,0.2270281314849853,,,,MAM
5,22,ElasticNetCV,0.0467336291018749,0.0701234800781103,2.631240889630377,1.2322423458099363,,,,MAM
5,22,LassoCV,0.0460596732309857,0.0694660607471283,2.632170864175733,1.6948459148406982,,,,MAM
5,22,LassoLarsCV,0.0434443603237955,0.0669149185492203,2.635776560704576,0.5333738327026367,,,,MAM
5,22,BayesianRidge,0.0418531037319515,0.065362705875933,2.637967993074981,0.1857740879058838,,,,MAM
5,22,SGDRegressor,0.041829301109173,0.0653394872869741,2.63800075953664,0.3131256103515625,,,,MAM
5,22,RidgeCV,0.041484729210161,0.0650033699874471,2.6384750483175496,0.1599771976470947,,,,MAM
5,22,Ridge,0.0414847292027485,0.0650033699802166,2.6384750483277517,0.0902206897735595,,,,MAM
5,22,LassoLarsIC,0.0414388246748365,0.0649585917902303,2.638538227551444,0.2183938026428222,,,,MAM
5,22,LinearRegression,0.0414387319510031,0.0649585013415182,2.6385383551673853,0.1361105442047119,,,,MAM
5,22,TransformedTargetRegressor,0.0414387319510031,0.0649585013415182,2.6385383551673853,0.2567739486694336,,,,MAM
5,22,HuberRegressor,-0.0009667952281047,0.0235934587442314,2.6962695606889184,3.369584798812866,,,,MAM
5,22,LinearSVR,-0.0827022757744431,-0.0561365165542413,2.8041936280586297,8.032560348510742,,,,MAM
5,22,GammaRegressor,-0.1133509584839262,-0.0860331868744515,2.843606622440704,0.1174139976501464,,,,MAM
5,22,OrthogonalMatchingPursuitCV,-0.1216360214635532,-0.0941149631397473,2.8541674399196286,0.279383897781372,,,,MAM
5,22,OrthogonalMatchingPursuit,-0.2134091970177263,-0.1836363432195815,2.9686371261108566,0.0915329456329345,,,,MAM
5,22,ExtraTreeRegressor,-0.3051207899821431,-0.2730976517328538,3.0787812090127527,0.5197188854217529,,,,MAM
5,22,DecisionTreeRegressor,-0.3158056041709851,-0.2835202976346196,3.0913582634186123,2.096071720123291,,,,MAM
5,22,TweedieRegressor,-0.3285959475760995,-0.2959968103673076,3.1063467660581336,0.1429080963134765,,,,MAM
5,22,RANSACRegressor,-0.3712685807120488,-0.3376224050675329,3.1558382520551227,0.5548663139343262,,,,MAM
5,22,ElasticNet,-0.8300965030141869,-0.7851922812935552,3.645780090113967,0.1148929595947265,,,,MAM
5,22,AdaBoostRegressor,-0.8314308441615335,-0.786493882336414,3.6471089347885193,17.72188401222229,,,,MAM
5,22,LassoLars,-1.3996410083696549,-1.3407621395710536,4.1747128710606,0.1109950542449951,,,,MAM
5,22,Lasso,-1.3997422371441348,-1.3408608845424523,4.174800925192346,0.2152626514434814,,,,MAM
5,22,LarsCV,-1.639741151297164,-1.5749710576175715,4.378588626987553,0.3962793350219726,,,,MAM
5,22,DummyRegressor,-5.092863869649221,-4.943366119303412,6.652183348358503,0.0729908943176269,,,,MAM
5,22,PassiveAggressiveRegressor,-5.731519156911844,-5.566351020564498,6.992138405723446,0.2524609565734863,,,,MAM
5,22,QuantileRegressor,-10.935031415383806,-10.642187133108848,9.310333900639291,116.63471508026124,,,,MAM
5,22,Lars,-2.4981202806363505e+21,-2.4368250720056875e+21,134697689391.33452,0.1198458671569824,,,,MAM
5,22,CatBoostRegressor,0.4798602569361988,0.4939096497560494,2.095485461085793,15.111558675765991,0.4954,0.0302,0.4644,SON
5,22,LGBMRegressor,0.4613384128564612,0.4758880955824273,2.132468554448475,15.646350860595703,0.4814,0.063,0.4212,SON
5,22,HistGradientBoostingRegressor,0.4536245439216722,0.4683825844519992,2.1476832179446417,3.522136211395264,0.4726,0.0524,0.4178,SON
5,22,XGBRegressor,0.4349235915805683,0.4501867598752109,2.184128674852183,2.7250852584838867,0.4493,0.0141,0.4338,SON
5,22,ExtraTreesRegressor,0.4323307898660671,0.4476639918204651,2.1891337779627427,39.95124435424805,0.4515,0.0554,0.4079,SON
5,22,RandomForestRegressor,0.4115248269848885,0.4274200147313952,2.2288903563782245,119.70875358581544,,,,SON
5,22,GradientBoostingRegressor,0.4037367880408624,0.4198423369833362,2.243590746671744,51.23389673233032,,,,SON
5,22,KNeighborsRegressor,0.3804704951657838,0.3972044853923984,2.2869445237352903,0.5876190662384033,,,,SON
5,22,BaggingRegressor,0.3682706521269925,0.3853341699266837,2.3093521296130417,11.948421478271484,,,,SON
5,22,MLPRegressor,0.3618817619379098,0.3791178488003313,2.32100037828829,40.60959196090698,,,,SON
5,22,SGDRegressor,0.2480421206204233,0.2683531077585271,2.51954076698025,0.4974796772003174,,,,SON
5,22,ElasticNetCV,0.2276659519060746,0.2485273157501483,2.553449205355427,1.16562819480896,,,,SON
5,22,LassoCV,0.2272529346992944,0.2481254544703219,2.554131861717324,1.7071692943572998,,,,SON
5,22,BayesianRidge,0.2262126393127339,0.2471132582988846,2.55585050812983,0.1638433933258056,,,,SON
5,22,LassoLarsCV,0.2260510611623265,0.2469560445042805,2.556117343737728,0.3644487857818603,,,,SON
5,22,RidgeCV,0.2259052826332219,0.2468142035705,2.5563580634175644,0.1926002502441406,,,,SON
5,22,Ridge,0.2259052826326061,0.2468142035699008,2.5563580634185814,0.1000902652740478,,,,SON
5,22,LassoLarsIC,0.2258405551804035,0.2467512244582439,2.55646493863801,0.1766493320465088,,,,SON
5,22,LinearRegression,0.2258405400358316,0.246751209722739,2.556464963643561,0.131826639175415,,,,SON
5,22,TransformedTargetRegressor,0.2258405400358316,0.246751209722739,2.556464963643561,0.1341214179992675,,,,SON
5,22,HuberRegressor,0.2013511051570899,0.2229232541774567,2.596585216079265,1.839543104171753,,,,SON
5,22,PoissonRegressor,0.2000449313897556,0.2216523612141621,2.5987076793601545,0.1659464836120605,,,,SON
5,22,LinearSVR,0.167353077264524,0.1898435403636216,2.651276810265553,6.394109010696411,,,,SON
5,22,OrthogonalMatchingPursuitCV,0.1229716516321957,0.1466608927345675,2.7210182100305715,0.1998846530914306,,,,SON
5,22,OrthogonalMatchingPursuit,0.0345589211210278,0.0606362611867865,2.8548777736689237,0.08489990234375,,,,SON
5,22,LarsCV,0.0089753723511556,0.0357437446465926,2.892456632240961,0.4360139369964599,,,,SON
5,22,GammaRegressor,-0.143333526597271,-0.1124511684358799,3.106784300859147,0.1161153316497802,,,,SON
5,22,ExtraTreeRegressor,-0.188843190373424,-0.1567315795890276,3.168012742880336,0.4512522220611572,,,,SON
5,22,DecisionTreeRegressor,-0.2074185543427158,-0.17480520803694,3.192666499358299,1.9551756381988523,,,,SON
5,22,TweedieRegressor,-0.3132351516874179,-0.2777636139767732,3.329629280932498,0.1176083087921142,,,,SON
5,22,AdaBoostRegressor,-0.367152159251457,-0.3302242797998869,3.39729342740294,18.006367444992065,,,,SON
5,22,ElasticNet,-0.9953627451910728,-0.9414663925298492,4.104266589080365,0.0920355319976806,,,,SON
5,22,RANSACRegressor,-1.053976123844511,-0.9984965766818436,4.164111290542215,0.4868743419647217,,,,SON
5,22,PassiveAggressiveRegressor,-1.1685998167366765,-1.1100241914346651,4.278724667886238,0.1880106925964355,,,,SON
5,22,LassoLars,-1.5156188440163103,-1.4476699556725323,4.608366938087874,0.0667886734008789,,,,SON
5,22,Lasso,-1.5156270437867634,-1.44767793396059,4.608374448669287,0.1073017120361328,,,,SON
5,22,DummyRegressor,-3.927240170108908,-3.7941514500279343,6.44950670259304,0.0607912540435791,,,,SON
5,22,QuantileRegressor,-7.466496307476184,-7.237809432424306,8.45427740965704,119.89498686790466,,,,SON
5,22,Lars,-1.9017683367556387e+23,-1.8504000443462726e+23,1267078257700.3152,0.0845787525177002,,,,SON
6,16,CatBoostRegressor,0.4096756436434391,0.4156681083481639,2.544800989383808,9.036519050598145,0.3873,0.1498,0.0738,
6,16,LGBMRegressor,0.4018827386828152,0.4079543102504382,2.561542948000097,1.4848954677581787,0.3768,0.1512,0.0346,
6,16,HistGradientBoostingRegressor,0.4010111379259429,0.4070915572341613,2.563408660740941,4.954374551773071,0.3764,0.1539,0.0322,
6,16,XGBRegressor,0.3922350607150242,0.398404567204495,2.582119249128888,3.535454511642456,0.3695,0.158,0.0283,
6,16,ExtraTreesRegressor,0.3867782616217555,0.3930031608383179,2.5936850859845872,147.8135871887207,0.3652,0.1672,0.0224,
6,16,MLPRegressor,0.3821023504369156,0.3883747154787245,2.6035549331400185,79.84064149856567,,,,
6,16,GradientBoostingRegressor,0.3704854705498792,0.3768757601562982,2.6279152365588696,188.34293937683103,,,,
6,16,RandomForestRegressor,0.3700724860878771,0.3764669679570505,2.628777099288492,539.1241607666016,,,,
6,16,KNeighborsRegressor,0.3119931232960788,0.3189771768606347,2.747292264713641,3.367987632751465,,,,
6,16,BaggingRegressor,0.3097001274132711,0.3167074574981804,2.751866557507875,53.94224309921265,,,,
6,16,PoissonRegressor,0.2951475888083499,0.3023026437381094,2.7807219732286064,0.3388664722442627,,,,
6,16,ElasticNetCV,0.2927688437348974,0.2999480456369794,2.785410229381982,2.51587438583374,,,,
6,16,LassoCV,0.2922342282242365,0.2994188570827768,2.786462814656215,4.0359437465667725,,,,
6,16,BayesianRidge,0.2910931626422314,0.298289374616312,2.7887080887662905,0.4118146896362304,,,,
6,16,Ridge,0.2909418915606074,0.298139639108492,2.789005609092504,0.2163581848144531,,,,
6,16,RidgeCV,0.2909418915551067,0.2981396391030472,2.789005609103322,0.5457885265350342,,,,
6,16,LassoLarsCV,0.2909319401283016,0.2981297886945606,2.789025180480806,1.2802481651306152,,,,
6,16,LassoLarsIC,0.2909317391587711,0.2981295897650998,2.789025575724276,0.5148448944091797,,,,
6,16,LinearRegression,0.2909316778225187,0.2981295290514802,2.789025696353264,0.3214654922485351,,,,
6,16,TransformedTargetRegressor,0.2909316778225187,0.2981295290514802,2.789025696353264,0.3019998073577881,,,,
6,16,HuberRegressor,0.2857375397931803,0.2929881174402154,2.799222281833597,6.490793704986572,,,,
6,16,SGDRegressor,0.2839198452636107,0.2911888745808084,2.802781826318538,0.8971374034881592,,,,
6,16,LinearSVR,0.2735559396333856,0.2809301743991194,2.8229914474504207,15.955671787261965,,,,
6,16,GammaRegressor,0.2610353174922534,0.2685366508360044,2.8472153415494605,0.2494051456451416,,,,
6,16,LarsCV,0.2542965110559447,0.2618662509617607,2.8601681182125724,1.2901251316070557,,,,
6,16,TweedieRegressor,0.2328463278581306,0.240633811559097,2.9010128861786617,0.2265920639038086,,,,
6,16,ElasticNet,0.2000316853031917,0.2081522750079867,2.962407964605115,0.2292947769165039,,,,
6,16,OrthogonalMatchingPursuit,0.1781627305094782,0.1865053150181796,3.002627030395822,0.1976161003112793,,,,
6,16,OrthogonalMatchingPursuitCV,0.1692483999336712,0.1776814750527745,3.0188676045624705,0.9381017684936525,,,,
6,16,Lasso,0.0891211126317736,0.0983675709966666,3.161104054478293,0.2344503402709961,,,,
6,16,LassoLars,0.0891116956997817,0.0983582496572619,3.1611203946445743,0.2349131107330322,,,,
6,16,QuantileRegressor,-0.0748629573135999,-0.0639518738308315,3.4338792695826483,725.5739476680756,,,,
6,16,RANSACRegressor,-0.1777338317156469,-0.1657784916689058,3.5944467094034445,0.7257452011108398,,,,
6,16,DecisionTreeRegressor,-0.2717520865221781,-0.2588423540851157,3.735164241467916,8.863278150558472,,,,
6,16,ExtraTreeRegressor,-0.2844955893885148,-0.2714564958801722,3.753831570432169,1.6296298503875732,,,,
6,16,DummyRegressor,-0.4211498910487505,-0.4067236007042449,3.948466128962562,0.1443955898284912,,,,
6,16,AdaBoostRegressor,-0.7362825367804913,-0.7186572910879305,4.364340963345062,56.58348608016968,,,,
6,16,PassiveAggressiveRegressor,-1.3718775726411825,-1.3478003132753231,5.100991597255023,0.5385379791259766,,,,
6,16,Lars,-2.0723771278377957e+23,-2.051340139172625e+23,1507796979758.9094,0.1979308128356933,,,,
6,16,CatBoostRegressor,0.1753266799852288,0.2066169830212024,3.0988416618419583,6.050895929336548,0.1848,0.1331,0.0556,DJF
6,16,HistGradientBoostingRegressor,0.1664346649985326,0.1980623547751482,3.1155034514306026,2.8299269676208496,0.1761,0.1479,0.0456,DJF
6,16,LGBMRegressor,0.1622456304035026,0.1940322633139937,3.1233220323872573,0.6389815807342529,0.1713,0.1483,0.0503,DJF
6,16,GradientBoostingRegressor,0.1470319136550341,0.179395795514666,3.151554379021032,50.47997736930847,0.155,0.132,0.0512,DJF
6,16,MLPRegressor,0.1454775883104364,0.1779004454150151,3.154424539908594,30.3572051525116,0.155,0.1179,0.0246,DJF
6,16,RandomForestRegressor,0.1411137367788018,0.1737021700376162,3.1624687472108066,122.45416116714478,,,,DJF
6,16,XGBRegressor,0.1393610485206724,0.1720159834418948,3.1656938523356835,1.7195563316345217,,,,DJF
6,16,PoissonRegressor,0.1382548987729657,0.1709518039628615,3.167727577981432,0.1621825695037841,,,,DJF
6,16,ExtraTreesRegressor,0.129380888136353,0.1624144969338776,3.1839959907791133,38.16535449028015,,,,DJF
6,16,ElasticNetCV,0.1261954852351707,0.1593499567060117,3.189815441411053,1.2221474647521973,,,,DJF
6,16,LassoCV,0.1250751899484598,0.1582721684074136,3.191859600304783,0.985326051712036,,,,DJF
6,16,BayesianRidge,0.1240123685053868,0.1572496732416918,3.193797679545432,0.1200261116027832,,,,DJF
6,16,RidgeCV,0.1239936518374148,0.1572316667339716,3.1938317992802814,0.1499731540679931,,,,DJF
6,16,Ridge,0.1239017037849806,0.1571432074356349,3.1939994115976758,0.0489611625671386,,,,DJF
6,16,LinearRegression,0.1238913539602316,0.1571332503108131,3.1940182777663866,0.0836157798767089,,,,DJF
6,16,TransformedTargetRegressor,0.1238913539602316,0.1571332503108131,3.1940182777663866,0.0837800502777099,,,,DJF
6,16,LassoLarsCV,0.1238681276155808,0.157110905235563,3.1940606154821505,0.363133430480957,,,,DJF
6,16,LassoLarsIC,0.1238597044771543,0.1571028016934511,3.1940759693066667,0.1371965408325195,,,,DJF
6,16,SGDRegressor,0.1187019625815438,0.1521407582677416,3.2034637609374057,0.2349452972412109,,,,DJF
6,16,KNeighborsRegressor,0.0830293788119086,0.1178216873730082,3.2676544534068896,0.3978035449981689,,,,DJF
6,16,BaggingRegressor,0.0829687720001985,0.1177633801452163,3.267762438789052,12.195639610290527,,,,DJF
6,16,HuberRegressor,0.0737728056093318,0.1089163332211194,3.2841060878806663,1.6420633792877195,,,,DJF
6,16,OrthogonalMatchingPursuitCV,0.0530210795691995,0.0889519829582266,3.320691800672797,0.1993458271026611,,,,DJF
6,16,LinearSVR,0.0475113263349811,0.0836512844420012,3.330338085406337,3.958475828170776,,,,DJF
6,16,OrthogonalMatchingPursuit,0.0144635564348281,0.05185743498494,3.38762054545184,0.0950431823730468,,,,DJF
6,16,GammaRegressor,-0.034104116581467,0.0051325488874756,3.47008847105306,0.053718090057373,,,,DJF
6,16,TweedieRegressor,-0.0900427973037754,-0.0486836692441885,3.562707669619746,0.0534224510192871,,,,DJF
6,16,PassiveAggressiveRegressor,-0.0982860245257464,-0.0566141264619532,3.576153423810813,0.1326332092285156,,,,DJF
6,16,LarsCV,-0.259629438657148,-0.2118357415748784,3.829832805406749,0.3550062179565429,,,,DJF
6,16,ElasticNet,-0.2841421435626767,-0.235418369144194,3.866918006533682,0.0607831478118896,,,,DJF
6,16,Lasso,-0.4519278875368246,-0.3968378749405707,4.111790107958843,0.0628392696380615,,,,DJF
6,16,LassoLars,-0.4519302668203304,-0.3968401639477208,4.111793476965823,0.0573716163635253,,,,DJF
6,16,DecisionTreeRegressor,-0.5663664155164017,-0.5069343002565043,4.270759300664497,1.971973419189453,,,,DJF
6,16,ExtraTreeRegressor,-0.6295306983997344,-0.5677019619511778,4.356018215354719,0.4106509685516357,,,,DJF
6,16,AdaBoostRegressor,-0.6381563492123059,-0.5760003325895793,4.36753192939405,17.676817417144775,,,,DJF
6,16,RANSACRegressor,-1.477021328571705,-1.3830365395449542,5.370605929318114,0.2884838581085205,,,,DJF
6,16,DummyRegressor,-1.7713427344798696,-1.6661906071176484,5.6807219573108485,0.0338101387023925,,,,DJF
6,16,QuantileRegressor,-3.68135865485912,-3.503735434396506,7.383195555017543,133.1873960494995,,,,DJF
6,16,Lars,-6.867356776756862e+20,-6.606790963136239e+20,89423820243.33777,0.0607516765594482,,,,DJF
6,16,CatBoostRegressor,0.5905525848873108,0.6080669705147548,1.720664808419773,5.5535643100738525,0.5695,0.0411,0.5225,JJA
6,16,ExtraTreesRegressor,0.5690803062073465,0.5875131828429638,1.76520594284315,39.85924935340881,0.5473,0.026,0.5178,JJA
6,16,LGBMRegressor,0.566939896493559,0.5854643305789107,1.7695844661373692,0.6742780208587646,0.5458,0.0453,0.4944,JJA
6,16,XGBRegressor,0.5665393783972665,0.5850809449106915,1.7704025821432072,1.6846740245819092,0.5448,0.0582,0.4778,JJA
6,16,RandomForestRegressor,0.5595340616136869,0.578375285213862,1.784651307314388,126.94504570961,0.5382,0.0435,0.4895,JJA
6,16,HistGradientBoostingRegressor,0.5544945637902011,0.5735513552630538,1.7948316262738002,2.572969675064087,,,,JJA
6,16,MLPRegressor,0.5226952972313288,0.5431123234904449,1.857783350093796,30.81533694267273,,,,JJA
6,16,BaggingRegressor,0.5074085044426182,0.5284794334350917,1.887298802821139,12.564022064208984,,,,JJA
6,16,GradientBoostingRegressor,0.4909173721214948,0.5126937202721913,1.918630518490112,50.566739320755005,,,,JJA
6,16,KNeighborsRegressor,0.4545379228876617,0.4778704261861933,1.98600112688247,0.3731317520141601,,,,JJA
6,16,LinearRegression,0.2099613227030726,0.2437557528155838,2.390129247160869,0.0853133201599121,,,,JJA
6,16,TransformedTargetRegressor,0.2099613227030726,0.2437557528155838,2.390129247160869,0.0919115543365478,,,,JJA
6,16,RidgeCV,0.2099601253338591,0.2437546066646351,2.3901310583798483,0.123842716217041,,,,JJA
6,16,Ridge,0.2099601253245226,0.2437546066556981,2.390131058393971,0.0472257137298584,,,,JJA
6,16,BayesianRidge,0.2099493146507238,0.2437442584156643,2.3901474112640253,0.1242818832397461,,,,JJA
6,16,LassoLarsIC,0.209882999319415,0.2436807797667785,2.390247721341857,0.131716251373291,,,,JJA
6,16,LassoLarsCV,0.2095898112322061,0.2434001329950871,2.390691153870352,0.3538789749145508,,,,JJA
6,16,SGDRegressor,0.2060956408392965,0.2400554280657525,2.3959695970422925,0.3035061359405517,,,,JJA
6,16,LassoCV,0.2041984249215562,0.2382393668212996,2.398830747201792,1.5288527011871338,,,,JJA
6,16,ElasticNetCV,0.2015888292196899,0.2357413983120035,2.402760655776908,0.9058058261871338,,,,JJA
6,16,PoissonRegressor,0.1693150551324482,0.2048481563862885,2.4508423676266817,0.1070547103881836,,,,JJA
6,16,HuberRegressor,0.1168001604181643,0.154579621236779,2.527124861894312,1.196223497390747,,,,JJA
6,16,LinearSVR,0.088367883640172,0.1273635540167806,2.5674796970410374,3.581151962280273,,,,JJA
6,16,GammaRegressor,0.0294501342318257,0.070966050543202,2.649147480489467,0.0837156772613525,,,,JJA
6,16,OrthogonalMatchingPursuitCV,-0.0081129010057821,0.035009799132298,2.6999255944533567,0.1623847484588623,,,,JJA
6,16,DecisionTreeRegressor,-0.0247625180165445,0.0190723805678134,2.722129773417101,2.1153459548950195,,,,JJA
6,16,PassiveAggressiveRegressor,-0.0586280958542348,-0.0133445746437399,2.7667436227022018,0.1763978004455566,,,,JJA
6,16,OrthogonalMatchingPursuit,-0.1016508279067769,-0.0545269807054413,2.8224040861051978,0.062943696975708,,,,JJA
6,16,TweedieRegressor,-0.1674244203623685,-0.1174870639780465,2.9054378938453618,0.058530569076538,,,,JJA
6,16,ExtraTreeRegressor,-0.1784760951435804,-0.1280659960167161,2.9191579761831856,0.4523565769195556,,,,JJA
6,16,ElasticNet,-0.3480770977528864,-0.2904122028870308,3.122155826881568,0.0777289867401123,,,,JJA
6,16,Lasso,-0.675995178922173,-0.6043033699378595,3.481237011182851,0.1471991539001464,,,,JJA
6,16,LassoLars,-0.6759990365198822,-0.6043070625242597,3.481241017520208,0.0623397827148437,,,,JJA
6,16,RANSACRegressor,-0.8299083903205551,-0.7516328413049418,3.637574391944676,0.2917609214782715,,,,JJA
6,16,AdaBoostRegressor,-1.0768660009308748,-0.9880266757959988,3.875265375324403,17.21421194076538,,,,JJA
6,16,LarsCV,-2.1178924988527474,-1.9845225725710232,4.748186601604344,0.3456578254699707,,,,JJA
6,16,DummyRegressor,-3.266426457243427,-3.083927226657919,5.5543001060513975,0.0386202335357666,,,,JJA
6,16,QuantileRegressor,-7.244047191875788,-6.8914025876605685,7.720891406625416,134.0959632396698,,,,JJA
6,16,Lars,-3.324692387384398e+25,-3.1824764582662446e+25,15505041897226.852,0.0522654056549072,,,,JJA
6,16,CatBoostRegressor,0.3486954663130431,0.377485941770718,2.413751668355851,5.953504800796509,0.3702,0.0715,0.3026,MAM
6,16,HistGradientBoostingRegressor,0.338594138237088,0.3678311360556843,2.4323975433117284,2.8811511993408203,0.3608,0.0574,0.3022,MAM
6,16,LGBMRegressor,0.3376017110021958,0.3668825783940437,2.434221742985601,0.6592345237731934,0.3595,0.0639,0.2926,MAM
6,16,ExtraTreesRegressor,0.3098363556051846,0.3403445717130103,2.4847149639274826,39.22204947471619,0.3324,0.0704,0.2567,MAM
6,16,GradientBoostingRegressor,0.3051321613131545,0.3358483231411585,2.4931685619463866,51.7259304523468,0.3287,0.0453,0.2766,MAM
6,16,XGBRegressor,0.3044450040401852,0.3351915411896858,2.4944010089506183,1.6546852588653564,,,,MAM
6,16,RandomForestRegressor,0.2890509355033754,0.3204779570184521,2.521853070409546,125.17024612426758,,,,MAM
6,16,MLPRegressor,0.2362977292234493,0.2700566704660276,2.613741161808656,31.09561443328857,,,,MAM
6,16,BaggingRegressor,0.226218454033882,0.2604229428044864,2.630932587632629,12.623165130615234,,,,MAM
6,16,KNeighborsRegressor,0.2032795988122618,0.2384980841299908,2.669644945297597,0.3889784812927246,,,,MAM
6,16,SGDRegressor,0.1696459405215566,0.2063511789071459,2.7254121828897566,0.275768518447876,,,,MAM
6,16,LinearRegression,0.1665831344502263,0.20342376210223,2.7304339718369817,0.1007821559906005,,,,MAM
6,16,TransformedTargetRegressor,0.1665831344502263,0.20342376210223,2.7304339718369817,0.0878610610961914,,,,MAM
6,16,LassoLarsIC,0.166583035073199,0.2034236671180969,2.7304341346261056,0.1441016197204589,,,,MAM
6,16,LassoLarsCV,0.1665826556149622,0.2034233044335541,2.7304347562150872,0.3576414585113525,,,,MAM
6,16,Ridge,0.1665418626677239,0.2033843147108991,2.7305015781493696,0.0553264617919921,,,,MAM
6,16,BayesianRidge,0.1662134965939128,0.2030704638368144,2.7310394070749657,0.124699592590332,,,,MAM
6,16,RidgeCV,0.1661813447097498,0.2030397332048984,2.7310920627702906,0.1149578094482421,,,,MAM
6,16,LassoCV,0.1565067512389462,0.1937927985810359,2.7468904645645185,1.308566331863403,,,,MAM
6,16,ElasticNetCV,0.1536757595239727,0.1910869489359777,2.751496257283752,0.8611946105957031,,,,MAM
6,16,HuberRegressor,0.1333742407531664,0.1716828450420735,2.7843019603873205,1.6388309001922607,,,,MAM
6,16,PoissonRegressor,0.1024941660494105,0.1421678031100947,2.8334736382274204,0.158226728439331,,,,MAM
6,16,LinearSVR,0.0844872621997457,0.1249568822400319,2.861756855707009,3.402262687683105,,,,MAM
6,16,OrthogonalMatchingPursuitCV,-0.0457545668543524,0.0004723049614095,3.058548849775376,0.213733434677124,,,,MAM
6,16,OrthogonalMatchingPursuit,-0.1305819078768346,-0.0806053009471121,3.180178901792081,0.0685992240905761,,,,MAM
6,16,GammaRegressor,-0.1494524059206581,-0.0986416414153246,3.206609191782257,0.0631446838378906,,,,MAM
6,16,TweedieRegressor,-0.3094287321240137,-0.2515463225507519,3.4224843382699595,0.055657148361206,,,,MAM
6,16,DecisionTreeRegressor,-0.3097870681264079,-0.2518888185530403,3.422952601808801,2.091615438461304,,,,MAM
6,16,ExtraTreeRegressor,-0.425001007955619,-0.3620098042640642,3.5703280513846924,0.4509377479553222,,,,MAM
6,16,ElasticNet,-0.5216922351297839,-0.4544268612782709,3.6894697047331206,0.0706837177276611,,,,MAM
6,16,Lasso,-0.80344022025385,-0.7237203676886013,4.016533669256577,0.0644257068634033,,,,MAM
6,16,LassoLars,-0.803459985658453,-0.723739259376891,4.01655567946647,0.0561757087707519,,,,MAM
6,16,AdaBoostRegressor,-0.8630675355014976,-0.7807118978810976,4.082393232892069,17.179880619049072,,,,MAM
6,16,PassiveAggressiveRegressor,-0.8920871387990148,-0.8084487092843238,4.114064565469613,0.1520721912384033,,,,MAM
6,16,RANSACRegressor,-0.9552208192467416,-0.8687916081798426,4.182138803798564,0.2759959697723388,,,,MAM
6,16,LarsCV,-1.180182388225243,-1.0838089034805125,4.416181863557379,0.4218480587005615,,,,MAM
6,16,DummyRegressor,-3.4808466552163297,-3.2827738659385943,6.331120465378953,0.0346841812133789,,,,MAM
6,16,QuantileRegressor,-7.300299123436059,-6.9333900266240525,8.616827683163942,134.2406771183014,,,,MAM
6,16,Lars,-1.817509961783265e+18,-1.737168165830174e+18,4032170948.890107,0.0826468467712402,,,,MAM
6,16,LGBMRegressor,0.3660989749847748,0.3903967144444725,2.717221309587626,0.6480238437652588,0.3966,0.1195,0.2961,SON
6,16,CatBoostRegressor,0.3660455520942515,0.3903453392797359,2.7173358059778523,6.138502836227417,0.3934,0.101,0.3169,SON
6,16,HistGradientBoostingRegressor,0.3618228383713998,0.38628448426006,2.7263707507622854,2.674535751342773,0.3917,0.1105,0.2982,SON
6,16,ExtraTreesRegressor,0.3589872532007429,0.3835575884698796,2.732421020510864,39.51960277557373,0.3884,0.1208,0.295,SON
6,16,RandomForestRegressor,0.3503985005855435,0.3752980469855866,2.750665587383719,122.968763589859,0.3793,0.11,0.2938,SON
6,16,GradientBoostingRegressor,0.3498942141244449,0.3748130900736782,2.7517330528329267,51.73627996444702,,,,SON
6,16,MLPRegressor,0.3389616245041008,0.3642995520145909,2.774774029542668,30.729138374328613,,,,SON
6,16,XGBRegressor,0.3232968487549867,0.3492352148589268,2.80745875255717,1.747600793838501,,,,SON
6,16,KNeighborsRegressor,0.2809133791982749,0.3084763246293462,2.8940423964297977,0.400846004486084,,,,SON
6,16,BaggingRegressor,0.2649106350044022,0.29308697352638,2.9260675956765057,12.623310804367064,,,,SON
6,16,BayesianRidge,0.2555344830329968,0.2840702140922091,2.944669635312467,0.1847658157348632,,,,SON
6,16,RidgeCV,0.2548729197000522,0.2834340088086533,2.945977723342413,0.1264083385467529,,,,SON
6,16,Ridge,0.2548729196938878,0.2834340088027252,2.945977723354599,0.0707166194915771,,,,SON
6,16,LassoCV,0.2548320659869653,0.2833947210385722,2.9460584830424748,1.090949535369873,,,,SON
6,16,LassoLarsIC,0.2547719107313583,0.2833368715636316,2.9461773940399176,0.1492195129394531,,,,SON
6,16,LassoLarsCV,0.2547719107313583,0.2833368715636316,2.9461773940399176,0.3742096424102783,,,,SON
6,16,TransformedTargetRegressor,0.2547717828212688,0.283336748556399,2.946177646879151,0.1121053695678711,,,,SON
6,16,LinearRegression,0.2547717828212688,0.283336748556399,2.946177646879151,0.1050000190734863,,,,SON
6,16,ElasticNetCV,0.2538191423895736,0.2824206233030908,2.948060124960833,1.1596386432647705,,,,SON
6,16,PoissonRegressor,0.2316535574120929,0.2611046561484267,2.991526313558889,0.1041154861450195,,,,SON
6,16,HuberRegressor,0.2296528153500724,0.259180603518085,2.9954186861322603,1.1824517250061035,,,,SON
6,16,SGDRegressor,0.2243230857860421,0.2540551651213301,3.005762887722374,0.2739574909210205,,,,SON
6,16,OrthogonalMatchingPursuitCV,0.1929350938417566,0.2238702904151135,3.065974344376005,0.2158396244049072,,,,SON
6,16,LinearSVR,0.1874079834135453,0.2185550368602152,3.0764549540015613,4.0217366218566895,,,,SON
6,16,OrthogonalMatchingPursuit,0.1511874608811991,0.1837228648508295,3.144272505588601,0.0458741188049316,,,,SON
6,16,GammaRegressor,0.0861437217071928,0.1211722843334077,3.262520391207717,0.0644035339355468,,,,SON
6,16,PassiveAggressiveRegressor,0.0753150584047432,0.1107586890451066,3.281792948038486,0.1168906688690185,,,,SON
6,16,TweedieRegressor,0.0155762570166587,0.0533097054274341,3.38614323308076,0.0656590461730957,,,,SON
6,16,ElasticNet,-0.0937515754525801,-0.051827537211212,3.569222570405408,0.110084056854248,,,,SON
6,16,ExtraTreeRegressor,-0.3063580126497989,-0.2562846646351131,3.9007255189859342,0.4547672271728515,,,,SON
6,16,Lasso,-0.319005154887866,-0.2684470356630331,3.9195619342281742,0.062974214553833,,,,SON
6,16,LassoLars,-0.3190431916875331,-0.2684836144933773,3.919618448987313,0.0581343173980712,,,,SON
6,16,DecisionTreeRegressor,-0.455394797130592,-0.3996087955370002,4.117225878691891,2.142584800720215,,,,SON
6,16,RANSACRegressor,-0.4606396473903165,-0.4046526080951169,4.124637892700148,0.289607286453247,,,,SON
6,16,LarsCV,-0.5727265321084287,-0.512443147146862,4.279971642672262,0.337101936340332,,,,SON
6,16,AdaBoostRegressor,-0.5867628707928927,-0.5259414660350732,4.299028257045304,18.673604249954224,,,,SON
6,16,DummyRegressor,-1.4725772067531937,-1.3778021008725343,5.366476297836965,0.0667052268981933,,,,SON
6,16,QuantileRegressor,-3.120165818112346,-2.962237826787767,6.927421804277643,135.33766674995422,,,,SON
6,16,Lars,-2.412737603816227e+22,-2.3202561794791487e+22,530114070170.55817,0.0539021492004394,,,,SON
7,9,HistGradientBoostingRegressor,0.3048209421286589,0.3147237777108718,2.3580694857892617,2.996752977371216,0.2556,0.1909,-0.0657,
7,9,GradientBoostingRegressor,0.3024689385233615,0.3124052784304362,2.362055152989234,106.90645337104796,0.2584,0.1837,-0.0477,
7,9,LGBMRegressor,0.2995090474525177,0.3094875510500602,2.3670613994583314,2.291932821273804,0.2484,0.1927,-0.0845,
7,9,CatBoostRegressor,0.297557480127449,0.3075637838293371,2.3703564218095416,11.37683367729187,0.2522,0.208,-0.1022,
7,9,ExtraTreesRegressor,0.2916010181660967,0.3016921717534743,2.3803850951933647,81.4045000076294,0.2452,0.2128,-0.1254,
7,9,MLPRegressor,0.2758574303427613,0.2861728515629499,2.4066907983206223,53.99165081977844,,,,
7,9,RandomForestRegressor,0.2721405388160149,0.2825089072089493,2.412859444929805,296.28386211395264,,,,
7,9,XGBRegressor,0.2706974856613248,0.281086410367004,2.415250126464688,2.72596287727356,,,,
7,9,PoissonRegressor,0.2369931520034994,0.247862195422253,2.4704295642001446,0.230520486831665,,,,
7,9,KNeighborsRegressor,0.2217708711029657,0.2328567561299891,2.4949508770839155,1.511876344680786,,,,
7,9,GammaRegressor,0.2094322722153926,0.2206939207593329,2.5146514614830173,0.1617970466613769,,,,
7,9,BaggingRegressor,0.2049718046438994,0.216296992611935,2.5217354494683306,29.911776065826416,,,,
7,9,HuberRegressor,0.190831164675982,0.2023577862617942,2.5440628256356828,3.682049036026001,,,,
7,9,BayesianRidge,0.1851160355362355,0.1967240692180556,2.553031327618484,0.2870769500732422,,,,
7,9,LassoLarsIC,0.1850453763829355,0.1966544166054008,2.553142012777016,0.2494394779205322,,,,
7,9,Ridge,0.184976722066038,0.1965867402702255,2.553249552831568,0.1426401138305664,,,,
7,9,RidgeCV,0.1849767220618312,0.1965867402660787,2.553249552838157,0.3166298866271972,,,,
7,9,LassoLarsCV,0.1849625372853302,0.1965727575519209,2.5532717712935424,0.6162819862365723,,,,
7,9,TransformedTargetRegressor,0.1849624887409358,0.1965727096990421,2.5532718473311697,0.2126650810241699,,,,
7,9,LinearRegression,0.1849624887409358,0.1965727096990421,2.5532718473311697,0.1788086891174316,,,,
7,9,LassoCV,0.1842147087877559,0.1958355818819475,2.5544428656858087,1.845909595489502,,,,
7,9,ElasticNetCV,0.183894705800802,0.1955201373421011,2.554943824215935,1.7794835567474363,,,,
7,9,LinearSVR,0.1800438808880213,0.1917241674850581,2.56096453177422,8.912272691726685,,,,
7,9,SGDRegressor,0.1716903036769584,0.1834895871003636,2.5739768153715548,0.772406816482544,,,,
7,9,TweedieRegressor,0.1635952969487041,0.1755098938582667,2.5865238729204822,0.1653723716735839,,,,
7,9,LarsCV,0.1616216428391562,0.1735643544796241,2.589573769403408,0.705070972442627,,,,
7,9,ElasticNet,0.0657144567436542,0.0790233676162518,2.7336824994642765,0.1878080368041992,,,,
7,9,OrthogonalMatchingPursuit,-0.013324550695559,0.0011102719639217,2.846967703799676,0.0927305221557617,,,,
7,9,OrthogonalMatchingPursuitCV,-0.0346359063129821,-0.0198975030891506,2.8767494001832783,0.3405876159667969,,,,
7,9,QuantileRegressor,-0.0848227474144887,-0.0693694319242537,2.945694132806499,245.03630352020264,,,,
7,9,Lasso,-0.0889151066197753,-0.0734034954143654,2.9512450355124025,0.0973141193389892,,,,
7,9,LassoLars,-0.0889157708493737,-0.0734041501820037,2.951245935630324,0.0843899250030517,,,,
7,9,PassiveAggressiveRegressor,-0.2835793160323474,-0.2652947103908609,3.20419997849814,0.3811089992523193,,,,
7,9,ExtraTreeRegressor,-0.4809190225887374,-0.4598233100162483,3.441707149259772,0.8908748626708984,,,,
7,9,DecisionTreeRegressor,-0.4922720284827377,-0.4710145921795647,3.4548743515162736,4.988001585006714,,,,
7,9,DummyRegressor,-0.5426288716758016,-0.5206541014240096,3.512683217148245,0.0959470272064209,,,,
7,9,AdaBoostRegressor,-0.7886651828612479,-0.7631856218518283,3.782446420056458,34.86258029937744,,,,
7,9,RANSACRegressor,-1.0049727557135175,-0.976411890247513,4.004630917004472,0.768909215927124,,,,
7,9,Lars,-3.5215987401718185e+36,-3.471433515952847e+36,5.307355674588123e+18,0.1254148483276367,,,,
7,9,GradientBoostingRegressor,-0.0259606334700981,0.0372835151684696,2.94027311598032,29.724531888961792,0.0313,0.052,-0.0281,DJF
7,9,HistGradientBoostingRegressor,-0.0414693407817337,0.0227308240609759,2.962412757117832,1.474858045578003,0.0157,0.101,-0.0918,DJF
7,9,LGBMRegressor,-0.0706009893535986,-0.004605037955089,3.00355884312522,1.620408058166504,-0.0114,0.1008,-0.121,DJF
7,9,PoissonRegressor,-0.080824292028226,-0.0141981370401846,3.017865449801276,0.0864500999450683,-0.0229,0.0187,-0.0435,DJF
7,9,CatBoostRegressor,-0.0864031913360519,-0.0194331315961582,3.0256440949436265,7.577757835388184,-0.0264,0.0913,-0.1252,DJF
7,9,KNeighborsRegressor,-0.0879890460214591,-0.0209212281160267,3.0278516004762897,0.1797659397125244,,,,DJF
7,9,RandomForestRegressor,-0.0900778657799663,-0.022881285012708,3.030756778396248,77.47135829925537,,,,DJF
7,9,ExtraTreesRegressor,-0.0999050229134537,-0.0321026584872818,3.0443874093455623,22.35285305976868,,,,DJF
7,9,BayesianRidge,-0.1287313776540053,-0.0591520461547858,3.084023108790398,0.0911118984222412,,,,DJF
7,9,Ridge,-0.1287370577398119,-0.0591573760983166,3.084030868605619,0.0467376708984375,,,,DJF
7,9,RidgeCV,-0.1287370577437829,-0.0591573761020429,3.084030868611044,0.0928661823272705,,,,DJF
7,9,LinearRegression,-0.1287399187567608,-0.059160060751207,3.084034777159402,0.0621035099029541,,,,DJF
7,9,TransformedTargetRegressor,-0.1287399187567608,-0.059160060751207,3.084034777159402,0.0713002681732177,,,,DJF
7,9,LassoLarsIC,-0.128739932883223,-0.0591600740068598,3.084034796458135,0.0890910625457763,,,,DJF
7,9,LassoLarsCV,-0.1294477947866297,-0.0598243005874539,3.085001683745411,0.1782786846160888,,,,DJF
7,9,SGDRegressor,-0.1328698879344885,-0.0630354427878419,3.089671743984033,0.2084176540374755,,,,DJF
7,9,ElasticNetCV,-0.1359646250250759,-0.065939408413941,3.093888998167283,0.5290606021881104,,,,DJF
7,9,LassoCV,-0.1370239466773328,-0.0669334294164014,3.0953312349301823,0.6852011680603027,,,,DJF
7,9,BaggingRegressor,-0.1560129038156015,-0.084751834402311,3.1210711225667995,6.732020854949951,,,,DJF
7,9,XGBRegressor,-0.1658638748902039,-0.0939955538353283,3.134341026035913,1.4578440189361572,,,,DJF
7,9,MLPRegressor,-0.1664493832386906,-0.0945449692034288,3.135127975749071,21.82229733467102,,,,DJF
7,9,HuberRegressor,-0.173233500015602,-0.1009108870009416,3.1442317734622214,0.8099405765533447,,,,DJF
7,9,LinearSVR,-0.1810907232305691,-0.1082837608396436,3.154742769852509,2.72280216217041,,,,DJF
7,9,OrthogonalMatchingPursuit,-0.2881433441323542,-0.2087372475762501,3.294613103700055,0.0416662693023681,,,,DJF
7,9,OrthogonalMatchingPursuitCV,-0.2881433441323542,-0.2087372475762501,3.294613103700055,0.1115016937255859,,,,DJF
7,9,GammaRegressor,-0.3601365505580503,-0.2762925166195402,3.3854279874967728,0.0536744594573974,,,,DJF
7,9,TweedieRegressor,-0.4851383719771569,-0.3935887463073322,3.5375760428084657,0.0672881603240966,,,,DJF
7,9,ElasticNet,-0.6987637420959785,-0.5940454292270483,3.7834571177902263,0.050391674041748,,,,DJF
7,9,Lasso,-0.7146826468431751,-0.608983031626815,3.8011429356606574,0.0413417816162109,,,,DJF
7,9,LassoLars,-0.7146857002920073,-0.6089858968493493,3.8011463201325055,0.0414106845855712,,,,DJF
7,9,AdaBoostRegressor,-0.7774930671576128,-0.66792157671639,3.870136494311409,11.62027621269226,,,,DJF
7,9,DecisionTreeRegressor,-0.8909466189878816,-0.7743814164475327,3.99173736213477,1.103379726409912,,,,DJF
7,9,ExtraTreeRegressor,-1.0685504472622285,-0.9410370635268852,4.174989455065454,0.2485558986663818,,,,DJF
7,9,RANSACRegressor,-1.1059553277995675,-0.9761361637571286,4.212567780596381,0.2611169815063476,,,,DJF
7,9,PassiveAggressiveRegressor,-1.5174162979845849,-1.36223310153348,4.605744522334336,0.1140444278717041,,,,DJF
7,9,DummyRegressor,-2.6857232662079427,-2.458521147058138,5.572931264277481,0.031787633895874,,,,DJF
7,9,QuantileRegressor,-5.432879929487879,-5.036332536574242,7.362495581407578,45.89962267875672,,,,DJF
7,9,LarsCV,-3.235015691219104e+25,-3.0355969157329947e+25,16510511204617.863,0.2098546028137207,,,,DJF
7,9,Lars,-3.2350167061930144e+25,-3.0355978681400203e+25,16510513794672.816,0.0537319183349609,,,,DJF
7,9,ExtraTreesRegressor,0.5304414316204313,0.5559917769373366,1.4543114016665757,22.4612090587616,0.5117,0.0657,0.4627,JJA
7,9,GradientBoostingRegressor,0.5187849682181884,0.5449695830067998,1.4722518765111452,28.96791410446167,0.5,0.0465,0.4609,JJA
7,9,HistGradientBoostingRegressor,0.5050035009860105,0.5319380142334464,1.49318489401162,3.2477331161499023,0.486,0.0738,0.4225,JJA
7,9,LGBMRegressor,0.5000770215511392,0.5272796019987798,1.500596999045862,1.1483232975006104,0.481,0.0555,0.4377,JJA
7,9,CatBoostRegressor,0.4997528361274586,0.5269730566525667,1.5010834668166753,6.498225212097168,0.4801,0.0795,0.4233,JJA
7,9,RandomForestRegressor,0.4896575430274915,0.5174270842170476,1.5161542027198684,66.47641944885254,,,,JJA
7,9,XGBRegressor,0.4819982610235761,0.5101845708832364,1.5274891458928443,1.4068272113800049,,,,JJA
7,9,BaggingRegressor,0.4260624551766566,0.4572924304088821,1.60784745232615,6.704983711242676,,,,JJA
7,9,MLPRegressor,0.410931394485397,0.4429847043380659,1.6289038989297775,22.75376868247986,,,,JJA
7,9,KNeighborsRegressor,0.3815968224415905,0.4152463302893879,1.6689694236857868,0.2266292572021484,,,,JJA
7,9,AdaBoostRegressor,0.2390823256507135,0.2804865521872527,1.8513194334119027,8.930653095245361,,,,JJA
7,9,GammaRegressor,0.1477423096512533,0.1941166700692626,1.959286691010032,0.0778369903564453,,,,JJA
7,9,PoissonRegressor,0.1139854405384612,0.1621966318029948,1.997712344619939,0.1246380805969238,,,,JJA
7,9,ElasticNetCV,0.0150911081748282,0.0686834904385922,2.106253079525824,0.4904108047485351,,,,JJA
7,9,SGDRegressor,0.0075594801025549,0.0615616849337339,2.1142910326620794,0.1260817050933838,,,,JJA
7,9,BayesianRidge,0.0048746832254312,0.0590229773667319,2.117148941014024,0.0852758884429931,,,,JJA
7,9,RidgeCV,0.0044160876895787,0.0585893356387553,2.1176367203936053,0.1000151634216308,,,,JJA
7,9,Ridge,0.0044160876804192,0.0585893356300941,2.117636720403347,0.0473878383636474,,,,JJA
7,9,LassoLarsCV,0.0043150196001113,0.0584937670221126,2.117744205088452,0.2387628555297851,,,,JJA
7,9,LassoLarsIC,0.0043150196001113,0.0584937670221126,2.117744205088452,0.1136636734008789,,,,JJA
7,9,LinearRegression,0.004314954892977,0.0584937058359227,2.117744273901962,0.1025123596191406,,,,JJA
7,9,TransformedTargetRegressor,0.004314954892977,0.0584937058359227,2.117744273901962,0.0717968940734863,,,,JJA
7,9,LassoCV,0.0032378228648942,0.0574751843776872,2.118889452092883,0.6218705177307129,,,,JJA
7,9,TweedieRegressor,-0.0627979132965346,-0.0049673134194558,2.187952405490859,0.0541658401489257,,,,JJA
7,9,HuberRegressor,-0.0635733911055627,-0.005700594733434,2.188750487198371,1.84028434753418,,,,JJA
7,9,DecisionTreeRegressor,-0.1028944337480837,-0.0428820401342218,2.2288430958445056,1.1041743755340576,,,,JJA
7,9,ExtraTreeRegressor,-0.1467818720069678,-0.0843814073874833,2.272756631343094,0.2679517269134521,,,,JJA
7,9,OrthogonalMatchingPursuitCV,-0.1626311310097101,-0.0993682520551308,2.288408213394338,0.1813259124755859,,,,JJA
7,9,LinearSVR,-0.2037038996497966,-0.1382061058357206,2.3284791732294607,3.2933950424194336,,,,JJA
7,9,ElasticNet,-0.2211642744716571,-0.1547163998027034,2.345306294964312,0.0789921283721923,,,,JJA
7,9,OrthogonalMatchingPursuit,-0.3106589117531251,-0.2393413167967881,2.429726366103033,0.0410282611846923,,,,JJA
7,9,Lasso,-0.4742114267032742,-0.3939943599540028,2.576869413363189,0.0548415184020996,,,,JJA
7,9,LassoLars,-0.4742585949789082,-0.394038961636646,2.5769106372718964,0.0697836875915527,,,,JJA
7,9,PassiveAggressiveRegressor,-0.5490357548312328,-0.4647472312914438,2.6414551748644564,0.1554632186889648,,,,JJA
7,9,RANSACRegressor,-0.7667664084035639,-0.6706303885992586,2.8209935342108805,0.325822114944458,,,,JJA
7,9,DummyRegressor,-4.615830013500735,-4.310252805994648,5.029438486926442,0.0404677391052246,,,,JJA
7,9,QuantileRegressor,-11.238449760536156,-10.572512349140595,7.424645606693113,47.276941537857056,,,,JJA
7,9,LarsCV,-760863698112712.4,-719462408614439.0,58541784.39910578,0.3166131973266601,,,,JJA
7,9,Lars,-821025639451568.0,-776350725575726.9,60812223.62977365,0.0479426383972168,,,,JJA
7,9,GradientBoostingRegressor,0.278807983624759,0.3187263609149015,2.1517846110431,29.46348237991333,0.2738,0.106,0.1586,MAM
7,9,ExtraTreesRegressor,0.2634102268794812,0.3041808785282184,2.174634052842934,22.14222526550293,0.25,0.0989,0.1714,MAM
7,9,CatBoostRegressor,0.2479889209546643,0.2896131504221183,2.1972802973304577,6.761191368103027,0.2267,0.0464,0.1971,MAM
7,9,LGBMRegressor,0.246824347162144,0.2885130364336121,2.198981007068967,1.0825583934783936,0.2315,0.0707,0.1694,MAM
7,9,RandomForestRegressor,0.2392311132809345,0.2813400922506245,2.21003785925553,65.91212964057922,0.2213,0.0981,0.1616,MAM
7,9,HistGradientBoostingRegressor,0.1898299533355596,0.2346733138520416,2.280664661542728,1.6721272468566897,,,,MAM
7,9,BaggingRegressor,0.1670424217295835,0.2131470847334811,2.3125162005476625,6.677177667617798,,,,MAM
7,9,KNeighborsRegressor,0.1539883044301639,0.2008155200521106,2.3305666392933757,0.1964356899261474,,,,MAM
7,9,XGBRegressor,0.1062874918901908,0.1557549738888887,2.395368091949132,1.3990778923034668,,,,MAM
7,9,MLPRegressor,0.0469753646665033,0.099725805736623,2.473576837832477,22.29981541633606,,,,MAM
7,9,PoissonRegressor,-0.007662390120068,0.048112280919788,2.5434948737743315,0.0794425010681152,,,,MAM
7,9,GammaRegressor,-0.0624604923480438,-0.0036527160188162,2.6117387754854544,0.0527071952819824,,,,MAM
7,9,ElasticNetCV,-0.1478495306990381,-0.0843154238337777,2.714662367736856,0.5086514949798584,,,,MAM
7,9,SGDRegressor,-0.1491609836947196,-0.0855542871802517,2.716212717187824,0.1916637420654297,,,,MAM
7,9,LassoCV,-0.1569213543312901,-0.09288511700668,2.725368679953963,0.5072314739227295,,,,MAM
7,9,BayesianRidge,-0.1695843496366436,-0.1048472085128442,2.7402432471352705,0.1002302169799804,,,,MAM
7,9,LassoLarsIC,-0.1697363502198703,-0.104990795779656,2.740421303997926,0.0939638614654541,,,,MAM
7,9,LassoLarsCV,-0.1706851748682349,-0.1058871024585541,2.741532516885095,0.2547821998596191,,,,MAM
7,9,Ridge,-0.1707836770313235,-0.1059801524723942,2.7416478515662925,0.0487074851989746,,,,MAM
7,9,RidgeCV,-0.170783677043782,-0.105980152484163,2.7416478515808795,0.1023964881896972,,,,MAM
7,9,TransformedTargetRegressor,-0.1709679083121946,-0.106154186449896,2.7418635521421906,0.0697062015533447,,,,MAM
7,9,LinearRegression,-0.1709679083121946,-0.106154186449896,2.7418635521421906,0.0616388320922851,,,,MAM
7,9,TweedieRegressor,-0.2280712220541425,-0.1600968001692269,2.807922515339404,0.0552320480346679,,,,MAM
7,9,LarsCV,-0.241284981056699,-0.1725791702971031,2.822988392073809,0.2318294048309326,,,,MAM
7,9,HuberRegressor,-0.2562467825329375,-0.1867128277801919,2.8399508455781097,1.088223934173584,,,,MAM
7,9,LinearSVR,-0.2818333925724559,-0.2108832047916926,2.868726416117876,3.2126827239990234,,,,MAM
7,9,OrthogonalMatchingPursuitCV,-0.4122626815989418,-0.3340931604772292,3.0111409399261806,0.1695318222045898,,,,MAM
7,9,ExtraTreeRegressor,-0.508638197189806,-0.4251342379357576,3.1121884866553966,0.2610301971435547,,,,MAM
7,9,AdaBoostRegressor,-0.5090212119004731,-0.4254960525701885,3.11258352448724,10.686212539672852,,,,MAM
7,9,PassiveAggressiveRegressor,-0.5350325119670858,-0.4500676127807157,3.1392950204295165,0.1166520118713378,,,,MAM
7,9,DecisionTreeRegressor,-0.5531704046498076,-0.4672015630640249,3.1577874566888795,1.1119229793548584,,,,MAM
7,9,ElasticNet,-0.5940462610220856,-0.5058149181610845,3.199070437294389,0.0461416244506835,,,,MAM
7,9,OrthogonalMatchingPursuit,-0.6425344339942318,-0.5516192439207503,3.247361096052426,0.0412907600402832,,,,MAM
7,9,LassoLars,-1.044879738580359,-0.9316945131976822,3.6233244777323206,0.0417807102203369,,,,MAM
7,9,Lasso,-1.0448849542006564,-0.9316994401305094,3.623329098510815,0.0469405651092529,,,,MAM
7,9,RANSACRegressor,-1.777981036342145,-1.6242182483527277,4.22316432569499,0.2658076286315918,,,,MAM
7,9,DummyRegressor,-4.829026892381173,-4.506387027489226,6.117463284513223,0.0349173545837402,,,,MAM
7,9,QuantileRegressor,-10.523265766254797,-9.88544662790121,8.601241292444653,47.2252311706543,,,,MAM
7,9,Lars,-509831332688311.6,-481611886229548.94,57211930.6080798,0.0546691417694091,,,,MAM
7,9,ExtraTreesRegressor,0.2082368167567312,0.2535667699958497,2.6375821925836647,22.16294360160828,0.2727,0.1742,0.1075,SON
7,9,CatBoostRegressor,0.2069039052471594,0.2523101702139251,2.639801407463648,5.412914991378784,0.2778,0.2191,0.0745,SON
7,9,RandomForestRegressor,0.2006159050063021,0.2463821699868573,2.650245476391464,65.36031723022461,0.2667,0.1825,0.0943,SON
7,9,HistGradientBoostingRegressor,0.1998589676881838,0.2456685687747382,2.6514999390792644,1.366164207458496,0.2627,0.1814,0.0812,SON
7,9,LGBMRegressor,0.1947529992994076,0.2408549268204338,2.659946540726939,0.5595920085906982,0.2599,0.188,0.076,SON
7,9,GradientBoostingRegressor,0.1928045432145257,0.2390180235648392,2.6631627325333715,29.39884305000305,,,,SON
7,9,BaggingRegressor,0.1556355457739711,0.2039770221609574,2.7237881209964407,6.608451843261719,,,,SON
7,9,XGBRegressor,0.1251091087256399,0.1751982818902026,2.7725877359433406,1.3059041500091553,,,,SON
7,9,KNeighborsRegressor,0.0844449641041573,0.1368622371516292,2.8362896375395583,0.1920166015625,,,,SON
7,9,PoissonRegressor,0.0780685194916472,0.1308508561619727,2.8461492652672167,0.0721120834350586,,,,SON
7,9,MLPRegressor,0.0663524326971357,0.1198055376953913,2.864176884105187,21.465657949447632,,,,SON
7,9,LinearRegression,0.0541137874142193,0.1082675782111152,2.882888182914278,0.059370994567871,,,,SON
7,9,TransformedTargetRegressor,0.0541137874142193,0.1082675782111152,2.882888182914278,0.0639519691467285,,,,SON
7,9,RidgeCV,0.0540735931922415,0.1082296851850521,2.8829494345823177,0.0846076011657714,,,,SON
7,9,Ridge,0.0540735931915301,0.1082296851843814,2.8829494345834017,0.0433270931243896,,,,SON
7,9,BayesianRidge,0.0538724712978856,0.1080400779029685,2.8832559031565697,0.0901787281036377,,,,SON
7,9,LassoLarsIC,0.0536482832675744,0.1078287250652324,2.8835974814087573,0.0843627452850341,,,,SON
7,9,LassoLarsCV,0.0527648374035367,0.1069958581628762,2.884943126986198,0.1861178874969482,,,,SON
7,9,LassoCV,0.048288862096832,0.102776140984418,2.89175121237653,0.6844263076782227,,,,SON
7,9,SGDRegressor,0.0398181994365066,0.094790439926783,2.904591655755888,0.1554710865020752,,,,SON
7,9,ElasticNetCV,0.0396805745217488,0.094660694301038,2.904799808970089,0.5066635608673096,,,,SON
7,9,HuberRegressor,-0.0001788991400688,0.0570832515740572,2.964470919151972,1.1589467525482178,,,,SON
7,9,LarsCV,-0.0176718284714787,0.0405918258303235,2.990282550652483,0.2043464183807373,,,,SON
7,9,LinearSVR,-0.0426582232076564,0.0170359498767513,3.026769414429888,2.322939395904541,,,,SON
7,9,OrthogonalMatchingPursuitCV,-0.0488690981812638,0.0111806593481977,3.035770913627259,0.1090233325958252,,,,SON
7,9,GammaRegressor,-0.0911148942329669,-0.0286464842577971,3.0963039902477347,0.0529932975769043,,,,SON
7,9,OrthogonalMatchingPursuit,-0.1007122606013264,-0.0376943830859832,3.109891607839262,0.0444836616516113,,,,SON
7,9,TweedieRegressor,-0.1930961268705815,-0.1247890967062352,3.2377705485706576,0.0468699932098388,,,,SON
7,9,ElasticNet,-0.4285337722517066,-0.3467474875808074,3.542856862327031,0.0473995208740234,,,,SON
7,9,PassiveAggressiveRegressor,-0.4398054360170027,-0.3573738270847315,3.5568066295728107,0.0998299121856689,,,,SON
7,9,DecisionTreeRegressor,-0.4858304807968605,-0.4007638502168875,3.61320815748644,1.250976800918579,,,,SON
7,9,Lasso,-0.5166771135675081,-0.4298444543937958,3.65052155445816,0.0383968353271484,,,,SON
7,9,LassoLars,-0.5166771135675081,-0.4298444543937958,3.65052155445816,0.0394537448883056,,,,SON
7,9,RANSACRegressor,-0.5218862762572953,-0.4347553825784425,3.6567852015836575,0.2616000175476074,,,,SON
7,9,AdaBoostRegressor,-0.5534809373845107,-0.4645411890609698,3.694548010762567,10.557241439819336,,,,SON
7,9,ExtraTreeRegressor,-0.5814428924621866,-0.4909022688479392,3.727649818258613,0.2447462081909179,,,,SON
7,9,DummyRegressor,-2.000677293591356,-1.8288827920498656,5.1347345444522015,0.0350370407104492,,,,SON
7,9,QuantileRegressor,-4.134517958396624,-3.840557006580023,6.716734611114135,46.76647686958313,,,,SON
7,9,Lars,-6.5033233039306216e+16,-6.130995633858258e+16,755920325.234255,0.0445311069488525,,,,SON
8,15,CatBoostRegressor,0.4412279998573297,0.4460247835289093,2.1581611840536103,6.805210590362549,0.3834,0.164,0.0829,
8,15,HistGradientBoostingRegressor,0.4320900975235862,0.4369653256066534,2.175736412765129,3.3103976249694824,0.3729,0.1579,0.0803,
8,15,LGBMRegressor,0.431603408604456,0.4364828146732845,2.176668497264272,0.9121301174163818,0.3688,0.157,0.0817,
8,15,ExtraTreesRegressor,0.4261110243035688,0.4310375797988643,2.187159726800396,88.62330102920532,0.3669,0.1729,0.0774,
8,15,GradientBoostingRegressor,0.4141850771366974,0.4192140110414758,2.209768480633902,122.61368536949158,0.3494,0.1435,0.0953,
8,15,XGBRegressor,0.4136663168426828,0.4186997040502523,2.210746679065592,2.758206367492676,,,,
8,15,RandomForestRegressor,0.4047637794545237,0.4098735905809155,2.227466774020086,332.4192819595337,,,,
8,15,MLPRegressor,0.3632766036558922,0.3687425618465608,2.3037850915628733,59.31262636184693,,,,
8,15,KNeighborsRegressor,0.3446267627389082,0.3502528206703751,2.337280903254888,2.8460817337036133,,,,
8,15,BaggingRegressor,0.3445032320936106,0.3501303504751039,2.337501168744595,33.95353102684021,,,,
8,15,PoissonRegressor,0.3060269468395493,0.3119843652661461,2.405126165079992,0.2653610706329345,,,,
8,15,HuberRegressor,0.2823047077508858,0.2884657699697355,2.445888235375349,2.2798922061920166,,,,
8,15,LassoLarsIC,0.2796994659818783,0.2858828929240408,2.4503235145308717,0.2776896953582763,,,,
8,15,BayesianRidge,0.2796872669311046,0.285870798596137,2.4503442638521573,0.2749743461608886,,,,
8,15,Ridge,0.2796628942673401,0.2858466351597418,2.450385718701509,0.1332409381866455,,,,
8,15,RidgeCV,0.279662894266359,0.2858466351587692,2.450385718703178,0.2845354080200195,,,,
8,15,LassoLarsCV,0.279660061930273,0.2858438271368998,2.450390536106737,0.8056595325469971,,,,
8,15,TransformedTargetRegressor,0.2796600406365079,0.2858438060259313,2.450390572324387,0.2075099945068359,,,,
8,15,LinearRegression,0.2796600406365079,0.2858438060259313,2.450390572324387,0.1978166103363037,,,,
8,15,LassoCV,0.2790191548603633,0.2852084219399672,2.451480385056761,1.8469114303588867,,,,
8,15,ElasticNetCV,0.2779485867952525,0.284147044176827,2.4532997836554995,1.6486799716949463,,,,
8,15,SGDRegressor,0.2775527622923651,0.2837546176332357,2.4539721340597724,0.4165663719177246,,,,
8,15,LinearSVR,0.2754068490486223,0.2816271260026116,2.4576139963057493,5.304032802581787,,,,
8,15,GammaRegressor,0.2658484672854333,0.2721507982606632,2.473770546029814,0.1576192378997802,,,,
8,15,TweedieRegressor,0.2219108512270434,0.2285903650948005,2.546720233307357,0.143754243850708,,,,
8,15,LarsCV,0.1517062669423158,0.1589884527468934,2.659130728310006,1.2505290508270264,,,,
8,15,OrthogonalMatchingPursuitCV,0.1469652252542871,0.1542881105773617,2.6665512026495475,0.5575652122497559,,,,
8,15,OrthogonalMatchingPursuit,0.1082925353757382,0.115947406781326,2.726325844187345,0.2350180149078369,,,,
8,15,ElasticNet,0.0727791956632154,0.0807389316790787,2.78008543915452,0.1901888847351074,,,,
8,15,QuantileRegressor,-0.1032720487770377,-0.0938009991404551,3.032549280751579,280.3300404548645,,,,
8,15,Lasso,-0.1277892720974598,-0.118107754118752,3.066059220492554,0.1432840824127197,,,,
8,15,LassoLars,-0.1277898842793954,-0.1181083610454059,3.0660600526452706,0.1015582084655761,,,,
8,15,DecisionTreeRegressor,-0.1672992065848215,-0.1572785151891105,3.119303658165451,5.61198616027832,,,,
8,15,RANSACRegressor,-0.225455298375343,-0.2149353654438492,3.196062741541143,0.45465087890625,,,,
8,15,ExtraTreeRegressor,-0.2699764178442509,-0.2590742929295255,3.253601710299199,0.9857349395751952,,,,
8,15,DummyRegressor,-0.5857308838973807,-0.5721181616968118,3.635643589075056,0.1459367275238037,,,,
8,15,AdaBoostRegressor,-0.6814121082344116,-0.6669780096326281,3.743722457498086,36.86240983009338,,,,
8,15,PassiveAggressiveRegressor,-1.012571646241482,-0.9952947053637892,4.095832939233599,0.3589026927947998,,,,
8,15,Lars,-2.219327883978161e+33,-2.2002760421660632e+33,1.3601202112700986e+17,0.2179007530212402,,,,
8,15,HistGradientBoostingRegressor,0.1209391088359898,0.1519647873476607,2.8069563288046457,1.4668724536895752,0.1554,0.0601,0.0861,DJF
8,15,CatBoostRegressor,0.1201214965722781,0.1511760319873741,2.8082613968297307,5.213961839675903,0.1567,0.0668,0.0864,DJF
8,15,LGBMRegressor,0.1067232295381487,0.1382506449662141,2.8295618833560443,0.542717695236206,0.1437,0.0716,0.0632,DJF
8,15,GradientBoostingRegressor,0.1019231539052332,0.1336199837674014,2.837154106889806,33.11063289642334,0.1332,0.0333,0.0951,DJF
8,15,ExtraTreesRegressor,0.0792298604454675,0.1117276300768039,2.872776170656108,24.41038227081299,0.1151,0.0568,0.0509,DJF
8,15,XGBRegressor,0.0614609173956457,0.0945858261934464,2.900363008398714,1.3962891101837158,,,,DJF
8,15,RandomForestRegressor,0.0589542202342338,0.0921676006965549,2.9042336430027595,74.78640151023865,,,,DJF
8,15,KNeighborsRegressor,0.0382154925089867,0.0721608280674931,2.9360609365306787,0.2907891273498535,,,,DJF
8,15,MLPRegressor,0.0255862721544563,0.059977344901946,2.955274818526254,22.63482069969177,,,,DJF
8,15,BaggingRegressor,0.0237012694763422,0.0581588717301183,2.9581319259652417,7.591417074203491,,,,DJF
8,15,SGDRegressor,-0.0157176278517736,0.0201312296018184,3.017259554471843,0.1868448257446289,,,,DJF
8,15,LinearRegression,-0.0198931160380075,0.0161031115868632,3.023454982254809,0.0864496231079101,,,,DJF
8,15,TransformedTargetRegressor,-0.0198931160380075,0.0161031115868632,3.023454982254809,0.0695419311523437,,,,DJF
8,15,LassoLarsIC,-0.019893177513224,0.0161030522813604,3.0234550733759,0.1292102336883545,,,,DJF
8,15,LassoLarsCV,-0.019893177513224,0.0161030522813604,3.0234550733759,0.2903633117675781,,,,DJF
8,15,Ridge,-0.0200077241174434,0.0159925484984663,3.023624854288088,0.0381178855895996,,,,DJF
8,15,RidgeCV,-0.0200077241238296,0.0159925484923054,3.023624854297553,0.0647556781768798,,,,DJF
8,15,BayesianRidge,-0.0207596512667365,0.0152671599544423,3.0247391236783794,0.1030611991882324,,,,DJF
8,15,LassoCV,-0.0318907527139438,0.0045289209112542,3.0411863785057616,0.8623976707458496,,,,DJF
8,15,HuberRegressor,-0.0372195405756248,-0.0006117920847203,3.049028763332156,0.4833743572235107,,,,DJF
8,15,ElasticNetCV,-0.0377577758513871,-0.0011310308213381,3.0498197636597224,0.6712636947631836,,,,DJF
8,15,PoissonRegressor,-0.0394127062136657,-0.0027275518767129,3.0522505952162584,0.0699472427368164,,,,DJF
8,15,LinearSVR,-0.0547118242673916,-0.0174867010579542,3.0746315814350997,2.22182035446167,,,,DJF
8,15,OrthogonalMatchingPursuitCV,-0.1311730039717589,-0.0912492508904025,3.1841292794439653,0.122065782546997,,,,DJF
8,15,OrthogonalMatchingPursuit,-0.1532168813270853,-0.1125151090449527,3.215005142469462,0.0491743087768554,,,,DJF
8,15,LarsCV,-0.2854467949590848,-0.2400780845487642,3.3943234868893706,0.2991023063659668,,,,DJF
8,15,GammaRegressor,-0.3742839526800461,-0.3257798131736915,3.509654892532478,0.0572724342346191,,,,DJF
8,15,TweedieRegressor,-0.5078352085531561,-0.4546174953101034,3.676233737708359,0.0650684833526611,,,,DJF
8,15,AdaBoostRegressor,-0.5947906568753396,-0.538503927809151,3.780750494873448,12.88159155845642,,,,DJF
8,15,DecisionTreeRegressor,-0.7307452647894701,-0.6696601377969005,3.9386079427441545,1.2394750118255615,,,,DJF
8,15,ElasticNet,-0.7560322948697455,-0.6940546844625779,3.967276097343573,0.0587947368621826,,,,DJF
8,15,Lasso,-0.8074132771422722,-0.7436222203019567,4.024898293109301,0.0637314319610595,,,,DJF
8,15,LassoLars,-0.8074163658350479,-0.7436251999820462,4.024901732186883,0.0649447441101074,,,,DJF
8,15,ExtraTreeRegressor,-0.8874450395099682,-0.8208293322331457,4.113043791649509,0.2865993976593017,,,,DJF
8,15,PassiveAggressiveRegressor,-1.4966597760883418,-1.4085423722264,4.730487056635671,0.0815405845642089,,,,DJF
8,15,RANSACRegressor,-2.197324802702345,-2.0844780449599094,5.353275010089092,0.2628681659698486,,,,DJF
8,15,DummyRegressor,-2.547356643203789,-2.42215582050248,5.638694989098832,0.049081802368164,,,,DJF
8,15,QuantileRegressor,-5.15048762617306,-4.933411592308128,7.424734884619332,51.78517508506775,,,,DJF
8,15,Lars,-7.264827115864903e+25,-7.008421452952024e+25,25517540819838.48,0.0572171211242675,,,,DJF
8,15,ExtraTreesRegressor,0.5939355441793974,0.6076539379571205,1.488831954307559,24.74035096168518,0.5507,0.0578,0.5097,JJA
8,15,CatBoostRegressor,0.5759432268193898,0.5902694691565725,1.5214587967252802,4.99470853805542,0.5289,0.0637,0.4701,JJA
8,15,LGBMRegressor,0.5744828063014107,0.5888583871696063,1.5240764413383758,0.5306847095489502,0.5249,0.082,0.4402,JJA
8,15,RandomForestRegressor,0.560872122849488,0.5757075241045728,1.5482593005292409,74.22823548316956,0.5135,0.0732,0.4587,JJA
8,15,HistGradientBoostingRegressor,0.5529089123985089,0.5680133410336945,1.562234411092516,1.4947233200073242,0.4968,0.1277,0.3595,JJA
8,15,GradientBoostingRegressor,0.5506327113190453,0.5658140386393479,1.566206135499874,31.937705039978027,,,,JJA
8,15,XGBRegressor,0.5465283652311608,0.5618483528922702,1.5733424364174615,1.3216450214385986,,,,JJA
8,15,BaggingRegressor,0.5133888259279574,0.5298283926195805,1.629818458531811,7.51470685005188,,,,JJA
8,15,KNeighborsRegressor,0.5011158182149855,0.5179700135455603,1.6502436121570851,0.3063890933990478,,,,JJA
8,15,MLPRegressor,0.4629113946971988,0.4810562800114826,1.7122657224488442,23.208999156951904,,,,JJA
8,15,AdaBoostRegressor,0.3124384768006387,0.335666906638455,1.9373316605027453,9.992183208465576,,,,JJA
8,15,GammaRegressor,0.215287161160148,0.2417977300398728,2.0696817611565885,0.0704293251037597,,,,JJA
8,15,PoissonRegressor,0.1820426797001971,0.2096763729535689,2.113068204104725,0.0932705402374267,,,,JJA
8,15,ExtraTreeRegressor,0.138070198888718,0.1671894489262614,2.1691228119780037,0.3087880611419678,,,,JJA
8,15,DecisionTreeRegressor,0.1293343168044958,0.1587486979935332,2.18008741089652,1.265589475631714,,,,JJA
8,15,ElasticNetCV,0.0918860046095697,0.1225655314808681,2.226477844272036,0.5472004413604736,,,,JJA
8,15,SGDRegressor,0.0843343949618365,0.1152690437806934,2.2357160468660697,0.1248672008514404,,,,JJA
8,15,TweedieRegressor,0.0792442238437984,0.1103508379031296,2.241921590372647,0.044208288192749,,,,JJA
8,15,BayesianRidge,0.075074938907609,0.1063224071877574,2.246991692968383,0.1118013858795166,,,,JJA
8,15,RidgeCV,0.0746515602572077,0.1059133318701399,2.247505907313529,0.0664234161376953,,,,JJA
8,15,Ridge,0.0746515602500654,0.1059133318632389,2.2475059073222035,0.0574808120727539,,,,JJA
8,15,LassoLarsIC,0.074561093608841,0.1058259215274612,2.2476157682851543,0.0916671752929687,,,,JJA
8,15,LassoLarsCV,0.074561093608841,0.1058259215274612,2.2476157682851543,0.201855182647705,,,,JJA
8,15,TransformedTargetRegressor,0.0745610653837236,0.1058258942558951,2.2476158025603605,0.0600268840789794,,,,JJA
8,15,LinearRegression,0.0745610653837236,0.1058258942558951,2.2476158025603605,0.0659658908843994,,,,JJA
8,15,LassoCV,0.073145559740847,0.1044582097496021,2.249334066775808,0.649080753326416,,,,JJA
8,15,LarsCV,0.0672950939439985,0.0988053948242689,2.2564219924711777,0.2082178592681884,,,,JJA
8,15,HuberRegressor,-0.0348225831453701,0.0001376392581897,2.376737083054617,0.5011341571807861,,,,JJA
8,15,OrthogonalMatchingPursuitCV,-0.0534337784204432,-0.0178447994197525,2.3980145471832373,0.1041967868804931,,,,JJA
8,15,LinearSVR,-0.1920726561598744,-0.1517999312896083,2.550935962940379,1.8826942443847656,,,,JJA
8,15,OrthogonalMatchingPursuit,-0.2095364075417658,-0.1686736910707602,2.5695535095256847,0.0465891361236572,,,,JJA
8,15,ElasticNet,-0.3043974759731644,-0.2603299936767738,2.6684137403045174,0.0585262775421142,,,,JJA
8,15,RANSACRegressor,-0.7771042991319705,-0.7170669917288635,3.1146170174814523,0.3093938827514648,,,,JJA
8,15,Lasso,-0.8767900351712679,-0.8133849664154817,3.2007815708003897,0.0461697578430175,,,,JJA
8,15,LassoLars,-0.8768238006967464,-0.813417591213748,3.200810363468604,0.0438675880432128,,,,JJA
8,15,PassiveAggressiveRegressor,-2.15268187221433,-2.046172349504386,4.148473003030168,0.1077163219451904,,,,JJA
8,15,DummyRegressor,-4.777984251859677,-4.582782081188742,5.616119889826479,0.0528693199157714,,,,JJA
8,15,QuantileRegressor,-10.766246320338004,-10.368737998704963,8.014328897358235,52.711599588394165,,,,JJA
8,15,Lars,-801810696810831.0,-774722497594248.8,66158266.36533982,0.0459315776824951,,,,JJA
8,15,ExtraTreesRegressor,0.4052854814281845,0.4254528916284346,1.9344368690102824,24.558876037597656,0.3861,0.0992,0.2869,MAM
8,15,HistGradientBoostingRegressor,0.4041011703714725,0.4243087418358914,1.9363620242542112,1.5305838584899902,0.3863,0.0976,0.2827,MAM
8,15,CatBoostRegressor,0.3828520050094935,0.4037801585698348,1.9705839973984287,5.336653709411621,0.363,0.0887,0.2716,MAM
8,15,GradientBoostingRegressor,0.3597944043368649,0.3815044659833164,2.007058464153639,33.24343132972717,0.3399,0.0967,0.2383,MAM
8,15,RandomForestRegressor,0.3472595861028354,0.3693947169433573,2.026611682087112,74.27840685844421,0.3241,0.09,0.2404,MAM
8,15,LGBMRegressor,0.3413031431327956,0.3636402633732057,2.0358373887006143,0.5339457988739014,,,,MAM
8,15,XGBRegressor,0.3295398508560309,0.3522758770138897,2.0539353764665704,1.33532977104187,,,,MAM
8,15,KNeighborsRegressor,0.2837360318483359,0.3080253148677971,2.122935711450753,0.3060550689697265,,,,MAM
8,15,BaggingRegressor,0.2782070485320271,0.3026838253338801,2.1311136404654354,7.466434955596924,,,,MAM
8,15,MLPRegressor,0.1914402246602006,0.2188593579610982,2.2555702432442493,23.14078712463379,,,,MAM
8,15,PoissonRegressor,-0.0386305071956976,-0.0034094274490461,2.556411884484269,0.0971577167510986,,,,MAM
8,15,BayesianRidge,-0.0675588704043388,-0.0313567986875373,2.5917685000975377,0.0963273048400878,,,,MAM
8,15,LassoLarsIC,-0.0676099704980091,-0.0314061659219648,2.591830528540178,0.0925655364990234,,,,MAM
8,15,Ridge,-0.0679048726146365,-0.0316910675900254,2.59218846990207,0.0443141460418701,,,,MAM
8,15,RidgeCV,-0.0679048726272064,-0.0316910676021691,2.5921884699173257,0.0868654251098632,,,,MAM
8,15,LassoLarsCV,-0.0679607259796228,-0.0317450269072165,2.59225625709894,0.2526988983154297,,,,MAM
8,15,LinearRegression,-0.0679609335552267,-0.031745227443708,2.592256509022591,0.0625307559967041,,,,MAM
8,15,TransformedTargetRegressor,-0.0679609335552267,-0.031745227443708,2.592256509022591,0.0600700378417968,,,,MAM
8,15,ElasticNetCV,-0.0701396729801606,-0.033850083466892,2.594899383718487,0.5387873649597168,,,,MAM
8,15,SGDRegressor,-0.0704973670814483,-0.0341956477757472,2.595333019942965,0.1864681243896484,,,,MAM
8,15,LassoCV,-0.0713531623343934,-0.0350224220894441,2.596370215372757,0.5612738132476807,,,,MAM
8,15,GammaRegressor,-0.0721517862488423,-0.0357939638063418,2.597337747435243,0.0845746994018554,,,,MAM
8,15,HuberRegressor,-0.1299903332236989,-0.0916711433253818,2.666475849507268,0.5077166557312012,,,,MAM
8,15,OrthogonalMatchingPursuitCV,-0.2141274723814379,-0.1729551014265284,2.76396432706603,0.0908355712890625,,,,MAM
8,15,TweedieRegressor,-0.2560638186619792,-0.2134693410133061,2.8112932081537414,0.0416934490203857,,,,MAM
8,15,LinearSVR,-0.2596972285888272,-0.2169795380941042,2.8153563792464444,2.571419715881348,,,,MAM
8,15,DecisionTreeRegressor,-0.3626122553533626,-0.3164046053978979,2.9281035816306007,1.2647066116333008,,,,MAM
8,15,ExtraTreeRegressor,-0.3814447303938151,-0.3345984509155018,2.9482686030248297,0.2789740562438965,,,,MAM
8,15,OrthogonalMatchingPursuit,-0.4062966380559913,-0.3586076036079735,2.974669768458947,0.0378620624542236,,,,MAM
8,15,AdaBoostRegressor,-0.5526918688051592,-0.5000384143242003,3.125668599356857,11.66146755218506,,,,MAM
8,15,ElasticNet,-0.6392942808409352,-0.5837040452434654,3.2116540067536485,0.0389628410339355,,,,MAM
8,15,LarsCV,-0.7037802102518653,-0.6460031872968284,3.2742141063197527,0.1752717494964599,,,,MAM
8,15,PassiveAggressiveRegressor,-0.7266776375339394,-0.6681241381450718,3.296142072672119,0.0947835445404052,,,,MAM
8,15,LassoLars,-1.146253741869069,-1.0734719646391455,3.6748602081550734,0.052109956741333,,,,MAM
8,15,Lasso,-1.14625743799836,-1.0734755354287095,3.674863372448359,0.0398833751678466,,,,MAM
8,15,RANSACRegressor,-1.1872004479494396,-1.113030123791395,3.709749488053191,0.2930314540863037,,,,MAM
8,15,DummyRegressor,-5.032656862292411,-4.828082967188297,6.161048139148095,0.0333139896392822,,,,MAM
8,15,QuantileRegressor,-10.904900365934996,-10.501192365583016,8.654922293890879,52.59795880317688,,,,MAM
8,15,Lars,-459550992773163.0,-443967123387486.7,53773356.38753979,0.0439388751983642,,,,MAM
8,15,HistGradientBoostingRegressor,0.370378143655396,0.3920892421500376,2.293725845723116,1.527045726776123,0.3881,0.1101,0.3092,SON
8,15,CatBoostRegressor,0.3662659084905503,0.3881188081977728,2.3012041350876973,5.135116815567017,0.3847,0.1129,0.3113,SON
8,15,ExtraTreesRegressor,0.3617598956092004,0.3837681750709522,2.3093707216987664,24.666606664657596,0.3816,0.0961,0.321,SON
8,15,LGBMRegressor,0.3583312362207195,0.3804577453165568,2.315565443701116,0.5985054969787598,0.3755,0.1228,0.2807,SON
8,15,GradientBoostingRegressor,0.3446279343555242,0.3672269711018855,2.340160117875727,33.16792035102844,0.3651,0.0878,0.3095,SON
8,15,RandomForestRegressor,0.3242750339398474,0.3475758948384735,2.376219705503013,73.73024082183838,,,,SON
8,15,XGBRegressor,0.3078436558126313,0.3317111159570234,2.4049370467248243,1.4567465782165527,,,,SON
8,15,KNeighborsRegressor,0.2447815149877954,0.2708235317123543,2.5121057420072184,0.2980930805206299,,,,SON
8,15,BaggingRegressor,0.2270641583281094,0.2537171183857609,2.5414018029510563,7.46327805519104,,,,SON
8,15,MLPRegressor,0.2245478819587624,0.251287610167081,2.54553518170075,22.463501930236816,,,,SON
8,15,LinearRegression,0.1798806996448974,0.2081606755192113,2.6178220820102385,0.0857472419738769,,,,SON
8,15,TransformedTargetRegressor,0.1798806996448974,0.2081606755192113,2.6178220820102385,0.0864238739013671,,,,SON
8,15,LassoLarsCV,0.1798248605821504,0.2081067619413866,2.617911199680895,0.268312931060791,,,,SON
8,15,LassoLarsIC,0.1798246105495626,0.2081065205306123,2.617911598719485,0.1255388259887695,,,,SON
8,15,RidgeCV,0.1798230512685887,0.2081050150179478,2.617914087246853,0.0961384773254394,,,,SON
8,15,Ridge,0.1798230512682771,0.208105015017647,2.6179140872473505,0.053642988204956,,,,SON
8,15,BayesianRidge,0.1795482424983779,0.207839682412227,2.618352630112073,0.1096115112304687,,,,SON
8,15,SGDRegressor,0.1761011153615171,0.2045114217283614,2.623847367444505,0.2017428874969482,,,,SON
8,15,LassoCV,0.1755778898688532,0.2040062384940653,2.624680385890969,0.8497538566589355,,,,SON
8,15,PoissonRegressor,0.1693148875240443,0.1979592017473532,2.634631160684571,0.0830521583557128,,,,SON
8,15,ElasticNetCV,0.163615939129714,0.1924567688148963,2.643653209259504,0.5949225425720215,,,,SON
8,15,HuberRegressor,0.1404763105452058,0.1701150584574401,2.679973723704494,0.5055592060089111,,,,SON
8,15,LinearSVR,0.1009394956314359,0.1319415819889726,2.740918172572646,1.9142749309539795,,,,SON
8,15,OrthogonalMatchingPursuitCV,0.0951808925945519,0.126381551470602,2.749682135521788,0.1702601909637451,,,,SON
8,15,OrthogonalMatchingPursuit,0.0914500829357128,0.1227793904206884,2.7553451391314185,0.0524334907531738,,,,SON
8,15,LarsCV,0.0827451279801204,0.1143746063256336,2.768513363081696,0.1812398433685302,,,,SON
8,15,GammaRegressor,-0.0208100768148009,0.0143902706615715,2.9206134759857534,0.0783472061157226,,,,SON
8,15,TweedieRegressor,-0.124392006021643,-0.0856198678829656,3.065211774462913,0.0757739543914794,,,,SON
8,15,ExtraTreeRegressor,-0.3070930392212043,-0.2620208654549558,3.304873657615742,0.2881531715393066,,,,SON
8,15,DecisionTreeRegressor,-0.4141904427200016,-0.3654252550400014,3.437601731753724,1.2521328926086426,,,,SON
8,15,ElasticNet,-0.4535188853431993,-0.4033975444692956,3.4850735655199263,0.0569024085998535,,,,SON
8,15,AdaBoostRegressor,-0.4635462521319355,-0.4130791399894549,3.4970741138927983,12.352574110031128,,,,SON
8,15,LassoLars,-0.6654657078027584,-0.6080358558095598,3.73052073279685,0.0583314895629882,,,,SON
8,15,Lasso,-0.6654657078027584,-0.6080358558095598,3.73052073279685,0.0379681587219238,,,,SON
8,15,RANSACRegressor,-0.7592304186328305,-0.6985673007489397,3.834095917233585,0.2891812324523926,,,,SON
8,15,PassiveAggressiveRegressor,-1.88021114596454,-1.7808935202416245,4.905844449811761,0.0864095687866211,,,,SON
8,15,DummyRegressor,-1.9853678944632351,-1.882424173964503,4.994598006554469,0.0465326309204101,,,,SON
8,15,QuantileRegressor,-4.188144364495631,-4.009242834685437,6.584270075775655,52.51435232162476,,,,SON
8,15,Lars,-1.399935044558406e+17,-1.351661422332254e+17,1081572292.7937295,0.0526862144470214,,,,SON
9,37,CatBoostRegressor,0.3707993595145012,0.3733912698790057,2.434687062064938,14.09187364578247,0.336,0.124,0.1179,
9,37,XGBRegressor,0.3442044331627714,0.3469058978742027,2.485608973632492,4.898558616638184,0.306,0.1283,0.089,
9,37,ExtraTreesRegressor,0.341825592185365,0.344536856223415,2.490113057206081,219.13539791107175,0.3043,0.1268,0.1065,
9,37,KNeighborsRegressor,0.3378547332517316,0.3405823547277177,2.497613363072076,11.22144055366516,0.2992,0.1312,0.0801,
9,37,HistGradientBoostingRegressor,0.3361108587664972,0.3388456639070599,2.500900149559376,8.540854692459106,0.2988,0.1079,0.1143,
9,37,LGBMRegressor,0.3357542561046116,0.3384905302235508,2.5015717284930545,2.4413540363311768,,,,
9,37,GradientBoostingRegressor,0.3200955672552836,0.3228963453103469,2.530885549889434,250.87074160575867,,,,
9,37,MLPRegressor,0.3165210675787018,0.3193365703211915,2.537529711872782,120.31334710121156,,,,
9,37,RandomForestRegressor,0.3037085597231512,0.3065768419286124,2.561203567259313,771.8644094467163,,,,
9,37,PoissonRegressor,0.279506677912704,0.2824746566287355,2.6053348561892737,0.710665225982666,,,,
9,37,BaggingRegressor,0.2522481086075631,0.2553283754615231,2.6541614070573445,81.78215217590332,,,,
9,37,GammaRegressor,0.2371706999114213,0.240313076193368,2.6807866544203143,0.7950882911682129,,,,
9,37,LarsCV,0.1969935335599731,0.2003014144634701,2.7504774656847584,3.521159172058105,,,,
9,37,ElasticNetCV,0.185678054194989,0.1890325477469137,2.7697887019984724,4.249573707580566,,,,
9,37,BayesianRidge,0.1840249196056168,0.1873862230308958,2.772598715927295,0.7750682830810547,,,,
9,37,LassoCV,0.1840227687908864,0.1873840810761674,2.772602370047607,4.567237854003906,,,,
9,37,Ridge,0.1839454157021112,0.1873070466334004,2.7727337856475067,0.2459022998809814,,,,
9,37,RidgeCV,0.1839454157019238,0.1873070466332138,2.772733785647825,0.5714740753173828,,,,
9,37,LassoLarsCV,0.183939161247419,0.1873008179431226,2.772744411103782,2.679720640182495,,,,
9,37,LassoLarsIC,0.1839390685082329,0.1873007255859635,2.772744568654568,0.819495677947998,,,,
9,37,TransformedTargetRegressor,0.1839390412567315,0.1873006984467211,2.77274461495102,0.4221351146697998,,,,
9,37,LinearRegression,0.1839390412567315,0.1873006984467211,2.77274461495102,0.5141265392303467,,,,
9,37,SGDRegressor,0.1812764854456169,0.1846491106886548,2.777264237679061,1.151105880737305,,,,
9,37,TweedieRegressor,0.169331755296608,0.172753585304998,2.7974502647701187,0.3079164028167724,,,,
9,37,HuberRegressor,0.1502586063596029,0.153759005729231,2.829384416487913,13.567245721817017,,,,
9,37,LinearSVR,0.1280976693791075,0.1316893578520056,2.8660415958135954,32.23703145980835,,,,
9,37,OrthogonalMatchingPursuitCV,0.0974364779218348,0.1011544711929367,2.915999589181163,1.4744720458984375,,,,
9,37,ElasticNet,0.0486260692298857,0.0525451306437135,2.9938097147922824,0.5845630168914795,,,,
9,37,OrthogonalMatchingPursuit,0.0379045460332523,0.0418677733701713,3.0106318456512,0.4552657604217529,,,,
9,37,QuantileRegressor,-0.0939174519928214,-0.0894112010463112,3.210264715305281,1170.7389464378357,,,,
9,37,Lasso,-0.1265063050541297,-0.12186580855766,3.257732220911256,0.3849389553070068,,,,
9,37,LassoLars,-0.1265133975708225,-0.1218728718576509,3.2577424762838563,0.3610444068908691,,,,
9,37,DecisionTreeRegressor,-0.2113353883686524,-0.2063454494747867,3.3781643339718435,14.227177381515505,,,,
9,37,ExtraTreeRegressor,-0.311274640970361,-0.3058730152981104,3.5147577812568795,2.5183589458465576,,,,
9,37,RANSACRegressor,-0.5794237735248371,-0.5729175423083763,3.857428681097616,1.1361634731292725,,,,
9,37,DummyRegressor,-0.6214473467064949,-0.6147680048352215,3.908408913697552,0.2341785430908203,,,,
9,37,AdaBoostRegressor,-1.2156598955579176,-1.2065327722239645,4.568778656529081,86.51659822463989,,,,
9,37,PassiveAggressiveRegressor,-3.12049695755912,-3.103523105207403,6.230506720390489,0.915264129638672,,,,
9,37,Lars,-6.110074462734012e+17,-6.084904804108689e+17,2399229658.420264,0.5985391139984131,,,,
9,37,LGBMRegressor,0.1922094976055446,0.2063702193070445,2.9338890558044244,27.82141351699829,0.1911,0.0588,0.1238,DJF
9,37,HistGradientBoostingRegressor,0.1898820362449189,0.2040835587883465,2.938112676762835,2.286689043045044,0.1911,0.0644,0.1168,DJF
9,37,GradientBoostingRegressor,0.1877092123270922,0.2019488248885572,2.9420502061525533,65.18048334121704,0.1858,0.0525,0.1261,DJF
9,37,CatBoostRegressor,0.1678506238515384,0.1824383612596727,2.977796133939107,11.821496725082396,0.1685,0.0724,0.085,DJF
9,37,ExtraTreesRegressor,0.1542767503350803,0.1691024403369975,3.001984535765453,51.08701276779175,0.1506,0.0593,0.0862,DJF
9,37,XGBRegressor,0.1531757702530476,0.1680207606459626,3.0039379231242678,2.141202926635742,,,,DJF
9,37,RandomForestRegressor,0.1445442217744621,0.1595405248598338,3.019208446720805,167.07826900482178,,,,DJF
9,37,KNeighborsRegressor,0.1395448334455964,0.1546287767626778,3.028017906530962,1.077296018600464,,,,DJF
9,37,MLPRegressor,0.0911455770222258,0.1070779685430671,3.112013543021475,48.17799711227417,,,,DJF
9,37,BaggingRegressor,0.0893338890740125,0.1052980398304088,3.1151137042925106,16.502941370010376,,,,DJF
9,37,PoissonRegressor,0.0723364416285732,0.0885985608832339,3.144050868446415,0.2245028018951416,,,,DJF
9,37,ElasticNetCV,-0.03315118699954,-0.0150398494790962,3.3179990341763315,1.3074774742126465,,,,DJF
9,37,LassoCV,-0.0339841130799813,-0.015858174206355,3.319336249472923,1.1637260913848877,,,,DJF
9,37,LassoLarsCV,-0.0376983901392586,-0.0195073392797859,3.3252927637809706,0.4572207927703857,,,,DJF
9,37,LassoLarsIC,-0.0402993102590651,-0.0220626647734174,3.329457465344129,0.2075228691101074,,,,DJF
9,37,LinearRegression,-0.0402994856478498,-0.0220628370876032,3.3294577460082944,0.138972520828247,,,,DJF
9,37,TransformedTargetRegressor,-0.0402994856478498,-0.0220628370876032,3.3294577460082944,0.1397154331207275,,,,DJF
9,37,Ridge,-0.040314206908836,-0.0220773002820742,3.329481303475976,0.0831556320190429,,,,DJF
9,37,RidgeCV,-0.0403142069113728,-0.0220773002845666,3.329481303480035,0.2111859321594238,,,,DJF
9,37,BayesianRidge,-0.0403775901454648,-0.022139572398466,3.3295827296055034,0.1793947219848632,,,,DJF
9,37,SGDRegressor,-0.053950170914522,-0.0354742232358491,3.3512309254392134,0.4808087348937988,,,,DJF
9,37,OrthogonalMatchingPursuitCV,-0.0964781258179967,-0.0772566549719471,3.418175065761397,0.2799172401428222,,,,DJF
9,37,GammaRegressor,-0.143801785601916,-0.1237507219665103,3.491159580905649,0.0994954109191894,,,,DJF
9,37,HuberRegressor,-0.1463230793362351,-0.1262278169403916,3.495005261822875,2.2955594062805176,,,,DJF
9,37,OrthogonalMatchingPursuit,-0.1468530784287682,-0.1267485250476641,3.4958131211397365,0.0772180557250976,,,,DJF
9,37,LinearSVR,-0.1642242744167525,-0.1438152006540904,3.5221888739726235,12.008954286575316,,,,DJF
9,37,LarsCV,-0.2315763599745932,-0.2099865912956464,3.622638412244701,0.5844097137451172,,,,DJF
9,37,TweedieRegressor,-0.2591964922346605,-0.237122537364945,3.6630350003129033,0.0999164581298828,,,,DJF
9,37,ExtraTreeRegressor,-0.457182014511245,-0.4316373356436931,3.9404989571051376,0.5889084339141846,,,,DJF
9,37,ElasticNet,-0.536947152993531,-0.5100041760224718,4.046912208741736,0.0860841274261474,,,,DJF
9,37,DecisionTreeRegressor,-0.5621707159519849,-0.534785565107482,4.07998495812999,2.7593042850494385,,,,DJF
9,37,PassiveAggressiveRegressor,-0.6625146556818406,-0.6333704564197906,4.20898188893128,0.2460503578186035,,,,DJF
9,37,LassoLars,-0.7006141652137381,-0.6708020742769956,4.256936891519818,0.083500862121582,,,,DJF
9,37,Lasso,-0.7006220829252534,-0.6708098531895168,4.256946801221766,0.093564748764038,,,,DJF
9,37,AdaBoostRegressor,-0.8751969011563687,-0.8423243415334485,4.470105304007916,22.518519163131717,,,,DJF
9,37,RANSACRegressor,-1.214990011959709,-1.1761608142432358,4.858253831734016,0.4717798233032226,,,,DJF
9,37,DummyRegressor,-2.1224585330617147,-2.0677212389488293,5.7682311504373,0.0576262474060058,,,,DJF
9,37,QuantileRegressor,-4.458162204674935,-4.362479579349508,7.626364083082178,217.8498733043671,,,,DJF
9,37,Lars,-1.8935458107116852e+27,-1.8603515912017416e+27,142047051700588.2,0.1109588146209716,,,,DJF
9,37,CatBoostRegressor,0.4775423193030038,0.4858587662896911,2.1895540104242683,9.839831829071043,0.4756,0.021,0.4537,JJA
9,37,ExtraTreesRegressor,0.4592940662889764,0.4679009877665131,2.227463884515576,52.11455011367798,0.4575,0.0366,0.4215,JJA
9,37,KNeighborsRegressor,0.4416845244475637,0.4505717534535275,2.263444950415923,1.2263894081115725,0.4341,0.047,0.3869,JJA
9,37,HistGradientBoostingRegressor,0.4390030606465972,0.4479329730169202,2.268873848581096,2.735525369644165,0.4375,0.0404,0.3966,JJA
9,37,XGBRegressor,0.4354240749123014,0.4444109573420667,2.2760996964626115,2.2536637783050537,0.4313,0.0507,0.3975,JJA
9,37,LGBMRegressor,0.435419433912233,0.4444063902171321,2.2761090515879974,2.1840360164642334,,,,JJA
9,37,MLPRegressor,0.4290869312708206,0.4381746879361242,2.2888382138220287,50.40439772605896,,,,JJA
9,37,GradientBoostingRegressor,0.4255820595526129,0.434725606535327,2.2958531258882573,65.839120388031,,,,JJA
9,37,RandomForestRegressor,0.4111922829826505,0.4205648854820424,2.32443202385539,175.41127467155457,,,,JJA
9,37,BaggingRegressor,0.3802108901598728,0.390076652431824,2.384800609410591,17.476389408111572,,,,JJA
9,37,PoissonRegressor,0.3317899575965636,0.3424264810872445,2.4762050365020043,0.207599401473999,,,,JJA
9,37,GammaRegressor,0.2596294916392713,0.2714146606793254,2.6064815727659205,0.1216650009155273,,,,JJA
9,37,ElasticNetCV,0.2346095287545934,0.2467929639176792,2.650157158436672,1.340855836868286,,,,JJA
9,37,LassoCV,0.2298618838179497,0.2421208916807697,2.658363789377416,2.24678373336792,,,,JJA
9,37,LassoLarsCV,0.2288722052096209,0.2411469667114133,2.660071327956743,0.4755849838256836,,,,JJA
9,37,BayesianRidge,0.2282153101473301,0.2405005280615042,2.661204094637739,0.2190604209899902,,,,JJA
9,37,Ridge,0.2281129139921802,0.240399761841615,2.661380625756579,0.1052594184875488,,,,JJA
9,37,RidgeCV,0.2281129139870781,0.240399761836594,2.661380625765375,0.208118200302124,,,,JJA
9,37,LinearRegression,0.2280879833746553,0.2403752280680196,2.66142360440458,0.175121784210205,,,,JJA
9,37,TransformedTargetRegressor,0.2280879833746553,0.2403752280680196,2.66142360440458,0.1517808437347412,,,,JJA
9,37,LassoLarsIC,0.228087981586886,0.2403752263087079,2.661423607486544,0.2184066772460937,,,,JJA
9,37,SGDRegressor,0.2255451103686367,0.2378728323472047,2.6658037006203785,0.5022339820861816,,,,JJA
9,37,OrthogonalMatchingPursuitCV,0.151628526315519,0.1651328476157673,2.79012160463384,0.3048930168151855,,,,JJA
9,37,TweedieRegressor,0.1303314500388789,0.1441747767980762,2.8249254151798,0.1247038841247558,,,,JJA
9,37,HuberRegressor,0.0870383397937323,0.1015708034333794,2.894385496600361,3.0190906524658203,,,,JJA
9,37,LinearSVR,0.0641181117836044,0.0790154181047003,2.9304925710871736,12.857412815093994,,,,JJA
9,37,DecisionTreeRegressor,0.0013235005350719,0.0172203673465052,3.0272097857134947,2.937389373779297,,,,JJA
9,37,OrthogonalMatchingPursuit,-0.0556252098132996,-0.0388218371774315,3.112325278215926,0.1040785312652587,,,,JJA
9,37,ExtraTreeRegressor,-0.1011315430526516,-0.083603803598329,3.1787011956612177,0.58652663230896,,,,JJA
9,37,ElasticNet,-0.1337821899064977,-0.1157347196037765,3.2254841992031813,0.111663818359375,,,,JJA
9,37,RANSACRegressor,-0.2718501994767188,-0.2516049716817232,3.4162377285490315,0.6450183391571045,,,,JJA
9,37,LarsCV,-0.420996005289469,-0.3983766843704641,3.61099204748677,0.6007184982299805,,,,JJA
9,37,LassoLars,-0.6035219106538123,-0.5779971543823508,3.835902437088928,0.1260499954223632,,,,JJA
9,37,Lasso,-0.6035283276761201,-0.5780034692589195,3.835910112396237,0.2174184322357177,,,,JJA
9,37,PassiveAggressiveRegressor,-0.6263212102078597,-0.6004335361861568,3.863076126125241,0.3350634574890136,,,,JJA
9,37,AdaBoostRegressor,-0.6995833668822153,-0.6725295106707898,3.9491291742562176,21.24899363517761,,,,JJA
9,37,DummyRegressor,-3.0260263994394165,-2.9619403761020355,6.07810799945789,0.0635261535644531,,,,JJA
9,37,QuantileRegressor,-6.868097443924452,-6.742853586486673,8.496987285586599,214.8763427734375,,,,JJA
9,37,Lars,-5.599787196448471e+30,-5.51065015228852e+30,7168294923057470.0,0.1383349895477295,,,,JJA
9,37,CatBoostRegressor,0.3381084213410511,0.3492513772107304,2.321120689902035,9.040355443954468,0.3153,0.1207,0.2124,MAM
9,37,LGBMRegressor,0.326678936129372,0.3380143075750055,2.3410753680451384,1.5012342929840088,0.3053,0.1107,0.2041,MAM
9,37,HistGradientBoostingRegressor,0.3190815872583334,0.3305448602001123,2.3542459613910003,2.8638486862182617,0.298,0.1095,0.1925,MAM
9,37,ExtraTreesRegressor,0.3151392712932206,0.326668913190641,2.3610513188257056,51.746071100234985,0.2944,0.1099,0.1834,MAM
9,37,KNeighborsRegressor,0.2993660013114722,0.3111611864745787,2.3880856501347623,1.1621050834655762,0.2821,0.108,0.1578,MAM
9,37,XGBRegressor,0.2909234796431647,0.3028607948006871,2.402430580950756,2.182191610336304,,,,MAM
9,37,GradientBoostingRegressor,0.2594434742567792,0.2719107558349479,2.4551803618173027,66.79465889930725,,,,MAM
9,37,MLPRegressor,0.2202446702657216,0.2333718643689922,2.51932079229898,50.12595891952515,,,,MAM
9,37,RandomForestRegressor,0.2166957066890028,0.2298826476538343,2.5250474779825267,177.29400372505188,,,,MAM
9,37,BaggingRegressor,0.1548572932730282,0.1690852849687684,2.6228250268688176,17.982421159744263,,,,MAM
9,37,PoissonRegressor,0.1437987691087228,0.1582129312449395,2.6399288305516504,0.2286531925201416,,,,MAM
9,37,GammaRegressor,-0.0038921648341128,0.0130083766614108,2.858563390092414,0.1266202926635742,,,,MAM
9,37,ElasticNetCV,-0.0112083113777925,0.0058153975679615,2.8689607734233804,1.1520984172821045,,,,MAM
9,37,LassoCV,-0.0177052636368351,-0.0005721783904237,2.878162466757275,1.1469485759735107,,,,MAM
9,37,LassoLarsCV,-0.0177853032279953,-0.0006508705137193,2.8782756441309787,0.4231622219085693,,,,MAM
9,37,LarsCV,-0.0234280582919923,-0.0061986297012182,2.886243412679053,0.515139102935791,,,,MAM
9,37,SGDRegressor,-0.0234389162950441,-0.0062093049096056,2.886258723357908,0.4416847229003906,,,,MAM
9,37,BayesianRidge,-0.027307600218233,-0.0100128594738184,2.891708726439544,0.2106773853302002,,,,MAM
9,37,RidgeCV,-0.0274734641752159,-0.0101759311082931,2.891942157445795,0.1958837509155273,,,,MAM
9,37,Ridge,-0.0274734641761478,-0.0101759311092093,2.891942157447106,0.0944492816925048,,,,MAM
9,37,LassoLarsIC,-0.0275122726690721,-0.010214086260502,2.8919967724132905,0.213510513305664,,,,MAM
9,37,LinearRegression,-0.0275125772009905,-0.0102143856656202,2.8919972009752075,0.1616413593292236,,,,MAM
9,37,TransformedTargetRegressor,-0.0275125772009905,-0.0102143856656202,2.8919972009752075,0.149766206741333,,,,MAM
9,37,TweedieRegressor,-0.1780374276476424,-0.1582051477209145,3.096590944180223,0.1197285652160644,,,,MAM
9,37,HuberRegressor,-0.1952960585075429,-0.1751732292397392,3.1191915002285424,3.0373220443725586,,,,MAM
9,37,LinearSVR,-0.2337136070088334,-0.2129440176652504,3.168921436773416,13.684563636779783,,,,MAM
9,37,OrthogonalMatchingPursuitCV,-0.2528922302858007,-0.2317997684964776,3.1934575903126614,0.2760648727416992,,,,MAM
9,37,RANSACRegressor,-0.2969045540690218,-0.2750711440678599,3.249064273125585,0.6812131404876709,,,,MAM
9,37,OrthogonalMatchingPursuit,-0.3046872867649259,-0.282722854327806,3.2587985191084603,0.0946657657623291,,,,MAM
9,37,ExtraTreeRegressor,-0.3182012757513841,-0.2960093350821688,3.275632405013236,0.6150164604187012,,,,MAM
9,37,DecisionTreeRegressor,-0.4260696028461841,-0.4020616970743629,3.4070197918066767,2.986198663711548,,,,MAM
9,37,ElasticNet,-0.4788794017145099,-0.4539824420896865,3.469530223394189,0.1407487392425537,,,,MAM
9,37,AdaBoostRegressor,-0.7618111789082118,-0.7321510580511712,3.786901209799123,19.480840921401978,,,,MAM
9,37,Lasso,-0.8963376702676613,-0.8644127936638286,3.9288199929569863,0.1130130290985107,,,,MAM
9,37,LassoLars,-0.8963652411592609,-0.864439900399004,3.9288485534496975,0.0949800014495849,,,,MAM
9,37,PassiveAggressiveRegressor,-1.1109251832778817,-1.0753877222799375,4.145154434572717,0.2908177375793457,,,,MAM
9,37,DummyRegressor,-3.7001028349443703,-3.620976524591773,6.185260213233147,0.0870184898376464,,,,MAM
9,37,QuantileRegressor,-8.282374154465412,-8.126105229306061,8.692282450659519,209.15349793434143,,,,MAM
9,37,Lars,-59432437275334.85,-58431891193258.49,21994599.85726097,0.1147630214691162,,,,MAM
9,37,CatBoostRegressor,0.3560799432839263,0.3662328523772071,2.2785997242587954,6.613172292709351,0.352,0.0908,0.297,SON
9,37,HistGradientBoostingRegressor,0.3122912306269375,0.323134571419435,2.3548017252621656,2.401594877243042,0.3083,0.0815,0.2441,SON
9,37,KNeighborsRegressor,0.3089512841650681,0.3198472870426336,2.3605129986376694,1.216538906097412,0.307,0.0701,0.254,SON
9,37,ExtraTreesRegressor,0.3055930624995824,0.3165420156136395,2.3662416241115225,53.60464644432068,0.3008,0.0924,0.2352,SON
9,37,LGBMRegressor,0.301019335738951,0.312040404376564,2.3740214861586284,0.8061606884002686,0.2943,0.0949,0.2108,SON
9,37,XGBRegressor,0.3008600354612458,0.3118836158411492,2.3742919948840684,2.047502040863037,,,,SON
9,37,GradientBoostingRegressor,0.2719400808659912,0.2834196521207321,2.4229007575464365,68.0637526512146,,,,SON
9,37,RandomForestRegressor,0.2556119767036439,0.2673489987948618,2.4499191514902003,169.1700303554535,,,,SON
9,37,MLPRegressor,0.2016765899734943,0.2142640298652929,2.537122848964104,49.313093185424805,,,,SON
9,37,BaggingRegressor,0.1740140936425108,0.1870376976320298,2.5807051157270977,17.16936945915222,,,,SON
9,37,PoissonRegressor,0.1386342118428942,0.1522156626022039,2.6353959450284083,0.2268180847167968,,,,SON
9,37,ElasticNetCV,0.0401348653692916,0.0552693892159567,2.782000301155437,1.7002317905426023,,,,SON
9,37,LassoCV,0.0364176180606637,0.0516107530246687,2.787381989629821,2.2989864349365234,,,,SON
9,37,LassoLarsCV,0.0348590416097097,0.0500767511848896,2.789635347881383,0.4814963340759277,,,,SON
9,37,BayesianRidge,0.0334426237146952,0.0486826664381846,2.791681598613565,0.2070353031158447,,,,SON
9,37,Ridge,0.0332485825812572,0.0484916848180631,2.79196180643688,0.0886182785034179,,,,SON
9,37,RidgeCV,0.0332485825779526,0.0484916848148104,2.791961806441652,0.2032129764556884,,,,SON
9,37,LassoLarsIC,0.033219042731386,0.0484626107331688,2.792004461405425,0.2079565525054931,,,,SON
9,37,LinearRegression,0.0332190077417285,0.0484625762952052,2.7920045119294232,0.1518952846527099,,,,SON
9,37,TransformedTargetRegressor,0.0332190077417285,0.0484625762952052,2.7920045119294232,0.1388301849365234,,,,SON
9,37,SGDRegressor,0.0223420221561085,0.0377570918838504,2.807666617961652,0.5489041805267334,,,,SON
9,37,OrthogonalMatchingPursuitCV,-0.0602872380938483,-0.0435693243887946,2.9239088597974865,0.2817990779876709,,,,SON
9,37,HuberRegressor,-0.0913788150095602,-0.0741706697133337,2.96646906544434,2.5396549701690674,,,,SON
9,37,LinearSVR,-0.1245762921903876,-0.1068447108489134,3.011248010031124,12.319442987442017,,,,SON
9,37,OrthogonalMatchingPursuit,-0.1353098467782576,-0.117409025788411,3.02558435957012,0.0862364768981933,,,,SON
9,37,GammaRegressor,-0.2602429034143945,-0.240372219933789,3.187712859681127,0.1090950965881347,,,,SON
9,37,LarsCV,-0.4088855580989556,-0.3866711747371991,3.370465785513898,0.4937429428100586,,,,SON
9,37,TweedieRegressor,-0.4332783116842484,-0.4106793193836908,3.3995178725493385,0.1027159690856933,,,,SON
9,37,DecisionTreeRegressor,-0.4668733802035982,-0.4437446828983558,3.4391282996644903,2.8260209560394287,,,,SON
9,37,ExtraTreeRegressor,-0.5467226652970345,-0.5223349568393025,3.5314925058932545,0.6255776882171631,,,,SON
9,37,AdaBoostRegressor,-0.7886713432233834,-0.7604687467114519,3.797671004438768,21.806909561157227,,,,SON
9,37,ElasticNet,-0.8566431472158378,-0.8273688158827217,3.8691563858974174,0.0881297588348388,,,,SON
9,37,PassiveAggressiveRegressor,-0.89416787758886,-0.8643018809205001,3.90806067541376,0.2768659591674804,,,,SON
9,37,LassoLars,-1.1881241825998403,-1.1536232757263316,4.200374827329353,0.0945198535919189,,,,SON
9,37,Lasso,-1.188150116907874,-1.153648801119207,4.200399719310512,0.110001802444458,,,,SON
9,37,RANSACRegressor,-1.3469790967934596,-1.309973469829302,4.3501744666232725,0.6026279926300049,,,,SON
9,37,DummyRegressor,-3.229422820990579,-3.162736056118618,5.839727960984599,0.0632305145263671,,,,SON
9,37,QuantileRegressor,-6.404579608828804,-6.2878290543798565,7.726846194053125,216.75717067718503,,,,SON
9,37,Lars,-3.903727567686867e+18,-3.842176151938475e+18,5610374022.286318,0.1097681522369384,,,,SON
