cluster_id,n_stations,Model,Adjusted R-Squared,R-Squared,RMSE,Time Taken,R2_deploy_mean,R2_deploy_std,R2_deploy_min,season
1,4,ExtraTreesRegressor,0.5324857541447043,0.547166941209246,2.1883444667945877,52.99484300613403,0.5073,0.1376,0.2623,
1,4,HistGradientBoostingRegressor,0.5260259940720808,0.5409100347327622,2.203411049288373,2.875347852706909,0.4991,0.1297,0.265,
1,4,CatBoostRegressor,0.5248386073267713,0.5397599350799432,2.206169285520132,9.84416437149048,0.4968,0.1251,0.2791,
1,4,LGBMRegressor,0.5185767954854723,0.5336947607354052,2.220658468960895,1.1388216018676758,0.4907,0.1259,0.2863,
1,4,RandomForestRegressor,0.5062770723076145,0.5217812814814857,2.248846996200317,142.27765822410583,0.4751,0.1379,0.2109,
1,4,GradientBoostingRegressor,0.4987934240325367,0.5145326396072303,2.2658264434232063,54.817026138305664,,,,
1,4,MLPRegressor,0.4921713634975007,0.5081185293332386,2.280745645159618,29.23860478401184,,,,
1,4,XGBRegressor,0.4851755653748659,0.5013424178229686,2.296401576517208,2.088174819946289,,,,
1,4,HuberRegressor,0.4784534602574568,0.4948314046317865,2.31134510740956,2.1350972652435303,,,,
1,4,LinearSVR,0.4757034849300153,0.4921677858219548,2.3174306481929188,3.033060073852539,,,,
1,4,ElasticNetCV,0.4611642612513038,0.47808513232157,2.349343159942072,0.865602970123291,,,,
1,4,LassoCV,0.4608865307097841,0.4778161232555341,2.3499485395092976,1.1841111183166504,,,,
1,4,LassoLarsCV,0.4595486517226826,0.4765202572163877,2.3528625815809607,0.4136137962341308,,,,
1,4,BayesianRidge,0.4590782719207588,0.4760646485875878,2.3538862614476144,0.1788215637207031,,,,
1,4,RidgeCV,0.4589353456597003,0.4759262105901354,2.354197221355621,0.1628274917602539,,,,
1,4,LassoLarsIC,0.4588503273569383,0.4758438620875299,2.354382173365217,0.1729516983032226,,,,
1,4,Ridge,0.4588372769306854,0.4758312214792682,2.3544105624664526,0.0938966274261474,,,,
1,4,TransformedTargetRegressor,0.4588253552524705,0.4758196741733629,2.354436495858879,0.1251111030578613,,,,
1,4,LinearRegression,0.4588253552524705,0.4758196741733629,2.354436495858879,0.1302096843719482,,,,
1,4,PoissonRegressor,0.4585105959064028,0.4755147991054342,2.355121092941338,0.1220276355743408,,,,
1,4,SGDRegressor,0.4567867122691718,0.4738450499857715,2.358866991295383,0.2296910285949707,,,,
1,4,BaggingRegressor,0.4345793410593522,0.4523350491209916,2.406601022721305,14.170763492584229,,,,
1,4,KNeighborsRegressor,0.4180071380850698,0.4362832572659295,2.441614468284144,0.4190692901611328,,,,
1,4,GammaRegressor,0.3874023210165054,0.406639512610544,2.5049896409386023,0.0732710361480712,,,,
1,4,TweedieRegressor,0.3601332832432099,0.3802267949348049,2.5601359080793507,0.0659475326538086,,,,
1,4,RANSACRegressor,0.320713203478802,0.3420446102083582,2.6378181204997526,0.59511399269104,,,,
1,4,ElasticNet,0.2926545004667017,0.3148670248763308,2.691745886710628,0.0709505081176757,,,,
1,4,LarsCV,0.2884208360803479,0.3107663087784529,2.699789302230708,0.5529508590698242,,,,
1,4,LassoLars,0.269572161755888,0.2925095328103089,2.7353123045830547,0.1260335445404052,,,,
1,4,Lasso,0.2695592856368672,0.29249706103557,2.7353364137761416,0.0890963077545166,,,,
1,4,OrthogonalMatchingPursuit,0.2158016874581514,0.2404275939929617,2.834204690563745,0.0613670349121093,,,,
1,4,OrthogonalMatchingPursuitCV,0.1932259596626608,0.2185608039161014,2.8747111830029186,0.1980631351470947,,,,
1,4,QuantileRegressor,-0.0664154496666373,-0.0329271766484944,3.305076185408267,66.66934013366699,,,,
1,4,ExtraTreeRegressor,-0.0874669335873348,-0.0533175881501888,3.3375385515259706,0.4919753074645996,,,,
1,4,PassiveAggressiveRegressor,-0.1313239932395189,-0.0957974198300433,3.404174072407104,0.1486568450927734,,,,
1,4,DecisionTreeRegressor,-0.137023773006258,-0.1013182113975477,3.412738668017011,2.4453046321868896,,,,
1,4,DummyRegressor,-0.2267766983554393,-0.1882526568857987,3.544875769430807,0.050180435180664,,,,
1,4,AdaBoostRegressor,-0.8527344162632879,-0.794553642549507,4.3563708687904,16.529091119766235,,,,
1,4,Lars,-4.81966316286815e+21,-4.668312958870197e+21,222191072039.4791,0.1367514133453369,,,,
10,31,CatBoostRegressor,0.4279511330422555,0.4307028379073649,2.214231627145514,10.616408586502075,0.3838,0.1628,0.2024,
10,31,XGBRegressor,0.4091052372934526,0.4119475958527038,2.2504095140859715,4.786346673965454,0.3642,0.1644,0.1661,
10,31,LGBMRegressor,0.4085860589416137,0.4114309148847058,2.2513979366010783,3.315107583999634,0.3608,0.1577,0.1772,
10,31,HistGradientBoostingRegressor,0.4083927550632293,0.4112385408486013,2.2517658416899557,5.675503253936768,0.3606,0.1574,0.1801,
10,31,ExtraTreesRegressor,0.400239083972546,0.4031240910512457,2.2672299265298044,235.35492324829104,0.3531,0.1736,0.1278,
10,31,MLPRegressor,0.397069070480666,0.3999693261544629,2.273213708923993,141.4667751789093,,,,
10,31,GradientBoostingRegressor,0.3943580093698298,0.3972713059575751,2.2783186958943777,293.4153091907501,,,,
10,31,RandomForestRegressor,0.3768336099931967,0.3798312035314443,2.311045499385481,843.3243987560272,,,,
10,31,KNeighborsRegressor,0.3677416107104649,0.3707829391463847,2.327843530408239,10.04524064064026,,,,
10,31,BaggingRegressor,0.3295329440060246,0.3327580661353382,2.397149977654088,83.51523542404175,,,,
10,31,PoissonRegressor,0.305515045691878,0.308855700202179,2.4397083106217528,0.492943525314331,,,,
10,31,HuberRegressor,0.2815803187613928,0.2850361055765437,2.481393244720524,7.46247935295105,,,,
10,31,BayesianRidge,0.275411107838829,0.2788965701741848,2.4920245757836046,0.6364543437957764,,,,
10,31,RidgeCV,0.2753907014485879,0.2788762619440249,2.4920596666251136,0.5568084716796875,,,,
10,31,Ridge,0.2753907014473118,0.2788762619427549,2.492059666627308,0.2512304782867431,,,,
10,31,LassoLarsIC,0.2753889862593554,0.2788745550053018,2.492062616043087,0.6539814472198486,,,,
10,31,LinearRegression,0.2753889786358151,0.2788745474184327,2.492062629152424,0.448230504989624,,,,
10,31,TransformedTargetRegressor,0.2753889786358151,0.2788745474184327,2.492062629152424,0.443397045135498,,,,
10,31,LassoLarsCV,0.2753889655847055,0.2788745344301024,2.492062651594935,1.6614840030670166,,,,
10,31,ElasticNetCV,0.2736913820744291,0.277185116741094,2.4949800855132014,4.015251874923706,,,,
10,31,LassoCV,0.273581558377729,0.2770758213251371,2.495168708897362,4.887979745864868,,,,
10,31,LinearSVR,0.2701689289476113,0.2736796075363187,2.5010228477674588,30.75749158859253,,,,
10,31,SGDRegressor,0.2652019850245819,0.2687365559143621,2.509518907183868,1.7462990283966064,,,,
10,31,GammaRegressor,0.2594689092904124,0.2630310577759208,2.5192898288264964,0.4775564670562744,,,,
10,31,TweedieRegressor,0.210912681569366,0.214708398226702,2.600572805624879,0.3061575889587402,,,,
10,31,OrthogonalMatchingPursuit,0.1880216213303155,0.1919274499823877,2.6380238485908056,0.2389502525329589,,,,
10,31,OrthogonalMatchingPursuitCV,0.1853071037071471,0.1892259898998973,2.64242974624856,0.917759895324707,,,,
10,31,ElasticNet,0.1275324625654693,0.1317292599128294,2.7345201207486127,0.2848672866821289,,,,
10,31,LarsCV,0.097318241884368,0.1016603775460679,2.781466399216724,1.5769548416137695,,,,
10,31,Lasso,0.0093823514161863,0.0141474817407477,2.9137984998915147,0.3148868083953857,,,,
10,31,LassoLars,0.009378375305633,0.0141435247563274,2.9138043475429054,0.2555432319641113,,,,
10,31,QuantileRegressor,-0.0407955208866224,-0.0357890218550993,2.986683427572628,1279.5593507289886,,,,
10,31,DecisionTreeRegressor,-0.2048988190355836,-0.1991029401626172,3.213525675811417,13.858027458190918,,,,
10,31,ExtraTreeRegressor,-0.243374398503519,-0.2373934420168639,3.264430638582448,2.406768083572388,,,,
10,31,RANSACRegressor,-0.3723000858458882,-0.3656989630385057,3.4295017605078426,1.4332141876220703,,,,
10,31,DummyRegressor,-0.4937643080263818,-0.4865789104997984,3.578059217862787,0.191091775894165,,,,
10,31,PassiveAggressiveRegressor,-0.5507967793822963,-0.543337040732141,3.645725199127713,0.7439427375793457,,,,
10,31,AdaBoostRegressor,-0.9873670449626368,-0.9778072890007644,4.127105082807448,77.88490557670593,,,,
10,31,Lars,-4.433474137733236e+19,-4.412147966039169e+19,19492995142.945736,0.25372314453125,,,,
10,31,CatBoostRegressor,0.1991661246999249,0.215629132643508,2.7058159561278536,6.038302659988403,0.2129,0.0332,0.1795,DJF
10,31,LGBMRegressor,0.1745507254157825,0.1915197602975961,2.747085843117905,0.9836752414703368,0.1893,0.0255,0.1599,DJF
10,31,HistGradientBoostingRegressor,0.1625674532012399,0.1797828321897937,2.7669540918923388,3.7752392292022714,0.1778,0.0143,0.1614,DJF
10,31,GradientBoostingRegressor,0.1560160697008129,0.1733661276557985,2.7777561929302697,77.17861795425415,0.171,0.0202,0.1485,DJF
10,31,XGBRegressor,0.1554892985271588,0.1728501854921099,2.778622923675119,2.251415252685547,0.1708,0.0166,0.1519,DJF
10,31,ExtraTreesRegressor,0.1315476760395326,0.1494007388893367,2.817734221533716,62.97325682640076,,,,DJF
10,31,KNeighborsRegressor,0.1301619883770362,0.1480435372683259,2.819981289790916,1.2066452503204346,,,,DJF
10,31,RandomForestRegressor,0.1166135902229874,0.1347736580347579,2.8418581239751664,182.09550142288208,,,,DJF
10,31,MLPRegressor,0.0952137554268904,0.113813746749773,2.8760738302703235,58.65213227272034,,,,DJF
10,31,BaggingRegressor,0.0611964117036144,0.0804957088590906,2.9296410084438955,17.95026922225952,,,,DJF
10,31,PoissonRegressor,0.0334902230393275,0.0533590855168197,2.9725567971427718,0.2322325706481933,,,,DJF
10,31,LassoLarsCV,-0.0051398041492853,0.0155231886267391,3.031379236227683,0.5847697257995605,,,,DJF
10,31,LassoCV,-0.0053409443510277,0.0153261833309258,3.0316825282314586,1.5757484436035156,,,,DJF
10,31,ElasticNetCV,-0.0083065882871355,0.0124215051221477,3.0361507985163985,1.4289073944091797,,,,DJF
10,31,LassoLarsIC,-0.011366295235575,0.0094246975856221,3.040753909837364,0.2628674507141113,,,,DJF
10,31,LinearRegression,-0.0113665140339722,0.0094244832851364,3.0407542387548143,0.1993441581726074,,,,DJF
10,31,TransformedTargetRegressor,-0.0113665140339722,0.0094244832851364,3.0407542387548143,0.1663520336151123,,,,DJF
10,31,Ridge,-0.0113839938156443,0.0094073628411414,3.0407805158214445,0.1067583560943603,,,,DJF
10,31,RidgeCV,-0.0113839938164679,0.0094073628403347,3.0407805158226826,0.2054309844970703,,,,DJF
10,31,BayesianRidge,-0.0114638192135605,0.0093291784404414,3.040900513135429,0.2189915180206298,,,,DJF
10,31,OrthogonalMatchingPursuitCV,-0.017000042922346,0.003906764721101,3.04921130556726,0.303077220916748,,,,DJF
10,31,SGDRegressor,-0.0212155282802166,-0.0002220615042414,3.055524291152632,0.7501554489135742,,,,DJF
10,31,HuberRegressor,-0.0551766110729656,-0.0334849950390307,3.105915340501641,3.211278915405273,,,,DJF
10,31,OrthogonalMatchingPursuit,-0.0577413315580861,-0.0359969917133562,3.109687680625676,0.0889513492584228,,,,DJF
10,31,LinearSVR,-0.0720462090109919,-0.0500077990495964,3.130644746935756,14.83075189590454,,,,DJF
10,31,LarsCV,-0.1731226779314447,-0.1490064054294277,3.274905336192623,0.5830831527709961,,,,DJF
10,31,PassiveAggressiveRegressor,-0.2116194882703301,-0.1867118240528038,3.328205705500748,0.3403646945953369,,,,DJF
10,31,GammaRegressor,-0.2688832258361073,-0.2427983719472883,3.405946829025572,0.1952991485595703,,,,DJF
10,31,TweedieRegressor,-0.3906232093742068,-0.3620357062121055,3.565593032540748,0.1157922744750976,,,,DJF
10,31,RANSACRegressor,-0.4502598527947257,-0.4204463793475979,3.641245392052244,0.6955404281616211,,,,DJF
10,31,ElasticNet,-0.546577661900479,-0.5147841512629634,3.760216945730627,0.1018168926239013,,,,DJF
10,31,DecisionTreeRegressor,-0.5472331079705981,-0.5154261231105355,3.761013659147257,3.0309267044067383,,,,DJF
10,31,ExtraTreeRegressor,-0.6005457310093785,-0.5676427808515794,3.825261059086312,0.642542839050293,,,,DJF
10,31,LassoLars,-0.6313678335166748,-0.5978312631611469,3.861917421637145,0.1174404621124267,,,,DJF
10,31,Lasso,-0.6313769019431819,-0.5978401451649986,3.861928155410647,0.1435315608978271,,,,DJF
10,31,AdaBoostRegressor,-1.157313271554416,-1.1129646661547137,4.441029349543125,25.505576610565186,,,,DJF
10,31,DummyRegressor,-2.4310530590637103,-2.3605197618239355,5.60067991288764,0.0716769695281982,,,,DJF
10,31,QuantileRegressor,-5.133915275037648,-5.007818341562684,7.488518761544846,225.63015246391296,,,,DJF
10,31,Lars,-1.896300042259441e+27,-1.8573171725007957e+27,131668098310885.5,0.1372327804565429,,,,DJF
10,31,CatBoostRegressor,0.5790286998469285,0.5868599146079405,1.6766421137419527,5.5169758796691895,0.576,0.1027,0.4589,JJA
10,31,ExtraTreesRegressor,0.5721552360489727,0.5801143159901865,1.6902744893242716,57.65955376625061,0.5691,0.1024,0.4512,JJA
10,31,HistGradientBoostingRegressor,0.5601040458946714,0.5682873108532245,1.7139143302888329,2.538782119750977,0.5569,0.1162,0.4228,JJA
10,31,LGBMRegressor,0.5526704329256706,0.5609919833673179,1.7283350146854877,0.6515867710113525,0.5494,0.1215,0.4092,JJA
10,31,MLPRegressor,0.5506760972364775,0.5590347477632895,1.7321834601915782,55.08777832984924,0.548,0.0711,0.466,JJA
10,31,XGBRegressor,0.540725920675147,0.5492696716340633,1.7512578451066068,2.142309665679932,,,,JJA
10,31,RandomForestRegressor,0.5361777557709493,0.5448061150062974,1.759907785967651,188.1844041347504,,,,JJA
10,31,GradientBoostingRegressor,0.5330032129235343,0.5416906273172676,1.765920192332754,71.43413639068604,,,,JJA
10,31,KNeighborsRegressor,0.514779457847882,0.5238058838077189,1.800046464046768,1.1405582427978516,,,,JJA
10,31,BaggingRegressor,0.5009903231592424,0.5102732646465653,1.825444401585544,19.07041096687317,,,,JJA
10,31,LinearRegression,0.3896920333100458,0.4010454266548362,2.018778383222935,0.1537644863128662,,,,JJA
10,31,TransformedTargetRegressor,0.3896920333100458,0.4010454266548362,2.018778383222935,0.1461124420166015,,,,JJA
10,31,LassoLarsIC,0.3896920233663864,0.4010454168961559,2.018778399668767,0.2112400531768798,,,,JJA
10,31,Ridge,0.389670234301507,0.4010240331673326,2.0188144363114238,0.0905780792236328,,,,JJA
10,31,RidgeCV,0.389670234297621,0.401024033163519,2.01881443631785,0.1956031322479248,,,,JJA
10,31,BayesianRidge,0.389578441327687,0.4009339477932736,2.0189662444190377,0.2335777282714843,,,,JJA
10,31,LassoLarsCV,0.388742111243412,0.4001131757304094,2.0203488497890687,0.4321296215057373,,,,JJA
10,31,PoissonRegressor,0.3874119514679764,0.398807760556005,2.0225458982060305,0.2026619911193847,,,,JJA
10,31,SGDRegressor,0.3874014498732989,0.398797454319641,2.022563234380204,0.5180118083953857,,,,JJA
10,31,LassoCV,0.3828835266572906,0.3943635768021529,2.030007750374494,1.8874435424804688,,,,JJA
10,31,ElasticNetCV,0.3797581055403206,0.391296297045358,2.035141802421109,1.529465675354004,,,,JJA
10,31,HuberRegressor,0.3203115800521233,0.3329556391251512,2.1304387931863795,2.451399803161621,,,,JJA
10,31,GammaRegressor,0.3096164066516464,0.3224594251306361,2.1471350289713533,0.1260514259338379,,,,JJA
10,31,LinearSVR,0.3075711813462227,0.3204522465960863,2.150313064661613,10.393248319625854,,,,JJA
10,31,OrthogonalMatchingPursuitCV,0.2979155852944131,0.3109762709751701,2.165253714917871,0.2626678943634033,,,,JJA
10,31,TweedieRegressor,0.186295316942135,0.2014324441590032,2.3310282344446915,0.1036746501922607,,,,JJA
10,31,DecisionTreeRegressor,0.1702623660439078,0.1856977498917889,2.353881092652538,3.167210340499878,,,,JJA
10,31,OrthogonalMatchingPursuit,0.1653570214381717,0.1808836580794625,2.3608288205006227,0.0857400894165039,,,,JJA
10,31,ExtraTreeRegressor,0.1378138964301176,0.1538529103452249,2.399466194079201,0.6609907150268555,,,,JJA
10,31,ElasticNet,-0.04539080424795,-0.025943683044495,2.642125629866191,0.1264455318450927,,,,JJA
10,31,PassiveAggressiveRegressor,-0.1610647907496001,-0.1394658177922905,2.784468786236664,0.3353524208068847,,,,JJA
10,31,LassoLars,-0.3974221892820933,-0.3714263238345141,3.0547659683331854,0.088984727859497,,,,JJA
10,31,Lasso,-0.3974468953853847,-0.3714505703368762,3.0547929719941216,0.1636607646942138,,,,JJA
10,31,LarsCV,-0.6442412552195089,-0.6136538817243136,3.313575699202038,0.4730503559112549,,,,JJA
10,31,RANSACRegressor,-0.705376538059129,-0.6736518815016008,3.3746152758302137,0.6391103267669678,,,,JJA
10,31,AdaBoostRegressor,-0.8221346036232589,-0.7882379284835126,3.4882239054603525,23.514939785003666,,,,JJA
10,31,DummyRegressor,-3.56962888206375,-3.4846213170811677,5.524011722657412,0.0719878673553466,,,,JJA
10,31,QuantileRegressor,-8.540028948002561,-8.362558380553155,7.981581864923601,231.9322793483734,,,,JJA
10,31,Lars,-3.69629114344423e+30,-3.627530043214801e+30,4968178739839013.0,0.1136670112609863,,,,JJA
10,31,CatBoostRegressor,0.3774647433251524,0.3892850330088521,2.062062912990731,7.343328714370727,0.339,0.0563,0.2769,MAM
10,31,ExtraTreesRegressor,0.3578486011689065,0.3700413492479778,2.094298837571852,58.56675171852112,0.3191,0.0576,0.2583,MAM
10,31,LGBMRegressor,0.3487602190163746,0.3611255313135321,2.109067094882222,1.4869349002838137,0.3074,0.0514,0.248,MAM
10,31,GradientBoostingRegressor,0.343951904918867,0.3564085143191416,2.116838738637419,73.3452582359314,0.3007,0.0588,0.2331,MAM
10,31,HistGradientBoostingRegressor,0.3414576891408815,0.3539616570685862,2.120858904077342,2.533113479614258,0.3002,0.0567,0.2361,MAM
10,31,XGBRegressor,0.3377235462114271,0.3502984155871594,2.1268633742707728,2.314980983734131,,,,MAM
10,31,RandomForestRegressor,0.3185761035496703,0.3315145319632842,2.157389769584429,196.917875289917,,,,MAM
10,31,MLPRegressor,0.3068420324584417,0.3200032596902434,2.17588553479331,55.609527349472046,,,,MAM
10,31,KNeighborsRegressor,0.2906553363307986,0.3041239058941378,2.201144673644746,1.1251778602600098,,,,MAM
10,31,BaggingRegressor,0.2595962417818077,0.2736545409884822,2.2488176565450497,19.63577699661255,,,,MAM
10,31,PoissonRegressor,0.0399485709639698,0.0581773955659197,2.5607500177907343,0.2237517833709716,,,,MAM
10,31,ElasticNetCV,-0.0333549597770779,-0.0137342959838422,2.6567133576736137,1.3203861713409424,,,,MAM
10,31,BayesianRidge,-0.0356711665451718,-0.0160065241424154,2.6596891275586607,0.2451486587524414,,,,MAM
10,31,RidgeCV,-0.0357608875447017,-0.016094541578663,2.659804330533659,0.2021441459655761,,,,MAM
10,31,Ridge,-0.0357608875475485,-0.0160945415814559,2.6598043305373142,0.0923719406127929,,,,MAM
10,31,LassoLarsIC,-0.0357830271204342,-0.0161162607827045,2.659832757280334,0.2152955532073974,,,,MAM
10,31,LinearRegression,-0.0357832662760213,-0.0161164953973627,2.6598330643493884,0.1560618877410888,,,,MAM
10,31,TransformedTargetRegressor,-0.0357832662760213,-0.0161164953973627,2.6598330643493884,0.1653523445129394,,,,MAM
10,31,LarsCV,-0.0384919710162583,-0.0187737690349369,2.6633086941023274,0.4458136558532715,,,,MAM
10,31,LassoCV,-0.0414410425383346,-0.0216668455281132,2.6670875965237446,1.046529769897461,,,,MAM
10,31,LassoLarsCV,-0.0417824610788906,-0.0220017814381523,2.6675247401061477,0.4262967109680176,,,,MAM
10,31,SGDRegressor,-0.0419519609762839,-0.0221680629830633,2.667741736838632,0.62764573097229,,,,MAM
10,31,GammaRegressor,-0.0721081089884578,-0.0517516259063985,2.7060712399193414,0.116260290145874,,,,MAM
10,31,HuberRegressor,-0.1149718330515121,-0.0938014817910404,2.759636518004628,2.406702995300293,,,,MAM
10,31,LinearSVR,-0.1718692583047825,-0.1496185761850714,2.829173072979378,11.551743745803831,,,,MAM
10,31,OrthogonalMatchingPursuitCV,-0.2443017730969454,-0.2206757900634592,2.9152969294073605,0.2695791721343994,,,,MAM
10,31,TweedieRegressor,-0.2733326252725889,-0.2491554235269069,2.949109299075316,0.1190943717956543,,,,MAM
10,31,OrthogonalMatchingPursuit,-0.285975284569621,-0.2615580323309574,2.963713689247635,0.1027314662933349,,,,MAM
10,31,DecisionTreeRegressor,-0.3456278559656438,-0.3200779599662962,3.0316734447914637,3.278614044189453,,,,MAM
10,31,ExtraTreeRegressor,-0.3522813715905777,-0.3266051430160732,3.0391593234274312,0.6523504257202148,,,,MAM
10,31,PassiveAggressiveRegressor,-0.3670405032841712,-0.3410840380319402,3.055699381739802,0.4025864601135254,,,,MAM
10,31,ElasticNet,-0.5064755208730818,-0.4778715552868842,3.207753405784235,0.137592077255249,,,,MAM
10,31,Lasso,-0.897715938856344,-0.8616833577388185,3.600273864691625,0.1187336444854736,,,,MAM
10,31,LassoLars,-0.8977471814247786,-0.8617140070939284,3.600303500670685,0.0945463180541992,,,,MAM
10,31,AdaBoostRegressor,-0.9322154145887962,-0.8955277801345787,3.6328520090131327,20.34307265281677,,,,MAM
10,31,RANSACRegressor,-1.096774466740522,-1.0569622933213982,3.7843892042810072,0.6534428596496582,,,,MAM
10,31,DummyRegressor,-4.392154190811073,-4.289771516302003,6.068775700941882,0.0710148811340332,,,,MAM
10,31,QuantileRegressor,-9.844780665976147,-9.638867109027233,8.606574286398654,231.40452456474304,,,,MAM
10,31,Lars,-109736498351539.58,-107652893952459.7,27377606.94773888,0.0999455451965332,,,,MAM
10,31,CatBoostRegressor,0.3565149002915649,0.3687123853323736,2.372680115653365,5.676122188568115,0.3781,0.1484,0.2817,SON
10,31,LGBMRegressor,0.3456409040002161,0.3580445094425034,2.392643614419605,0.6540467739105225,0.3668,0.1398,0.2827,SON
10,31,HistGradientBoostingRegressor,0.3416351627715926,0.3541146984393595,2.3999558746634517,2.4732799530029297,0.3626,0.1374,0.2822,SON
10,31,ExtraTreesRegressor,0.3243608545130045,0.3371678307332719,2.431237272454246,57.47518944740296,0.3454,0.137,0.263,SON
10,31,XGBRegressor,0.3189421332470405,0.3318518232234024,2.4409672354572405,2.2536115646362305,0.3416,0.1545,0.242,SON
10,31,GradientBoostingRegressor,0.3164398229220224,0.329396945065455,2.4454473667457166,74.3064694404602,,,,SON
10,31,RandomForestRegressor,0.3063617427094756,0.3195098983868444,2.463408651698528,185.8553116321564,,,,SON
10,31,MLPRegressor,0.2982394728682951,0.3115415890102188,2.477789517321204,54.88153719902039,,,,SON
10,31,KNeighborsRegressor,0.293780118811397,0.3071667635685524,2.4856496366465826,1.114065647125244,,,,SON
10,31,BaggingRegressor,0.247643088896949,0.2619042771866026,2.5655583736140275,18.505887746810917,,,,SON
10,31,PoissonRegressor,0.2043124441934121,0.2193949800027198,2.638403571113461,0.1836934089660644,,,,SON
10,31,SGDRegressor,0.1821977054242637,0.1976994338387153,2.674817189708329,0.3610355854034424,,,,SON
10,31,LassoCV,0.1813518191265596,0.1968695816115238,2.676200168488417,2.1458098888397217,,,,SON
10,31,LassoLarsCV,0.1806755517104966,0.1962061330807695,2.677305315610669,0.4475703239440918,,,,SON
10,31,ElasticNetCV,0.1802796581999221,0.1958177438701005,2.6779520678194246,2.246388912200928,,,,SON
10,31,BayesianRidge,0.1798106476278193,0.1953576235573678,2.6787180657838947,0.2154648303985595,,,,SON
10,31,Ridge,0.1796724385631497,0.1952220342938398,2.678943749964122,0.0849261283874511,,,,SON
10,31,RidgeCV,0.1796724385601324,0.1952220342908798,2.678943749969049,0.178419828414917,,,,SON
10,31,LassoLarsIC,0.1796509351161472,0.1952009384521933,2.678978861637891,0.2080872058868408,,,,SON
10,31,LinearRegression,0.1796508855999298,0.195200889874573,2.678978942489387,0.1522808074951172,,,,SON
10,31,TransformedTargetRegressor,0.1796508855999298,0.195200889874573,2.678978942489387,0.1442909240722656,,,,SON
10,31,HuberRegressor,0.1378435789929161,0.1541860553810032,2.746394853910151,2.474552631378174,,,,SON
10,31,LinearSVR,0.1140789164199428,0.1308718602957231,2.7839886593410808,10.74377703666687,,,,SON
10,31,OrthogonalMatchingPursuitCV,0.1018934185901625,0.118917342837611,2.803069607971942,0.275822639465332,,,,SON
10,31,OrthogonalMatchingPursuit,0.055937774639825,0.0738328041854055,2.8738907427571405,0.0881085395812988,,,,SON
10,31,GammaRegressor,-0.0484738908770443,-0.028599701707092,3.0286476663933546,0.1182203292846679,,,,SON
10,31,TweedieRegressor,-0.1691218995548566,-0.1469607851993517,3.198157450541764,0.1084504127502441,,,,SON
10,31,PassiveAggressiveRegressor,-0.298548956057288,-0.2739345065953764,3.370537061367855,0.3778138160705566,,,,SON
10,31,ElasticNet,-0.3067107199523138,-0.2819415614022489,3.38111288005478,0.1045105457305908,,,,SON
10,31,DecisionTreeRegressor,-0.319333682471681,-0.2943252512538101,3.397404582138672,3.047503709793091,,,,SON
10,31,ExtraTreeRegressor,-0.363717670977622,-0.3378679257400512,3.4540782912530026,0.6324660778045654,,,,SON
10,31,LassoLars,-0.4803971919399099,-0.4523357455889005,3.598811250368962,0.0850913524627685,,,,SON
10,31,Lasso,-0.4804128582170568,-0.4523511149062869,3.598830292496843,0.0951075553894043,,,,SON
10,31,AdaBoostRegressor,-0.7724743730256123,-0.7388765015908387,3.937856859232065,24.37432098388672,,,,SON
10,31,RANSACRegressor,-0.7784264724275458,-0.7447157768676302,3.944463124382486,0.6599218845367432,,,,SON
10,31,LarsCV,-1.4885473323079088,-1.4413760475758717,4.665980246652889,0.4311695098876953,,,,SON
10,31,DummyRegressor,-1.902433370716654,-1.847416731423373,5.039077903043804,0.0686261653900146,,,,SON
10,31,QuantileRegressor,-4.336772617591839,-4.235612226778177,6.832966520549414,234.01444482803345,,,,SON
10,31,Lars,-2.28267815770712e+17,-2.239409195155805e+17,1413163086.9203403,0.0902345180511474,,,,SON
11,16,CatBoostRegressor,0.6005171342198703,0.6040607433190435,1.807256553088461,8.313153982162476,0.5621,0.1326,0.3187,
11,16,LGBMRegressor,0.5889778850788796,0.5926238529817872,1.83317246187174,1.0051183700561523,0.548,0.1308,0.2901,
11,16,HistGradientBoostingRegressor,0.5875962586564403,0.5912544822638639,1.836250927187816,4.572298526763916,0.5464,0.1295,0.2917,
11,16,ExtraTreesRegressor,0.585740694436049,0.5894153778088813,1.8403772930608455,127.52181029319765,0.5437,0.1379,0.2764,
11,16,XGBRegressor,0.5843703185102238,0.588057157790145,1.843418777506808,3.2024447917938232,0.5433,0.1353,0.3023,
11,16,GradientBoostingRegressor,0.5716003712284708,0.5754004862087032,1.87152344813301,158.01857566833496,,,,
11,16,RandomForestRegressor,0.5622791074974283,0.5661619066621465,1.8917745030521231,433.7597830295563,,,,
11,16,MLPRegressor,0.5547995305493896,0.5587486772328663,1.907868934897643,82.78939890861511,,,,
11,16,KNeighborsRegressor,0.5308424077818263,0.5350040659032176,1.9585294403327616,3.7263314723968506,,,,
11,16,BaggingRegressor,0.5212480310731824,0.525494796025224,1.978454269576948,44.2616708278656,,,,
11,16,PoissonRegressor,0.4676450963506818,0.4723673456438455,2.0862740647343547,0.3508875370025635,,,,
11,16,HuberRegressor,0.4506891122018711,0.4555617693970053,2.1192384914662727,8.576311588287354,,,,
11,16,LinearSVR,0.4498728536481529,0.4547527514573058,2.120812467549018,13.35165023803711,,,,
11,16,ElasticNetCV,0.4386427751443954,0.4436222892619791,2.1423498235133547,3.500433921813965,,,,
11,16,BayesianRidge,0.4376768260236295,0.4426649085840349,2.144192243435396,0.6879448890686035,,,,
11,16,LassoCV,0.4376230093169801,0.4426115692579886,2.144294845114936,3.519286155700684,,,,
11,16,Ridge,0.4376022052775181,0.4425909497605679,2.1443345067500648,0.1595027446746826,,,,
11,16,RidgeCV,0.4376022052707167,0.4425909497538268,2.1443345067630317,0.3156373500823974,,,,
11,16,LassoLarsCV,0.4375919317767514,0.4425807673907955,2.1443540922834723,1.139779806137085,,,,
11,16,LassoLarsIC,0.4375919317767514,0.4425807673907955,2.1443540922834723,0.3913919925689697,,,,
11,16,TransformedTargetRegressor,0.4375919113406407,0.4425807471359632,2.1443541312429573,0.2456071376800537,,,,
11,16,LinearRegression,0.4375919113406407,0.4425807471359632,2.1443541312429573,0.2929284572601318,,,,
11,16,SGDRegressor,0.4281087223925642,0.4331816787285261,2.162357346970667,0.4702138900756836,,,,
11,16,GammaRegressor,0.4131779892709802,0.4183833885382394,2.190402504594956,0.3602910041809082,,,,
11,16,TweedieRegressor,0.3599107417862054,0.3655886476840214,2.287657475674815,0.1901664733886718,,,,
11,16,OrthogonalMatchingPursuitCV,0.3404370469015106,0.3462876940313021,2.322195914830789,0.7132003307342529,,,,
11,16,OrthogonalMatchingPursuit,0.2966425231289719,0.3028816491804594,2.3980530371104,0.1984865665435791,,,,
11,16,ElasticNet,0.2728361998542826,0.2792864996781654,2.438298407989844,0.4269132614135742,,,,
11,16,Lasso,0.1918817260470581,0.199050131788805,2.570444277426413,0.1625504493713379,,,,
11,16,LassoLars,0.1918740517940967,0.1990425256102342,2.5704564824423195,0.1610276699066162,,,,
11,16,DecisionTreeRegressor,0.1296412882967996,0.1373617972711036,2.6675948489756527,7.52908444404602,,,,
11,16,ExtraTreeRegressor,0.1107584728094883,0.1186464816254893,2.6963768992405157,1.5164780616760254,,,,
11,16,PassiveAggressiveRegressor,0.0378466001574112,0.0463813730714496,2.8047418143789296,0.4639894962310791,,,,
11,16,LarsCV,-0.0714413456583731,-0.0619371350227282,2.959749326732708,1.343019723892212,,,,
11,16,RANSACRegressor,-0.0816062228291312,-0.0720118447437161,2.9737559118436794,0.8706061840057373,,,,
11,16,QuantileRegressor,-0.1123312526234854,-0.1024643284429105,3.0156976639698154,446.80384254455566,,,,
11,16,AdaBoostRegressor,-0.336702650988993,-0.324845442375844,3.305887988120959,39.687121629714966,,,,
11,16,DummyRegressor,-0.6696111522860477,-0.6548008818636404,3.6946933447481016,0.2976601123809814,,,,
11,16,Lars,-9.140768270865036e+21,-9.0596851697042e+21,273377066785.0345,0.2603633403778076,,,,
11,16,CatBoostRegressor,0.47498220757018,0.4933394730397541,2.123840032415869,5.674405336380005,0.483,0.1856,0.3269,DJF
11,16,ExtraTreesRegressor,0.4450600278098702,0.4644635233409936,2.183523125473427,31.537606954574585,0.4531,0.2146,0.2695,DJF
11,16,HistGradientBoostingRegressor,0.4421997281206212,0.4617032341303897,2.189143105782993,1.6879734992980957,0.4509,0.2109,0.2814,DJF
11,16,LGBMRegressor,0.4402398398822563,0.4598118734528068,2.19298562244299,0.5629241466522217,0.4493,0.2072,0.2891,DJF
11,16,RandomForestRegressor,0.4309526378177351,0.4508493987331988,2.2111031285381184,98.79585409164427,0.4394,0.2203,0.2551,DJF
11,16,GradientBoostingRegressor,0.4066169772991496,0.4273646354355429,2.257887764268644,42.05805516242981,,,,DJF
11,16,XGBRegressor,0.3923712630195807,0.413617023053861,2.28483027297777,1.5651698112487793,,,,DJF
11,16,MLPRegressor,0.3905552852549019,0.4118645410152199,2.288241982493991,29.037801027297974,,,,DJF
11,16,BaggingRegressor,0.3797271111297012,0.4014149743769144,2.3084803994529355,9.934975624084473,,,,DJF
11,16,KNeighborsRegressor,0.374188828415109,0.3960703379110842,2.3187634582154515,0.3703763484954834,,,,DJF
11,16,PoissonRegressor,0.1978869781299775,0.2259328879855727,2.6251406394443766,0.0996246337890625,,,,DJF
11,16,SGDRegressor,0.1815582453547778,0.2101750899227925,2.6517262066112743,0.2124838829040527,,,,DJF
11,16,LassoLarsIC,0.1803476335673045,0.2090068072187973,2.6536866544699738,0.1304323673248291,,,,DJF
11,16,BayesianRidge,0.1803081885907169,0.2089687414371953,2.6537505067523144,0.1312084197998047,,,,DJF
11,16,LassoCV,0.180192908960967,0.2088574925637304,2.653937108970532,1.4314348697662354,,,,DJF
11,16,Ridge,0.1801455859423403,0.2088118241961045,2.6540137065653973,0.0419728755950927,,,,DJF
11,16,RidgeCV,0.1801455859420037,0.2088118241957797,2.654013706565942,0.0793867111206054,,,,DJF
11,16,LassoLarsCV,0.1800936276023124,0.2087616825812525,2.6540978044000143,0.2830250263214111,,,,DJF
11,16,LinearRegression,0.1800934427935636,0.2087615042343481,2.6540981035198183,0.0772244930267334,,,,DJF
11,16,TransformedTargetRegressor,0.1800934427935636,0.2087615042343481,2.6540981035198183,0.0802145004272461,,,,DJF
11,16,ElasticNetCV,0.1790938210215786,0.2077968342725723,2.655715535446736,0.8977010250091553,,,,DJF
11,16,HuberRegressor,0.1286414379148895,0.159108520505278,2.736108046614671,0.6422574520111084,,,,DJF
11,16,OrthogonalMatchingPursuitCV,0.1231851726069325,0.1538430337045921,2.744661146615615,0.1198873519897461,,,,DJF
11,16,OrthogonalMatchingPursuit,0.1110620003354211,0.1421437485754413,2.7635703692181037,0.0410451889038085,,,,DJF
11,16,LinearSVR,0.0741283376398368,0.1065014726873949,2.820396635079871,3.298013925552368,,,,DJF
11,16,ExtraTreeRegressor,0.017528140191829,0.0518803031221846,2.905325874197061,0.3583528995513916,,,,DJF
11,16,DecisionTreeRegressor,0.0059143140713877,0.0406725548381223,2.9224473917872285,1.6993048191070557,,,,DJF
11,16,GammaRegressor,-0.0331292699872709,0.002994131061235,2.9792855125512467,0.0598921775817871,,,,DJF
11,16,TweedieRegressor,-0.1675166586732304,-0.1266943978804602,3.1671332434267314,0.0581998825073242,,,,DJF
11,16,AdaBoostRegressor,-0.421747211210763,-0.3720357702593377,3.494990377249686,14.908533334732056,,,,DJF
11,16,PassiveAggressiveRegressor,-0.4343195194296187,-0.3841684872817301,3.5104092168397703,0.2181935310363769,,,,DJF
11,16,ElasticNet,-0.5133929755665714,-0.460477137260048,3.605874843884361,0.0566625595092773,,,,DJF
11,16,Lasso,-0.7406584807772634,-0.6797962961347017,3.8671549783778856,0.0519106388092041,,,,DJF
11,16,LassoLars,-0.7406659174517951,-0.6798034727856486,3.8671632392580464,0.0471704006195068,,,,DJF
11,16,RANSACRegressor,-0.9499941020678212,-0.881812490107408,4.093091381478831,0.2943811416625976,,,,DJF
11,16,LarsCV,-1.6479396754990776,-1.555354372159949,4.769675522145768,0.2055535316467285,,,,DJF
11,16,DummyRegressor,-2.4484903470504844,-2.327913761489279,5.443137423623045,0.0344984531402587,,,,DJF
11,16,QuantileRegressor,-5.200652551340046,-4.983846518076409,7.298834062364225,80.4619791507721,,,,DJF
11,16,Lars,-2.440832758788281e+24,-2.355488956033446e+24,4579349636966.803,0.0466713905334472,,,,DJF
11,16,CatBoostRegressor,0.6631131878109606,0.6753983632959742,1.4511060820710182,5.324668645858765,0.6605,0.0296,0.6264,JJA
11,16,ExtraTreesRegressor,0.65901326703936,0.6714479534115065,1.4599093773044545,32.07722020149231,0.6564,0.0423,0.6086,JJA
11,16,HistGradientBoostingRegressor,0.6465124101912573,0.6594029624938451,1.4864292501116778,1.8063418865203855,0.6435,0.0183,0.6275,JJA
11,16,LGBMRegressor,0.6442406578873217,0.6572140536693886,1.4911980045621092,0.5872514247894287,0.6412,0.0245,0.6191,JJA
11,16,MLPRegressor,0.644213759164528,0.6571881358562592,1.4912543777318874,29.113815546035767,0.6411,0.045,0.6044,JJA
11,16,RandomForestRegressor,0.6267084442737711,0.6403211833399627,1.5275000745291822,109.5596604347229,,,,JJA
11,16,XGBRegressor,0.6203135884957245,0.6341595273269176,1.540528312872119,1.5355584621429443,,,,JJA
11,16,GradientBoostingRegressor,0.601968740955227,0.6164836572088856,1.5773052446472575,41.870457887649536,,,,JJA
11,16,BaggingRegressor,0.5783335973754811,0.5937104110854513,1.6234602392191515,10.874778985977173,,,,JJA
11,16,KNeighborsRegressor,0.5656758877948129,0.5815142873484866,1.6476468313845842,0.361318826675415,,,,JJA
11,16,ElasticNetCV,0.3637568331459299,0.3869585693764268,1.99420004977454,0.9603545665740968,,,,JJA
11,16,LassoCV,0.3554167637256734,0.3789226353888377,2.0072277870246675,1.211075782775879,,,,JJA
11,16,PoissonRegressor,0.3510480428928472,0.3747132277144208,2.014018383874047,0.1746449470520019,,,,JJA
11,16,BayesianRidge,0.3422973556362017,0.3662816497985768,2.027551766348185,0.1181685924530029,,,,JJA
11,16,Ridge,0.3418594913340236,0.3658597529952626,2.028226573447198,0.0701560974121093,,,,JJA
11,16,RidgeCV,0.3415135590765936,0.3655264357715314,2.0287595423303166,0.140272855758667,,,,JJA
11,16,LassoLarsCV,0.3414755236681428,0.3654897873917518,2.0288181339571016,0.4408409595489502,,,,JJA
11,16,LassoLarsIC,0.341474921358072,0.3654892070459867,2.0288190617717525,0.16963791847229,,,,JJA
11,16,LinearRegression,0.3414743768736122,0.365488682417119,2.0288199005099106,0.1134688854217529,,,,JJA
11,16,TransformedTargetRegressor,0.3414743768736122,0.365488682417119,2.0288199005099106,0.1074590682983398,,,,JJA
11,16,LarsCV,0.3395824621396648,0.3636657597115571,2.031732164836103,0.3587961196899414,,,,JJA
11,16,HuberRegressor,0.3385624411099993,0.3626829355589864,2.033300574076805,0.6513853073120117,,,,JJA
11,16,SGDRegressor,0.3284623998743651,0.352951210251718,2.0487658401050908,0.2591235637664795,,,,JJA
11,16,LinearSVR,0.3022881716500435,0.3277314717114277,2.0883111150928437,2.3467862606048584,,,,JJA
11,16,GammaRegressor,0.2643042787140679,0.291132728841999,2.1444023393207345,0.0546612739562988,,,,JJA
11,16,ExtraTreeRegressor,0.2585395285066594,0.2855782004817002,2.152787478392957,0.387204647064209,,,,JJA
11,16,OrthogonalMatchingPursuitCV,0.215039610449316,0.2436645841363345,2.2150372200651125,0.1863181591033935,,,,JJA
11,16,OrthogonalMatchingPursuit,0.2042003576777042,0.2332206039536388,2.230278136530134,0.0612835884094238,,,,JJA
11,16,DecisionTreeRegressor,0.1745260824975784,0.2046284538813781,2.2714795691791685,1.8047199249267576,,,,JJA
11,16,TweedieRegressor,0.1227771760256245,0.1547666631235555,2.3415968144809893,0.0978717803955078,,,,JJA
11,16,AdaBoostRegressor,0.0019073979646713,0.0383046160291686,2.497713237151456,13.895235538482666,,,,JJA
11,16,RANSACRegressor,-0.040861742558566,-0.002904871881795,2.550666511697376,0.2962415218353271,,,,JJA
11,16,ElasticNet,-0.2040178190917907,-0.1601111725284758,2.74330196388495,0.0583336353302001,,,,JJA
11,16,Lasso,-0.4910658387957689,-0.4366914767651291,3.052850712584533,0.0842838287353515,,,,JJA
11,16,LassoLars,-0.4910859603410706,-0.4367108645425712,3.052871311227824,0.0833411216735839,,,,JJA
11,16,PassiveAggressiveRegressor,-0.9038148580248032,-0.8343888704955358,3.4496061476444604,0.1253962516784668,,,,JJA
11,16,DummyRegressor,-4.762088513822762,-4.551963730093407,6.001324632325872,0.0338389873504638,,,,JJA
11,16,QuantileRegressor,-10.599799285226322,-10.176792017936869,8.51495573222081,81.59699368476868,,,,JJA
11,16,Lars,-286127641206024.44,-275693488974038.1,42289939.564482026,0.0578315258026123,,,,JJA
11,16,CatBoostRegressor,0.4816219958269518,0.4997471008679675,1.7471048943241898,5.840471029281616,0.4751,0.0802,0.3875,MAM
11,16,ExtraTreesRegressor,0.4814109927678728,0.4995434755382268,1.7474604331088197,32.06787061691284,0.4739,0.0632,0.401,MAM
11,16,LGBMRegressor,0.4702425482650397,0.4887655360879404,1.7661770407213802,0.5854592323303223,0.4619,0.0595,0.3936,MAM
11,16,RandomForestRegressor,0.458307279722728,0.4772475846275277,1.7859619308105366,111.10053300857544,0.4494,0.0567,0.3841,MAM
11,16,HistGradientBoostingRegressor,0.457109726644765,0.4760919040348081,1.787935008301782,1.7488479614257812,0.448,0.0556,0.3841,MAM
11,16,XGBRegressor,0.4486090665199521,0.4678884697884852,1.8018785197648697,1.5730814933776855,,,,MAM
11,16,GradientBoostingRegressor,0.4408533007014272,0.4604038845929857,1.8145067181221408,42.00752091407776,,,,MAM
11,16,BaggingRegressor,0.4023638656347308,0.4232602339691808,1.8759191709968728,11.192099809646606,,,,MAM
11,16,MLPRegressor,0.3961634727534517,0.4172766380417926,1.885625263098,29.04540467262268,,,,MAM
11,16,KNeighborsRegressor,0.3828835285260812,0.4044610275286657,1.906247411158002,0.3877327442169189,,,,MAM
11,16,ElasticNetCV,0.2520146442091925,0.2781679783277522,2.098660774604898,1.247530460357666,,,,MAM
11,16,LassoCV,0.2496556123335027,0.2758914300840795,2.101967597556308,1.2844984531402588,,,,MAM
11,16,SGDRegressor,0.2464797840696811,0.2728266447665454,2.1064111834836976,0.2812538146972656,,,,MAM
11,16,LassoLarsCV,0.2437090522834261,0.2701527917140754,2.110280320002085,0.2437593936920166,,,,MAM
11,16,BayesianRidge,0.2434659732554711,0.2699182119528323,2.1106194247336267,0.1263980865478515,,,,MAM
11,16,LassoLarsIC,0.2433997549325685,0.2698543089559052,2.1107117924365326,0.1130921840667724,,,,MAM
11,16,Ridge,0.2432100424097178,0.2696712297380493,2.110976399383009,0.0550553798675537,,,,MAM
11,16,RidgeCV,0.2431006565820567,0.269565668589677,2.1111289533083,0.1408321857452392,,,,MAM
11,16,LinearRegression,0.2430881834712225,0.2695536316015993,2.1111463481159225,0.0800554752349853,,,,MAM
11,16,TransformedTargetRegressor,0.2430881834712225,0.2695536316015993,2.1111463481159225,0.1039297580718994,,,,MAM
11,16,HuberRegressor,0.2390100150676124,0.2656180564988147,2.1168260351958845,0.6830954551696777,,,,MAM
11,16,PoissonRegressor,0.2346559686562364,0.2614162494724519,2.1228731665747267,0.0978720188140869,,,,MAM
11,16,LinearSVR,0.2143502369905666,0.2418205084244629,2.1508503260296896,3.1577627658843994,,,,MAM
11,16,LarsCV,0.0785918493556996,0.1108089175600457,2.329280133202782,0.2911202907562256,,,,MAM
11,16,GammaRegressor,0.0395841655019154,0.0731651387361141,2.3780739390474426,0.0997579097747802,,,,MAM
11,16,DecisionTreeRegressor,-0.0396318302080296,-0.0032810669140426,2.474203868441058,1.8986918926239011,,,,MAM
11,16,OrthogonalMatchingPursuitCV,-0.1464784513568313,-0.1063917922184807,2.5982362992896038,0.180894136428833,,,,MAM
11,16,OrthogonalMatchingPursuit,-0.1823514334820555,-0.1410104742693962,2.6385722391203457,0.044382095336914,,,,MAM
11,16,TweedieRegressor,-0.1837990738189561,-0.1424074978113003,2.6401870445943465,0.0837986469268798,,,,MAM
11,16,ExtraTreeRegressor,-0.2377423805617333,-0.1944646749476868,2.6996709200183604,0.3833820819854736,,,,MAM
11,16,RANSACRegressor,-0.331121178172937,-0.2845784796354218,2.799654855073741,0.3254399299621582,,,,MAM
11,16,ElasticNet,-0.6669710243512446,-0.6086853241991033,3.1329951542197243,0.0943348407745361,,,,MAM
11,16,Lasso,-0.9355146726418626,-0.8678393344376019,3.3759338769508185,0.0592017173767089,,,,MAM
11,16,LassoLars,-0.9355332478359972,-0.8678572601494241,3.375950076382831,0.0450897216796875,,,,MAM
11,16,PassiveAggressiveRegressor,-1.0483447673161277,-0.9767243209064732,3.47293956642559,0.1080541610717773,,,,MAM
11,16,AdaBoostRegressor,-1.308904930311812,-1.228173988692518,3.687217219256546,15.0415198802948,,,,MAM
11,16,DummyRegressor,-5.471239134372363,-5.244972031771931,6.172902566754493,0.0613226890563964,,,,MAM
11,16,QuantileRegressor,-12.092034275620346,-11.634270839409846,8.780096002153387,80.33684301376343,,,,MAM
11,16,Lars,-2171485035363642.5,-2095558985176102.8,113076958.40211172,0.0536849498748779,,,,MAM
11,16,CatBoostRegressor,0.5725306779302163,0.5877732448819915,1.897269936916721,5.250129461288452,0.5871,0.1171,0.4755,SON
11,16,ExtraTreesRegressor,0.56895400843241,0.5843241111428232,1.9051907065274287,32.43175292015076,0.5842,0.1185,0.4772,SON
11,16,LGBMRegressor,0.5607944082627363,0.576455463435618,1.9231385755285249,0.5740373134613037,0.5747,0.108,0.4696,SON
11,16,HistGradientBoostingRegressor,0.5572828020810524,0.5730690730052621,1.9308113606183923,1.7864761352539062,0.5714,0.1075,0.4699,SON
11,16,XGBRegressor,0.5540380813943326,0.5699400515506362,1.9378740028204924,1.6172208786010742,0.5684,0.1154,0.4553,SON
11,16,RandomForestRegressor,0.5286741898230938,0.5454805776661689,1.9922198377756704,101.49959063529968,,,,SON
11,16,KNeighborsRegressor,0.5119918105119192,0.5293930534017477,2.027170156652413,0.3780627250671386,,,,SON
11,16,GradientBoostingRegressor,0.5096562180636321,0.5271407427761017,2.032015353886747,43.7204225063324,,,,SON
11,16,MLPRegressor,0.4994454422011702,0.5172940595553281,2.053063391367981,29.75549030303955,,,,SON
11,16,BaggingRegressor,0.4832319130129293,0.5016586673032766,2.0860489347935074,10.216680765151978,,,,SON
11,16,SGDRegressor,0.3480706594722038,0.3713169513293756,2.3430249462384416,0.236682653427124,,,,SON
11,16,PoissonRegressor,0.346153180919084,0.3694678456248218,2.3464681118780124,0.1740338802337646,,,,SON
11,16,ElasticNetCV,0.3455009938994398,0.3688389140852759,2.3476380759868185,1.197676420211792,,,,SON
11,16,OrthogonalMatchingPursuitCV,0.3436624187192016,0.3670658982418925,2.350933178069764,0.1815776824951172,,,,SON
11,16,LassoCV,0.3424623124760989,0.3659085850106278,2.3530815245390904,1.483088731765747,,,,SON
11,16,LassoLarsCV,0.3389989459012416,0.3625687140743351,2.3592704327194918,0.2560746669769287,,,,SON
11,16,BayesianRidge,0.3357855806963623,0.3594699300376172,2.3649981135321623,0.1096303462982177,,,,SON
11,16,Ridge,0.3353988408220475,0.3590969804123864,2.365686525246697,0.0753352642059326,,,,SON
11,16,RidgeCV,0.3353988408191563,0.3590969804095983,2.365686525251843,0.17441987991333,,,,SON
11,16,LassoLarsIC,0.3353723371800042,0.3590714218288947,2.365733695404996,0.1133532524108886,,,,SON
11,16,LinearRegression,0.3352954021249142,0.3589972300998578,2.365870616116785,0.0820295810699462,,,,SON
11,16,TransformedTargetRegressor,0.3352954021249142,0.3589972300998578,2.365870616116785,0.1139390468597412,,,,SON
11,16,HuberRegressor,0.3049177655537849,0.3297027897614549,2.4193279525515385,0.793158769607544,,,,SON
11,16,OrthogonalMatchingPursuit,0.2924501211338983,0.3176797126941,2.4409291814581264,0.055694580078125,,,,SON
11,16,LinearSVR,0.2525505534958329,0.2792028713188815,2.5088087822126264,3.083193063735962,,,,SON
11,16,ExtraTreeRegressor,0.0537987216416913,0.0875380699191269,2.822723989413445,0.3816678524017334,,,,SON
11,16,DecisionTreeRegressor,0.0470782300749109,0.0810572155318277,2.832730595849509,1.699906349182129,,,,SON
11,16,GammaRegressor,0.0450640196539543,0.0791148271940272,2.8357228160799903,0.0987513065338134,,,,SON
11,16,TweedieRegressor,-0.0734836847504947,-0.0352057403655721,3.006591138323869,0.096071720123291,,,,SON
11,16,PassiveAggressiveRegressor,-0.1048275461934924,-0.0654319522325517,3.0501689507657463,0.1929936408996582,,,,SON
11,16,RANSACRegressor,-0.4532007292601459,-0.401382953652613,3.498158252335952,0.3203639984130859,,,,SON
11,16,ElasticNet,-0.471476716876088,-0.4190072618369249,3.520086586364396,0.0517275333404541,,,,SON
11,16,AdaBoostRegressor,-0.4871249453936173,-0.4340975107321967,3.538754040844378,15.324597358703612,,,,SON
11,16,LassoLars,-0.7304680119807649,-0.6687635266090262,3.8173188494546295,0.0734367370605468,,,,SON
11,16,Lasso,-0.730481033045876,-0.6687760833730834,3.817333211310336,0.1636950969696045,,,,SON
11,16,LarsCV,-1.90635812576115,-1.8027241196920123,4.947105964128933,0.2731068134307861,,,,SON
11,16,DummyRegressor,-2.623617101835858,-2.494407300264849,5.523925329390501,0.0338327884674072,,,,SON
11,16,QuantileRegressor,-5.3671127323412415,-5.140076224452687,7.32230674977703,84.18295407295227,,,,SON
11,16,Lars,-8868977238266371.0,-8552730030879694.0,273283505.0155859,0.04948091506958,,,,SON
12,19,CatBoostRegressor,0.5500339041667098,0.5531271633039689,1.8123365275707088,4.00956130027771,0.5063,0.1583,0.1961,
12,19,LGBMRegressor,0.530966314177037,0.5341906520722453,1.850337562482638,0.6621782779693604,0.4865,0.1477,0.1988,
12,19,HistGradientBoostingRegressor,0.5306794758265951,0.5339057855711419,1.850903264552766,2.761912107467652,0.4861,0.1467,0.2106,
12,19,XGBRegressor,0.5226490232718173,0.5259305377772815,1.866671323163568,2.603487968444824,0.4742,0.1774,0.157,
12,19,ExtraTreesRegressor,0.5222443657822268,0.5255286620761161,1.867462358013349,102.32609534263612,0.4734,0.1701,0.1762,
12,19,GradientBoostingRegressor,0.5073640977561679,0.5107506873682932,1.896321536890047,114.4905047416687,,,,
12,19,RandomForestRegressor,0.4995663876461956,0.5030065820482612,1.911270620052592,326.3348824977875,,,,
12,19,MLPRegressor,0.4992491386548311,0.5026915139619702,1.911876347359376,71.33072686195374,,,,
12,19,KNeighborsRegressor,0.4892177805343455,0.4927291156819096,1.9309313484975112,3.327432870864868,,,,
12,19,BaggingRegressor,0.4619991381619626,0.4656975858831224,1.9817115180332547,33.191096782684326,,,,
12,19,PoissonRegressor,0.4043031715039683,0.4083982459436752,2.0852666226375427,0.3807704448699951,,,,
12,19,HuberRegressor,0.3673740753071287,0.3717230161276571,2.148930849025479,3.2156102657318115,,,,
12,19,LinearSVR,0.3650892049763631,0.3694538529714843,2.15280802408222,14.931118726730348,,,,
12,19,GammaRegressor,0.3639289352461959,0.3683015594310296,2.154774204115564,0.2153403759002685,,,,
12,19,ElasticNetCV,0.3570598151627893,0.3614796606130909,2.166377982942284,3.557027816772461,,,,
12,19,SGDRegressor,0.3552441597984708,0.3596764868392695,2.169434739112675,0.609947681427002,,,,
12,19,LassoCV,0.3548815479433493,0.3593163677329231,2.170044700381905,6.390256881713867,,,,
12,19,BayesianRidge,0.3543730846027837,0.358811399786541,2.170899714561973,0.5164525508880615,,,,
12,19,Ridge,0.3542427304465919,0.3586819417404971,2.1711188593274917,0.1763215065002441,,,,
12,19,RidgeCV,0.3542427304437722,0.3586819417376967,2.171118859332232,0.3557798862457275,,,,
12,19,LassoLarsCV,0.3542246844007459,0.3586640197508782,2.1711491956772284,1.0345628261566162,,,,
12,19,LassoLarsIC,0.3542246844007459,0.3586640197508782,2.1711491956772284,0.4532482624053955,,,,
12,19,TransformedTargetRegressor,0.3542246062253859,0.358663942112929,2.171149327093188,0.3180892467498779,,,,
12,19,LinearRegression,0.3542246062253859,0.358663942112929,2.171149327093188,0.3359317779541015,,,,
12,19,TweedieRegressor,0.3083190962972674,0.3130740062677261,2.246993627179861,0.2080795764923095,,,,
12,19,OrthogonalMatchingPursuitCV,0.2556060550903503,0.2607233370214432,2.331043423546951,0.6177268028259277,,,,
12,19,OrthogonalMatchingPursuit,0.246848469786831,0.2520259550999372,2.3447153644747667,0.1852545738220214,,,,
12,19,ElasticNet,0.2380977500568347,0.2433353915550691,2.358297420288784,0.2864181995391845,,,,
12,19,Lasso,0.1603812449369046,0.1661531428864676,2.4756543779915847,0.2581133842468261,,,,
12,19,LassoLars,0.1603735954650413,0.1661455460003412,2.475665655375076,0.14738130569458,,,,
12,19,DecisionTreeRegressor,0.0201149971638273,0.0268511452126553,2.6744624414726257,5.553936004638672,,,,
12,19,LarsCV,-0.0076322156852577,-0.0007053214436083,2.712064225203612,1.0578346252441406,,,,
12,19,ExtraTreeRegressor,-0.0331143139309153,-0.0260122448617294,2.7461429289589527,1.1480286121368408,,,,
12,19,QuantileRegressor,-0.0552058529294186,-0.0479519171851741,2.7753486179438167,388.7843978404999,,,,
12,19,RANSACRegressor,-0.4352231680794891,-0.4253568309936997,3.236746343557402,0.950251579284668,,,,
12,19,PassiveAggressiveRegressor,-0.475756903815441,-0.4656119205169846,3.2821343901539097,0.4181427955627441,,,,
12,19,DummyRegressor,-0.5540397229260747,-0.5433565900920274,3.368061443361757,0.1642892360687255,,,,
12,19,AdaBoostRegressor,-0.9788046437733656,-0.9652014954431178,3.8005846356452007,37.4491286277771,,,,
12,19,Lars,-1.1315618356446172e+27,-1.1237829962611756e+27,90884138248571.8,0.1824111938476562,,,,
12,19,LGBMRegressor,0.3685794263719575,0.3865629237221233,2.070561901614831,0.3017611503601074,0.3957,0.1637,0.22,DJF
12,19,CatBoostRegressor,0.3674247950251291,0.3854411774452995,2.072454177409637,2.8725745677948,0.3944,0.1737,0.2055,DJF
12,19,HistGradientBoostingRegressor,0.3644133130925854,0.3825154655677966,2.0773814555157912,1.258263111114502,0.3922,0.176,0.2028,DJF
12,19,ExtraTreesRegressor,0.3532965712926816,0.3717153398318141,2.095469945277705,27.72934865951538,0.3803,0.1908,0.1698,DJF
12,19,RandomForestRegressor,0.3412698123708265,0.3600311151830498,2.114864940369132,78.0792064666748,0.3723,0.1998,0.1615,DJF
12,19,XGBRegressor,0.3309522422501459,0.3500073999075785,2.1313629608519737,1.258413553237915,,,,DJF
12,19,GradientBoostingRegressor,0.3148629630380999,0.3343763596604325,2.156838251185896,31.59127402305603,,,,DJF
12,19,KNeighborsRegressor,0.3096307393744758,0.3292931550252028,2.165058210184335,0.3767437934875488,,,,DJF
12,19,MLPRegressor,0.26822781437562,0.2890694272573271,2.22903456776397,26.327909231185917,,,,DJF
12,19,BaggingRegressor,0.2548269787316761,0.2760502609829891,2.2493519623381277,7.91541576385498,,,,DJF
12,19,PoissonRegressor,0.1117555464034525,0.1370536479299364,2.455811940691763,0.1422069072723388,,,,DJF
12,19,SGDRegressor,0.0239930637786903,0.0517907296837276,2.574277178199651,0.2369599342346191,,,,DJF
12,19,TransformedTargetRegressor,0.0206577533578666,0.0485504122812185,2.5786719680503403,0.1179933547973632,,,,DJF
12,19,LinearRegression,0.0206577533578666,0.0485504122812185,2.5786719680503403,0.1199634075164794,,,,DJF
12,19,LassoLarsCV,0.0206576958294323,0.0485503563912522,2.578672043788398,0.3605649471282959,,,,DJF
12,19,RidgeCV,0.0206120967252447,0.0485060559957283,2.578732075794573,0.128950834274292,,,,DJF
12,19,Ridge,0.020612096723349,0.0485060559938865,2.5787320757970686,0.0725865364074707,,,,DJF
12,19,LassoLarsIC,0.0205499015974582,0.0484456322481635,2.57881395449874,0.1732125282287597,,,,DJF
12,19,BayesianRidge,0.0204413020147823,0.0483401256915765,2.578956917553757,0.1668775081634521,,,,DJF
12,19,LassoCV,0.0131291801795383,0.0412362604908805,2.588564604284583,1.939653396606445,,,,DJF
12,19,ElasticNetCV,0.0120026172715413,0.0401417832353265,2.590041671516848,1.176034450531006,,,,DJF
12,19,OrthogonalMatchingPursuitCV,-0.0404289207501566,-0.0107964514882852,2.657878122311642,0.1737062931060791,,,,DJF
12,19,HuberRegressor,-0.0506121641826484,-0.0206896658356743,2.6708534993663755,1.0004897117614746,,,,DJF
12,19,OrthogonalMatchingPursuit,-0.0742144411906307,-0.0436197260934292,2.7006875835243367,0.0617787837982177,,,,DJF
12,19,GammaRegressor,-0.1253573032689774,-0.0933059876695445,2.76422933384742,0.0899102687835693,,,,DJF
12,19,LinearSVR,-0.1253894405318132,-0.0933372096305906,2.7642688031476013,4.438467979431152,,,,DJF
12,19,LarsCV,-0.1669250008888367,-0.1336897951673192,2.8148180466804225,0.3251712322235107,,,,DJF
12,19,TweedieRegressor,-0.2805321729006975,-0.2440613198750447,2.948655948709529,0.0850241184234619,,,,DJF
12,19,DecisionTreeRegressor,-0.3472869372878375,-0.3089148409726776,3.0245370161270686,1.3433609008789062,,,,DJF
12,19,ExtraTreeRegressor,-0.359682010411104,-0.3209568898614205,3.0384180703640378,0.3493735790252685,,,,DJF
12,19,PassiveAggressiveRegressor,-0.6144360050273059,-0.5684552327322243,3.3108482204483334,0.1910152435302734,,,,DJF
12,19,ElasticNet,-0.7033394378190547,-0.6548266057292715,3.400787184963892,0.0979917049407959,,,,DJF
12,19,AdaBoostRegressor,-0.7150070345697341,-0.6661618975092036,3.4124147254491843,12.302294731140137,,,,DJF
12,19,Lasso,-0.9686575562080012,-0.9125881954299252,3.6560652966850062,0.0934703350067138,,,,DJF
12,19,LassoLars,-0.968666032948258,-0.9125964307440352,3.656073167907308,0.0752773284912109,,,,DJF
12,19,RANSACRegressor,-1.1706819101309265,-1.108858691171501,3.8390781065743367,0.3757550716400146,,,,DJF
12,19,DummyRegressor,-3.203776784398338,-3.084048964589524,5.342551019564178,0.0563380718231201,,,,DJF
12,19,QuantileRegressor,-6.742235602588332,-6.521728892388031,7.250401320162029,70.68547558784485,,,,DJF
12,19,Lars,-9.766100988683652e+23,-9.487952542803424e+23,2575072494279.9023,0.079880952835083,,,,DJF
12,19,CatBoostRegressor,0.6540069161856217,0.6634145831171305,1.628975216915735,10.412878036499023,0.6497,0.02,0.6268,JJA
12,19,ExtraTreesRegressor,0.640987686679672,0.6507493507880797,1.659340221285662,28.463968753814697,0.6367,0.0171,0.617,JJA
12,19,HistGradientBoostingRegressor,0.6301286887716868,0.6401856126419431,1.6842481992831095,1.2711296081542969,0.626,0.0127,0.6114,JJA
12,19,MLPRegressor,0.6216174791657134,0.6319058256536547,1.7035163309718344,26.72821044921875,0.6183,0.0116,0.6062,JJA
12,19,LGBMRegressor,0.6211586298948184,0.631459452646923,1.704548910908669,0.9466922283172609,0.6167,0.0175,0.5965,JJA
12,19,XGBRegressor,0.6110379777904671,0.6216139844366477,1.7271671445648549,2.561178207397461,,,,JJA
12,19,RandomForestRegressor,0.607590926774235,0.6182606598830926,1.7348034952979217,88.33037686347961,,,,JJA
12,19,KNeighborsRegressor,0.5886664486985346,0.599850744655372,1.7761426205954445,0.3894088268280029,,,,JJA
12,19,BaggingRegressor,0.5627260174831773,0.5746156423854474,1.8312919536106576,8.59471344947815,,,,JJA
12,19,GradientBoostingRegressor,0.5180889573719736,0.5311922787727357,1.9224905212581744,31.285380125045776,,,,JJA
12,19,PoissonRegressor,0.3669218847778587,0.3841354891192462,2.20348155069143,0.1467347145080566,,,,JJA
12,19,ElasticNetCV,0.3614253011913918,0.3787883594671546,2.2130265377302623,1.2438979148864746,,,,JJA
12,19,LassoCV,0.3565581240214223,0.3740535224619274,2.2214443044899403,1.21885085105896,,,,JJA
12,19,SGDRegressor,0.3498219775519832,0.3675005340535908,2.2330420992923203,1.423778057098389,,,,JJA
12,19,BayesianRidge,0.3461010797144128,0.3638808086647762,2.239422711497225,0.1609578132629394,,,,JJA
12,19,Ridge,0.3456484566389246,0.3634404925611291,2.240197631764331,0.1159672737121582,,,,JJA
12,19,RidgeCV,0.3452886526151489,0.3630904717283322,2.240813448566997,0.4775207042694092,,,,JJA
12,19,LassoLarsCV,0.3452487704672436,0.3630516739892824,2.2408816977983563,0.3474953174591064,,,,JJA
12,19,LassoLarsIC,0.3452482779386151,0.3630511948526709,2.240882540636164,0.1716828346252441,,,,JJA
12,19,LinearRegression,0.3452477802010245,0.3630507106487308,2.2408833923874667,0.1198656558990478,,,,JJA
12,19,TransformedTargetRegressor,0.3452477802010245,0.3630507106487308,2.2408833923874667,0.340602159500122,,,,JJA
12,19,HuberRegressor,0.3436968083227169,0.361541910211223,2.2435359159231854,0.995121955871582,,,,JJA
12,19,LarsCV,0.3167580170881359,0.3353355936627787,2.289117262533764,0.3045437335968017,,,,JJA
12,19,LinearSVR,0.3148037151561083,0.3334344298497488,2.292388747562882,2.5238194465637207,,,,JJA
12,19,GammaRegressor,0.3005703738943408,0.3195880978670022,2.316075861120044,0.0923759937286377,,,,JJA
12,19,DecisionTreeRegressor,0.2092298951901426,0.2307311971336131,2.462668126142235,1.4277470111846924,,,,JJA
12,19,OrthogonalMatchingPursuitCV,0.2010256722716091,0.2227500497627134,2.47541022622853,0.1976511478424072,,,,JJA
12,19,OrthogonalMatchingPursuit,0.193531950241836,0.2154600845252906,2.486991789160466,0.076113224029541,,,,JJA
12,19,ExtraTreeRegressor,0.1849382757364902,0.207100074885649,2.500207293198856,0.3487043380737304,,,,JJA
12,19,TweedieRegressor,0.1668072869324396,0.1894620736925847,2.52786280515335,0.1840300559997558,,,,JJA
12,19,AdaBoostRegressor,0.1495485539392409,0.1726726113850017,2.5539096564689405,11.282813787460327,,,,JJA
12,19,ElasticNet,-0.0128597976240369,0.0146801968732932,2.787118506180294,0.0935196876525878,,,,JJA
12,19,Lasso,-0.2412081565279289,-0.2074592942658402,3.0853403483996305,0.0907680988311767,,,,JJA
12,19,LassoLars,-0.2412569348033868,-0.207506746243778,3.0854009732440737,0.0775427818298339,,,,JJA
12,19,PassiveAggressiveRegressor,-0.2862217183260833,-0.2512489223595131,3.140788466842164,0.1253483295440673,,,,JJA
12,19,RANSACRegressor,-1.3743298680724363,-1.309771049907325,4.267281531433619,0.4868388175964355,,,,JJA
12,19,DummyRegressor,-3.0315843288108617,-2.921964211109056,5.560561423282418,0.0530135631561279,,,,JJA
12,19,QuantileRegressor,-7.34402759050905,-7.117150707383427,7.999606672512797,71.90510058403015,,,,JJA
12,19,Lars,-454113100549595.6,-441765614431932.9,59015050.58048586,0.0817372798919677,,,,JJA
12,19,CatBoostRegressor,0.4213552032005767,0.4373890799591814,1.8149362642522813,3.0372965335845947,0.3828,0.1473,0.2699,MAM
12,19,ExtraTreesRegressor,0.3776654935108736,0.3949099841463481,1.882206605368531,28.993305444717407,0.3345,0.1646,0.1941,MAM
12,19,LGBMRegressor,0.3711144927355606,0.3885405074072968,1.892087190220792,0.3274173736572265,0.3317,0.1491,0.2316,MAM
12,19,HistGradientBoostingRegressor,0.3488350033108626,0.3668783683669039,1.9253109274632456,1.2649290561676023,0.3035,0.1863,0.1658,MAM
12,19,KNeighborsRegressor,0.3460148523325773,0.3641363619662189,1.9294756179332968,0.415360689163208,0.3091,0.1204,0.2323,MAM
12,19,XGBRegressor,0.3277233311291766,0.3463516871015824,1.9562725992132437,1.278069019317627,,,,MAM
12,19,MLPRegressor,0.3216292248249578,0.3404264445804238,1.9651192826023265,29.95055294036865,,,,MAM
12,19,RandomForestRegressor,0.319606394104905,0.3384596652042149,1.968046991808616,86.01967549324036,,,,MAM
12,19,GradientBoostingRegressor,0.2893147099747369,0.3090073442426783,2.0113794811868995,31.83378481864929,,,,MAM
12,19,BaggingRegressor,0.2486886198171869,0.269506977026686,2.068070481714842,8.892674922943115,,,,MAM
12,19,PoissonRegressor,0.16527655098474,0.1884062032049903,2.179850247089102,0.1455364227294922,,,,MAM
12,19,SGDRegressor,0.1153812880096091,0.1398935060142688,2.2440545664689355,0.2688775062561035,,,,MAM
12,19,ElasticNetCV,0.1119783324826769,0.1365848442057554,2.2483666434833096,1.5819876194000244,,,,MAM
12,19,LassoCV,0.1076706725996143,0.1323965468194525,2.253813290894196,1.6851603984832764,,,,MAM
12,19,LassoLarsCV,0.0965655877443856,0.1215991767539315,2.267794338448311,0.359386682510376,,,,MAM
12,19,BayesianRidge,0.0920561630041316,0.117214705285421,2.273447055662917,0.1996288299560547,,,,MAM
12,19,LassoLarsIC,0.0916614155977255,0.1168308960768526,2.2739412160771346,0.1516468524932861,,,,MAM
12,19,Ridge,0.0911360839225091,0.1163201210059371,2.2745986805404983,0.074946641921997,,,,MAM
12,19,RidgeCV,0.0907472782823859,0.1159420889211129,2.275085157238516,0.135575532913208,,,,MAM
12,19,LinearRegression,0.0907031133309125,0.1158991477521618,2.2751404101968298,0.1185536384582519,,,,MAM
12,19,TransformedTargetRegressor,0.0907031133309125,0.1158991477521618,2.2751404101968298,0.1191346645355224,,,,MAM
12,19,HuberRegressor,0.0798317599088149,0.1053290325714401,2.2887005391118684,0.9658455848693848,,,,MAM
12,19,GammaRegressor,0.0655447366979524,0.0914378936244253,2.3063998943814026,0.0909321308135986,,,,MAM
12,19,LinearSVR,0.0299069286556185,0.0567875864207029,2.349968569083486,4.305908918380737,,,,MAM
12,19,OrthogonalMatchingPursuit,-0.0026889727727437,0.025094896546698,2.389122792895331,0.072129487991333,,,,MAM
12,19,OrthogonalMatchingPursuitCV,-0.1160359959372661,-0.085111353192699,2.5205449881091075,0.1867046356201172,,,,MAM
12,19,TweedieRegressor,-0.1299656097201493,-0.0986549862981009,2.536226086742893,0.0851430892944336,,,,MAM
12,19,DecisionTreeRegressor,-0.2366233466869867,-0.2023573056765715,2.6532249521779705,1.495088815689087,,,,MAM
12,19,LarsCV,-0.2519611706831739,-0.2172701283920761,2.669628204634074,0.3228676319122314,,,,MAM
12,19,ExtraTreeRegressor,-0.342724451494895,-0.305518416816773,2.7647050197360743,0.357173204421997,,,,MAM
12,19,ElasticNet,-0.4384025612073023,-0.3985453473807454,2.8615120301422965,0.1261348724365234,,,,MAM
12,19,RANSACRegressor,-0.5541165771993204,-0.5110530020921964,2.9743847701139345,0.389261245727539,,,,MAM
12,19,Lasso,-0.6882244817457965,-0.6414448624855991,3.100062496367897,0.0787324905395507,,,,MAM
12,19,LassoLars,-0.6882375013538713,-0.6414575213286717,3.100074450204999,0.0734128952026367,,,,MAM
12,19,PassiveAggressiveRegressor,-0.9124179259110838,-0.8594260498852226,3.299489534371844,0.126471996307373,,,,MAM
12,19,AdaBoostRegressor,-1.7696030637626543,-1.6928591365032215,3.970672954000623,12.491130590438845,,,,MAM
12,19,DummyRegressor,-4.699782489603238,-4.541845166923346,5.696190348803135,0.0741388797760009,,,,MAM
12,19,QuantileRegressor,-11.061510288183364,-10.727293562217694,8.28621500794068,70.69162368774414,,,,MAM
12,19,Lars,-2.1265406289699343e+18,-2.067615549965226e+18,3479302543.312014,0.0673229694366455,,,,MAM
12,19,CatBoostRegressor,0.5449815163749535,0.557140561364934,1.7813682695593147,8.217899322509766,0.5617,0.0791,0.481,SON
12,19,ExtraTreesRegressor,0.5130758624659644,0.5260874932195461,1.8427645317669124,39.249403953552246,0.5331,0.1063,0.4168,SON
12,19,HistGradientBoostingRegressor,0.5129785861771835,0.5259928163565343,1.842948593645292,1.271545648574829,0.5315,0.0886,0.4334,SON
12,19,XGBRegressor,0.5098799826866809,0.5229770140281889,1.848802045258949,3.0871174335479736,0.5277,0.0784,0.4404,SON
12,19,LGBMRegressor,0.5093112688109345,0.5224234973759629,1.8498743688789387,0.783527135848999,0.5278,0.0871,0.4328,SON
12,19,RandomForestRegressor,0.4905459148420295,0.5041595928895999,1.884914769224422,92.4879755973816,,,,SON
12,19,KNeighborsRegressor,0.4780874926569752,0.4920340857866878,1.9078228460392848,0.444796085357666,,,,SON
12,19,GradientBoostingRegressor,0.4760543742201131,0.4900552965242074,1.911535211212672,32.90780854225159,,,,SON
12,19,MLPRegressor,0.4450647630880352,0.459893792577963,1.967253578330505,37.948920249938965,,,,SON
12,19,BaggingRegressor,0.435069582068498,0.4501657036878077,1.984891045601247,9.205219030380247,,,,SON
12,19,PoissonRegressor,0.2818797633463312,0.3010694371286442,2.2378850523835965,0.3826229572296142,,,,SON
12,19,LassoCV,0.2530628366001819,0.2730225589000582,2.28234465158918,1.793937921524048,,,,SON
12,19,ElasticNetCV,0.2527378306315416,0.2727062377702475,2.2828411424575754,1.5480661392211914,,,,SON
12,19,LassoLarsCV,0.251143714477068,0.2711547197315407,2.285274809884831,0.3776960372924804,,,,SON
12,19,BayesianRidge,0.2495249878181245,0.2695792488324857,2.287743399934439,0.1722536087036132,,,,SON
12,19,Ridge,0.2490476584773309,0.2691146747294212,2.288470828194837,0.2297670841217041,,,,SON
12,19,RidgeCV,0.2490476584760648,0.2691146747281889,2.288470828196766,0.3258252143859863,,,,SON
12,19,LassoLarsIC,0.2489855014843498,0.2690541787012169,2.28856553561769,0.1647489070892334,,,,SON
12,19,SGDRegressor,0.248955167929569,0.2690246557224249,2.288611752852658,0.4291105270385742,,,,SON
12,19,LinearRegression,0.2489164938917816,0.268987015135766,2.288670676577472,0.1134531497955322,,,,SON
12,19,TransformedTargetRegressor,0.2489164938917816,0.268987015135766,2.288670676577472,0.3109195232391357,,,,SON
12,19,OrthogonalMatchingPursuitCV,0.2364901983478792,0.2568927761830012,2.3075254583849145,0.5782268047332764,,,,SON
12,19,OrthogonalMatchingPursuit,0.2270184729259047,0.2476741550626827,2.3217943520289293,0.2150697708129882,,,,SON
12,19,HuberRegressor,0.2166205897215796,0.2375541250318699,2.337358178927558,1.0637524127960205,,,,SON
12,19,LinearSVR,0.1486139817185733,0.1713647957462836,2.436702168079525,13.75583267211914,,,,SON
12,19,GammaRegressor,-0.0084172050260182,0.0185298105477174,2.651913268160738,0.0904512405395507,,,,SON
12,19,DecisionTreeRegressor,-0.1429829675860681,-0.1124400735591244,2.823313288115342,1.3734419345855713,,,,SON
12,19,TweedieRegressor,-0.1585105160244746,-0.1275526934466235,2.8424261043418992,0.2560389041900635,,,,SON
12,19,ExtraTreeRegressor,-0.2162726328683946,-0.1837712857905575,2.912424395901636,0.3640108108520508,,,,SON
12,19,ElasticNet,-0.5318159532870852,-0.490882629119675,3.268454826516204,0.0947589874267578,,,,SON
12,19,PassiveAggressiveRegressor,-0.6278774701111705,-0.5843771814205514,3.3693804302538672,0.3629770278930664,,,,SON
12,19,AdaBoostRegressor,-0.674371269998254,-0.6296285697904622,3.4171581157774984,22.822965145111084,,,,SON
12,19,LassoLars,-0.8019572157836823,-0.7538051524165412,3.544960745306319,0.0702497959136962,,,,SON
12,19,Lasso,-0.8020173286264116,-0.7538636589184613,3.5450198743157944,0.209975004196167,,,,SON
12,19,RANSACRegressor,-1.1971609183967655,-1.1384481860168043,3.914444370751434,0.4121482372283935,,,,SON
12,19,LarsCV,-2.3000148081796112,-2.2118315146118666,4.797302862894627,0.3629450798034668,,,,SON
12,19,DummyRegressor,-2.8082872579490123,-2.7065218621012064,5.153520911753302,0.0609538555145263,,,,SON
12,19,QuantileRegressor,-5.96750190853925,-5.781315693643606,6.9707216477507,94.44706130027772,,,,SON
12,19,Lars,-2.2611961056708484e+16,-2.200772219236651e+16,397107699.1161979,0.0743651390075683,,,,SON
13,10,CatBoostRegressor,0.2827200556837658,0.2921773066343168,1.969162662804068,6.891390085220337,0.2092,0.205,-0.1332,
13,10,ExtraTreesRegressor,0.2737529229593196,0.2833284044907672,1.981433253919566,63.71445322036743,0.201,0.2103,-0.0996,
13,10,GradientBoostingRegressor,0.2576559958915682,0.2674437134962795,2.0032716785492464,83.08628582954407,0.1843,0.1769,-0.0658,
13,10,HistGradientBoostingRegressor,0.2525861588559361,0.2624407216603555,2.01010070883226,2.522913932800293,0.1775,0.2405,-0.2504,
13,10,KNeighborsRegressor,0.2484760099675708,0.2583847645973567,2.015620064779035,1.189396858215332,0.1777,0.2184,-0.2331,
13,10,XGBRegressor,0.238439121451684,0.2484802112655353,2.029035108603084,2.1890411376953125,,,,
13,10,LGBMRegressor,0.2384337504316898,0.2484749110618023,2.0290422636245866,0.9473519325256348,,,,
13,10,RandomForestRegressor,0.2349010802442538,0.2449888187115871,2.033742868385482,238.9001486301422,,,,
13,10,MLPRegressor,0.2124066686059427,0.2227909932214519,2.0634229841877825,33.5819091796875,,,,
13,10,BaggingRegressor,0.1954737207198531,0.2060813042439102,2.0854864186776543,23.63603472709656,,,,
13,10,GammaRegressor,0.1058238500964439,0.1176134565264644,2.198612990040462,0.0777161121368408,,,,
13,10,PoissonRegressor,0.0535812084954906,0.0660596279557025,2.2619287779119115,0.1129012107849121,,,,
13,10,TweedieRegressor,0.0382584318299541,0.0509388802822401,2.280165878283946,0.1167562007904052,,,,
13,10,QuantileRegressor,-0.0361769047129103,-0.0225150351810963,2.3667599014614447,162.19661140441897,,,,
13,10,LinearRegression,-0.0656612149454163,-0.0516105982819108,2.4001966681051607,0.1133098602294921,,,,
13,10,TransformedTargetRegressor,-0.0656612149454163,-0.0516105982819108,2.4001966681051607,0.1286647319793701,,,,
13,10,LassoLarsCV,-0.0656612214077083,-0.0516106046589983,2.400196675382695,0.5700147151947021,,,,
13,10,LassoLarsIC,-0.0656612214077083,-0.0516106046589983,2.400196675382695,0.1815900802612304,,,,
13,10,RidgeCV,-0.0656734351735093,-0.0516226573877465,2.400210429920949,0.2346792221069336,,,,
13,10,Ridge,-0.0656734351736447,-0.0516226573878801,2.400210429921102,0.0672693252563476,,,,
13,10,BayesianRidge,-0.0657688290818252,-0.0517167935387012,2.4003178551050603,0.1611886024475097,,,,
13,10,HuberRegressor,-0.0671593932002061,-0.0530890232341909,2.401883254538604,1.3484716415405271,,,,
13,10,ElasticNetCV,-0.0692519243662739,-0.0551539646251422,2.4042369583087018,0.9270086288452148,,,,
13,10,LassoCV,-0.0694727842551958,-0.0553719125026368,2.404485249697319,1.8946709632873533,,,,
13,10,SGDRegressor,-0.0805409573619952,-0.0662941530604159,2.41689545638467,0.321099042892456,,,,
13,10,ElasticNet,-0.0878221600932671,-0.0734793539976921,2.425024884225035,0.05521821975708,,,,
13,10,LinearSVR,-0.110236192222503,-0.0955978597730413,2.449880714646147,4.203754901885986,,,,
13,10,OrthogonalMatchingPursuitCV,-0.1964957535113465,-0.18072009898219,2.543272114104425,0.2511343955993652,,,,
13,10,Lasso,-0.2373789889742659,-0.2210642938368963,2.5863578699597007,0.0628867149353027,,,,
13,10,LassoLars,-0.2373789890237643,-0.2210642938857421,2.586357870011432,0.0886456966400146,,,,
13,10,OrthogonalMatchingPursuit,-0.2576890804367664,-0.241106599153539,2.6074974584035773,0.0702519416809082,,,,
13,10,ExtraTreeRegressor,-0.3782891560902306,-0.3601165771203916,2.7296528509289697,0.6853704452514648,,,,
13,10,DecisionTreeRegressor,-0.400729002150787,-0.3822605564734398,2.7517837965737217,3.8948681354522714,,,,
13,10,DummyRegressor,-0.5199678059037258,-0.4999272107482415,2.866516482485169,0.0510268211364746,,,,
13,10,PassiveAggressiveRegressor,-0.5501377705565691,-0.5296993879972236,2.8948255549159225,0.2157118320465088,,,,
13,10,AdaBoostRegressor,-0.6285232485306171,-0.6070513627457128,2.967113981754565,25.42808938026428,,,,
13,10,RANSACRegressor,-1.6003882481177536,-1.566102437638615,3.749353129391581,0.2847344875335693,,,,
13,10,LarsCV,-3.422721970376097e+26,-3.377593787350335e+26,43015310281156.56,0.5095024108886719,,,,
13,10,Lars,-3.422722142328757e+26,-3.37759395703582e+26,43015311361670.39,0.0654006004333496,,,,
13,10,CatBoostRegressor,0.0787095671412245,0.1265274096771471,2.269385033863181,5.472385406494141,0.1218,0.1388,-0.0318,DJF
13,10,ExtraTreesRegressor,0.0463434451808802,0.0958411902406961,2.308904153071336,17.526594161987305,0.0912,0.1391,-0.0693,DJF
13,10,GradientBoostingRegressor,0.0258504829575504,0.0764118765756706,2.333580116067046,22.67601442337036,0.0662,0.0744,0.0058,DJF
13,10,XGBRegressor,0.0188549588602194,0.0697794419643603,2.341944034022441,1.230068922042847,0.0673,0.1953,-0.149,DJF
13,10,LGBMRegressor,-0.008895713316374,0.0434691160945104,2.37483283092976,0.6292927265167236,0.0322,0.0853,-0.0172,DJF
13,10,HistGradientBoostingRegressor,-0.0191963273966973,0.0337031359629929,2.386925316961175,1.6698060035705566,,,,DJF
13,10,MLPRegressor,-0.0213815865328352,0.0316312985813256,2.3894828504194687,14.2859308719635,,,,DJF
13,10,RandomForestRegressor,-0.0743300854007771,-0.0185690083038509,2.45063580646466,52.6144802570343,,,,DJF
13,10,KNeighborsRegressor,-0.1639713252418535,-0.103557588637605,2.5508272425953367,0.1618289947509765,,,,DJF
13,10,BaggingRegressor,-0.1688342402391247,-0.1081681032024919,2.5561501946058525,5.181137561798096,,,,DJF
13,10,PoissonRegressor,-0.1947247571085217,-0.1327148216184601,2.584305414216718,0.0581719875335693,,,,DJF
13,10,LarsCV,-0.326195542880263,-0.2573618641840556,2.7227871218042066,0.1250345706939697,,,,DJF
13,10,GammaRegressor,-0.3276112100805468,-0.2587040538479925,2.724239974039703,0.0353937149047851,,,,DJF
13,10,ElasticNetCV,-0.3420772730994041,-0.2724192831461478,2.7390418431888213,0.2208321094512939,,,,DJF
13,10,BayesianRidge,-0.3432734767743712,-0.2735534001251825,2.740262235720581,0.0590546131134033,,,,DJF
13,10,RidgeCV,-0.3436922434586722,-0.2739504315144505,2.740689342012945,0.0952358245849609,,,,DJF
13,10,Ridge,-0.3436922434588514,-0.2739504315146204,2.740689342013128,0.0255734920501709,,,,DJF
13,10,LinearRegression,-0.3437620023514951,-0.2740165697034937,2.740760483665229,0.0614881515502929,,,,DJF
13,10,TransformedTargetRegressor,-0.3437620023514951,-0.2740165697034937,2.740760483665229,0.0466580390930175,,,,DJF
13,10,LassoLarsIC,-0.3437620172051949,-0.2740165837862403,2.740760498813162,0.0971248149871826,,,,DJF
13,10,LassoCV,-0.344918347814886,-0.2751128972362588,2.741939481295869,0.4185419082641601,,,,DJF
13,10,LassoLarsCV,-0.3450115308484733,-0.2752012437802136,2.7420344676620347,0.144221544265747,,,,DJF
13,10,SGDRegressor,-0.3572301588800519,-0.2867856869658625,2.754461183483651,0.1576719284057617,,,,DJF
13,10,HuberRegressor,-0.3979594132041528,-0.3254009661520343,2.795485134812472,0.5101971626281738,,,,DJF
13,10,OrthogonalMatchingPursuit,-0.4080426661026228,-0.3349608668239401,2.80554870951237,0.0276260375976562,,,,DJF
13,10,OrthogonalMatchingPursuitCV,-0.4080426661026228,-0.3349608668239401,2.80554870951237,0.0656492710113525,,,,DJF
13,10,LinearSVR,-0.4227845665160765,-0.3489376166969029,2.8201972100338537,1.766599178314209,,,,DJF
13,10,LassoLars,-0.4644035179662571,-0.3883964149576278,2.861147764397067,0.0241177082061767,,,,DJF
13,10,Lasso,-0.4644054365759253,-0.3883982339854794,2.8611496386837296,0.0334439277648925,,,,DJF
13,10,TweedieRegressor,-0.512031672615151,-0.4335525200572712,2.907303358939472,0.0395123958587646,,,,DJF
13,10,ExtraTreeRegressor,-0.5796200556176816,-0.4976328554991167,2.9715717802042434,0.2003407478332519,,,,DJF
13,10,ElasticNet,-0.583611212252021,-0.5014168586749264,2.9753234818528616,0.0297620296478271,,,,DJF
13,10,DecisionTreeRegressor,-0.8627988902473864,-0.7661138267397367,3.226954865480276,0.8545944690704346,,,,DJF
13,10,AdaBoostRegressor,-0.9939467727213296,-0.890454725694271,3.3386176597297443,9.040700435638428,,,,DJF
13,10,RANSACRegressor,-1.3777793054927328,-1.2543651546886116,3.645823813468564,0.1821043491363525,,,,DJF
13,10,PassiveAggressiveRegressor,-2.038281348966448,-1.8805850851792616,4.121201978481421,0.0675830841064453,,,,DJF
13,10,DummyRegressor,-3.061866987455198,-2.851043441393509,4.765108069853723,0.0185987949371337,,,,DJF
13,10,QuantileRegressor,-7.067327016213987,-6.648607620908763,6.7154440750077855,31.296322345733643,,,,DJF
13,10,Lars,-7256031871160112.0,-6879421220407857.0,201400014.10944968,0.0314023494720459,,,,DJF
13,10,HistGradientBoostingRegressor,0.4645280039447881,0.492710740579273,1.7286324734491882,1.5840189456939695,0.4942,0.06,0.4281,JJA
13,10,LGBMRegressor,0.459820892978643,0.4882513722955566,1.7362136925912988,0.4779808521270752,0.49,0.0565,0.4263,JJA
13,10,CatBoostRegressor,0.4592217489593597,0.487683762172025,1.73717629346593,4.42862343788147,0.491,0.0642,0.4174,JJA
13,10,ExtraTreesRegressor,0.4581591742043991,0.4866771124041675,1.738882144079063,18.30878114700317,0.4895,0.0589,0.4219,JJA
13,10,RandomForestRegressor,0.4391557091612466,0.4686738297317073,1.7691124437935104,51.76432418823242,0.4709,0.0628,0.4002,JJA
13,10,KNeighborsRegressor,0.4295749275026244,0.4595972997393284,1.784159138579208,0.1408925056457519,,,,JJA
13,10,XGBRegressor,0.4193846774269709,0.4499433786150251,1.8000249797444634,1.1036994457244873,,,,JJA
13,10,GradientBoostingRegressor,0.4186249898836279,0.4492236746265949,1.8012021873489357,22.856040716171265,,,,JJA
13,10,BaggingRegressor,0.3986026234435126,0.4302551169464856,1.8319560494972909,5.252015829086304,,,,JJA
13,10,MLPRegressor,0.3845039795306384,0.4168985069237627,1.853305055020652,14.05666971206665,,,,JJA
13,10,PoissonRegressor,0.1857802252310078,0.2286338975872706,2.131597040239363,0.0588290691375732,,,,JJA
13,10,GammaRegressor,0.1542663559435624,0.1987786529991644,2.172456501434879,0.0375056266784668,,,,JJA
13,10,ElasticNetCV,0.1225080185500097,0.1686918070473776,2.212869810742857,0.3643090724945068,,,,JJA
13,10,HuberRegressor,0.1154332638557373,0.1619894078633301,2.221772502990408,0.4129760265350342,,,,JJA
13,10,LassoCV,0.1136856745396949,0.1603337969323426,2.2239661362636705,0.5335326194763184,,,,JJA
13,10,LarsCV,0.1129141391085402,0.1596028686291434,2.224933905467909,0.1347577571868896,,,,JJA
13,10,SGDRegressor,0.1090387201980722,0.1559314191350158,2.229788652045998,0.1315057277679443,,,,JJA
13,10,OrthogonalMatchingPursuitCV,0.1014172681469561,0.1487110961392216,2.2393053613206417,0.1049740314483642,,,,JJA
13,10,LassoLarsCV,0.1008235274399059,0.1481486049430688,2.2400450523615056,0.1748373508453369,,,,JJA
13,10,BayesianRidge,0.0993892895230029,0.1467898532323186,2.241830840544009,0.060382604598999,,,,JJA
13,10,RidgeCV,0.0986603571453516,0.1460992857166488,2.242737898688402,0.0670845508575439,,,,JJA
13,10,Ridge,0.0986603571445082,0.1460992857158499,2.242737898689451,0.0285382270812988,,,,JJA
13,10,LassoLarsIC,0.0984013799408396,0.1458539388913218,2.243060072622059,0.0755665302276611,,,,JJA
13,10,TransformedTargetRegressor,0.0984008738887725,0.1458534594735739,2.2430607021178246,0.0430853366851806,,,,JJA
13,10,LinearRegression,0.0984008738887725,0.1458534594735739,2.2430607021178246,0.0591499805450439,,,,JJA
13,10,LinearSVR,0.0887920595061467,0.136750372163718,2.2549817607591653,1.5839948654174805,,,,JJA
13,10,DecisionTreeRegressor,0.0124596649671526,0.0644354720741446,2.3475330061477884,0.879584550857544,,,,JJA
13,10,RANSACRegressor,0.0064507195446406,0.0587427869370279,2.3546642614715108,0.1864306926727295,,,,JJA
13,10,TweedieRegressor,-0.0011648767578511,0.0515280114925621,2.36367133397051,0.030625581741333,,,,JJA
13,10,ExtraTreeRegressor,-0.017049271345733,0.0364796376724633,2.382348444738832,0.1906831264495849,,,,JJA
13,10,AdaBoostRegressor,-0.0616478427687652,-0.0057716405177774,2.434022152235161,8.457470655441284,,,,JJA
13,10,OrthogonalMatchingPursuit,-0.1298077875403185,-0.0703442197750385,2.510941343822615,0.0239686965942382,,,,JJA
13,10,ElasticNet,-0.2838397154253924,-0.2162692040872138,2.6766383053467018,0.0284385681152343,,,,JJA
13,10,PassiveAggressiveRegressor,-0.3075572381829765,-0.2387384361733462,2.7012491313166995,0.0958268642425537,,,,JJA
13,10,Lasso,-0.5907296907257837,-0.5070070754244267,2.979425148791096,0.0573205947875976,,,,JJA
13,10,LassoLars,-0.5909011043456363,-0.5071694672748133,2.979585672698831,0.0374526977539062,,,,JJA
13,10,DummyRegressor,-3.5338608504172946,-3.295236595132174,5.030004564320109,0.018660545349121,,,,JJA
13,10,QuantileRegressor,-8.284974708241787,-7.796291828860641,7.198212247836748,31.857216835021973,,,,JJA
13,10,Lars,-6.635246734266701e+21,-6.286023221936875e+21,192425588793.1192,0.0295829772949218,,,,JJA
13,10,KNeighborsRegressor,0.1032889934054499,0.1476806273952791,1.9469940765359133,0.1551394462585449,0.0923,0.1915,-0.0439,MAM
13,10,ExtraTreesRegressor,0.0958015256716343,0.1405638263809593,1.9551058038373643,17.884660959243774,0.0857,0.2193,-0.0781,MAM
13,10,GradientBoostingRegressor,0.0944319836986337,0.1392620835155329,1.9565858916711147,22.83769726753235,0.0821,0.1702,-0.0408,MAM
13,10,CatBoostRegressor,0.0811113273845896,0.1266008656328772,1.970923777581504,4.529466152191162,0.0711,0.2103,-0.0652,MAM
13,10,LGBMRegressor,0.0438017699944822,0.0911383160343592,2.0105382863478267,0.4332726001739502,0.0342,0.2515,-0.15,MAM
13,10,HistGradientBoostingRegressor,0.0387006649644255,0.0862897409562856,2.0158940403548726,1.4615237712860107,,,,MAM
13,10,XGBRegressor,-0.0180885474022809,0.0323118757364456,2.0745846300206496,1.141770362854004,,,,MAM
13,10,RandomForestRegressor,-0.0195334021614292,0.0309385484406214,2.076056216527601,53.96883225440979,,,,MAM
13,10,MLPRegressor,-0.0970610420661199,-0.0427510894885894,2.153544134142799,14.167903184890749,,,,MAM
13,10,BaggingRegressor,-0.134341519259733,-0.0781859985043007,2.189829460699005,5.450839996337891,,,,MAM
13,10,GammaRegressor,-0.323682605178307,-0.2581537633377968,2.3655400802100166,0.0311024188995361,,,,MAM
13,10,PoissonRegressor,-0.4474466734218827,-0.3757908975099084,2.4736580623826456,0.0586183071136474,,,,MAM
13,10,TweedieRegressor,-0.5706646290671642,-0.4929089543608691,2.5767964400665164,0.0315241813659668,,,,MAM
13,10,AdaBoostRegressor,-0.5928898313221971,-0.514033899078524,2.594963478118158,7.602605104446411,,,,MAM
13,10,LinearSVR,-0.6371678797789884,-0.5561199649384445,2.6307827632683987,1.4978077411651611,,,,MAM
13,10,HuberRegressor,-0.6530760728229563,-0.5712406236733052,2.6435333877017477,0.3838341236114502,,,,MAM
13,10,ElasticNetCV,-0.6556890362331405,-0.5737242324592227,2.6456218362271238,0.2968432903289795,,,,MAM
13,10,LassoCV,-0.6666910635271017,-0.5841816049366513,2.654397339592154,0.4590139389038086,,,,MAM
13,10,LassoLarsCV,-0.6667993592469108,-0.5842845394822123,2.654483574890182,0.1500132083892822,,,,MAM
13,10,LassoLarsIC,-0.6840650657916347,-0.6006955080791776,2.668196520399087,0.0650010108947753,,,,MAM
13,10,BayesianRidge,-0.6845252910570447,-0.6011329499156071,2.6685610810067613,0.0595405101776123,,,,MAM
13,10,Ridge,-0.685178255460283,-0.6017535893483879,2.6690782316185397,0.0250015258789062,,,,MAM
13,10,RidgeCV,-0.6851782554619974,-0.6017535893500174,2.6690782316198973,0.0481503009796142,,,,MAM
13,10,LinearRegression,-0.6853314350452866,-0.6018991857856191,2.6691995359980827,0.0472023487091064,,,,MAM
13,10,TransformedTargetRegressor,-0.6853314350452866,-0.6018991857856191,2.6691995359980827,0.0451774597167968,,,,MAM
13,10,ElasticNet,-0.6858568583188955,-0.6023985980060791,2.669615581838501,0.0287423133850097,,,,MAM
13,10,DecisionTreeRegressor,-0.7177227140380764,-0.6326869361153995,2.6947278402701342,0.9277105331420898,,,,MAM
13,10,SGDRegressor,-0.7227691719514118,-0.6374835693795597,2.698683326579089,0.1345763206481933,,,,MAM
13,10,ExtraTreeRegressor,-0.8650019563069369,-0.7726751267867915,2.8078766533506228,0.2077157497406005,,,,MAM
13,10,LassoLars,-0.9373948744848396,-0.8414842371341049,2.86185386254081,0.030146837234497,,,,MAM
13,10,Lasso,-0.937475133440165,-0.8415605228738203,2.8619131398274344,0.0350632667541503,,,,MAM
13,10,OrthogonalMatchingPursuitCV,-1.104647267176666,-1.000456808405544,2.982826823376333,0.0816166400909423,,,,MAM
13,10,OrthogonalMatchingPursuit,-1.104647267176666,-1.000456808405544,2.982826823376333,0.0265460014343261,,,,MAM
13,10,LarsCV,-1.341560829810312,-1.2256419768494051,3.146234595945363,0.1731288433074951,,,,MAM
13,10,RANSACRegressor,-1.41691418265308,-1.2972649656900566,3.196457946352282,0.1829113960266113,,,,MAM
13,10,PassiveAggressiveRegressor,-1.4636060940068534,-1.341645396283742,3.2271861337453,0.0787270069122314,,,,MAM
13,10,DummyRegressor,-5.886351776166888,-5.54544327239625,5.395515966060217,0.0268888473510742,,,,MAM
13,10,QuantileRegressor,-13.88338230851793,-13.146581204135856,7.932118594380242,31.43638229370117,,,,MAM
13,10,Lars,-3.940814943073759e+25,-3.7457250944067415e+25,12907181010060.371,0.0302047729492187,,,,MAM
13,10,KNeighborsRegressor,0.1250881419910154,0.1756286215935885,1.793035511336316,0.1346261501312255,0.1696,0.0641,0.0974,SON
13,10,GradientBoostingRegressor,0.124661613289482,0.1752267319056223,1.7934725198843575,22.98933267593384,0.1814,0.116,0.0809,SON
13,10,CatBoostRegressor,0.1221994988727666,0.1729068448942371,1.7959930501593313,5.029240131378174,0.176,0.098,0.1008,SON
13,10,HistGradientBoostingRegressor,0.1204381027124105,0.1712471981911545,1.7977940686708658,1.617473840713501,0.1733,0.0982,0.1121,SON
13,10,LGBMRegressor,0.1076703292253649,0.1592169725948882,1.810795499776786,0.5030360221862793,0.1628,0.1068,0.0995,SON
13,10,ExtraTreesRegressor,0.0974183791706044,0.1495572404508648,1.821167881700582,18.798423767089844,,,,SON
13,10,RandomForestRegressor,0.0864712493423225,0.1392424865433437,1.832178782845084,56.06430697441101,,,,SON
13,10,XGBRegressor,0.0813429291141601,0.1344104107442794,1.8373142806044591,1.0788869857788086,,,,SON
13,10,BaggingRegressor,0.0202896104236973,0.0768839204762438,1.8973855831859927,5.682069301605225,,,,SON
13,10,MLPRegressor,-0.0500015338992607,0.0106532402027504,1.9642723633266044,14.40044116973877,,,,SON
13,10,PoissonRegressor,-0.24794338329858,-0.1758542276523205,2.1414314711313027,0.0557036399841308,,,,SON
13,10,LinearRegression,-0.3218831102810291,-0.2455227252198655,2.203957757911841,0.042137861251831,,,,SON
13,10,TransformedTargetRegressor,-0.3218831102810291,-0.2455227252198655,2.203957757911841,0.0524804592132568,,,,SON
13,10,RidgeCV,-0.3220611627512888,-0.2456904922457585,2.204106185146677,0.0518300533294677,,,,SON
13,10,Ridge,-0.3220611627515397,-0.245690492245995,2.204106185146886,0.0250866413116455,,,,SON
13,10,LassoLarsIC,-0.322562924310436,-0.2461632688624646,2.20452440741701,0.0660820007324218,,,,SON
13,10,BayesianRidge,-0.3230692715064134,-0.2466403662204201,2.2049463714354007,0.0660104751586914,,,,SON
13,10,OrthogonalMatchingPursuit,-0.3263733837460432,-0.2497536118993526,2.2076978704136043,0.0258522033691406,,,,SON
13,10,LassoCV,-0.3363035347225083,-0.2591101341287818,2.215946638838864,0.4457094669342041,,,,SON
13,10,LassoLarsCV,-0.3364003754379971,-0.2592013807079458,2.2160269312143237,0.1705093383789062,,,,SON
13,10,ElasticNetCV,-0.3394615905345068,-0.2620857605293041,2.218563541831246,0.4054198265075683,,,,SON
13,10,OrthogonalMatchingPursuitCV,-0.3622655053540029,-0.2835723760331683,2.23736901564712,0.0810158252716064,,,,SON
13,10,HuberRegressor,-0.3693938304176176,-0.2902889236540837,2.243215116975943,0.423793077468872,,,,SON
13,10,SGDRegressor,-0.387471352678451,-0.3073221731270641,2.2579730391801505,0.140763521194458,,,,SON
13,10,LinearSVR,-0.4088203333511555,-0.3274379007442209,2.275278406201083,1.8010320663452148,,,,SON
13,10,AdaBoostRegressor,-0.6465165457391857,-0.5514032664602853,2.4597433164168234,8.268863677978516,,,,SON
13,10,GammaRegressor,-0.6656991483827834,-0.569477759836923,2.474030340868129,0.0394678115844726,,,,SON
13,10,DecisionTreeRegressor,-0.7039676638107855,-0.6055356421529094,2.5022886959639004,0.9459507465362548,,,,SON
13,10,LassoLars,-0.7352352765835284,-0.6349970385267134,2.5251426869716096,0.031257152557373,,,,SON
13,10,Lasso,-0.7352354522818116,-0.6349972040755452,2.5251428148111104,0.0242974758148193,,,,SON
13,10,ExtraTreeRegressor,-0.8965948281777141,-0.7870354350223903,2.6399397817529957,0.2100329399108886,,,,SON
13,10,TweedieRegressor,-0.9326545932087832,-0.8210121584277881,2.6649180669934784,0.0365898609161376,,,,SON
13,10,ElasticNet,-1.0706528069991053,-0.9510387167359988,2.758419931753565,0.0403456687927246,,,,SON
13,10,PassiveAggressiveRegressor,-1.1543816171047476,-1.029930817657105,2.8136369382267827,0.0864336490631103,,,,SON
13,10,RANSACRegressor,-1.406763852400676,-1.267733848089982,2.9738802700162985,0.1865191459655761,,,,SON
13,10,DummyRegressor,-4.584097062412719,-4.261524061374757,4.529843717460476,0.0294218063354492,,,,SON
13,10,QuantileRegressor,-9.829801838463649,-9.204203529438148,6.308367629974857,31.67681837081909,,,,SON
13,10,LarsCV,-3.1305841194014085e+28,-2.949741647805692e+28,339171559651969.4,0.1435170173645019,,,,SON
13,10,Lars,-3.130584171171316e+28,-2.949741696585039e+28,339171562456378.94,0.0372273921966552,,,,SON
14,11,HistGradientBoostingRegressor,0.2714707547938126,0.2800237983717616,2.102264063982943,2.585191249847412,0.1945,0.1574,0.0415,
14,11,LGBMRegressor,0.2692049235362314,0.2777845683160043,2.1055306985833004,0.6678247451782227,0.1909,0.1591,0.0221,
14,11,CatBoostRegressor,0.2681871040059026,0.2767786981409754,2.106996434100784,6.128976821899414,0.1881,0.1693,-0.0,
14,11,GradientBoostingRegressor,0.2674016703780898,0.276002485622803,2.108126820063887,82.08186841011047,0.1883,0.1419,0.0509,
14,11,ExtraTreesRegressor,0.2611867228678216,0.2698605025367357,2.117050009611247,63.72669053077698,0.1832,0.1673,0.0232,
14,11,RandomForestRegressor,0.2509183578137033,0.2597126896421362,2.1317111086942147,234.34389567375183,,,,
14,11,XGBRegressor,0.2383030724285746,0.2472455096163424,2.1495862395863066,1.9172379970550537,,,,
14,11,MLPRegressor,0.1986823288014276,0.2080899195146902,2.204784421086832,34.341267585754395,,,,
14,11,BaggingRegressor,0.1943457631256131,0.2038042657761081,2.210742290151575,23.62008380889893,,,,
14,11,KNeighborsRegressor,0.1940918141651724,0.2035532982148898,2.2110906849386507,1.3163657188415527,,,,
14,11,PoissonRegressor,0.1449125992177826,0.1549514546926585,2.277555795620894,0.1023659706115722,,,,
14,11,GammaRegressor,0.1020884860654373,0.1126301031087597,2.333890851879532,0.0695526599884033,,,,
14,11,ElasticNetCV,0.0624691960288602,0.0734759495323043,2.384825157646698,0.9213805198669434,,,,
14,11,LassoCV,0.0615313340586393,0.0725490982035287,2.3860176932596056,1.891812086105347,,,,
14,11,BayesianRidge,0.0599876689559877,0.0710235559627657,2.3879792392429917,0.1648738384246826,,,,
14,11,RidgeCV,0.0597825065294154,0.0708208021741261,2.3882398192747583,0.1927316188812255,,,,
14,11,Ridge,0.0597825065285417,0.0708208021732627,2.388239819275868,0.0616281032562255,,,,
14,11,LassoLarsCV,0.0597545869909545,0.0707932104152715,2.3882752781228214,0.5455772876739502,,,,
14,11,LassoLarsIC,0.0597545869909545,0.0707932104152715,2.3882752781228214,0.1727917194366455,,,,
14,11,TransformedTargetRegressor,0.0597545811553537,0.0707932046481815,2.3882752855341955,0.1003801822662353,,,,
14,11,LinearRegression,0.0597545811553537,0.0707932046481815,2.3882752855341955,0.1003363132476806,,,,
14,11,SGDRegressor,0.0527581713477846,0.0638789337504325,2.397144450776746,0.270615816116333,,,,
14,11,HuberRegressor,0.0509533522814229,0.0620953035330107,2.399427053284765,1.125814437866211,,,,
14,11,TweedieRegressor,0.0130364717615323,0.0246235729279113,2.446889309763039,0.0712518692016601,,,,
14,11,LinearSVR,0.0127031303502811,0.0242941449952687,2.447302486468012,4.253454685211182,,,,
14,11,OrthogonalMatchingPursuitCV,-0.0378890117555059,-0.0257040377067196,2.509222819450452,0.2688488960266113,,,,
14,11,QuantileRegressor,-0.06675998799947,-0.0542360643208954,2.543882984024828,160.91447281837463,,,,
14,11,OrthogonalMatchingPursuit,-0.1234809827764331,-0.1102911460362976,2.610637873392077,0.0479388236999511,,,,
14,11,ElasticNet,-0.1341085396320529,-0.1207939337662971,2.6229564611918144,0.0563395023345947,,,,
14,11,AdaBoostRegressor,-0.3208675177272038,-0.305360333198708,2.8306971104697003,22.306934356689453,,,,
14,11,DecisionTreeRegressor,-0.3334119221920835,-0.317757464456982,2.844107046712697,3.9101197719573975,,,,
14,11,Lasso,-0.3550054593671183,-0.3390974902381019,2.8670435768145106,0.0681245326995849,,,,
14,11,LassoLars,-0.3550054594083549,-0.3390974902788544,2.8670435768581366,0.0538272857666015,,,,
14,11,ExtraTreeRegressor,-0.4638865314713114,-0.4467002820801795,2.9800083362097243,0.7207961082458496,,,,
14,11,DummyRegressor,-0.5949361121713135,-0.5762113208726678,3.110537325465525,0.0498216152191162,,,,
14,11,RANSACRegressor,-0.8918865215675809,-0.8696754875288277,3.3877496806171514,0.3305160999298095,,,,
14,11,PassiveAggressiveRegressor,-0.9823579279939983,-0.9590847459538916,3.46780610981122,0.1737909317016601,,,,
14,11,LarsCV,-8.741991044965176e+24,-8.639358747281004e+24,7282306439028.476,0.5535063743591309,,,,
14,11,Lars,-8.741992696321969e+24,-8.639360379250619e+24,7282307126840.072,0.0654404163360595,,,,
14,11,CatBoostRegressor,0.0987190990393129,0.1439338599570732,2.485956851944002,4.217193841934204,0.1322,0.0708,0.0548,DJF
14,11,ExtraTreesRegressor,0.091750444795704,0.1373148037524413,2.495548986853023,17.38971209526062,0.1253,0.0362,0.0875,DJF
14,11,GradientBoostingRegressor,0.0908291100016438,0.1364396897674477,2.496814417319737,22.59889411926269,0.1241,0.039,0.0806,DJF
14,11,LGBMRegressor,0.0892084689369684,0.1349003517662175,2.499038772708671,0.4653065204620361,0.1225,0.0559,0.059,DJF
14,11,RandomForestRegressor,0.085330286370579,0.1312167268536603,2.5043536187775453,51.13060784339905,0.1197,0.061,0.0575,DJF
14,11,HistGradientBoostingRegressor,0.0821806184000876,0.128225068982023,2.50866178785871,1.4225881099700928,,,,DJF
14,11,XGBRegressor,0.0124417957052529,0.0619848494324142,2.6022250491180463,1.1290700435638428,,,,DJF
14,11,BaggingRegressor,0.0102039233518714,0.0598592449228478,2.605171787914077,5.139963388442993,,,,DJF
14,11,PoissonRegressor,-0.0101467063112954,0.0405295498581674,2.6318172460316798,0.0554871559143066,,,,DJF
14,11,KNeighborsRegressor,-0.0316350158397187,0.0201192491689627,2.659662559607374,0.1464979648590088,,,,DJF
14,11,MLPRegressor,-0.0391081416319507,0.0130210293529298,2.669278425255696,13.904072284698486,,,,DJF
14,11,LinearRegression,-0.1285440115260352,-0.0719280912153645,2.781779822823603,0.0444624423980712,,,,DJF
14,11,TransformedTargetRegressor,-0.1285440115260352,-0.0719280912153645,2.781779822823603,0.0471036434173584,,,,DJF
14,11,LassoLarsIC,-0.1285440956441215,-0.0719281711134798,2.7817799264961174,0.0642063617706298,,,,DJF
14,11,RidgeCV,-0.1285874048805144,-0.0719693076457059,2.7818333030584763,0.0481209754943847,,,,DJF
14,11,Ridge,-0.1285874048810602,-0.0719693076462244,2.7818333030591487,0.0258243083953857,,,,DJF
14,11,BayesianRidge,-0.1288692135943592,-0.0722369787986554,2.782180593808909,0.060237169265747,,,,DJF
14,11,ElasticNetCV,-0.1332573436693485,-0.0764049685688794,2.7875827825361768,0.2279088497161865,,,,DJF
14,11,LassoLarsCV,-0.1349000001273337,-0.07796521751225,2.7896023515057107,0.1356654167175293,,,,DJF
14,11,LassoCV,-0.1374180749315823,-0.0803569674935429,2.792695370857663,0.4230742454528808,,,,DJF
14,11,LarsCV,-0.1421377918062432,-0.0848399092741574,2.798483518017582,0.1203691959381103,,,,DJF
14,11,SGDRegressor,-0.1533336454709073,-0.0954740980392563,2.81216619463657,0.0952610969543457,,,,DJF
14,11,OrthogonalMatchingPursuit,-0.2246016593629751,-0.1631667935086451,2.897750064824797,0.0264196395874023,,,,DJF
14,11,OrthogonalMatchingPursuitCV,-0.2246016593629751,-0.1631667935086451,2.897750064824797,0.0761992931365966,,,,DJF
14,11,HuberRegressor,-0.2467434972249973,-0.1841978368290944,2.923829598783489,0.436126708984375,,,,DJF
14,11,GammaRegressor,-0.2653986302432753,-0.2019170936089973,2.9456231370380173,0.0317280292510986,,,,DJF
14,11,LinearSVR,-0.301208026966028,-0.2359300323021804,2.9870113256122184,1.684475660324097,,,,DJF
14,11,TweedieRegressor,-0.4769601536006009,-0.4028651626172932,3.182349629772397,0.0320386886596679,,,,DJF
14,11,AdaBoostRegressor,-0.5670768871073546,-0.4884609897608316,3.277997779473528,8.587468385696411,,,,DJF
14,11,ElasticNet,-0.639426788627675,-0.5571812975593968,3.3528144230771795,0.0262508392333984,,,,DJF
14,11,LassoLars,-0.6485980403286302,-0.5658924530211737,3.3621794708125305,0.0247085094451904,,,,DJF
14,11,Lasso,-0.6486045817783657,-0.5658986663045344,3.3621861411790044,0.029742956161499,,,,DJF
14,11,DecisionTreeRegressor,-0.7325256198591603,-0.6456096188628813,3.446698817625488,0.8689384460449219,,,,DJF
14,11,ExtraTreeRegressor,-0.7702926763917675,-0.6814820070075651,3.484063315410194,0.1920971870422363,,,,DJF
14,11,RANSACRegressor,-0.9613976801801764,-0.8629998032480606,3.667299093248414,0.1809191703796386,,,,DJF
14,11,PassiveAggressiveRegressor,-1.5992916188768032,-1.4688923737826491,4.221735356455503,0.0744006633758544,,,,DJF
14,11,DummyRegressor,-2.9623590512949343,-2.7635784968821446,5.212432162098042,0.0227313041687011,,,,DJF
14,11,QuantileRegressor,-6.458887747188063,-6.084696054185318,7.151555906900345,30.724406957626343,,,,DJF
14,11,Lars,-4.86071163751697e+17,-4.616863227608092e+17,1825632805.0942864,0.0286128520965576,,,,DJF
14,11,HistGradientBoostingRegressor,0.398699676723939,0.4262541721897462,1.563879634010553,1.6581223011016846,0.4123,0.1079,0.3008,JJA
14,11,CatBoostRegressor,0.393694985973038,0.4214788206280413,1.5703743217418007,4.399640798568726,0.4088,0.123,0.2884,JJA
14,11,ExtraTreesRegressor,0.3891363912558722,0.4171291228174666,1.5762668134182998,17.50946307182312,0.4013,0.1131,0.2783,JJA
14,11,LGBMRegressor,0.378535017332283,0.4070135552345715,1.5898858226951442,0.4443066120147705,0.3882,0.0878,0.2869,JJA
14,11,GradientBoostingRegressor,0.3711458296117268,0.3999629759126151,1.5993097246994046,22.456857204437256,0.3831,0.0761,0.2971,JJA
14,11,XGBRegressor,0.3696967725057331,0.3985803216271607,1.6011512944370454,1.0792016983032229,,,,JJA
14,11,RandomForestRegressor,0.3628761503826008,0.3920722534709745,1.609791153904644,51.72390794754028,,,,JJA
14,11,MLPRegressor,0.3030539835638373,0.3349914283088753,1.6836707821934744,13.825725317001345,,,,JJA
14,11,BaggingRegressor,0.2991064371431733,0.3312247775999525,1.6884322584121256,5.227918386459351,,,,JJA
14,11,KNeighborsRegressor,0.293488987644549,0.3258647468665401,1.6951848917700314,0.1640584468841552,,,,JJA
14,11,PoissonRegressor,0.1846573504582107,0.2220203028302886,1.8210743841124624,0.0551156997680664,,,,JJA
14,11,ElasticNetCV,0.0857519863501254,0.1276472619247124,1.9283666767834784,0.3884370326995849,,,,JJA
14,11,LassoCV,0.0760983682343461,0.1184360193845033,1.938520831751679,0.5437531471252441,,,,JJA
14,11,BayesianRidge,0.0601354848869261,0.1032046327281566,1.9551956926734049,0.0607869625091552,,,,JJA
14,11,SGDRegressor,0.0597543063471422,0.1028409216367335,1.9555921344356244,0.1453499794006347,,,,JJA
14,11,RidgeCV,0.0589403033380774,0.1020642201912205,1.95643846295923,0.0489490032196044,,,,JJA
14,11,Ridge,0.058940303337638,0.1020642201908011,1.9564384629596867,0.0260677337646484,,,,JJA
14,11,LassoLarsIC,0.0585099947583626,0.1016536304364417,1.9568857119715592,0.0627665519714355,,,,JJA
14,11,LassoLarsCV,0.0585099947583626,0.1016536304364417,1.9568857119715592,0.1300747394561767,,,,JJA
14,11,LinearRegression,0.0585093365597287,0.1016530023996596,1.956886396003928,0.0474255084991455,,,,JJA
14,11,TransformedTargetRegressor,0.0585093365597287,0.1016530023996596,1.956886396003928,0.0485665798187255,,,,JJA
14,11,OrthogonalMatchingPursuitCV,0.0514379552634284,0.0949056660711124,1.964221574137659,0.0661275386810302,,,,JJA
14,11,HuberRegressor,0.0299215289682814,0.0743752267243174,1.986374075383722,0.4340627193450928,,,,JJA
14,11,GammaRegressor,-0.0136538310143656,0.0327967009567611,2.030497402982324,0.0314409732818603,,,,JJA
14,11,LinearSVR,-0.0218741729184832,0.0249530549647466,2.0387140538405903,1.518296718597412,,,,JJA
14,11,LarsCV,-0.0392873401990261,0.0083378434149822,2.0560109525431334,0.1418964862823486,,,,JJA
14,11,OrthogonalMatchingPursuit,-0.1912093331964082,-0.136622347459302,2.201160187255505,0.0261144638061523,,,,JJA
14,11,ExtraTreeRegressor,-0.1948736053156403,-0.140118704868386,2.204543075773295,0.1935179233551025,,,,JJA
14,11,DecisionTreeRegressor,-0.2336086869005875,-0.1770787572564669,2.239991213513272,0.88319993019104,,,,JJA
14,11,TweedieRegressor,-0.2630643069834373,-0.205184578048351,2.266576264773095,0.0379621982574462,,,,JJA
14,11,AdaBoostRegressor,-0.4398261722154448,-0.3738463578063868,2.4199847941635824,8.012811660766602,,,,JJA
14,11,ElasticNet,-0.6192716309542103,-0.5450687558086509,2.566359298714414,0.0285615921020507,,,,JJA
14,11,PassiveAggressiveRegressor,-0.6312265701490805,-0.5564758617410268,2.5758154791034062,0.0653765201568603,,,,JJA
14,11,Lasso,-0.8619223619602943,-0.7766000541311566,2.7519363782448623,0.0586850643157959,,,,JJA
14,11,LassoLars,-0.8620246288689193,-0.7766976346743151,2.752011952868044,0.0263533592224121,,,,JJA
14,11,RANSACRegressor,-0.8731132243998192,-0.7872780970087889,2.760194081650823,0.1836960315704345,,,,JJA
14,11,DummyRegressor,-5.159155605175616,-4.876913240376327,5.005162631263011,0.0188095569610595,,,,JJA
14,11,QuantileRegressor,-11.856927956201494,-11.26776119649776,7.231463699707187,31.504976272583008,,,,JJA
14,11,Lars,-1.805722475713444e+21,-1.7229755190870645e+21,85700450952.75195,0.0346951484680175,,,,JJA
14,11,GradientBoostingRegressor,0.1090404281507378,0.1506740530035072,2.142607123494924,22.84994673728943,0.0654,0.0191,0.0449,MAM
14,11,HistGradientBoostingRegressor,0.0885741098145662,0.1311641046830445,2.167076417252051,1.594210147857666,0.0562,0.0336,0.036,MAM
14,11,ExtraTreesRegressor,0.0881902003090351,0.1307981348740335,2.1675327756097738,17.571972608566284,0.0447,0.0147,0.0307,MAM
14,11,CatBoostRegressor,0.0830840851250841,0.1259306232033512,2.1735933710177324,4.012512683868408,0.0413,0.0087,0.035,MAM
14,11,LGBMRegressor,0.0668708266419936,0.1104749936213397,2.192726317965232,0.406574010848999,0.0186,0.0246,-0.0098,MAM
14,11,XGBRegressor,0.0593269221437966,0.1032836080249276,2.20157204902517,1.0512487888336182,,,,MAM
14,11,RandomForestRegressor,0.0503652281632208,0.0947406847911077,2.212034263256262,53.738794565200806,,,,MAM
14,11,KNeighborsRegressor,0.0090667536074166,0.0553720454949205,2.259621744028879,0.1574418544769287,,,,MAM
14,11,BaggingRegressor,0.0070785083529313,0.0534767088971869,2.261887502551334,5.395579099655151,,,,MAM
14,11,MLPRegressor,-0.0362505357877265,0.0121723864453449,2.3107125843023244,13.861234188079834,,,,MAM
14,11,PoissonRegressor,-0.0383865517897987,0.0101361842751451,2.3130928861758284,0.0545458793640136,,,,MAM
14,11,ElasticNetCV,-0.1509279216003582,-0.0971462430209022,2.4352166732815825,0.2787878513336181,,,,MAM
14,11,LassoCV,-0.1599389031422182,-0.1057361506589369,2.4447311304261428,0.4265003204345703,,,,MAM
14,11,LassoLarsCV,-0.1817202487254881,-0.126499676355138,2.4675779688496897,0.1426382064819336,,,,MAM
14,11,LassoLarsIC,-0.1838990922514995,-0.1285767047631116,2.4698517685506123,0.0698878765106201,,,,MAM
14,11,BayesianRidge,-0.1840844692670258,-0.1287534193012769,2.4700451278627185,0.0597429275512695,,,,MAM
14,11,Ridge,-0.1852845718130393,-0.1298974422890655,2.4712965405794685,0.0255117416381835,,,,MAM
14,11,RidgeCV,-0.1852845718132683,-0.1298974422892838,2.471296540579707,0.0531575679779052,,,,MAM
14,11,LinearRegression,-0.1855721911853989,-0.1301716215038382,2.471596362943681,0.042262315750122,,,,MAM
14,11,TransformedTargetRegressor,-0.1855721911853989,-0.1301716215038382,2.471596362943681,0.047295331954956,,,,MAM
14,11,SGDRegressor,-0.1981515572652032,-0.1421631667387919,2.484674047385566,0.1388843059539795,,,,MAM
14,11,GammaRegressor,-0.2069505108816161,-0.1505509542983629,2.4937808001594592,0.03277587890625,,,,MAM
14,11,LarsCV,-0.2119556950685124,-0.155322251373722,2.4989462640452365,0.1616337299346923,,,,MAM
14,11,HuberRegressor,-0.2362980675180912,-0.1785271297836008,2.5239174174294283,0.3815152645111084,,,,MAM
14,11,OrthogonalMatchingPursuitCV,-0.2774637121472005,-0.2177691461590136,2.565593411620168,0.0675191879272461,,,,MAM
14,11,AdaBoostRegressor,-0.2804863951019156,-0.220650582246686,2.56862691990782,7.484678268432617,,,,MAM
14,11,LinearSVR,-0.2998789959612971,-0.239136986804227,2.588004389704986,1.4150893688201904,,,,MAM
14,11,TweedieRegressor,-0.4158411623445222,-0.3496803603658061,2.7009765438011115,0.0301394462585449,,,,MAM
14,11,RANSACRegressor,-0.4587685095586054,-0.3906017567754929,2.7416166902907952,0.186293363571167,,,,MAM
14,11,OrthogonalMatchingPursuit,-0.4775487630090418,-0.4085044282889931,2.7592081034004603,0.025134801864624,,,,MAM
14,11,PassiveAggressiveRegressor,-0.6779392041447931,-0.5995308301193354,2.940367786232866,0.0591650009155273,,,,MAM
14,11,DecisionTreeRegressor,-0.6857012043288244,-0.6069301200143933,2.9471608814943897,0.9153354167938232,,,,MAM
14,11,ExtraTreeRegressor,-0.7782781016673834,-0.6951809941128326,3.0270067243968204,0.204566478729248,,,,MAM
14,11,ElasticNet,-0.8410230121635254,-0.7549938994456036,3.079946367720358,0.0318453311920166,,,,MAM
14,11,LassoLars,-1.2375873754665574,-1.1330272177344751,3.3954985319065485,0.0269055366516113,,,,MAM
14,11,Lasso,-1.2376750192670656,-1.1331107660302866,3.395565030199569,0.0276682376861572,,,,MAM
14,11,DummyRegressor,-5.698840318526142,-5.385810397099687,5.8750742313588304,0.0194969177246093,,,,MAM
14,11,QuantileRegressor,-12.70650491512882,-12.066014031244295,8.403823228033351,31.10780382156372,,,,MAM
14,11,Lars,-3.96660624949347e+26,-3.781250817274149e+26,45208811648398.19,0.0338211059570312,,,,MAM
14,11,HistGradientBoostingRegressor,0.1421163896730614,0.1811900358924058,2.1316193768505447,1.7084274291992188,0.1781,0.174,0.02,SON
14,11,GradientBoostingRegressor,0.1341058694961218,0.1735443673429583,2.1415482904839687,22.575355052948,0.1726,0.1274,0.0674,SON
14,11,LGBMRegressor,0.1263298452061187,0.1661225141997672,2.1511427149498674,0.437993049621582,0.1676,0.175,0.0281,SON
14,11,CatBoostRegressor,0.1236419772315345,0.1635570693616772,2.154449195834597,4.356532096862793,0.1627,0.1616,0.0258,SON
14,11,ExtraTreesRegressor,0.1166386877564448,0.1568727556217889,2.1630405517497246,17.88292098045349,0.1571,0.1815,0.0058,SON
14,11,RandomForestRegressor,0.1125276362174257,0.1529489483330288,2.1680679675301078,55.26653170585632,,,,SON
14,11,BaggingRegressor,0.0530122898195737,0.0961443211537024,2.239585491764975,5.631749153137207,,,,SON
14,11,KNeighborsRegressor,0.0477269080189135,0.0910996703055014,2.245826646628177,0.1629250049591064,,,,SON
14,11,XGBRegressor,0.0442148467563813,0.0877475713474368,2.2499642316314503,1.1140286922454834,,,,SON
14,11,MLPRegressor,-0.0312680698302805,0.0157026418522727,2.3371213332046543,14.017201900482178,,,,SON
14,11,PoissonRegressor,-0.0359561391201765,0.0112280979854995,2.342427501082402,0.0565290451049804,,,,SON
14,11,ElasticNetCV,-0.1615319523360776,-0.1086281690819039,2.4803390719177605,0.3785030841827392,,,,SON
14,11,LassoCV,-0.1643937513485458,-0.1113596229976505,2.4833927395714523,0.5003921985626221,,,,SON
14,11,LassoLarsCV,-0.1675815603980817,-0.114402238315173,2.486789859684564,0.1501734256744384,,,,SON
14,11,LassoLarsIC,-0.1700826269737119,-0.1167893899151926,2.489451900615816,0.0713741779327392,,,,SON
14,11,BayesianRidge,-0.1704795989898291,-0.1171682812220737,2.489874160938111,0.0598289966583251,,,,SON
14,11,RidgeCV,-0.1707065501017279,-0.1173848954918315,2.4901155373451864,0.0534799098968505,,,,SON
14,11,Ridge,-0.1707065501024751,-0.1173848954925447,2.4901155373459813,0.0406484603881835,,,,SON
14,11,LinearRegression,-0.1707468397339853,-0.1174233500699879,2.490158385391142,0.0424163341522216,,,,SON
14,11,TransformedTargetRegressor,-0.1707468397339853,-0.1174233500699879,2.490158385391142,0.0461328029632568,,,,SON
14,11,SGDRegressor,-0.1731899037759514,-0.119755140952148,2.4927552089544345,0.1287941932678222,,,,SON
14,11,LarsCV,-0.1764302337065886,-0.1228478850053775,2.4961953082947503,0.136451244354248,,,,SON
14,11,OrthogonalMatchingPursuitCV,-0.1972419303324595,-0.142711680469139,2.518178045471944,0.0711240768432617,,,,SON
14,11,OrthogonalMatchingPursuit,-0.2000251971778053,-0.145368179087723,2.521103391069071,0.0239200592041015,,,,SON
14,11,HuberRegressor,-0.2446103153152299,-0.1879225985245565,2.5675101671877782,0.4401018619537353,,,,SON
14,11,LinearSVR,-0.276091530163622,-0.2179699523727687,2.5997787348049988,1.7742815017700195,,,,SON
14,11,AdaBoostRegressor,-0.3739013861509903,-0.3113249060125342,2.697573302762132,8.027056217193604,,,,SON
14,11,GammaRegressor,-0.3739110816539543,-0.3113341599187034,2.6975828210157977,0.0301432609558105,,,,SON
14,11,TweedieRegressor,-0.5795931251191178,-0.5076480941167287,2.89246485969383,0.0307950973510742,,,,SON
14,11,ExtraTreeRegressor,-0.6966943479079784,-0.6194157591874734,2.9977629003093598,0.1966884136199951,,,,SON
14,11,DecisionTreeRegressor,-0.7547746775768054,-0.674850729711465,3.04864006877797,0.9230151176452636,,,,SON
14,11,ElasticNet,-0.8005124160192025,-0.7185052715648867,3.088115493350006,0.0252349376678466,,,,SON
14,11,RANSACRegressor,-0.8453595862620582,-0.7613098075355476,3.1263383399270457,0.1791870594024658,,,,SON
14,11,LassoLars,-0.861135833254101,-0.7763675007678312,3.139673659346079,0.0251750946044921,,,,SON
14,11,Lasso,-0.8611360044967269,-0.7763676642109447,3.139673803786355,0.0301661491394042,,,,SON
14,11,PassiveAggressiveRegressor,-1.260601310963994,-1.157638700646808,3.460249874507827,0.0553669929504394,,,,SON
14,11,DummyRegressor,-3.291842071782873,-3.096363434910171,4.767792436738188,0.0185925960540771,,,,SON
14,11,QuantileRegressor,-6.980718390141826,-6.61722413148152,6.501543419052191,31.757758617401123,,,,SON
14,11,Lars,-3.9643314597316765e+28,-3.783769804177096e+28,458226765793032.8,0.0332884788513183,,,,SON
1,4,ExtraTreesRegressor,0.3796873536469746,0.4574424207385794,2.3522173499301737,11.861806631088257,0.4449,0.0559,0.4123,DJF
1,4,CatBoostRegressor,0.3678806605915599,0.4471156752806401,2.374497245745095,8.70210599899292,0.429,0.0624,0.3622,DJF
1,4,LGBMRegressor,0.3575876558933166,0.4381128800849622,2.393751536566901,1.1812410354614258,0.4216,0.0501,0.3739,DJF
1,4,HistGradientBoostingRegressor,0.3551374452413789,0.4359697989019303,2.398312169335457,2.322857618331909,0.4185,0.0537,0.363,DJF
1,4,RandomForestRegressor,0.3323682379356281,0.4160546705063711,2.4402854261623683,33.99652314186096,0.3988,0.0665,0.3348,DJF
1,4,GradientBoostingRegressor,0.328984217244989,0.4130948306822467,2.446462138379126,14.999178886413574,,,,DJF
1,4,XGBRegressor,0.2883188416060608,0.3775267862515407,2.519502916632704,1.6811444759368896,,,,DJF
1,4,MLPRegressor,0.2782600290534357,0.3687288276400524,2.537245613020598,11.81093406677246,,,,DJF
1,4,BaggingRegressor,0.2573206476311668,0.3504141597665359,2.5737882056113324,3.422901391983032,,,,DJF
1,4,HuberRegressor,0.2444050291923686,0.3391174907142166,2.596071567101499,0.7143704891204834,,,,DJF
1,4,LinearSVR,0.2221669073127593,0.3196668771482074,2.633997384903318,1.5280673503875732,,,,DJF
1,4,KNeighborsRegressor,0.2212749853596883,0.3188867559970534,2.6355071220326978,0.0941812992095947,,,,DJF
1,4,SGDRegressor,0.2102650064664976,0.3092568580236219,2.654072746863746,0.2570536136627197,,,,DJF
1,4,LinearRegression,0.2052839463474685,0.3049001647718805,2.662429547481841,0.0555386543273925,,,,DJF
1,4,TransformedTargetRegressor,0.2052839463474685,0.3049001647718805,2.662429547481841,0.1093308925628662,,,,DJF
1,4,Ridge,0.2052193140243531,0.3048436339934454,2.662537809739439,0.1066117286682128,,,,DJF
1,4,LassoLarsIC,0.2052141799208168,0.3048391434404917,2.662546409421685,0.0701770782470703,,,,DJF
1,4,RidgeCV,0.2049099123065573,0.3045730152207772,2.6630560115705206,0.1873483657836914,,,,DJF
1,4,BayesianRidge,0.2048707391665174,0.304538752362915,2.663121613558766,0.0517199039459228,,,,DJF
1,4,ElasticNetCV,0.2046140895769027,0.3043142733346726,2.6635513763395533,0.5943746566772461,,,,DJF
1,4,LassoLarsCV,0.1998186713372899,0.3001199520888832,2.6715686472571782,0.2676224708557129,,,,DJF
1,4,LassoCV,0.1993921092069397,0.2997468587492453,2.672280634740215,0.3465852737426758,,,,DJF
1,4,PoissonRegressor,0.160921238696227,0.2660982422022709,2.735731654524535,0.0926806926727294,,,,DJF
1,4,GammaRegressor,-0.0177910173370852,0.1097872438890119,3.013016001941573,0.1588368415832519,,,,DJF
1,4,TweedieRegressor,-0.0642990265109966,0.0691089294583484,3.0810870160554,0.106447696685791,,,,DJF
1,4,OrthogonalMatchingPursuit,-0.1080767662014305,0.0308186501747934,3.1438155359298743,0.031287670135498,,,,DJF
1,4,OrthogonalMatchingPursuitCV,-0.1173454463431782,0.0227117823070809,3.156936621296876,0.1172163486480712,,,,DJF
1,4,LarsCV,-0.146181851937339,-0.002510032056614,3.1974141697974283,0.1950676441192627,,,,DJF
1,4,ElasticNet,-0.2280653683151006,-0.0741295979134861,3.30965613152364,0.0666210651397705,,,,DJF
1,4,ExtraTreeRegressor,-0.3109283666977691,-0.1466058694793857,3.41949215672174,0.1695578098297119,,,,DJF
1,4,Lasso,-0.3500794651712791,-0.1808494486456311,3.4701783600250207,0.0395328998565673,,,,DJF
1,4,LassoLars,-0.3501289418995272,-0.1808927235555752,3.4702419457261326,0.0685386657714843,,,,DJF
1,4,PassiveAggressiveRegressor,-0.678363543415468,-0.4679837120681251,3.869146286923116,0.0906183719635009,,,,DJF
1,4,RANSACRegressor,-0.6984982327732812,-0.485594554570502,3.892285434454939,0.209158182144165,,,,DJF
1,4,DecisionTreeRegressor,-0.7104603952318636,-0.4960572816234125,3.905967656462779,0.5343480110168457,,,,DJF
1,4,AdaBoostRegressor,-1.0073607702428946,-0.755741732190164,4.231407462368975,4.936725854873657,,,,DJF
1,4,DummyRegressor,-1.545998753228528,-1.226862419258378,4.765420455606996,0.0328781604766845,,,,DJF
1,4,QuantileRegressor,-3.297150887440611,-2.7585108040566904,6.191023223531287,11.983204126358032,,,,DJF
1,4,Lars,-1.310211284294868e+16,-1.1459786720573496e+16,341855679.1705804,0.0535047054290771,,,,DJF
1,4,ExtraTreesRegressor,0.607314282716285,0.6586830538725849,1.960705614790854,13.383479833602903,0.6537,0.0323,0.6264,JJA
1,4,HistGradientBoostingRegressor,0.5868645600537592,0.6409084402792848,2.0111111118363314,1.7526609897613523,0.633,0.0352,0.593,JJA
1,4,CatBoostRegressor,0.5818600251138417,0.6365585683402286,2.023255288240466,9.316599130630491,0.6303,0.0247,0.6036,JJA
1,4,RandomForestRegressor,0.576382873691026,0.631797904748886,2.0364633318354137,34.632155895233154,0.6252,0.0218,0.6002,JJA
1,4,LGBMRegressor,0.5747781797607238,0.6304031271757453,2.040316825036041,1.5094938278198242,0.6247,0.0233,0.6015,JJA
1,4,MLPRegressor,0.5555470265239186,0.6136876771239874,2.085944493717516,15.969679594039915,,,,JJA
1,4,XGBRegressor,0.5452261838219485,0.6047169446591936,2.1100248292643062,1.97893500328064,,,,JJA
1,4,BaggingRegressor,0.5189609663245494,0.5818875841018611,2.170101259374299,3.4325289726257324,,,,JJA
1,4,GradientBoostingRegressor,0.5053116514693772,0.5700237900853017,2.200673838065897,15.11917209625244,,,,JJA
1,4,KNeighborsRegressor,0.4772623838338721,0.5456437580416504,2.2622037412851137,0.1161272525787353,,,,JJA
1,4,LinearSVR,0.3681600397507064,0.4508135229228523,2.487100783510493,1.0594403743743896,,,,JJA
1,4,HuberRegressor,0.367135161988655,0.4499227134726972,2.489117070576884,0.7691490650177002,,,,JJA
1,4,SGDRegressor,0.3495078947298802,0.4346013387332388,2.523543845580148,0.1404733657836914,,,,JJA
1,4,BayesianRidge,0.3396078085834203,0.4259963219954729,2.5426747160615832,0.0749483108520507,,,,JJA
1,4,Ridge,0.3394546870277409,0.4258632308758562,2.542969477074316,0.064382791519165,,,,JJA
1,4,RidgeCV,0.339454687026712,0.4258632308749618,2.5429694770762965,0.1606533527374267,,,,JJA
1,4,LassoLarsCV,0.3393895055947157,0.425806576083779,2.5430949418248145,0.144141674041748,,,,JJA
1,4,TransformedTargetRegressor,0.339389492107536,0.4258065643609106,2.543094967785028,0.1084794998168945,,,,JJA
1,4,LinearRegression,0.339389492107536,0.4258065643609106,2.543094967785028,0.0665690898895263,,,,JJA
1,4,LassoLarsIC,0.3393886529969371,0.4258058350176865,2.543096582910157,0.0770876407623291,,,,JJA
1,4,LassoCV,0.3355449583670628,0.4224649492783481,2.5504842166614905,0.4548642635345459,,,,JJA
1,4,ElasticNetCV,0.3346438024610932,0.4216816771391478,2.5522131561780053,0.5248794555664062,,,,JJA
1,4,PoissonRegressor,0.3053132674181038,0.3961879853430611,2.60786041440542,0.1117973327636718,,,,JJA
1,4,ExtraTreeRegressor,0.241965993701074,0.341127418943666,2.724169864247705,0.2877485752105713,,,,JJA
1,4,GammaRegressor,0.2019871693624007,0.3063783826725517,2.795083437911924,0.1076657772064209,,,,JJA
1,4,OrthogonalMatchingPursuitCV,0.1635247630335733,0.2729473957762744,2.8616491348793742,0.1274645328521728,,,,JJA
1,4,OrthogonalMatchingPursuit,0.1064984211406981,0.2233808951193858,2.957586818008377,0.0775384902954101,,,,JJA
1,4,TweedieRegressor,0.0875949954584567,0.206950301285112,2.9887092598472207,0.1010811328887939,,,,JJA
1,4,LarsCV,0.0400427089538533,0.1656185173755875,3.065602175080496,0.1433861255645752,,,,JJA
1,4,RANSACRegressor,0.021488722404526,0.1494916511597478,3.09508626120734,0.2751245498657226,,,,JJA
1,4,ElasticNet,-0.0708465906991304,0.0692350854097674,3.2378257225802334,0.0676414966583252,,,,JJA
1,4,AdaBoostRegressor,-0.1060285028314678,0.0386554582947415,3.290584133651441,5.693073987960815,,,,JJA
1,4,LassoLars,-0.1117342102734884,0.0336961370006596,3.299060840461159,0.0601050853729248,,,,JJA
1,4,Lasso,-0.1117561512371447,0.0336770662212025,3.2990933951024544,0.0700345039367675,,,,JJA
1,4,DecisionTreeRegressor,-0.1389103582538153,0.0100750083782242,3.3391398701557518,0.6427261829376221,,,,JJA
1,4,PassiveAggressiveRegressor,-0.9634554627818116,-0.7066080911969819,4.3843010454498925,0.0911250114440918,,,,JJA
1,4,DummyRegressor,-1.7415694447456218,-1.3829339069155262,5.180712181224449,0.0656421184539794,,,,JJA
1,4,QuantileRegressor,-4.050723870275753,-3.3900187128268904,7.031802310454168,12.489808082580566,,,,JJA
1,4,Lars,-7.616965426152664e+28,-6.620560065173392e+28,863536764192296.9,0.0607779026031494,,,,JJA
1,4,CatBoostRegressor,0.462930991547902,0.5287841397232275,1.8125836841235865,11.299450635910034,0.5028,0.1328,0.3529,MAM
1,4,HistGradientBoostingRegressor,0.4505060826866693,0.5178827210493393,1.833430555744288,3.822617053985596,0.4882,0.1887,0.2797,MAM
1,4,LGBMRegressor,0.4452715873438889,0.5132900575605783,1.842142514234726,2.0528759956359863,0.4845,0.1713,0.2958,MAM
1,4,RandomForestRegressor,0.4427351223694974,0.5110646032778696,1.846349258304401,34.097139835357666,0.4838,0.1435,0.3204,MAM
1,4,XGBRegressor,0.4421399051396688,0.5105423690871209,1.8473350422963732,1.808420181274414,0.4817,0.1711,0.2945,MAM
1,4,ExtraTreesRegressor,0.4353396912508208,0.5045759688903659,1.8585602779194543,12.762224912643433,,,,MAM
1,4,GradientBoostingRegressor,0.4245266852144748,0.4950888082808198,1.8762712123075729,15.021948099136353,,,,MAM
1,4,BaggingRegressor,0.3689757012925073,0.4463492529051427,1.9647444096809932,3.4021847248077397,,,,MAM
1,4,KNeighborsRegressor,0.3510993395012219,0.4306648155841783,1.992379793100656,0.0919234752655029,,,,MAM
1,4,LinearSVR,0.3339031071446737,0.4155771130806129,2.018606764271858,1.8231563568115237,,,,MAM
1,4,HuberRegressor,0.3299906949541653,0.4121444244556982,2.024526367551294,0.6502377986907959,,,,MAM
1,4,MLPRegressor,0.3295816119435716,0.4117855014872753,2.0251443238668267,13.72864055633545,,,,MAM
1,4,SGDRegressor,0.2605910270101854,0.3512542525811436,2.1267937658115827,0.1621425151824951,,,,MAM
1,4,ElasticNetCV,0.2438660166510894,0.3365799928110375,2.150712696577366,0.3556103706359863,,,,MAM
1,4,LassoCV,0.243742639669388,0.3364717437971197,2.150888153324208,0.5253558158874512,,,,MAM
1,4,PoissonRegressor,0.2418525413347843,0.3348134013891023,2.153574311081236,0.1405630111694336,,,,MAM
1,4,BayesianRidge,0.2407060745404715,0.3338075095423211,2.1552020081147774,0.05389404296875,,,,MAM
1,4,LassoLarsIC,0.2406648029761234,0.3337712985240102,2.1552605805244247,0.0675241947174072,,,,MAM
1,4,LassoLarsCV,0.2406648029761234,0.3337712985240102,2.1552605805244247,0.2665765285491943,,,,MAM
1,4,LinearRegression,0.2406647621367968,0.3337712626922304,2.1552606384826163,0.0571722984313964,,,,MAM
1,4,TransformedTargetRegressor,0.2406647621367968,0.3337712626922304,2.1552606384826163,0.1135556697845459,,,,MAM
1,4,RidgeCV,0.2406640955110994,0.3337706778053788,2.1552615845415763,0.1338119506835937,,,,MAM
1,4,Ridge,0.2406578308875597,0.33376518132369,2.1552704751224963,0.0552113056182861,,,,MAM
1,4,GammaRegressor,0.034881197883531,0.1532200155817357,2.4298161178128383,0.0677061080932617,,,,MAM
1,4,OrthogonalMatchingPursuitCV,0.0281278667495347,0.1472947495731612,2.438302506773081,0.114595890045166,,,,MAM
1,4,OrthogonalMatchingPursuit,-0.0301271177284254,0.0961827468431798,2.5103162089373723,0.046828269958496,,,,MAM
1,4,TweedieRegressor,-0.1111350157791921,0.0251076973272483,2.6071525133856066,0.0666213035583496,,,,MAM
1,4,PassiveAggressiveRegressor,-0.1589371499222212,-0.0168331397137744,2.662643130262228,0.0925726890563964,,,,MAM
1,4,ExtraTreeRegressor,-0.3545049529649342,-0.1884212393861275,2.8785469613497106,0.1271510124206543,,,,MAM
1,4,ElasticNet,-0.3660082628762493,-0.1985140617061369,2.8907443368352577,0.0365514755249023,,,,MAM
1,4,LassoLars,-0.4512865576506937,-0.2733358898188647,2.979611258981223,0.0548508167266845,,,,MAM
1,4,Lasso,-0.4513405867951259,-0.273383294136323,2.979666721614681,0.0588524341583251,,,,MAM
1,4,RANSACRegressor,-0.5050776220822235,-0.3205313196470736,3.0343276153329484,0.231971263885498,,,,MAM
1,4,DecisionTreeRegressor,-0.8695238714950282,-0.6402906992408695,3.381804734290489,0.5493957996368408,,,,MAM
1,4,AdaBoostRegressor,-0.8723628532683745,-0.6427815769820615,3.3843714947467443,5.403460264205933,,,,MAM
1,4,LarsCV,-1.032528027214913,-0.7833079693820217,3.5261541314481963,0.2459521293640136,,,,MAM
1,4,DummyRegressor,-2.9244166577696,-2.443221154773328,4.899712249984048,0.0604310035705566,,,,MAM
1,4,QuantileRegressor,-6.902259774514293,-5.933317840309543,6.952782943160032,14.348365783691406,,,,MAM
1,4,Lars,-4.943222327091575e+28,-4.337105148020401e+28,549905536493958.9,0.0685217380523681,,,,MAM
1,4,GradientBoostingRegressor,0.3415024595130357,0.4238146520739062,2.652521920678108,15.038443088531494,0.3702,0.0956,0.2743,SON
1,4,CatBoostRegressor,0.3392830258948033,0.4218726476579528,2.656988257879087,6.698763608932495,0.357,0.1671,0.1801,SON
1,4,LGBMRegressor,0.3390358687268832,0.4216563851360227,2.657485166780472,1.659602165222168,0.3559,0.1819,0.1597,SON
1,4,ExtraTreesRegressor,0.3370606718387439,0.4199280878589009,2.661452962095089,12.021843671798706,0.3587,0.1599,0.1845,SON
1,4,RandomForestRegressor,0.3343330939030787,0.4175414571651938,2.6669224436195345,29.606746196746823,0.3573,0.1609,0.1799,SON
1,4,HistGradientBoostingRegressor,0.3297238400291865,0.4135083600255381,2.6761397538659164,1.5819859504699707,,,,SON
1,4,HuberRegressor,0.3186229688447813,0.4037950977391836,2.698209380856771,0.493006944656372,,,,SON
1,4,XGBRegressor,0.3098042412083254,0.3960787110572846,2.715614045069152,1.2816858291625977,,,,SON
1,4,MLPRegressor,0.2975105030205726,0.385321690143001,2.739692499498404,11.094709634780884,,,,SON
1,4,BaggingRegressor,0.293401245027173,0.3817260893987764,2.7476938202135788,3.071310520172119,,,,SON
1,4,SGDRegressor,0.2926816571123761,0.3810964499733291,2.7490925660509005,0.087273359298706,,,,SON
1,4,BayesianRidge,0.2920097085289155,0.380508494962801,2.7503980675717523,0.0850522518157959,,,,SON
1,4,RidgeCV,0.2919594041357441,0.3804644786187761,2.750495776996495,0.0616147518157959,,,,SON
1,4,Ridge,0.2917934416065391,0.3803192614057217,2.750818111967249,0.0424246788024902,,,,SON
1,4,LinearRegression,0.2917739177108384,0.3803021779969835,2.750856029094061,0.050570011138916,,,,SON
1,4,TransformedTargetRegressor,0.2917739177108384,0.3803021779969835,2.750856029094061,0.0605189800262451,,,,SON
1,4,LassoLarsIC,0.2916591858755486,0.380201787641105,2.751078837874771,0.0887329578399658,,,,SON
1,4,LassoLarsCV,0.2911813183094077,0.3797836535207317,2.7520066608036786,0.1553297042846679,,,,SON
1,4,ElasticNetCV,0.2910453383397481,0.3796646710472795,2.752270620999788,0.4593007564544678,,,,SON
1,4,LassoCV,0.2910352912442586,0.3796558798387263,2.752290123112735,0.4690377712249756,,,,SON
1,4,LinearSVR,0.2895653487836073,0.3783696801856563,2.7551418963956937,0.8508961200714111,,,,SON
1,4,PoissonRegressor,0.2673006411761225,0.3588880610291072,2.7979813076013844,0.0717890262603759,,,,SON
1,4,LarsCV,0.2322258374728183,0.328197607788716,2.8641690634783736,0.1944925785064697,,,,SON
1,4,OrthogonalMatchingPursuitCV,0.2051802915259021,0.3045327550851643,2.9141789494293,0.0886576175689697,,,,SON
1,4,KNeighborsRegressor,0.1926342287048417,0.2935549501167365,2.9370887493372493,0.0771248340606689,,,,SON
1,4,OrthogonalMatchingPursuit,0.1401674238017385,0.2476464958265212,3.031020338700805,0.0368661880493164,,,,SON
1,4,GammaRegressor,0.1322242208968358,0.2406961932847313,3.044988558536233,0.0564630031585693,,,,SON
1,4,TweedieRegressor,0.0770159062924812,0.192388918005921,3.140356922680712,0.0488796234130859,,,,SON
1,4,ElasticNet,-0.073459048101921,0.0607233329108189,3.3866837468791484,0.0795233249664306,,,,SON
1,4,LassoLars,-0.2233171157282309,-0.0704024762622022,3.6153590040977273,0.0296623706817626,,,,SON
1,4,Lasso,-0.2233234610354271,-0.0704080284059986,3.615368380461984,0.04335618019104,,,,SON
1,4,PassiveAggressiveRegressor,-0.2507848892098883,-0.0944367780586523,3.655722451645624,0.0803301334381103,,,,SON
1,4,DecisionTreeRegressor,-0.4786464543976185,-0.2938156475979163,3.974788971558245,0.5380651950836182,,,,SON
1,4,ExtraTreeRegressor,-0.4991398401697324,-0.3117473601485159,4.002238597361821,0.182715892791748,,,,SON
1,4,RANSACRegressor,-0.9532417036862082,-0.7090864907254322,4.56835555001448,0.2101433277130127,,,,SON
1,4,DummyRegressor,-1.1692975157612566,-0.8981353262910998,4.814392152504,0.0432319641113281,,,,SON
1,4,AdaBoostRegressor,-1.1883063342487263,-0.9147680424676355,4.8354395880835686,5.01981782913208,,,,SON
1,4,QuantileRegressor,-2.458336784798201,-2.0260446866984263,6.0787676711911525,11.989219903945925,,,,SON
1,4,Lars,-1.909360569501963e+19,-1.670690498314218e+19,14283211853.9045,0.0519416332244873,,,,SON
2,15,CatBoostRegressor,0.5598782440019778,0.5636299922535237,2.1581709276759917,5.806762456893921,0.5154,0.1735,0.2338,
2,15,ExtraTreesRegressor,0.5478828397162513,0.5517368408931349,2.187383415423534,57.82899951934815,0.5056,0.1465,0.2859,
2,15,LGBMRegressor,0.5475867879521563,0.5514433127754472,2.188099460731999,0.6983389854431152,0.5057,0.1641,0.2337,
2,15,HistGradientBoostingRegressor,0.5434533955585298,0.5473451548310939,2.1980723233860178,2.5075032711029053,0.5003,0.1675,0.2427,
2,15,GradientBoostingRegressor,0.5362398214530134,0.5401930716963577,2.2153693694958774,72.99281859397888,0.4926,0.1475,0.2451,
2,15,RandomForestRegressor,0.5175689030061164,0.5216813105387408,2.259524561259039,202.1409380435944,,,,
2,15,XGBRegressor,0.5152869328265614,0.5194187926528172,2.2648621988210094,1.919842004776001,,,,
2,15,MLPRegressor,0.4945170661320408,0.4988259753997162,2.3128776965716806,31.28448462486267,,,,
2,15,BaggingRegressor,0.4711804196711514,0.475688258488124,2.3656646648280386,20.17699694633484,,,,
2,15,PoissonRegressor,0.451431475729152,0.4561076612931202,2.409433042915281,0.1244444847106933,,,,
2,15,HuberRegressor,0.4471952117765074,0.4519075087020723,2.418718450299741,1.2129757404327393,,,,
2,15,LinearSVR,0.442477680420125,0.4472301911951002,2.4290169681392366,3.0309417247772217,,,,
2,15,TransformedTargetRegressor,0.4398413492420573,0.4446163330049115,2.434753187633052,0.1059918403625488,,,,
2,15,LinearRegression,0.4398413492420573,0.4446163330049115,2.434753187633052,0.1058499813079834,,,,
2,15,LassoLarsIC,0.4398412459297161,0.4446162305732399,2.4347534121587646,0.162257432937622,,,,
2,15,LassoLarsCV,0.4398412459297161,0.4446162305732399,2.4347534121587646,0.3781843185424804,,,,
2,15,Ridge,0.4398266092919021,0.4446017187031285,2.434785221329659,0.0684103965759277,,,,
2,15,RidgeCV,0.4397048437099758,0.4444809910926337,2.435049833086332,0.1534984111785888,,,,
2,15,ElasticNetCV,0.4395824840502216,0.4443596744684334,2.4353157068856057,0.910444974899292,,,,
2,15,BayesianRidge,0.4395488731583278,0.4443263500872679,2.435388734497501,0.1492068767547607,,,,
2,15,LassoCV,0.4386717243164578,0.4434566783618754,2.4372937741438587,1.4899086952209473,,,,
2,15,KNeighborsRegressor,0.4351902849729723,0.4400049159970708,2.444840315709779,1.6348488330841064,,,,
2,15,GammaRegressor,0.428149567984869,0.4330242164866081,2.460031375583068,0.0698993206024169,,,,
2,15,SGDRegressor,0.4281062454435074,0.4329812632413937,2.460124557984132,0.2553596496582031,,,,
2,15,LarsCV,0.4252388357359768,0.430138296314094,2.466284237874106,0.5408787727355957,,,,
2,15,TweedieRegressor,0.3881292542562717,0.3933450495884308,2.5446570768097105,0.0648410320281982,,,,
2,15,OrthogonalMatchingPursuitCV,0.3747098635210398,0.380040050325653,2.5724101140064,0.2128517627716064,,,,
2,15,OrthogonalMatchingPursuit,0.3174266200806214,0.323245108827803,2.687658546175252,0.0500545501708984,,,,
2,15,ElasticNet,0.3045953111935087,0.3105231784025051,2.7128028106381845,0.0601296424865722,,,,
2,15,LassoLars,0.1799324781101633,0.1869230139095652,2.945942226839163,0.052764892578125,,,,
2,15,Lasso,0.179920707363998,0.1869113435012626,2.945963368887114,0.0662662982940673,,,,
2,15,DecisionTreeRegressor,0.0550996140274876,0.0631542678196381,3.162222559395768,3.3142826557159424,,,,
2,15,ExtraTreeRegressor,0.0343224288389844,0.0425541944578981,3.196800185286526,0.604107141494751,,,,
2,15,PassiveAggressiveRegressor,-0.0344632946737302,-0.0256451760413534,3.308696729301486,0.1933193206787109,,,,
2,15,RANSACRegressor,-0.078605376370235,-0.0694109755487422,3.378552794688588,0.3587925434112549,,,,
2,15,QuantileRegressor,-0.1456146021269677,-0.1358489917659688,3.48191920693694,137.61076307296753,,,,
2,15,AdaBoostRegressor,-0.2241418159352839,-0.213706812768569,3.59927712375868,19.709592819213867,,,,
2,15,DummyRegressor,-0.4892376547683648,-0.4765428840798678,3.969916970595081,0.0365922451019287,,,,
2,15,Lars,-5.169420628479788e+20,-5.125354720489337e+20,73963994084.03899,0.0656423568725586,,,,
2,15,ExtraTreesRegressor,0.3868073244738045,0.4074303965206497,2.6804828581671867,15.843648672103882,0.3987,0.1026,0.2803,DJF
2,15,CatBoostRegressor,0.3773885249040191,0.3983283727211485,2.7009908644176206,4.172584533691406,0.3904,0.0993,0.2763,DJF
2,15,GradientBoostingRegressor,0.3657492328898798,0.3870805367164533,2.726120543191331,20.10882878303528,0.3762,0.094,0.2699,DJF
2,15,HistGradientBoostingRegressor,0.3469618442387002,0.3689250109122866,2.766201633290476,1.562474489212036,0.3563,0.1164,0.2323,DJF
2,15,LGBMRegressor,0.3426711088645042,0.3647785827816173,2.775274309012162,0.4839065074920654,0.3544,0.1375,0.1999,DJF
2,15,RandomForestRegressor,0.3266220877077995,0.3492693269104521,2.808949868107508,46.545960426330566,,,,DJF
2,15,XGBRegressor,0.2881920430578472,0.3121317725514173,2.887991922021059,1.073277473449707,,,,DJF
2,15,BaggingRegressor,0.258180306906818,0.2831293997238533,2.948246109330681,4.628516912460327,,,,DJF
2,15,MLPRegressor,0.2468701034345236,0.2721995842607168,2.9706364039544724,12.24883198738098,,,,DJF
2,15,SGDRegressor,0.2445395412717924,0.2699474042335035,2.9752291741389896,0.0890676975250244,,,,DJF
2,15,PoissonRegressor,0.2415413945766598,0.2670500920684762,2.981127127303268,0.0492300987243652,,,,DJF
2,15,KNeighborsRegressor,0.2399823065498086,0.2655434397375954,2.984189557806192,0.1925382614135742,,,,DJF
2,15,ElasticNetCV,0.2399197367047779,0.26548297425955,2.984312394706517,0.4930174350738525,,,,DJF
2,15,LassoCV,0.2393339578939103,0.2649168965297653,2.985462148465688,0.4211850166320801,,,,DJF
2,15,LassoLarsIC,0.2390086804843371,0.2646025589433841,2.986100404642656,0.0581939220428466,,,,DJF
2,15,LassoLarsCV,0.2390019860054517,0.2645960896151339,2.9861135390514413,0.1384563446044922,,,,DJF
2,15,TransformedTargetRegressor,0.2386527402649033,0.2642585898075635,2.9867986708055203,0.0388009548187255,,,,DJF
2,15,LinearRegression,0.2386527402649033,0.2642585898075635,2.9867986708055203,0.0394093990325927,,,,DJF
2,15,Ridge,0.2386358219263253,0.2642422404714041,2.98683185631306,0.0251827239990234,,,,DJF
2,15,RidgeCV,0.2385193730816878,0.2641297080677297,2.987060262002827,0.0454421043395996,,,,DJF
2,15,BayesianRidge,0.2384741576359498,0.2640860133208395,2.987148944007037,0.0613396167755126,,,,DJF
2,15,HuberRegressor,0.1844608446239606,0.2118892915536481,3.0912701726391894,0.3960552215576172,,,,DJF
2,15,OrthogonalMatchingPursuit,0.1808427042040533,0.2083928374707332,3.09811979583069,0.0221333503723144,,,,DJF
2,15,OrthogonalMatchingPursuitCV,0.1808427042040533,0.2083928374707332,3.09811979583069,0.0683772563934326,,,,DJF
2,15,LinearSVR,0.1660071409187314,0.1940562281075634,3.126048566416105,1.453209638595581,,,,DJF
2,15,GammaRegressor,0.1367726273413466,0.1658049380809875,3.180366399698757,0.0344762802124023,,,,DJF
2,15,TweedieRegressor,0.080042145102021,0.1109824317017288,3.283208933997658,0.0342228412628173,,,,DJF
2,15,LarsCV,0.0353454828011985,0.0677890203751493,3.362021265136606,0.1397128105163574,,,,DJF
2,15,ExtraTreeRegressor,-0.1920183475986072,-0.1519280444282504,3.737283340797732,0.1889979839324951,,,,DJF
2,15,ElasticNet,-0.192140958206201,-0.1520465313607009,3.737475543711107,0.02573823928833,,,,DJF
2,15,Lasso,-0.461824907830398,-0.4126603929930528,4.138683671980345,0.0286862850189209,,,,DJF
2,15,LassoLars,-0.4618281263945218,-0.4126635033095043,4.138688228138672,0.0257222652435302,,,,DJF
2,15,DecisionTreeRegressor,-0.4890589266273077,-0.4389784694537435,4.177057918169605,0.7662155628204346,,,,DJF
2,15,RANSACRegressor,-0.5016450041943974,-0.4511412484479489,4.194673792836086,0.163069486618042,,,,DJF
2,15,PassiveAggressiveRegressor,-0.5973404460435714,-0.5436182337326889,4.326266803833624,0.0757231712341308,,,,DJF
2,15,AdaBoostRegressor,-0.7994359839578058,-0.7389168365152787,4.591797797460858,7.210070610046387,,,,DJF
2,15,DummyRegressor,-1.7166015454816312,-1.6252360226515314,5.641927831897293,0.0179674625396728,,,,DJF
2,15,QuantileRegressor,-3.492400728442517,-3.3413110178446743,7.2552736812370515,24.933597087860107,,,,DJF
2,15,Lars,-5.158988641364092e+25,-4.985480054771129e+25,24586507439183.28,0.0275139808654785,,,,DJF
2,15,CatBoostRegressor,0.7154298511844837,0.7251532047886585,1.482126994935447,3.4579522609710693,0.7119,0.0521,0.6519,JJA
2,15,LGBMRegressor,0.6985335764225087,0.7088342514877988,1.5254930076351814,0.4408078193664551,0.6952,0.0357,0.6541,JJA
2,15,HistGradientBoostingRegressor,0.6957259165145901,0.7061225252897181,1.532580263427599,1.4892432689666748,0.6924,0.0392,0.6471,JJA
2,15,ExtraTreesRegressor,0.689586858162944,0.7001932297519095,1.5479637873702,15.809797525405884,0.6863,0.0312,0.6504,JJA
2,15,XGBRegressor,0.6744830575713332,0.685605504351356,1.5851762092883692,0.982196807861328,0.6707,0.0463,0.6173,JJA
2,15,GradientBoostingRegressor,0.6699729816456105,0.6812495312476967,1.5961198357649324,19.185795545578003,,,,JJA
2,15,RandomForestRegressor,0.6462793674124087,0.6583654938106179,1.652421904895911,46.20963072776794,,,,JJA
2,15,BaggingRegressor,0.623202578846459,0.6360772059929354,1.705472448289881,4.596746206283569,,,,JJA
2,15,MLPRegressor,0.6115682190457428,0.6248403755703758,1.7316021842911578,12.038738012313845,,,,JJA
2,15,KNeighborsRegressor,0.5501322287128279,0.5655035648615923,1.86351626448008,0.1913833618164062,,,,JJA
2,15,Ridge,0.4200090467755656,0.4398265053139859,2.1159302950052057,0.0378890037536621,,,,JJA
2,15,RidgeCV,0.4200058551537355,0.4398234227452936,2.1159361168546607,0.0565075874328613,,,,JJA
2,15,LassoLarsCV,0.4200051681933032,0.4398227592573134,2.1159373699396893,0.1188576221466064,,,,JJA
2,15,TransformedTargetRegressor,0.4200051004409388,0.4398226938199501,2.1159374935267867,0.0472049713134765,,,,JJA
2,15,LinearRegression,0.4200051004409388,0.4398226938199501,2.1159374935267867,0.0375943183898925,,,,JJA
2,15,LassoLarsIC,0.4199703859831215,0.4397891655053384,2.1160008152248277,0.0626320838928222,,,,JJA
2,15,BayesianRidge,0.4199583754295636,0.4397775653351594,2.1160227229075947,0.0574119091033935,,,,JJA
2,15,SGDRegressor,0.4193672765067907,0.4392066634143036,2.117100628531776,0.0928683280944824,,,,JJA
2,15,ElasticNetCV,0.4186071854674563,0.438472543594992,2.1184858957236,0.3007025718688965,,,,JJA
2,15,LassoCV,0.4184045272774053,0.4382768099444644,2.118855087688066,0.2805571556091308,,,,JJA
2,15,HuberRegressor,0.3886181407520164,0.4095081815008086,2.172436150620176,0.3702874183654785,,,,JJA
2,15,PoissonRegressor,0.3838823305922537,0.4049341871779398,2.180833847124547,0.0525431632995605,,,,JJA
2,15,GammaRegressor,0.3368819256059786,0.3595397185807174,2.2624874543327897,0.0321519374847412,,,,JJA
2,15,LinearSVR,0.3338621321884896,0.3566231071706597,2.2676332075966297,1.3875017166137695,,,,JJA
2,15,AdaBoostRegressor,0.3119728196309942,0.3354817210103452,2.3045893181423924,5.960247278213501,,,,JJA
2,15,OrthogonalMatchingPursuitCV,0.3100882336404698,0.3336615286185859,2.307743428040593,0.0728535652160644,,,,JJA
2,15,DecisionTreeRegressor,0.2638500607471561,0.2890032477375722,2.3838223497761506,0.7708327770233154,,,,JJA
2,15,TweedieRegressor,0.2047446283603892,0.2319173631544534,2.4776733672163123,0.0295746326446533,,,,JJA
2,15,ExtraTreeRegressor,0.1410317034526113,0.1703814174576474,2.575012338548164,0.1850368976593017,,,,JJA
2,15,OrthogonalMatchingPursuit,0.0510064266399504,0.0834321751602256,2.7065894373691486,0.0264005661010742,,,,JJA
2,15,ElasticNet,-0.0635623041895916,-0.0272219065521339,2.8653139557774647,0.0300896167755126,,,,JJA
2,15,PassiveAggressiveRegressor,-0.249192584524349,-0.2065094666021045,3.105313459485119,0.0578751564025878,,,,JJA
2,15,Lasso,-0.4494709302163118,-0.3999445886371666,3.3449952226694317,0.0480592250823974,,,,JJA
2,15,LassoLars,-0.4495296576694567,-0.4000013094575161,3.34506298569122,0.0245344638824462,,,,JJA
2,15,RANSACRegressor,-1.5743568566854318,-1.4863947772998247,4.457846614492339,0.1619770526885986,,,,JJA
2,15,LarsCV,-2.562090312993611,-2.440378798882212,5.2437648746382735,0.1122896671295166,,,,JJA
2,15,DummyRegressor,-3.4289712463363253,-3.277639654775858,5.847122294264652,0.0188331604003906,,,,JJA
2,15,QuantileRegressor,-7.22313424192307,-6.942161545729799,7.967268201046318,24.42737293243408,,,,JJA
2,15,Lars,-1.0859064989812828e+24,-1.048802632273494e+24,2895255952002.212,0.0264317989349365,,,,JJA
2,15,ExtraTreesRegressor,0.4000834768077876,0.4204272925904927,2.062141285198771,16.006771087646484,0.4091,0.0917,0.3047,MAM
2,15,GradientBoostingRegressor,0.3908809581696719,0.4115368412762016,2.0778973703854566,20.039252519607544,0.3969,0.1055,0.2753,MAM
2,15,RandomForestRegressor,0.3739897957194698,0.3952184763469181,2.106510904201404,49.84449076652527,0.3811,0.1063,0.2585,MAM
2,15,LGBMRegressor,0.3588124239724841,0.3805557856312922,2.13189374146007,0.4427025318145752,0.3749,0.078,0.3067,MAM
2,15,CatBoostRegressor,0.3358585268213528,0.3583802798681044,2.169718069906188,3.655840158462525,0.35,0.1045,0.2492,MAM
2,15,HistGradientBoostingRegressor,0.3254977803711227,0.3483708774949355,2.1865766039466417,1.520496129989624,,,,MAM
2,15,BaggingRegressor,0.3081855077028952,0.3316456826489161,2.21445996466335,4.894198179244995,,,,MAM
2,15,XGBRegressor,0.296827691338099,0.3206730220764454,2.2325638337177107,1.0606021881103516,,,,MAM
2,15,MLPRegressor,0.2557076647999448,0.280947419949909,2.296914231531821,12.50166082382202,,,,MAM
2,15,KNeighborsRegressor,0.2352025539548284,0.2611376595102412,2.3283390381005478,0.1857106685638427,,,,MAM
2,15,PoissonRegressor,0.1596838514176908,0.1881798775565032,2.440587373562725,0.051091194152832,,,,MAM
2,15,HuberRegressor,0.1419521555172528,0.171049482572056,2.4662026361796854,0.3987784385681152,,,,MAM
2,15,ElasticNetCV,0.139739413796023,0.1689117773070849,2.46938052179813,0.3851382732391357,,,,MAM
2,15,LinearSVR,0.1385237322094313,0.1677373207931357,2.471124714581996,1.3381755352020264,,,,MAM
2,15,LassoCV,0.1349254513121583,0.164261061478664,2.476280129500054,0.5038127899169922,,,,MAM
2,15,BayesianRidge,0.123111172241591,0.1528474173426676,2.493132004144742,0.0558490753173828,,,,MAM
2,15,Ridge,0.1216562143239572,0.1514417986159105,2.495199483288137,0.0245342254638671,,,,MAM
2,15,RidgeCV,0.1213717621635509,0.1511669925347946,2.495603486504246,0.0527257919311523,,,,MAM
2,15,LassoLarsCV,0.1213397403195479,0.1511360565860291,2.4956489625622584,0.1306233406066894,,,,MAM
2,15,LassoLarsIC,0.1213397403195479,0.1511360565860291,2.4956489625622584,0.0610673427581787,,,,MAM
2,15,TransformedTargetRegressor,0.1213392220378268,0.1511355558797996,2.4956496985970538,0.0440161228179931,,,,MAM
2,15,LinearRegression,0.1213392220378268,0.1511355558797996,2.4956496985970538,0.0426657199859619,,,,MAM
2,15,SGDRegressor,0.1069962764863367,0.1372789950681867,2.515936294278561,0.1212131977081298,,,,MAM
2,15,GammaRegressor,0.0299181330774974,0.062814654563189,2.622268745388003,0.0387101173400878,,,,MAM
2,15,OrthogonalMatchingPursuitCV,0.0235489012029538,0.0566614102051145,2.630863129640825,0.0580146312713623,,,,MAM
2,15,OrthogonalMatchingPursuit,0.020839114288784,0.0540435150853212,2.634511105098445,0.024564504623413,,,,MAM
2,15,LarsCV,-0.0050157295124588,0.0290654368990413,2.669066748258647,0.1436076164245605,,,,MAM
2,15,TweedieRegressor,-0.1606494137743557,-0.1212905414157679,2.86829313527123,0.0320682525634765,,,,MAM
2,15,AdaBoostRegressor,-0.245811561199386,-0.2035647486492937,2.971660446447355,6.68017053604126,,,,MAM
2,15,ExtraTreeRegressor,-0.27599569024415,-0.2327253013511681,3.0074444138464345,0.1809074878692627,,,,MAM
2,15,ElasticNet,-0.4470809842378509,-0.3980089086608325,3.202723331724696,0.0310862064361572,,,,MAM
2,15,DecisionTreeRegressor,-0.4673791844585986,-0.4176187750383746,3.2251074045811774,0.8190810680389404,,,,MAM
2,15,Lasso,-0.8347613816556645,-0.7725426460305664,3.606307877641109,0.0286965370178222,,,,MAM
2,15,LassoLars,-0.8347629648109369,-0.7725441754993376,3.6063094335230224,0.0249726772308349,,,,MAM
2,15,RANSACRegressor,-1.17693540243403,-1.1031131770312177,3.928219764168418,0.169440746307373,,,,MAM
2,15,PassiveAggressiveRegressor,-1.5841605365328937,-1.4965288679993738,4.2798914112456,0.0608482360839843,,,,MAM
2,15,DummyRegressor,-3.818567978430025,-3.655165145702555,5.844293262887378,0.0177032947540283,,,,MAM
2,15,QuantileRegressor,-8.397714377087166,-8.079027755407495,8.161765751399809,25.245648622512817,,,,MAM
2,15,Lars,-111122695760610.05,-107354405399474.02,28065603.772650026,0.0408263206481933,,,,MAM
2,15,CatBoostRegressor,0.5653450813577154,0.580460592438784,2.338826864857525,3.7581169605255127,0.4752,0.2204,0.2348,SON
2,15,ExtraTreesRegressor,0.544417921648928,0.5602611933071955,2.394468290739439,15.97933053970337,0.4728,0.193,0.2544,SON
2,15,LGBMRegressor,0.5264991562834007,0.5429655689319687,2.441103273071387,0.4424655437469482,0.4362,0.1938,0.2388,SON
2,15,HistGradientBoostingRegressor,0.5237677414251812,0.540329141452899,2.448133965600532,1.4799203872680664,0.4262,0.2173,0.2001,SON
2,15,XGBRegressor,0.5155722022995295,0.5324186094838581,2.469109227346978,1.0585579872131348,0.4154,0.2339,0.1654,SON
2,15,GradientBoostingRegressor,0.5117345376621022,0.5287144030447957,2.4788701458931723,20.11289477348328,,,,SON
2,15,RandomForestRegressor,0.5004218750246341,0.5177951483043028,2.5074222842789973,47.40478873252869,,,,SON
2,15,MLPRegressor,0.4652971043171565,0.4838918727141642,2.5940720981118863,12.33335280418396,,,,SON
2,15,KNeighborsRegressor,0.4533480978453381,0.4723584035616903,2.622896818032046,0.1854784488677978,,,,SON
2,15,BaggingRegressor,0.4403309043457195,0.4597938945346241,2.653942061896343,4.814610004425049,,,,SON
2,15,LinearRegression,0.4056475415882611,0.4263166765407559,2.7349400192197377,0.0389513969421386,,,,SON
2,15,TransformedTargetRegressor,0.4056475415882611,0.4263166765407559,2.7349400192197377,0.0394144058227539,,,,SON
2,15,Ridge,0.4056466628980345,0.4263158284077628,2.734942040885622,0.0255687236785888,,,,SON
2,15,RidgeCV,0.4056466628948979,0.4263158284047352,2.7349420408928387,0.044788122177124,,,,SON
2,15,BayesianRidge,0.405601736437582,0.4262724643048994,2.7350454044371784,0.0568208694458007,,,,SON
2,15,LassoLarsIC,0.4054792312951272,0.4261542193876458,2.7353272355640827,0.0566585063934326,,,,SON
2,15,LassoLarsCV,0.4053165117749335,0.4259971585833786,2.735701537613506,0.112396240234375,,,,SON
2,15,LassoCV,0.4046984477337353,0.4254005882684971,2.737122797561485,0.4926338195800781,,,,SON
2,15,ElasticNetCV,0.4043722266225624,0.4250857117863836,2.7378726569762675,0.4076008796691894,,,,SON
2,15,SGDRegressor,0.4018555047212874,0.4226565111258793,2.743650762957703,0.0937247276306152,,,,SON
2,15,PoissonRegressor,0.3839678242044539,0.4053908905961073,2.784373376938873,0.0522534847259521,,,,SON
2,15,LinearSVR,0.3660550673136367,0.3881010657455426,2.824564794846437,1.6324610710144043,,,,SON
2,15,HuberRegressor,0.3596803834213756,0.3819480671509259,2.838730591019182,0.4118678569793701,,,,SON
2,15,LarsCV,0.355346474549451,0.3777648738116416,2.848321154940228,0.1180472373962402,,,,SON
2,15,GammaRegressor,0.3381998800600002,0.3612145673840342,2.8859526092849643,0.0305602550506591,,,,SON
2,15,OrthogonalMatchingPursuitCV,0.3070861246627082,0.3311828204820112,2.9530133030667955,0.0609495639801025,,,,SON
2,15,TweedieRegressor,0.2928452023893179,0.31743713893683,2.9832044658907697,0.0289108753204345,,,,SON
2,15,OrthogonalMatchingPursuit,0.2169908912897663,0.2442207289187929,3.1391291335971547,0.0252249240875244,,,,SON
2,15,AdaBoostRegressor,0.1559490669356359,0.1853016882554939,3.259193170258776,6.248488903045654,,,,SON
2,15,ExtraTreeRegressor,0.0971679904928439,0.1285647759857512,3.3707709981149243,0.1845166683197021,,,,SON
2,15,DecisionTreeRegressor,0.055899580561293,0.0887315116855138,3.446949094834062,0.8113210201263428,,,,SON
2,15,ElasticNet,0.0397601156513386,0.0731533110112224,3.476287164022326,0.0321147441864013,,,,SON
2,15,PassiveAggressiveRegressor,-0.0868251080591153,-0.0490297990462404,3.6983295360871886,0.0772826671600341,,,,SON
2,15,Lasso,-0.2704576875161577,-0.2262763923552404,3.9985808079748737,0.0309560298919677,,,,SON
2,15,LassoLars,-0.270462894286918,-0.2262814180559202,3.998589001743351,0.0289926528930664,,,,SON
2,15,RANSACRegressor,-0.4214451801746082,-0.3720131607713182,4.229517556616922,0.171605110168457,,,,SON
2,15,DummyRegressor,-1.4267717920801308,-1.3423786462968188,5.526373629383163,0.017716646194458,,,,SON
2,15,QuantileRegressor,-2.904034500915793,-2.768268231564008,7.009428303978479,25.51185512542725,,,,SON
2,15,Lars,-5417619150776007.0,-5229216630076687.0,261113911.3005299,0.0272283554077148,,,,SON
3,8,CatBoostRegressor,0.6660610355039835,0.6735011906728514,2.1224004179700016,10.675508737564089,0.6287,0.1168,0.4443,
3,8,ExtraTreesRegressor,0.6644051334959145,0.6718821821369263,2.1276560805867084,172.6262285709381,0.6299,0.1235,0.4401,
3,8,GradientBoostingRegressor,0.6528786029849014,0.6606124625544914,2.163886447514745,198.5083274841309,0.6126,0.1236,0.4114,
3,8,LGBMRegressor,0.6508449749991375,0.6586241437700442,2.170215809073333,1.8328235149383545,0.6106,0.1198,0.4411,
3,8,HistGradientBoostingRegressor,0.6484693550725005,0.6563014526200868,2.177586271597,6.345192193984985,0.6085,0.1208,0.4412,
3,8,MLPRegressor,0.6453020282199793,0.6532046937627944,2.187374409864124,92.34115982055664,,,,
3,8,RandomForestRegressor,0.6332884593577797,0.6414587870364032,2.224108978362656,579.8473417758942,,,,
3,8,XGBRegressor,0.6255702430746641,0.6339125324974344,2.247392630483652,4.163786888122559,,,,
3,8,BaggingRegressor,0.5947921820302255,0.6038202061959094,2.33793634471375,61.447694301605225,,,,
3,8,PoissonRegressor,0.5655137111745285,0.5751940592359946,2.420927659643776,0.5937860012054443,,,,
3,8,ElasticNetCV,0.5628767169645938,0.5726158172178891,2.428263121349657,5.234995365142822,,,,
3,8,LassoCV,0.5611440069930037,0.5709217119987295,2.433071049266592,4.872171401977539,,,,
3,8,BayesianRidge,0.5592163064484316,0.5690369605936577,2.438408897230986,0.9539039134979248,,,,
3,8,RidgeCV,0.559143789046872,0.5689660588787278,2.4386094715801363,0.5436601638793945,,,,
3,8,LassoLarsIC,0.5591334493511637,0.5689559495512864,2.43863806858231,0.7904577255249023,,,,
3,8,Ridge,0.5590866714582108,0.5689102138690936,2.438767440298726,0.3078997135162353,,,,
3,8,LassoLarsCV,0.5590802673774051,0.5689039524711131,2.438785151270511,1.546692132949829,,,,
3,8,LinearRegression,0.5590802567102453,0.5689039420416175,2.438785180771244,0.4887683391571045,,,,
3,8,TransformedTargetRegressor,0.5590802567102453,0.5689039420416175,2.438785180771244,0.4482083320617676,,,,
3,8,KNeighborsRegressor,0.5541621135344108,0.5640953750226898,2.4523489111185404,2.851842164993286,,,,
3,8,SGDRegressor,0.5511539596667441,0.5611542427785137,2.4606082373304905,0.8794057369232178,,,,
3,8,HuberRegressor,0.5489224551803167,0.5589724561788986,2.466717292648912,9.268240213394163,,,,
3,8,LinearSVR,0.5479475400608353,0.5580192621537985,2.4693815152611887,17.561116933822632,,,,
3,8,GammaRegressor,0.5374104200227818,0.5477169089936816,2.497995762806929,0.4255163669586181,,,,
3,8,TweedieRegressor,0.5206873283762823,0.5313664075806726,2.542747463405597,0.2793128490447998,,,,
3,8,OrthogonalMatchingPursuitCV,0.5087374662536996,0.5196827882086859,2.5742492586630608,0.9764525890350342,,,,
3,8,OrthogonalMatchingPursuit,0.5087374662536996,0.5196827882086859,2.5742492586630608,0.2991280555725097,,,,
3,8,ElasticNet,0.4655893933022178,0.4774960536816708,2.684919746907805,1.068068265914917,,,,
3,8,LarsCV,0.4103591985787729,0.4234963868763123,2.820249548257054,1.79538893699646,,,,
3,8,LassoLars,0.337450058953444,0.3522116617988927,2.98953115875517,0.2630712985992431,,,,
3,8,Lasso,0.3374491619948385,0.3522107848245116,2.989533182364732,0.3787319660186767,,,,
3,8,RANSACRegressor,0.2649741255689417,0.2813504911336886,3.148800082576862,1.2254903316497805,,,,
3,8,DecisionTreeRegressor,0.2327276088284159,0.2498224263071737,3.217129626047904,10.730170011520386,,,,
3,8,ExtraTreeRegressor,0.200904299414421,0.2187081397542407,3.283168493311582,2.3509061336517334,,,,
3,8,PassiveAggressiveRegressor,0.1563676849482591,0.1751638003968683,3.373419708503622,0.6157870292663574,,,,
3,8,QuantileRegressor,-0.1456590305658278,-0.1201337643816653,3.931166749436896,601.5131628513336,,,,
3,8,DummyRegressor,-0.504248185362481,-0.4707335581356897,4.50457189203601,0.4898395538330078,,,,
3,8,AdaBoostRegressor,-0.5386894655227674,-0.5044074870855726,4.555848405771605,70.23423433303833,,,,
3,8,Lars,-2221274873096304.8,-2171784901917032.8,173099146.456122,0.3289680480957031,,,,
3,8,ExtraTreesRegressor,0.4737182966387541,0.5217805526534798,2.4504047090299066,42.38824343681336,0.5058,0.0889,0.416,DJF
3,8,GradientBoostingRegressor,0.4704170672410743,0.5187808053925744,2.4580780729745224,52.64237093925476,0.5017,0.1028,0.3937,DJF
3,8,CatBoostRegressor,0.462937942312187,0.511984705571348,2.4753745316038778,6.016757965087891,0.4948,0.0967,0.4343,DJF
3,8,LGBMRegressor,0.4516081925765689,0.5016896361768822,2.501348256208656,0.8727507591247559,0.4858,0.0833,0.4041,DJF
3,8,HistGradientBoostingRegressor,0.4442988355833041,0.4950478003702169,2.5179629528044103,2.500327587127685,0.4784,0.0901,0.3906,DJF
3,8,RandomForestRegressor,0.4311651195101604,0.4831135104224745,2.547544577527044,129.8956229686737,,,,DJF
3,8,KNeighborsRegressor,0.4236224529372415,0.4762596718470825,2.5643789884322867,0.3268759250640869,,,,DJF
3,8,XGBRegressor,0.3992026194766089,0.4540699601636766,2.6181389866762417,2.0118682384490967,,,,DJF
3,8,MLPRegressor,0.3911946494488985,0.446793311599684,2.635529689095699,35.05895447731018,,,,DJF
3,8,BaggingRegressor,0.3739120504040848,0.4310890321023419,2.67267625372396,12.947940826416016,,,,DJF
3,8,PoissonRegressor,0.3616748097911739,0.4199693477097882,2.6986693352541,0.2568557262420654,,,,DJF
3,8,ElasticNetCV,0.33063693317688,0.3917659803753385,2.763500550721176,2.15181827545166,,,,DJF
3,8,LassoCV,0.3269682697500976,0.3884323547044266,2.771063337047344,2.014899492263794,,,,DJF
3,8,SGDRegressor,0.3253544465896718,0.3869659126545419,2.774383632666862,0.3412632942199707,,,,DJF
3,8,BayesianRidge,0.3194587839386965,0.381608666684021,2.7864797993016226,0.223102331161499,,,,DJF
3,8,LassoLarsCV,0.319246395598158,0.3814156745389655,2.7869145780036244,0.485325813293457,,,,DJF
3,8,RidgeCV,0.3172524564097146,0.3796038302535763,2.790993054424548,0.1906599998474121,,,,DJF
3,8,Ridge,0.3172524564082633,0.3796038302522575,2.7909930544275143,0.0945384502410888,,,,DJF
3,8,LassoLarsIC,0.3169124489618317,0.3792948737141758,2.791687923500808,0.2379751205444336,,,,DJF
3,8,LinearRegression,0.3169122747747046,0.3792947154345489,2.79168827944059,0.1738946437835693,,,,DJF
3,8,TransformedTargetRegressor,0.3169122747747046,0.3792947154345489,2.79168827944059,0.1882963180541992,,,,DJF
3,8,HuberRegressor,0.2507549541300816,0.3191791592323573,2.9237526104309493,1.973388433456421,,,,DJF
3,8,GammaRegressor,0.2484772785441021,0.317109490549207,2.928193284818242,0.1307027339935302,,,,DJF
3,8,OrthogonalMatchingPursuit,0.247313006345311,0.3160515445786159,2.930460611244409,0.0898993015289306,,,,DJF
3,8,OrthogonalMatchingPursuitCV,0.247313006345311,0.3160515445786159,2.930460611244409,0.2736670970916748,,,,DJF
3,8,LinearSVR,0.2243404779524561,0.2951769639841953,2.9748443447914887,4.674325704574585,,,,DJF
3,8,TweedieRegressor,0.200633318487329,0.2736348419131437,3.019963568019729,0.1446726322174072,,,,DJF
3,8,DecisionTreeRegressor,-0.0742996802760906,0.0238098795664746,3.500994317119898,2.210608959197998,,,,DJF
3,8,ElasticNet,-0.1221385816778788,-0.0196601723922278,3.578095517439765,0.1234784126281738,,,,DJF
3,8,ExtraTreeRegressor,-0.1788145880201233,-0.0711602877443129,3.6673421789143794,0.5385582447052002,,,,DJF
3,8,AdaBoostRegressor,-0.2925563098203825,-0.1745146376906672,3.840196244903066,18.188961267471317,,,,DJF
3,8,PassiveAggressiveRegressor,-0.3785431568172028,-0.2526488045964536,3.965873578453289,0.2020046710968017,,,,DJF
3,8,LassoLars,-0.4998701722065681,-0.3628957272561965,4.136714196896837,0.1164612770080566,,,,DJF
3,8,Lasso,-0.4998764790700427,-0.3629014581504042,4.136722894204354,0.140371561050415,,,,DJF
3,8,LarsCV,-0.5219294504460195,-0.3829404595377073,4.167023436787137,0.4580132961273193,,,,DJF
3,8,RANSACRegressor,-0.6828562801002067,-0.5291707750682244,4.3817964226585655,0.3983883857727051,,,,DJF
3,8,DummyRegressor,-1.8424848478726537,-1.5828971905326852,5.694790629159392,0.0819127559661865,,,,DJF
3,8,QuantileRegressor,-3.824237649350282,-3.3836680010077904,7.4189599975615454,106.60260009765624,,,,DJF
3,8,Lars,-9.341703943062136e+24,-8.488580295293904e+24,10323851104923.9,0.0783264636993408,,,,DJF
3,8,CatBoostRegressor,0.78034535960946,0.7988037327515223,1.7948005757194505,6.259201526641846,0.786,0.0253,0.7589,JJA
3,8,LGBMRegressor,0.7675515032420865,0.7870849903646002,1.8463302275169573,0.7964670658111572,0.7775,0.0056,0.7722,JJA
3,8,ExtraTreesRegressor,0.7631767809076632,0.7830778917557587,1.8636233745073223,42.99604964256287,0.7727,0.0088,0.7661,JJA
3,8,HistGradientBoostingRegressor,0.7607197630931668,0.780827346026514,1.8732658844468293,2.51501727104187,0.7707,0.0071,0.7643,JJA
3,8,RandomForestRegressor,0.7592637615870133,0.7794936975881046,1.878956578834469,123.43698573112488,0.7681,0.0133,0.7554,JJA
3,8,XGBRegressor,0.7541546676444907,0.7748139392710041,1.8987902476310043,2.0182442665100098,,,,JJA
3,8,MLPRegressor,0.7533675963952171,0.7740930084628459,1.901827297319572,36.57469367980957,,,,JJA
3,8,BaggingRegressor,0.7385895748655488,0.7605568374818892,1.9579764350130096,12.450518131256104,,,,JJA
3,8,GradientBoostingRegressor,0.734872032070198,0.7571516932407696,1.971849571918896,52.94986772537232,,,,JJA
3,8,LassoCV,0.6140037138691641,0.6464403765692344,2.379236270985753,2.0078883171081543,,,,JJA
3,8,KNeighborsRegressor,0.6121128451584699,0.6447084043888506,2.385056699149885,0.3363306522369385,,,,JJA
3,8,ElasticNetCV,0.6116374275505321,0.6442729378404033,2.386517885355842,1.796083688735962,,,,JJA
3,8,SGDRegressor,0.6100071781315011,0.6427796841708707,2.391521643771384,0.3920536041259765,,,,JJA
3,8,BayesianRidge,0.6092577875316003,0.6420932675709616,2.3938182549170817,0.1924571990966797,,,,JJA
3,8,Ridge,0.608926281522657,0.6417896192098287,2.394833498300753,0.0830566883087158,,,,JJA
3,8,LassoLarsIC,0.6088827189538264,0.6417497173610678,2.394966877493842,0.2305908203125,,,,JJA
3,8,RidgeCV,0.6087696513608432,0.6416461512464865,2.395313031429315,0.1657090187072754,,,,JJA
3,8,LassoLarsCV,0.6087514566040092,0.6416294854608151,2.395368729602525,0.4669473171234131,,,,JJA
3,8,LinearRegression,0.6087512626137541,0.6416293077722621,2.395369323442605,0.1666851043701172,,,,JJA
3,8,TransformedTargetRegressor,0.6087512626137541,0.6416293077722621,2.395369323442605,0.1625213623046875,,,,JJA
3,8,HuberRegressor,0.5743073188011696,0.6100798130195587,2.498584840479303,1.4757232666015625,,,,JJA
3,8,PoissonRegressor,0.5620258748935969,0.5988304232218661,2.534371264557799,0.1481068134307861,,,,JJA
3,8,LinearSVR,0.5254279224225967,0.5653079289417062,2.638135511442671,4.857546806335449,,,,JJA
3,8,OrthogonalMatchingPursuit,0.5103129316563016,0.5514631054666964,2.6798181645496184,0.0768203735351562,,,,JJA
3,8,OrthogonalMatchingPursuitCV,0.4632202910803371,0.5083278296450147,2.805718231131928,0.18115234375,,,,JJA
3,8,GammaRegressor,0.4596749887959406,0.5050804519223321,2.8149685329945635,0.1028473377227783,,,,JJA
3,8,DecisionTreeRegressor,0.4105524973101681,0.4600859008975488,2.9401438204346326,2.1096363067626958,,,,JJA
3,8,TweedieRegressor,0.3714162701509577,0.424238432323146,3.036180430431738,0.1107172966003418,,,,JJA
3,8,ExtraTreeRegressor,0.3710442809907923,0.4238977027562719,3.037078687186268,0.4696791172027588,,,,JJA
3,8,PassiveAggressiveRegressor,0.2801233732566478,0.3406172074367614,3.249189531875942,0.1562080383300781,,,,JJA
3,8,ElasticNet,0.1677114034034137,0.2376516216048074,3.493678852305325,0.0944817066192627,,,,JJA
3,8,RANSACRegressor,0.1327826452469802,0.2056580532094187,3.566235255515489,0.3903696537017822,,,,JJA
3,8,LassoLars,-0.0650084190541437,0.0244880867487252,3.952050899803875,0.0851430892944336,,,,JJA
3,8,Lasso,-0.0650091796028948,0.024487390111634,3.9520523109320806,0.0872271060943603,,,,JJA
3,8,AdaBoostRegressor,-0.1014688733787512,-0.0089084638511252,4.019130643340938,17.542641639709473,,,,JJA
3,8,LarsCV,-0.9171741417597324,-0.7560670710236206,5.302452543013288,0.3667616844177246,,,,JJA
3,8,DummyRegressor,-2.098884469363476,-1.8384740097531005,6.741378344742955,0.0480000972747802,,,,JJA
3,8,QuantileRegressor,-4.300569421589345,-3.855143419775115,8.816724538665179,111.3175618648529,,,,JJA
3,8,Lars,-2.535183801780832e+30,-2.322143146168997e+30,6097484915115996.0,0.0752773284912109,,,,JJA
3,8,CatBoostRegressor,0.4977651132927458,0.5485814593339521,1.986734813289512,6.4586708545684814,0.5417,0.0711,0.4723,MAM
3,8,ExtraTreesRegressor,0.4843773835158617,0.5365483059257239,2.0130401766038366,43.5621600151062,0.5281,0.0581,0.4665,MAM
3,8,GradientBoostingRegressor,0.4785330920103525,0.5312953423971635,2.024416369194826,53.92151665687561,0.5214,0.0508,0.4634,MAM
3,8,LGBMRegressor,0.4760241366165004,0.5290402442101092,2.0292806046223264,0.7999324798583984,0.5217,0.0728,0.45,MAM
3,8,HistGradientBoostingRegressor,0.4702806223912551,0.5238778612724098,2.040372180905012,2.472383499145508,0.5163,0.071,0.446,MAM
3,8,XGBRegressor,0.4613347804474582,0.5158371635387778,2.057528838486528,2.257725477218628,,,,MAM
3,8,RandomForestRegressor,0.4459764484533447,0.5020327943096674,2.0866546478458825,132.98443794250488,,,,MAM
3,8,MLPRegressor,0.4228086611180852,0.4812091338548726,2.129836994674775,36.438236236572266,,,,MAM
3,8,KNeighborsRegressor,0.3824139151636054,0.4449015460070855,2.203105093696634,0.2592668533325195,,,,MAM
3,8,BaggingRegressor,0.3795353553061754,0.4423142400981307,2.208233445425313,13.383037567138672,,,,MAM
3,8,PoissonRegressor,0.1788425667050178,0.2619276358411038,2.540385807720528,0.2215628623962402,,,,MAM
3,8,ElasticNetCV,0.1661514551187413,0.2505206164895264,2.5599415604493188,2.0237913131713867,,,,MAM
3,8,SGDRegressor,0.1660102068276394,0.2503936597624483,2.56015836964185,0.3197088241577148,,,,MAM
3,8,LassoCV,0.162274939590621,0.2470363285021939,2.565885173576033,2.0810651779174805,,,,MAM
3,8,LassoLarsCV,0.1566513162755463,0.241981705859808,2.574483123540795,0.5376524925231934,,,,MAM
3,8,BayesianRidge,0.1544629406556391,0.2400147510446133,2.5778211770167725,0.1977114677429199,,,,MAM
3,8,LassoLarsIC,0.1540593171895992,0.2396519663778353,2.5784363747585464,0.2582881450653076,,,,MAM
3,8,RidgeCV,0.1539943774625766,0.2395935972808657,2.5785353413553502,0.1756985187530517,,,,MAM
3,8,Ridge,0.1539943774617018,0.2395935972800794,2.5785353413566834,0.0727126598358154,,,,MAM
3,8,LinearRegression,0.1539043923514558,0.2395127169027419,2.5786724702428097,0.1838438510894775,,,,MAM
3,8,TransformedTargetRegressor,0.1539043923514558,0.2395127169027419,2.5786724702428097,0.1641631126403808,,,,MAM
3,8,HuberRegressor,0.1070728060035629,0.1974195709947708,2.649076428528684,0.8894896507263184,,,,MAM
3,8,LinearSVR,0.084783463895295,0.1773854742937475,2.68193589372059,4.7763965129852295,,,,MAM
3,8,ExtraTreeRegressor,-0.0764567162043146,0.0324596463121421,2.9086050204493503,0.5217351913452148,,,,MAM
3,8,DecisionTreeRegressor,-0.1502586381927355,-0.0338749648511433,3.006659275674582,2.2470061779022217,,,,MAM
3,8,GammaRegressor,-0.179555468188318,-0.0602075287426195,3.044707995215705,0.11576509475708,,,,MAM
3,8,TweedieRegressor,-0.3895156453863027,-0.2489238431549734,3.3045945638232257,0.1068179607391357,,,,MAM
3,8,PassiveAggressiveRegressor,-0.3919291134001545,-0.2510931154170022,3.307463215611064,0.2446448802947998,,,,MAM
3,8,RANSACRegressor,-0.4925142431755371,-0.3415009976603056,3.424882730891925,0.4368057250976562,,,,MAM
3,8,AdaBoostRegressor,-0.7131146375999846,-0.5397809474549609,3.6692700538799023,17.903621673583984,,,,MAM
3,8,ElasticNet,-0.7731711948562243,-0.5937609559163026,3.7330327268091694,0.09879732131958,,,,MAM
3,8,OrthogonalMatchingPursuitCV,-0.8430451716092235,-0.6565650530652885,3.805874413596224,0.2477743625640869,,,,MAM
3,8,OrthogonalMatchingPursuit,-0.8430451716092235,-0.6565650530652885,3.805874413596224,0.0748388767242431,,,,MAM
3,8,LassoLars,-1.4041377818888332,-1.1608860670265564,4.346764788355948,0.1059057712554931,,,,MAM
3,8,Lasso,-1.404155719225482,-1.1609021894556188,4.346781003990197,0.1831405162811279,,,,MAM
3,8,LarsCV,-3.489555183823703,-3.0353000218853854,5.940022917889541,0.4532315731048584,,,,MAM
3,8,DummyRegressor,-4.701512968392488,-4.124631386430347,6.693935475612955,0.0716931819915771,,,,MAM
3,8,QuantileRegressor,-9.465058813611398,-8.40619957446016,9.068956113041072,111.72073173522948,,,,MAM
3,8,Lars,-7.331375292496485e+17,-6.589583525970702e+17,2400375521.743597,0.0749487876892089,,,,MAM
3,8,CatBoostRegressor,0.6042312296063566,0.6369393924488065,2.264684951604274,6.050103425979614,0.6424,0.0574,0.579,SON
3,8,ExtraTreesRegressor,0.6011180104196745,0.634083464103999,2.273574801247723,43.412376403808594,0.653,0.1103,0.5318,SON
3,8,XGBRegressor,0.5726541553852373,0.6079719937831516,2.3532971897151507,2.3319101333618164,0.6083,0.0395,0.5638,SON
3,8,LGBMRegressor,0.5630291852212013,0.599142475698788,2.3796508970086534,0.9813086986541748,0.5986,0.0405,0.5583,SON
3,8,GradientBoostingRegressor,0.5557427681026956,0.5924582418132167,2.399409017111494,54.07198429107666,0.5896,0.0315,0.5565,SON
3,8,HistGradientBoostingRegressor,0.552382517725746,0.5893756980789902,2.408466187106021,2.535362243652344,,,,SON
3,8,RandomForestRegressor,0.550432856630526,0.587587165999904,2.413705695086765,147.64589428901672,,,,SON
3,8,MLPRegressor,0.5308361292566395,0.5696100028717932,2.4657515445629423,37.0116913318634,,,,SON
3,8,BaggingRegressor,0.522363625128052,0.5618377056959816,2.487916098273765,13.512484788894652,,,,SON
3,8,ElasticNetCV,0.5051344675180824,0.54603244540915,2.5323902721409373,1.675135374069214,,,,SON
3,8,BayesianRidge,0.5037066852136101,0.5447226616422374,2.5360408575402933,0.1837270259857177,,,,SON
3,8,RidgeCV,0.5036716815537309,0.544690550846811,2.5361302896802944,0.1658217906951904,,,,SON
3,8,Ridge,0.5036339077664062,0.5446558988600916,2.5362267957831737,0.0787000656127929,,,,SON
3,8,TransformedTargetRegressor,0.5036297571926883,0.5446520913089951,2.5362373996242096,0.1603524684906005,,,,SON
3,8,LinearRegression,0.5036297571926883,0.5446520913089951,2.5362373996242096,0.1963660717010498,,,,SON
3,8,LassoLarsIC,0.5036259306443519,0.5446485810043228,2.536247175609413,0.2693774700164795,,,,SON
3,8,LassoLarsCV,0.5032145814637147,0.5442712276237383,2.5372978621855222,0.5795254707336426,,,,SON
3,8,LassoCV,0.5031539194946599,0.5442155790405558,2.5374527709049266,2.0616860389709477,,,,SON
3,8,SGDRegressor,0.496358783930686,0.53798202492815,2.5547456329134564,0.237290620803833,,,,SON
3,8,PoissonRegressor,0.4816895355352637,0.5245251111108618,2.5916838477922326,0.1325552463531494,,,,SON
3,8,HuberRegressor,0.4647002382308922,0.5089398879638763,2.633816769850557,1.818519115447998,,,,SON
3,8,KNeighborsRegressor,0.4498771471560201,0.4953418457381672,2.6700345230495137,0.3776767253875732,,,,SON
3,8,LinearSVR,0.4273771648718449,0.4747013661221057,2.724089454283449,4.924944877624512,,,,SON
3,8,OrthogonalMatchingPursuit,0.3774747643188003,0.4289231309040234,2.840308504579004,0.0612967014312744,,,,SON
3,8,OrthogonalMatchingPursuitCV,0.3774747643188003,0.4289231309040234,2.840308504579004,0.1626403331756591,,,,SON
3,8,GammaRegressor,0.3289130478583051,0.3843747794402633,2.949011261283315,0.1158003807067871,,,,SON
3,8,TweedieRegressor,0.279420947728037,0.3389729355191083,3.0558205691255163,0.0799155235290527,,,,SON
3,8,DecisionTreeRegressor,0.2069834588469801,0.2725220159670644,3.2057389693360707,2.2282044887542725,,,,SON
3,8,ExtraTreeRegressor,0.1237810862017231,0.1961958724660435,3.369716350802479,0.5269575119018555,,,,SON
3,8,ElasticNet,0.0413537805101026,0.1205807407985238,3.5246517669064388,0.0969438552856445,,,,SON
3,8,RANSACRegressor,-0.1177480544198776,-0.025372182153772,3.80591421234037,0.440988540649414,,,,SON
3,8,AdaBoostRegressor,-0.2509883133112196,-0.1476008494012015,4.026369798317156,18.09910249710083,,,,SON
3,8,LassoLars,-0.3288703792852168,-0.2190463809971823,4.149811252920244,0.1275408267974853,,,,SON
3,8,Lasso,-0.3288752968915069,-0.2190508921897296,4.149818931291046,0.1060812473297119,,,,SON
3,8,PassiveAggressiveRegressor,-0.4142874605058575,-0.2974041993070264,4.28110499274988,0.1675913333892822,,,,SON
3,8,DummyRegressor,-1.8208326550648053,-1.5877059893569705,6.046105134556636,0.0673906803131103,,,,SON
3,8,QuantileRegressor,-3.5530526752355565,-3.1767673301747665,7.681364445635253,115.47428369522096,,,,SON
3,8,Lars,-2.509232700515019e+33,-2.3018580971666704e+33,1.8032564855051757e+17,0.101320743560791,,,,SON
3,8,LarsCV,-2.509232704851712e+33,-2.3018581011449587e+33,1.8032564870634544e+17,0.5154287815093994,,,,SON
4,28,CatBoostRegressor,0.641408036088358,0.6438369723984391,2.3864063800862847,13.419583082199097,0.6292,0.1048,0.5028,
4,28,ExtraTreesRegressor,0.6245074716955694,0.6270508846215421,2.441995025410136,169.9784300327301,0.612,0.111,0.4743,
4,28,XGBRegressor,0.6234242865801067,0.6259750365016684,2.4455147063678804,3.828242540359497,0.6108,0.1047,0.4862,
4,28,HistGradientBoostingRegressor,0.6216408013980683,0.6242036318243628,2.451298918082601,5.810653448104858,0.6086,0.1047,0.4844,
4,28,LGBMRegressor,0.619775128798097,0.6223505964287264,2.457335109865562,5.305627822875977,0.6061,0.1066,0.4885,
4,28,RandomForestRegressor,0.6111418173657843,0.6137757630598523,2.4850764064140303,544.7278201580048,,,,
4,28,MLPRegressor,0.6025761576627711,0.6052681231787154,2.5122976030719704,95.90434288978577,,,,
4,28,GradientBoostingRegressor,0.5997271788373006,0.6024384420197078,2.521286370698086,180.51399636268616,,,,
4,28,BaggingRegressor,0.5758094573023607,0.5786827280815274,2.595521411709637,52.66394305229187,,,,
4,28,KNeighborsRegressor,0.5496536554532161,0.5527040935512977,2.6743450860354034,7.092689752578735,,,,
4,28,PoissonRegressor,0.5338875913918364,0.537044821524653,2.720755134335168,0.7260208129882812,,,,
4,28,ElasticNetCV,0.5303493648184459,0.5335305612635682,2.7310621419876115,5.332481622695923,,,,
4,28,LassoCV,0.5297973527936148,0.5329822883131885,2.7326666712912657,7.647990703582764,,,,
4,28,BayesianRidge,0.5289469053051508,0.5321376013631425,2.735136818610123,1.1408569812774658,,,,
4,28,RidgeCV,0.5289323530464294,0.5321231476746993,2.735179066619606,0.8017196655273438,,,,
4,28,Ridge,0.5289233551388335,0.5321142107147728,2.7352051889516487,0.2734363079071045,,,,
4,28,LinearRegression,0.528922502590843,0.5321133639415485,2.7352076640187724,1.0460104942321775,,,,
4,28,TransformedTargetRegressor,0.528922502590843,0.5321133639415485,2.7352076640187724,0.5189716815948486,,,,
4,28,LassoLarsCV,0.5288833440889428,0.5320744706812507,2.7353213442618007,4.540587902069092,,,,
4,28,LassoLarsIC,0.5288668671288187,0.5320581053284429,2.7353691767742863,1.6632182598114014,,,,
4,28,LinearSVR,0.527510032846069,0.5307104616143278,2.7393051919639118,31.34460973739624,,,,
4,28,SGDRegressor,0.5270083018701247,0.5302121291322373,2.740759222412828,1.0728132724761963,,,,
4,28,HuberRegressor,0.5257647736568765,0.5289770240046511,2.744359681221782,9.515732049942017,,,,
4,28,GammaRegressor,0.4859167634695763,0.4893989258303605,2.8573329295886536,0.5559980869293213,,,,
4,28,OrthogonalMatchingPursuit,0.4762379135068013,0.4797856359260373,2.8841055752595897,0.6297798156738281,,,,
4,28,OrthogonalMatchingPursuitCV,0.4762379135068013,0.4797856359260373,2.8841055752595897,1.906932592391968,,,,
4,28,TweedieRegressor,0.4554062184519919,0.4590950451502174,2.940901399938415,0.3029282093048095,,,,
4,28,LarsCV,0.4164797212908869,0.4204322180985802,3.044192430806953,4.713032245635986,,,,
4,28,ElasticNet,0.4034323308933771,0.4074732046963121,3.0780380320543648,0.558696985244751,,,,
4,28,LassoLars,0.3440504298862443,0.348493529254818,3.227597355535437,0.7257363796234131,,,,
4,28,Lasso,0.3440494385477245,0.3484925446311674,3.2275997944732167,0.7752368450164795,,,,
4,28,DecisionTreeRegressor,0.2590541457832384,0.2640729707158423,3.430341530444454,8.783597230911255,,,,
4,28,PassiveAggressiveRegressor,0.1956305579211831,0.2010789849391024,3.574142854566047,0.8335838317871094,,,,
4,28,ExtraTreeRegressor,0.1826017215429615,0.188138399879767,3.602972807612737,2.094508409500122,,,,
4,28,RANSACRegressor,0.0019896545380048,0.0087497155820012,3.981178469403997,1.6218559741973877,,,,
4,28,QuantileRegressor,-0.0444013121614945,-0.0373270201396285,4.072656945727736,548.4110972881317,,,,
4,28,DummyRegressor,-0.2672158824942272,-0.2586323475032976,4.48610494331083,0.4250097274780273,,,,
4,28,AdaBoostRegressor,-0.3315301571375908,-0.3225109869605467,4.598536400573704,62.46732234954834,,,,
4,28,Lars,-8.595981801232129e+18,-8.537756591469887e+18,11684008621.352268,0.7535126209259033,,,,
4,28,CatBoostRegressor,0.519333690334874,0.5319772583225582,2.700362997897871,9.3709716796875,0.5276,0.0345,0.4916,DJF
4,28,ExtraTreesRegressor,0.495150387442026,0.5084300791357912,2.7674597963114493,42.55999994277954,0.5031,0.0303,0.481,DJF
4,28,XGBRegressor,0.4912345451582453,0.5046172401562748,2.7781719003499403,2.0246570110321045,0.4995,0.0314,0.4636,DJF
4,28,HistGradientBoostingRegressor,0.4866923929239402,0.5001945658413289,2.79054581442753,2.9804558753967285,0.4947,0.0267,0.467,DJF
4,28,LGBMRegressor,0.4866024598260924,0.5001069983663969,2.790790259897391,6.466711044311523,0.4943,0.0234,0.4684,DJF
4,28,RandomForestRegressor,0.4673759527710115,0.4813862302079862,2.842566882731038,114.98019123077393,,,,DJF
4,28,GradientBoostingRegressor,0.4657657401378661,0.4798183730145553,2.846860420530517,51.01170706748962,,,,DJF
4,28,BaggingRegressor,0.4395474955950651,0.4542897797968609,2.915880448709426,11.557324409484863,,,,DJF
4,28,KNeighborsRegressor,0.4171908730620078,0.4325212315084259,2.9734694373212487,0.7974722385406494,,,,DJF
4,28,MLPRegressor,0.3976325678453908,0.4134773928911061,3.022950587602411,35.57789897918701,,,,DJF
4,28,PoissonRegressor,0.3769824955684898,0.39337050532995,3.074329633447028,0.2578279972076416,,,,DJF
4,28,LassoLarsCV,0.3746479637098872,0.391097381586874,3.080084214639608,0.3865964412689209,,,,DJF
4,28,LassoCV,0.3737568146645784,0.3902296735510867,3.0822780484960965,2.504197835922241,,,,DJF
4,28,BayesianRidge,0.3736722866352497,0.3901473689683866,3.0824860588220595,0.2156543731689453,,,,DJF
4,28,ElasticNetCV,0.3734295494128605,0.3899110167671913,3.083083319334688,2.7268216609954834,,,,DJF
4,28,RidgeCV,0.3732492958081519,0.3897355045988186,3.0835267626203997,0.1789300441741943,,,,DJF
4,28,Ridge,0.3732492958061882,0.3897355045969067,3.0835267626252296,0.0885329246520996,,,,DJF
4,28,LassoLarsIC,0.3731830223492743,0.3896709744137389,3.083689786435769,0.2249288558959961,,,,DJF
4,28,LinearRegression,0.3731829865059037,0.3896709395132014,3.0836898746033192,0.1697030067443847,,,,DJF
4,28,TransformedTargetRegressor,0.3731829865059037,0.3896709395132014,3.0836898746033192,0.1904611587524414,,,,DJF
4,28,SGDRegressor,0.3694940796960108,0.3860790666395616,3.0927505389409946,0.3174958229064941,,,,DJF
4,28,HuberRegressor,0.3203777416285099,0.3382546971314865,3.2109541473050247,1.7679827213287354,,,,DJF
4,28,OrthogonalMatchingPursuit,0.298927264242411,0.3173684585192438,3.26123313210012,0.0842025279998779,,,,DJF
4,28,OrthogonalMatchingPursuitCV,0.298927264242411,0.3173684585192438,3.26123313210012,0.2243337631225586,,,,DJF
4,28,LinearSVR,0.2859978632592329,0.3047791557644701,3.291168082031527,10.2397940158844,,,,DJF
4,28,GammaRegressor,0.2501716518792677,0.2698953260955079,3.372727350902712,0.1054725646972656,,,,DJF
4,28,TweedieRegressor,0.1941755788435467,0.2153721879050931,3.4963952316049527,0.0964136123657226,,,,DJF
4,28,PassiveAggressiveRegressor,0.0701626620188631,0.0946213381604099,3.755811587962244,0.2338964939117431,,,,DJF
4,28,ElasticNet,-0.0124298432709164,0.0142013669861001,3.9190677921779833,0.0946173667907714,,,,DJF
4,28,DecisionTreeRegressor,-0.0198301209139701,0.0069957481148935,3.933364775544397,1.931549072265625,,,,DJF
4,28,ExtraTreeRegressor,-0.1255576441110415,-0.0959506916136005,4.132227063339687,0.4934844970703125,,,,DJF
4,28,AdaBoostRegressor,-0.1459863315476168,-0.1158420176971752,4.169558060361137,17.157699584960938,,,,DJF
4,28,LarsCV,-0.21445849541266,-0.1825130724732651,4.292315587184717,0.4237368106842041,,,,DJF
4,28,LassoLars,-0.2555269205852066,-0.2225012234194405,4.364287189829121,0.0829787254333496,,,,DJF
4,28,Lasso,-0.2555373244502716,-0.2225113536186116,4.364305272022431,0.1328353881835937,,,,DJF
4,28,RANSACRegressor,-1.055737768780406,-1.0016631233938105,5.584498315993087,0.5465021133422852,,,,DJF
4,28,DummyRegressor,-1.232119443055621,-1.1734052095688443,5.819142897360918,0.0652773380279541,,,,DJF
4,28,QuantileRegressor,-2.673008750990677,-2.5763930012934213,7.464681606538588,106.2965795993805,,,,DJF
4,28,Lars,-4.806509999930671e+24,-4.680078347148627e+24,8539161589202.759,0.0928034782409668,,,,DJF
4,28,CatBoostRegressor,0.7577696259633061,0.7646773362495236,2.0178031913916845,9.125975370407104,0.7589,0.0223,0.7335,JJA
4,28,ExtraTreesRegressor,0.7574776045590188,0.7643936424518225,2.0190191087604177,43.48539710044861,0.7581,0.0354,0.7197,JJA
4,28,LGBMRegressor,0.7464484379454333,0.7536789957987003,2.0644180609294382,7.487201690673828,0.7473,0.0276,0.7214,JJA
4,28,HistGradientBoostingRegressor,0.7447857502625741,0.7520637231638315,2.071175806030116,2.619058847427368,0.7456,0.0277,0.7237,JJA
4,28,RandomForestRegressor,0.7383353683298981,0.7457972874839885,2.097186323841341,120.89782810211182,0.7394,0.0238,0.7147,JJA
4,28,XGBRegressor,0.7338235825035555,0.741414164751553,2.1151895512831644,2.0253114700317383,,,,JJA
4,28,BaggingRegressor,0.7083436711086231,0.7166608667994419,2.214115168353876,11.7042715549469,,,,JJA
4,28,GradientBoostingRegressor,0.7032753928324869,0.7117371211737658,2.2332702801326296,47.971189737319946,,,,JJA
4,28,MLPRegressor,0.6947101445460112,0.7034161290171326,2.2652737443453645,36.80134868621826,,,,JJA
4,28,KNeighborsRegressor,0.6774598273165637,0.6866577409862434,2.328393679761828,0.7292642593383789,,,,JJA
4,28,SGDRegressor,0.5951398164719557,0.6066852589680025,2.608657354350535,0.5003294944763184,,,,JJA
4,28,LassoCV,0.5949225952274637,0.606474232245692,2.60935707715964,2.7292613983154297,,,,JJA
4,28,LassoLarsCV,0.5925369202509928,0.6041565898255843,2.617029609818143,0.4383864402770996,,,,JJA
4,28,BayesianRidge,0.5924346853126965,0.6040572703322964,2.617357903464228,0.3063435554504394,,,,JJA
4,28,Ridge,0.5920007007210666,0.6036356617271199,2.618751043090965,0.0787484645843505,,,,JJA
4,28,LassoLarsIC,0.5918894700101003,0.6035276029946032,2.619107986951745,0.2507052421569824,,,,JJA
4,28,RidgeCV,0.5917890135034543,0.6034300112172342,2.6194303141531137,0.1597204208374023,,,,JJA
4,28,TransformedTargetRegressor,0.5917639214978365,0.6034056347631074,2.619510818784709,0.1612768173217773,,,,JJA
4,28,LinearRegression,0.5917639214978365,0.6034056347631074,2.619510818784709,0.1797137260437011,,,,JJA
4,28,ElasticNetCV,0.5908699851537886,0.6025371909003536,2.6223772917965342,2.887044668197632,,,,JJA
4,28,PoissonRegressor,0.5631970192725263,0.5756533780385189,2.7096132126303862,0.2267999649047851,,,,JJA
4,28,HuberRegressor,0.5555222766766743,0.5681974969235372,2.7333138656405365,1.8561599254608157,,,,JJA
4,28,OrthogonalMatchingPursuit,0.5504947963584228,0.5633133858158823,2.74872863355703,0.0869312286376953,,,,JJA
4,28,LinearSVR,0.5188595983469108,0.5325803322343563,2.8438089579003454,11.436410665512083,,,,JJA
4,28,OrthogonalMatchingPursuitCV,0.5155930866321261,0.5294069719943278,2.85344608458391,0.2249608039855957,,,,JJA
4,28,GammaRegressor,0.4948445051714923,0.5092500801190734,2.9139161158110043,0.0922708511352539,,,,JJA
4,28,ExtraTreeRegressor,0.4317158672315765,0.4479216885082426,3.090631806792877,0.5143370628356934,,,,JJA
4,28,DecisionTreeRegressor,0.4265455446731936,0.4428988086083687,3.1046594566985823,1.987531661987305,,,,JJA
4,28,TweedieRegressor,0.414763856629128,0.4314531002613773,3.136390101496716,0.1034057140350341,,,,JJA
4,28,PassiveAggressiveRegressor,0.4099366273320962,0.4267635295944889,3.149298550775299,0.2890698909759521,,,,JJA
4,28,RANSACRegressor,0.3089294927895726,0.3286368266453833,3.4082048033910493,0.6440410614013672,,,,JJA
4,28,ElasticNet,0.2983732776623768,0.3183816442689631,3.434136593762553,0.1598122119903564,,,,JJA
4,28,AdaBoostRegressor,0.190306234817814,0.2133963612013365,3.689138008690426,16.813185691833496,,,,JJA
4,28,LassoLars,0.1590619778417671,0.1830431001466597,3.759642057709424,0.0915799140930175,,,,JJA
4,28,Lasso,0.159060165930542,0.1830413399059068,3.7596461080281136,0.1119177341461181,,,,JJA
4,28,DummyRegressor,-1.2631822427864332,-1.1986428252164778,6.167714583729764,0.0817615985870361,,,,JJA
4,28,QuantileRegressor,-2.93206526483174,-2.819934126100797,8.129706436895912,99.37776517868042,,,,JJA
4,28,LarsCV,-3.94290425267779,-3.801946907069108,9.114977557222703,0.4048440456390381,,,,JJA
4,28,Lars,-4.491838534082345e+33,-4.363744279308133e+33,2.7477459280119213e+17,0.1001644134521484,,,,JJA
4,28,CatBoostRegressor,0.6058325527576729,0.6163110848066493,2.326697169592815,11.989091396331789,0.6091,0.027,0.581,MAM
4,28,HistGradientBoostingRegressor,0.5982240874428653,0.6089048826371178,2.3490455178348557,2.469289302825928,0.6009,0.0308,0.5705,MAM
4,28,LGBMRegressor,0.5978211899647539,0.6085126957698557,2.3502230241733426,34.51916146278381,0.6019,0.0269,0.5719,MAM
4,28,ExtraTreesRegressor,0.5897564142352876,0.6006623137239375,2.37367023494004,42.475242614746094,0.5928,0.029,0.5639,MAM
4,28,RandomForestRegressor,0.5764409192861745,0.587700797373383,2.4118843675795336,119.81845235824584,0.5802,0.0339,0.5428,MAM
4,28,GradientBoostingRegressor,0.5700973664211766,0.5815258812704143,2.429878380463614,47.85953617095947,,,,MAM
4,28,XGBRegressor,0.5691278819892727,0.5805821695748481,2.432616677994812,2.1379482746124268,,,,MAM
4,28,BaggingRegressor,0.5393720224856839,0.5516173386801274,2.5152122550874627,11.906368732452393,,,,MAM
4,28,KNeighborsRegressor,0.5047067625833396,0.5178736186954351,2.6081386999558074,0.7761502265930176,,,,MAM
4,28,MLPRegressor,0.4810613384272161,0.4948567835731474,2.669669487633221,36.77318859100342,,,,MAM
4,28,LassoCV,0.3929333418471877,0.4090715782181088,2.887471288832406,2.62981915473938,,,,MAM
4,28,LassoLarsCV,0.3928711202871914,0.4090110107536374,2.88761926135091,0.3943321704864502,,,,MAM
4,28,ElasticNetCV,0.3924545117413464,0.4086054773131317,2.8886098257913417,2.7405076026916504,,,,MAM
4,28,BayesianRidge,0.3914215680409674,0.4075999933478093,2.8910643779288674,0.2410492897033691,,,,MAM
4,28,LassoLarsIC,0.3912994896131613,0.4074811602481681,2.8913543314317884,0.2257266044616699,,,,MAM
4,28,RidgeCV,0.3912606421084378,0.4074433454639955,2.891446593642089,0.1645243167877197,,,,MAM
4,28,Ridge,0.3912606421071315,0.407443345462724,2.8914465936451905,0.0810601711273193,,,,MAM
4,28,TransformedTargetRegressor,0.3912255185004629,0.4074091555806456,2.8915300091223046,0.1785218715667724,,,,MAM
4,28,LinearRegression,0.3912255185004629,0.4074091555806456,2.8915300091223046,0.1619918346405029,,,,MAM
4,28,SGDRegressor,0.3850392070579522,0.4013873008003196,2.9061846072909456,0.3865602016448974,,,,MAM
4,28,PoissonRegressor,0.3799715764923362,0.3964543879280739,2.91813435577966,0.183978796005249,,,,MAM
4,28,HuberRegressor,0.3559769800259884,0.3730976628786427,2.974063107457863,1.6361627578735352,,,,MAM
4,28,LinearSVR,0.3381593124344763,0.3557536594676759,3.014922934115892,11.127166986465454,,,,MAM
4,28,GammaRegressor,0.224397437399026,0.2450160256826142,3.263766660883446,0.1117246150970459,,,,MAM
4,28,DecisionTreeRegressor,0.1579029259214438,0.1802892017055437,3.400795860646704,1.989471673965454,,,,MAM
4,28,TweedieRegressor,0.0991282263291191,0.123076966435567,3.517474632238678,0.1124463081359863,,,,MAM
4,28,PassiveAggressiveRegressor,0.0750403311615499,0.0996294229339501,3.5641902877436222,0.1821987628936767,,,,MAM
4,28,ExtraTreeRegressor,0.0622155937929923,0.0871456178835642,3.5888143071339678,0.4872477054595947,,,,MAM
4,28,OrthogonalMatchingPursuit,-0.0387770660422057,-0.0111622570202596,3.777118937778131,0.072427749633789,,,,MAM
4,28,OrthogonalMatchingPursuitCV,-0.0387770660422057,-0.0111622570202596,3.777118937778131,0.2071657180786132,,,,MAM
4,28,ElasticNet,-0.0648894761117413,-0.0365804957986244,3.8242982231842335,0.1061382293701171,,,,MAM
4,28,RANSACRegressor,-0.1622388217938286,-0.1313419102707316,3.995279557237988,0.5994877815246582,,,,MAM
4,28,AdaBoostRegressor,-0.1692244106808618,-0.1381417945351586,4.007268301919675,16.799198627471924,,,,MAM
4,28,Lasso,-0.3126557049110914,-0.2777601168319306,4.245950231835755,0.1916279792785644,,,,MAM
4,28,LassoLars,-0.3126645544582229,-0.2777687311230463,4.245964544299117,0.0766453742980957,,,,MAM
4,28,LarsCV,-0.3985098368405633,-0.3613319058656257,4.38260416263032,0.3684573173522949,,,,MAM
4,28,DummyRegressor,-1.9884912081216988,-1.909045274365694,6.406568520214624,0.0640740394592285,,,,MAM
4,28,QuantileRegressor,-4.40939227042147,-4.265589197215759,8.61933424276065,100.87997460365295,,,,MAM
4,28,Lars,-4.963591163046137e+18,-4.831639249097191e+18,8256528522.17534,0.0818517208099365,,,,MAM
4,28,CatBoostRegressor,0.5773667492841302,0.5888254004558212,2.5259326202951864,9.278525829315186,0.5861,0.1217,0.5125,SON
4,28,ExtraTreesRegressor,0.5600972452690328,0.5720241161609705,2.57702286066452,45.76724863052368,0.5708,0.1325,0.4821,SON
4,28,LGBMRegressor,0.5499156365528776,0.5621185564836626,2.606675037428276,15.638532400131226,0.5582,0.1199,0.487,SON
4,28,HistGradientBoostingRegressor,0.5488084113020888,0.5610413508962482,2.609879329566994,2.4203941822052,0.5565,0.1186,0.4829,SON
4,28,RandomForestRegressor,0.5362211157555059,0.5487953286134678,2.6460339742080743,143.4078962802887,0.5476,0.1299,0.4592,SON
4,28,XGBRegressor,0.5345898768026602,0.5472083166543731,2.650683307196113,1.885167121887207,,,,SON
4,28,GradientBoostingRegressor,0.5168666537559623,0.5299656147928544,2.7006819218738807,48.8024787902832,,,,SON
4,28,BaggingRegressor,0.4945430883495674,0.5082472974318204,2.762370962353214,12.324480533599854,,,,SON
4,28,MLPRegressor,0.4938052175378985,0.5075294321550364,2.764386494762676,36.9841365814209,,,,SON
4,28,KNeighborsRegressor,0.4714483836797601,0.4857787483337206,2.8247735173416686,0.7550554275512695,,,,SON
4,28,PoissonRegressor,0.4566222057890609,0.4713545454423172,2.864117781917348,0.1973652839660644,,,,SON
4,28,LassoCV,0.455065649065444,0.4698401908892458,2.8682171154722726,2.081143617630005,,,,SON
4,28,LassoLarsCV,0.4541864659450405,0.4689848446360922,2.870529936991214,0.384756326675415,,,,SON
4,28,ElasticNetCV,0.4540853287130764,0.4688864494890435,2.8707958739701844,2.263575792312622,,,,SON
4,28,SGDRegressor,0.4498369214079724,0.4647532271989898,2.881944753281792,0.5128993988037109,,,,SON
4,28,LassoLarsIC,0.449713884061405,0.4646335257045662,2.8822669913841312,0.2326109409332275,,,,SON
4,28,BayesianRidge,0.4496724307237547,0.4645931962712354,2.88237555067111,0.2413244247436523,,,,SON
4,28,RidgeCV,0.4495352418663224,0.4644597269490249,2.8827347959550766,0.1832723617553711,,,,SON
4,28,Ridge,0.4493637542682198,0.4642928888113318,2.8831837936093807,0.0970311164855957,,,,SON
4,28,LinearRegression,0.449343456500341,0.4642731413670286,2.8832369336419714,0.1799812316894531,,,,SON
4,28,TransformedTargetRegressor,0.449343456500341,0.4642731413670286,2.8832369336419714,0.196218729019165,,,,SON
4,28,HuberRegressor,0.4149216830373801,0.4307846288203703,2.9719871825897544,1.5156047344207764,,,,SON
4,28,LinearSVR,0.3820975752520152,0.3988504652135513,3.054216929458757,11.231793403625488,,,,SON
4,28,OrthogonalMatchingPursuit,0.3476460393605948,0.3653329971727793,3.138206966146093,0.0895049571990966,,,,SON
4,28,OrthogonalMatchingPursuitCV,0.3476460393605948,0.3653329971727793,3.138206966146093,0.215989351272583,,,,SON
4,28,GammaRegressor,0.3288457109261418,0.347042392961583,3.183106103530809,0.1233325004577636,,,,SON
4,28,TweedieRegressor,0.2648784338281038,0.2848094297478117,3.3313442401495017,0.1188569068908691,,,,SON
4,28,LarsCV,0.1847596090494723,0.2068628279636303,3.508187321287457,0.4059350490570068,,,,SON
4,28,DecisionTreeRegressor,0.1774817543693855,0.1997822942418829,3.5238117603659287,2.0181334018707275,,,,SON
4,28,PassiveAggressiveRegressor,0.0993194938605712,0.1237392093455986,3.687442967794092,0.3084352016448974,,,,SON
4,28,ElasticNet,0.0660434271676116,0.0913653405747256,3.7549423342428527,0.1162793636322021,,,,SON
4,28,ExtraTreeRegressor,-0.0170046670575862,0.0105688892114852,3.918333555230484,0.5287661552429199,,,,SON
4,28,RANSACRegressor,-0.0276155569537583,0.0002456872474279,3.938721426212543,0.554912805557251,,,,SON
4,28,AdaBoostRegressor,-0.1055355990476323,-0.0755617463847955,4.0853220327195015,17.24085831642151,,,,SON
4,28,LassoLars,-0.1863796916307376,-0.154213952137812,4.232059668978172,0.0895764827728271,,,,SON
4,28,Lasso,-0.1863841539603061,-0.1542182934823945,4.232067627993053,0.1057827472686767,,,,SON
4,28,DummyRegressor,-1.306188931697136,-1.243662345207381,5.900480400391737,0.0812127590179443,,,,SON
4,28,QuantileRegressor,-2.703957580579396,-2.6035339679111797,7.477784281843845,100.74502062797546,,,,SON
4,28,Lars,-3.808342993978844e+33,-3.7050892300209897e+33,2.3977724075391955e+17,0.0974221229553222,,,,SON
5,22,CatBoostRegressor,0.52731451199334,0.5313981879156437,2.0653107868614877,16.393165349960327,0.5028,0.0983,0.339,
5,22,HistGradientBoostingRegressor,0.5019336828717476,0.5062366316158361,2.120034190583496,4.610426902770996,0.4737,0.0925,0.3285,
5,22,XGBRegressor,0.5012635942479851,0.5055723320946547,2.121459837379875,4.762206077575684,0.4743,0.0982,0.3247,
5,22,LGBMRegressor,0.4985185416030179,0.5028509948073114,2.1272900992813875,28.35274839401245,0.4699,0.0918,0.3235,
5,22,MLPRegressor,0.4822627956405345,0.4867356872548711,2.161493659330255,91.50118923187256,0.4522,0.1064,0.3027,
5,22,ExtraTreesRegressor,0.4817383099199821,0.4862157327284487,2.1625882161660237,175.1439723968506,,,,
5,22,RandomForestRegressor,0.4571966171714008,0.4618860632433541,2.2131994393216066,643.5021371841431,,,,
5,22,GradientBoostingRegressor,0.4555237993757999,0.460227697437348,2.216607147784062,202.2313313484192,,,,
5,22,BaggingRegressor,0.4033609768974167,0.4085155256931193,2.3203585895487,59.33448314666748,,,,
5,22,KNeighborsRegressor,0.4027612154326075,0.4079209457528442,2.3215245475669977,5.541452169418335,,,,
5,22,PoissonRegressor,0.397728538865656,0.4029317480331233,2.3312852770433703,0.476215124130249,,,,
5,22,LinearSVR,0.3839726368034327,0.3892946874573987,2.3577582895442704,24.612544536590576,,,,
5,22,HuberRegressor,0.3755991496733472,0.3809935414688258,2.373728376985321,5.345032453536987,,,,
5,22,ElasticNetCV,0.366570403840875,0.3720427977601762,2.390828666136785,3.87541937828064,,,,
5,22,LassoCV,0.3660568296819686,0.3715336605270487,2.39179769177586,5.963341236114502,,,,
5,22,SGDRegressor,0.3659380645131965,0.371415921407251,2.3920217252277283,1.2450721263885498,,,,
5,22,BayesianRidge,0.3645906403770907,0.3700801380844161,2.3945619796843767,0.6809558868408203,,,,
5,22,Ridge,0.3644646988346469,0.3699552845898551,2.394799275439212,0.6754271984100342,,,,
5,22,RidgeCV,0.3644646988322729,0.3699552845875016,2.394799275443685,0.6695046424865723,,,,
5,22,LassoLarsCV,0.3644546522181329,0.3699453247691641,2.3948182039981933,1.4092769622802734,,,,
5,22,LassoLarsIC,0.3644546522181329,0.3699453247691641,2.3948182039981933,0.6655395030975342,,,,
5,22,LinearRegression,0.3644545548068324,0.3699452281994299,2.394818387527463,0.5037925243377686,,,,
5,22,TransformedTargetRegressor,0.3644545548068324,0.3699452281994299,2.394818387527463,0.5610742568969727,,,,
5,22,GammaRegressor,0.3211298840216947,0.3269948526262588,2.4750992832662955,0.3058149814605713,,,,
5,22,TweedieRegressor,0.2694296861339638,0.2757413087159597,2.567617276638235,0.3594875335693359,,,,
5,22,OrthogonalMatchingPursuitCV,0.2294543715888609,0.2361113532597994,2.636929137878916,0.7533242702484131,,,,
5,22,OrthogonalMatchingPursuit,0.2294543715888609,0.2361113532597994,2.636929137878916,0.323660135269165,,,,
5,22,ElasticNet,0.08783363857096,0.095714125494753,2.8690380296796176,0.326439619064331,,,,
5,22,LarsCV,0.0449164489482801,0.0531677107284245,2.935756029203392,1.4038305282592771,,,,
5,22,DecisionTreeRegressor,-0.0725867392786026,-0.0633203311638848,3.1111108854473657,9.878151655197144,,,,
5,22,ExtraTreeRegressor,-0.0930334075486138,-0.0835903543516496,3.140624372826992,1.9812166690826416,,,,
5,22,Lasso,-0.1184592102199528,-0.1087964956608174,3.176942494747102,0.5575833320617676,,,,
5,22,LassoLars,-0.1184930228965102,-0.1088300162192186,3.176990516219934,0.2496712207794189,,,,
5,22,PassiveAggressiveRegressor,-0.2666045752204831,-0.255661987097628,3.3808025319075066,0.5404195785522461,,,,
5,22,QuantileRegressor,-0.2790053807359318,-0.2679556582241744,3.3973122453447977,592.4969873428345,,,,
5,22,AdaBoostRegressor,-0.6179400826339694,-0.6039621985507386,3.821030425882245,62.18481278419495,,,,
5,22,RANSACRegressor,-0.961254241024556,-0.9443103598925946,4.206939113643094,2.0413777828216557,,,,
5,22,DummyRegressor,-0.965129993966756,-0.94815262900808,4.211093855263077,0.2013454437255859,,,,
5,22,Lars,-1.2958290709244105e+22,-1.284634003357029e+22,341958291135.69543,0.2645647525787353,,,,
5,22,CatBoostRegressor,0.369069278597709,0.3910019803845789,2.5621578973714483,8.851123332977295,0.3717,0.0506,0.3359,DJF
5,22,HistGradientBoostingRegressor,0.3516355836591549,0.3741743235087786,2.597315091350945,2.1628835201263428,0.3546,0.0539,0.315,DJF
5,22,LGBMRegressor,0.3467190540259933,0.3694287045233516,2.6071441777626787,2.9277665615081787,0.3481,0.0462,0.3088,DJF
5,22,XGBRegressor,0.3192077693237346,0.3428737796601053,2.6614747388906217,1.9407944679260252,0.3149,0.0331,0.277,DJF
5,22,ExtraTreesRegressor,0.3106159492402219,0.3345806323489048,2.6782164229264134,45.65016794204712,0.3069,0.0258,0.2774,DJF
5,22,GradientBoostingRegressor,0.2965805224027492,0.3210331114269873,2.705342454547272,55.07439947128296,,,,DJF
5,22,RandomForestRegressor,0.290905885381561,0.3155557387286678,2.7162328261893025,134.6842966079712,,,,DJF
5,22,MLPRegressor,0.2702062827724927,0.2955757051558358,2.7555932556934217,37.76051354408264,,,,DJF
5,22,BaggingRegressor,0.2370353582278105,0.2635578834342597,2.817521631023525,13.49502968788147,,,,DJF
5,22,KNeighborsRegressor,0.2353893070389726,0.2619690530283478,2.8205593118245025,0.6153762340545654,,,,DJF
5,22,PoissonRegressor,0.1614438262092683,0.1905940987628279,2.9538003213834743,0.2311139106750488,,,,DJF
5,22,ElasticNetCV,0.149728346449277,0.1792858778589197,2.9743625440399417,1.7329246997833252,,,,DJF
5,22,BayesianRidge,0.1490569812486,0.1786378509618583,2.975536574406664,0.2590289115905761,,,,DJF
5,22,RidgeCV,0.1489852234377434,0.1785685876287835,2.975662031390759,0.1593143939971923,,,,DJF
5,22,Ridge,0.148985223437327,0.1785685876283816,2.975662031391487,0.0818760395050048,,,,DJF
5,22,LinearRegression,0.1489804215303881,0.1785639526475241,2.975670426564164,0.1498420238494873,,,,DJF
5,22,TransformedTargetRegressor,0.1489804215303881,0.1785639526475241,2.975670426564164,0.1619524955749511,,,,DJF
5,22,LassoLarsIC,0.1489804116488128,0.1785639431094565,2.9756704438400954,0.20621919631958,,,,DJF
5,22,LassoLarsCV,0.1486411087494439,0.1782364352123832,2.9762635870564216,0.393146276473999,,,,DJF
5,22,LassoCV,0.1481451346523769,0.1777577023933139,2.977130398182585,1.1081061363220217,,,,DJF
5,22,SGDRegressor,0.1392296005382334,0.1691520941464059,2.992669206853906,0.3743765354156494,,,,DJF
5,22,HuberRegressor,0.0649386724931727,0.0974437012593428,3.1191416716583724,1.892524242401123,,,,DJF
5,22,LinearSVR,0.046141147271587,0.0792996241914623,3.150337699878196,10.012329578399658,,,,DJF
5,22,OrthogonalMatchingPursuit,-0.0211586633443254,0.014339320317702,3.2595801629911803,0.0810275077819824,,,,DJF
5,22,OrthogonalMatchingPursuitCV,-0.0211586633443254,0.014339320317702,3.2595801629911803,0.2089886665344238,,,,DJF
5,22,GammaRegressor,-0.0765445310133507,-0.0391211985331647,3.346809958358892,0.0926132202148437,,,,DJF
5,22,TweedieRegressor,-0.1954630510404524,-0.1539058186751993,3.526818675647603,0.0980811119079589,,,,DJF
5,22,ExtraTreeRegressor,-0.2696220018864135,-0.2254868222148116,3.634563601347379,0.516268253326416,,,,DJF
5,22,PassiveAggressiveRegressor,-0.3205050952989283,-0.2746010943036006,3.706679991139717,0.252044677734375,,,,DJF
5,22,DecisionTreeRegressor,-0.3384757712333743,-0.2919470653967566,3.7318167536162505,2.286320447921753,,,,DJF
5,22,AdaBoostRegressor,-0.3433674716467421,-0.296668718287064,3.738629832110549,20.356191396713257,,,,DJF
5,22,ElasticNet,-0.6765097020338711,-0.6182301063664133,4.176553881280039,0.1018269062042236,,,,DJF
5,22,RANSACRegressor,-0.8635001436514613,-0.798720300882581,4.403315138116152,0.5667154788970947,,,,DJF
5,22,Lasso,-0.9286690887950444,-0.861623813402401,4.479648242611573,0.0859782695770263,,,,DJF
5,22,LassoLars,-0.9286739089781482,-0.8616284660240991,4.479653840438438,0.0741519927978515,,,,DJF
5,22,DummyRegressor,-2.560421187968263,-2.43665220113275,6.086473583905934,0.0690584182739257,,,,DJF
5,22,QuantileRegressor,-5.174462451844876,-4.959822969161973,8.015204916784771,104.8978786468506,,,,DJF
5,22,LarsCV,-3936001396719399.0,-3799176319197288.0,202368389.2688215,0.3911573886871338,,,,DJF
5,22,Lars,-4111149187317014.5,-3968235542334962.5,206821970.477843,0.0858364105224609,,,,DJF
5,22,CatBoostRegressor,0.6037739432694788,0.6176280011971194,1.684894161948936,9.061126708984377,0.6013,0.0165,0.5889,JJA
5,22,ExtraTreesRegressor,0.5874638999829527,0.6018882391443878,1.719222509287976,52.60547590255737,0.5855,0.0283,0.5528,JJA
5,22,LGBMRegressor,0.5698826992226704,0.5849217656834163,1.7554746612009615,6.9479615688323975,0.5672,0.0074,0.5587,JJA
5,22,HistGradientBoostingRegressor,0.5674977715155711,0.5826202270569847,1.7603348383864954,2.6385223865509038,0.5646,0.0147,0.5476,JJA
5,22,XGBRegressor,0.560938991896136,0.5762907753962712,1.7736321171328404,2.066342830657959,0.5579,0.029,0.5398,JJA
5,22,RandomForestRegressor,0.5601504514538855,0.5755298062981553,1.7752240977906897,140.03137588500977,,,,JJA
5,22,MLPRegressor,0.5306413317918282,0.5470524740368691,1.8338065971399111,40.8813898563385,,,,JJA
5,22,BaggingRegressor,0.5225121361008982,0.5392075159575102,1.849619000890889,14.07219386100769,,,,JJA
5,22,KNeighborsRegressor,0.5115454185104872,0.5286242500310995,1.870739012088488,0.6319572925567627,,,,JJA
5,22,GradientBoostingRegressor,0.504149260447113,0.521486698893018,1.884849123540313,56.08792638778687,,,,JJA
5,22,PoissonRegressor,0.3390135700424065,0.3621249836772874,2.176192860072681,0.2903966903686523,,,,JJA
5,22,SGDRegressor,0.307165978686763,0.331390944466946,2.2280026959278394,0.3746473789215088,,,,JJA
5,22,ElasticNetCV,0.2987436750480448,0.3232631269694418,2.2415039318875274,1.613133430480957,,,,JJA
5,22,LassoCV,0.2958384657461674,0.3204594984123853,2.2461422553900934,2.0227298736572266,,,,JJA
5,22,LassoLarsCV,0.2954614177734027,0.3200956339351718,2.246743530809919,0.4359474182128906,,,,JJA
5,22,BayesianRidge,0.29273223979035,0.3174618817557223,2.25109094090105,0.2570545673370361,,,,JJA
5,22,RidgeCV,0.2922382961726329,0.3169852088938695,2.2518768652697387,0.1712558269500732,,,,JJA
5,22,Ridge,0.2922382961721631,0.3169852088934161,2.251876865270486,0.0816128253936767,,,,JJA
5,22,LassoLarsIC,0.2922346537021507,0.3169816937824951,2.2518826598644544,0.2361238002777099,,,,JJA
5,22,LinearRegression,0.2921945202619262,0.3169429636094113,2.2519465048361345,0.1750917434692382,,,,JJA
5,22,TransformedTargetRegressor,0.2921945202619262,0.3169429636094113,2.2519465048361345,0.1671380996704101,,,,JJA
5,22,HuberRegressor,0.252888188947372,0.2790109795436176,2.313630018280086,2.1749815940856934,,,,JJA
5,22,LinearSVR,0.2368767272862663,0.2635593591993338,2.338290463663278,10.667677640914915,,,,JJA
5,22,GammaRegressor,0.233742133573255,0.2605343666650992,2.34308790566123,0.1049497127532959,,,,JJA
5,22,OrthogonalMatchingPursuit,0.1787072774193007,0.2074238061808635,2.425772658016676,0.1167140007019043,,,,JJA
5,22,OrthogonalMatchingPursuitCV,0.1787072774193007,0.2074238061808635,2.425772658016676,0.2936122417449951,,,,JJA
5,22,DecisionTreeRegressor,0.1330500079502956,0.1633629447352502,2.4922874627013827,2.315598487854004,,,,JJA
5,22,TweedieRegressor,0.0825551854974858,0.1146336755150562,2.563840977285794,0.1122248172760009,,,,JJA
5,22,ExtraTreeRegressor,0.0577234881265728,0.0906702193109583,2.598305975616364,0.6360540390014648,,,,JJA
5,22,AdaBoostRegressor,0.0356229666759009,0.0693424433655547,2.6286002136703472,18.83205318450928,,,,JJA
5,22,ElasticNet,-0.2925783463607201,-0.2473832992851705,3.043193358375576,0.1378917694091797,,,,JJA
5,22,PassiveAggressiveRegressor,-0.3166795831051643,-0.2706418354441446,3.0714338053443155,0.2316188812255859,,,,JJA
5,22,Lasso,-0.8059635500167823,-0.742817971344867,3.597125578469034,0.2087867259979248,,,,JJA
5,22,LassoLars,-0.8060720558779619,-0.7429226832948166,3.597233638054788,0.0842111110687255,,,,JJA
5,22,RANSACRegressor,-1.4455569649125333,-1.360047980125382,4.185911104080765,0.6891226768493652,,,,JJA
5,22,LarsCV,-2.394934553922217,-2.276230548540322,4.931928962844709,0.4696986675262451,,,,JJA
5,22,DummyRegressor,-5.085081913983458,-4.872316812095925,6.602893975433791,0.079941987991333,,,,JJA
5,22,QuantileRegressor,-11.130879342396334,-10.706722722032826,9.322818963195369,108.25126767158508,,,,JJA
5,22,Lars,-4.378885548026095e+16,-4.225777661731477e+16,560122355.3259691,0.0917055606842041,,,,JJA
5,22,CatBoostRegressor,0.4402697448968741,0.4585815307781105,2.007772502314626,24.606040000915527,0.4489,0.0593,0.4037,MAM
5,22,HistGradientBoostingRegressor,0.4210902604477431,0.4400295103785694,2.0418815213240458,5.678303003311157,0.4292,0.0684,0.3867,MAM
5,22,LGBMRegressor,0.416344743732852,0.4354392450283966,2.050233433207758,29.370906114578247,0.4254,0.064,0.3769,MAM
5,22,XGBRegressor,0.3925101088806659,0.4123843692226289,2.091677084637164,2.6223106384277344,0.4003,0.0535,0.3622,MAM
5,22,ExtraTreesRegressor,0.3842557538702387,0.4044000585418775,2.105839617548628,49.37533855438232,0.3922,0.0543,0.3546,MAM
5,22,GradientBoostingRegressor,0.3751156057135985,0.3955589337709507,2.1214116533537166,68.81614112854004,,,,MAM
5,22,RandomForestRegressor,0.360099643482475,0.3810342243936263,2.1467490868664303,139.3465929031372,,,,MAM
5,22,MLPRegressor,0.3220230809067246,0.3442033508879658,2.2096961821334125,57.158451080322266,,,,MAM
5,22,BaggingRegressor,0.3157226011485615,0.3381089936955006,2.2199398572995728,14.120900392532349,,,,MAM
5,22,KNeighborsRegressor,0.3125954757300676,0.3350841733615811,2.2250066015942744,0.7346909046173096,,,,MAM
5,22,PoissonRegressor,0.1669132214874326,0.1941679688760661,2.44945932341485,0.4769482612609863,,,,MAM
5,22,ElasticNetCV,0.1405672525836282,0.16868391825701,2.4878893424089337,1.1993582248687744,,,,MAM
5,22,SGDRegressor,0.1394967704995278,0.167648457397035,2.489438278134449,0.436206579208374,,,,MAM
5,22,LassoCV,0.1349020296189167,0.1632040351929978,2.49607572878719,2.59677529335022,,,,MAM
5,22,LassoLarsCV,0.131729505914981,0.1601353017956249,2.500648397360822,0.6017634868621826,,,,MAM
5,22,BayesianRidge,0.1296908970628379,0.1581633867990591,2.5035823074726005,0.2258083820343017,,,,MAM
5,22,LassoLarsIC,0.1295825394081667,0.1580585741058275,2.5037381566201837,0.2741889953613281,,,,MAM
5,22,RidgeCV,0.1290929108907245,0.1575849639695448,2.504442260861344,0.1751196384429931,,,,MAM
5,22,Ridge,0.1290929108808184,0.1575849639599628,2.5044422608755874,0.0856795310974121,,,,MAM
5,22,LinearRegression,0.1290354037700439,0.157529338215953,2.504524945276078,0.3503227233886719,,,,MAM
5,22,TransformedTargetRegressor,0.1290354037700439,0.157529338215953,2.504524945276078,0.1841518878936767,,,,MAM
5,22,HuberRegressor,0.0893551793649501,0.1191472672810368,2.560941286397682,2.178017854690552,,,,MAM
5,22,LinearSVR,0.0572407059694296,0.0880834309649771,2.6057066542017093,12.160461664199827,,,,MAM
5,22,GammaRegressor,0.0124614770691301,0.0447691713852981,2.6668717674751523,0.128293752670288,,,,MAM
5,22,OrthogonalMatchingPursuit,-0.1063680225610159,-0.0701727764576021,2.822766262858812,0.1708307266235351,,,,MAM
5,22,OrthogonalMatchingPursuitCV,-0.1063680225610159,-0.0701727764576021,2.822766262858812,0.4386248588562011,,,,MAM
5,22,TweedieRegressor,-0.1699935703547965,-0.1317167905176712,2.902798221523217,0.0972990989685058,,,,MAM
5,22,DecisionTreeRegressor,-0.3096963980898899,-0.2668491876834595,3.071216464563689,2.395003318786621,,,,MAM
5,22,ExtraTreeRegressor,-0.3805868196622901,-0.3354204024432403,3.1532396015007254,0.5776236057281494,,,,MAM
5,22,RANSACRegressor,-0.5878791577946625,-0.5359310937446737,3.381690324420766,0.5492801666259766,,,,MAM
5,22,ElasticNet,-0.7608076640254906,-0.7032021788338172,3.5610745918557147,0.1305954456329345,,,,MAM
5,22,AdaBoostRegressor,-1.000172319559049,-0.9347359296061906,3.795411045525471,19.33265447616577,,,,MAM
5,22,LarsCV,-1.3137414369687097,-1.2380465153666798,4.082089505588733,0.561577320098877,,,,MAM
5,22,LassoLars,-1.4199310958135918,-1.3407621395710536,4.1747128710606,0.1369740962982177,,,,MAM
5,22,Lasso,-1.4200331805247224,-1.3408608845424523,4.174800925192346,0.2479150295257568,,,,MAM
5,22,PassiveAggressiveRegressor,-4.8941061094827285,-4.701278210590164,6.515295019187716,0.3234915733337402,,,,MAM
5,22,DummyRegressor,-5.144381884330584,-4.943366119303412,6.652183348358503,0.0870289802551269,,,,MAM
5,22,QuantileRegressor,-11.03594769003474,-10.642187133108848,9.310333900639291,107.17441964149477,,,,MAM
5,22,Lars,-1.1463928624779593e+22,-1.1088881886782443e+22,287337194772.4336,0.1022834777832031,,,,MAM
5,22,CatBoostRegressor,0.491308549369702,0.5096287696805171,2.062685971592612,15.22691011428833,0.5131,0.0452,0.4641,SON
5,22,LGBMRegressor,0.4714338325676629,0.4904698289937974,2.102594752692208,47.71987175941467,0.4959,0.0608,0.435,SON
5,22,HistGradientBoostingRegressor,0.466133104861364,0.4853600038459488,2.113111391439846,2.557666540145874,0.4907,0.0604,0.4244,SON
5,22,ExtraTreesRegressor,0.4393082533500989,0.4595012334215239,2.1655488119879536,47.25163841247559,0.4667,0.0767,0.3931,SON
5,22,XGBRegressor,0.4343068745018803,0.454679976260516,2.1751857333824685,2.926840305328369,0.4563,0.0386,0.4124,SON
5,22,GradientBoostingRegressor,0.416308765682932,0.4373300586355275,2.2095176810528554,56.28157424926758,,,,SON
5,22,RandomForestRegressor,0.4098408829039857,0.4310951128114051,2.221725787829078,145.39036917686462,,,,SON
5,22,MLPRegressor,0.407623241517136,0.4289573384612968,2.225896164131952,38.72971320152283,,,,SON
5,22,KNeighborsRegressor,0.3685622369003094,0.3913030927142238,2.298111898133059,0.6016964912414551,,,,SON
5,22,BaggingRegressor,0.3496667796528023,0.3730881441310927,2.3322433595537078,13.461652040481567,,,,SON
5,22,SGDRegressor,0.2957232805384027,0.3210873880820376,2.427043509086642,0.5353958606719971,,,,SON
5,22,ElasticNetCV,0.277207139411939,0.3032380947752544,2.4587412232922885,1.538541316986084,,,,SON
5,22,LassoCV,0.2764147814702409,0.3024742731339777,2.4600885453305983,2.0815176963806152,,,,SON
5,22,BayesianRidge,0.2741735357789097,0.3003137445743871,2.4638955605802417,0.2143158912658691,,,,SON
5,22,LassoLarsCV,0.2739665336869932,0.3001141975398025,2.4642468809033597,0.421337366104126,,,,SON
5,22,Ridge,0.2737660942604595,0.2999209768201067,2.464587015462389,0.1395885944366455,,,,SON
5,22,RidgeCV,0.2737660942581977,0.2999209768179265,2.464587015466227,0.1910195350646972,,,,SON
5,22,LassoLarsIC,0.2737031780324949,0.2998603264827051,2.4646937711226653,0.2399868965148925,,,,SON
5,22,LinearRegression,0.2737031431099381,0.2998602928178635,2.464693830377645,0.1704840660095214,,,,SON
5,22,TransformedTargetRegressor,0.2737031431099381,0.2998602928178635,2.464693830377645,0.2110867500305175,,,,SON
5,22,HuberRegressor,0.2569567772699751,0.2837170373923049,2.4929463614826664,1.689724683761597,,,,SON
5,22,PoissonRegressor,0.2556956823736194,0.2825013600792513,2.4950609821627423,0.2148370742797851,,,,SON
5,22,LinearSVR,0.2511378900231042,0.278107713911828,2.5026886510167845,9.59965181350708,,,,SON
5,22,OrthogonalMatchingPursuit,0.1764704524319458,0.2061293797153091,2.6244934217781712,0.0835437774658203,,,,SON
5,22,OrthogonalMatchingPursuitCV,0.1764704524319458,0.2061293797153091,2.6244934217781712,0.2267725467681884,,,,SON
5,22,LarsCV,0.0431634958278983,0.0776233939373377,2.8289466897216475,0.4117293357849121,,,,SON
5,22,GammaRegressor,-0.0546219458576491,-0.0166403631737002,2.9699852865627347,0.0952532291412353,,,,SON
5,22,ExtraTreeRegressor,-0.0649503057389935,-0.0265967533114188,2.9844930156205662,0.5058286190032959,,,,SON
5,22,PassiveAggressiveRegressor,-0.1902174320009726,-0.1473524584595211,3.1551430106067038,0.2009084224700927,,,,SON
5,22,TweedieRegressor,-0.2160845443677723,-0.1722879821456437,3.189244241639709,0.1651971340179443,,,,SON
5,22,DecisionTreeRegressor,-0.2482574851068486,-0.2033022335423764,3.231156437812146,2.2276487350463867,,,,SON
5,22,AdaBoostRegressor,-0.4522201412078841,-0.3999192957862316,3.4851552060236983,19.915109872817997,,,,SON
5,22,RANSACRegressor,-0.791589828724462,-0.727066785673161,3.87101799043554,0.6602482795715332,,,,SON
5,22,ElasticNet,-0.9478065862987036,-0.8776574895532521,4.036256994383772,0.0981717109680175,,,,SON
5,22,LassoLars,-1.5391146613639082,-1.4476699556725312,4.608366938087874,0.088231086730957,,,,SON
5,22,Lasso,-1.539122937720014,-1.44767793396059,4.608374448669287,0.0871088504791259,,,,SON
5,22,DummyRegressor,-3.973260470576923,-3.7941514500279343,6.44950670259304,0.0592179298400878,,,,SON
5,22,QuantileRegressor,-7.545573172116372,-7.237809432424306,8.45427740965704,107.90744948387146,,,,SON
5,22,Lars,-1.1521159337140013e+20,-1.1106231629920084e+20,31042306815.405045,0.0940990447998046,,,,SON
6,16,CatBoostRegressor,0.4801928960251773,0.4872284083731334,2.383888882650948,12.004520416259766,0.4599,0.1382,0.1801,
6,16,MLPRegressor,0.4579994066008542,0.465335304548959,2.434247788045009,107.8947262763977,0.4324,0.1333,0.1558,
6,16,LGBMRegressor,0.4569819451849073,0.4643316143229414,2.436531541937849,3.2906205654144287,0.4317,0.1304,0.1709,
6,16,HistGradientBoostingRegressor,0.4566268310937753,0.4639813066485628,2.437328113306532,8.220890522003174,0.434,0.1393,0.1545,
6,16,ExtraTreesRegressor,0.4519647424462713,0.4593823186820537,2.447761799525566,216.15890526771545,0.4329,0.1586,0.1377,
6,16,XGBRegressor,0.4412846225353994,0.4488467526161294,2.4714977266283795,4.5440354347229,,,,
6,16,RandomForestRegressor,0.4329242779563457,0.4405995640656664,2.489920209920916,720.4505670070648,,,,
6,16,GradientBoostingRegressor,0.4225563046430458,0.4303719197392374,2.5125789964724987,236.10962963104248,,,,
6,16,KNeighborsRegressor,0.3849798898568034,0.3933040961750059,2.593042061004296,4.2105793952941895,,,,
6,16,BaggingRegressor,0.3685364342863925,0.3770832003461299,2.627477779164683,71.68285417556763,,,,
6,16,PoissonRegressor,0.3668183093298822,0.3753883299570437,2.631049852709501,0.6314268112182617,,,,
6,16,ElasticNetCV,0.3547356632810142,0.3634692207371701,2.656034637259279,5.156970739364624,,,,
6,16,LassoCV,0.3540247662850726,0.3627679456270296,2.6574973302739187,6.874495267868042,,,,
6,16,BayesianRidge,0.3522374468253072,0.3610048172720659,2.661171244909727,0.8631711006164551,,,,
6,16,LassoLarsIC,0.352056485196032,0.360826304931705,2.6615429368617063,0.763019323348999,,,,
6,16,Ridge,0.3520148751949283,0.3607852581158181,2.6616283957204394,0.2991926670074463,,,,
6,16,RidgeCV,0.352014875192713,0.3607852581136327,2.661628395724989,0.6008381843566895,,,,
6,16,LassoLarsCV,0.3520043023911084,0.3607748284133356,2.6616501097683423,1.5368237495422363,,,,
6,16,LinearRegression,0.3520040061060128,0.360774536138415,2.661650718265567,0.5839436054229736,,,,
6,16,TransformedTargetRegressor,0.3520040061060128,0.360774536138415,2.661650718265567,0.5846548080444336,,,,
6,16,HuberRegressor,0.3500869499518273,0.3588834270560209,2.66558497528798,6.560123443603516,,,,
6,16,SGDRegressor,0.3468361910237485,0.3556766666697162,2.672243070339316,1.3058931827545166,,,,
6,16,LinearSVR,0.3386939180260916,0.3476445981340172,2.6888474374355,25.565803050994877,,,,
6,16,GammaRegressor,0.3323637764340215,0.3414001340730827,2.7016858550293086,0.3515589237213135,,,,
6,16,TweedieRegressor,0.3124675538880628,0.3217732039595078,2.741646782699458,0.3090085983276367,,,,
6,16,ElasticNet,0.2476775350736046,0.2578601084766238,2.8679192446033364,0.3678154945373535,,,,
6,16,OrthogonalMatchingPursuitCV,0.2320057429729695,0.2424004317664776,2.897636404395704,0.9983525276184082,,,,
6,16,OrthogonalMatchingPursuit,0.2320057429729695,0.2424004317664776,2.897636404395704,0.3039491176605224,,,,
6,16,Lasso,0.1382981427031526,0.1499611500205022,3.0693288217971526,0.3532543182373047,,,,
6,16,LassoLars,0.1382870889271603,0.1499502458557347,3.069348508167881,0.2904391288757324,,,,
6,16,LarsCV,0.0011071361269515,0.0146270034475882,3.304641544334775,1.5643935203552246,,,,
6,16,QuantileRegressor,-0.0785498871923338,-0.0639518738308315,3.4338792695826483,815.3804078102112,,,,
6,16,ExtraTreeRegressor,-0.113330499800984,-0.0982617359868494,3.488807091408824,2.289452075958252,,,,
6,16,DecisionTreeRegressor,-0.1444045896051673,-0.1289152425768998,3.537159945575349,11.924628734588625,,,,
6,16,DummyRegressor,-0.4260246334145705,-0.4067236007042449,3.948466128962562,0.2309935092926025,,,,
6,16,AdaBoostRegressor,-0.6306724840194762,-0.6086015728890526,4.222292098344458,71.00512957572937,,,,
6,16,PassiveAggressiveRegressor,-1.1060581946447487,-1.0775530081618512,4.798440199225858,0.945671796798706,,,,
6,16,RANSACRegressor,-1.256261294231693,-1.2257231309892158,4.966604751037199,1.4765355587005615,,,,
6,16,Lars,-5.5051866373794366e+29,-5.430674749663948e+29,2453301512348073.0,0.2915239334106445,,,,
6,16,LGBMRegressor,0.2379837979140167,0.2765343646300023,2.9591493833419005,2.7823474407196045,0.2546,0.1184,0.1711,DJF
6,16,CatBoostRegressor,0.2358149536218692,0.2744752426460579,2.963357544566932,10.369379043579102,0.2534,0.1036,0.1544,DJF
6,16,HistGradientBoostingRegressor,0.2327541506806617,0.2715692863966485,2.969286206326065,14.05982494354248,0.2488,0.1009,0.1742,DJF
6,16,PoissonRegressor,0.1955737268401508,0.2362698283490808,3.040380302534374,0.1815443038940429,0.2071,0.0408,0.1644,DJF
6,16,ExtraTreesRegressor,0.1899649684696237,0.2309448182940947,3.0509612206842944,51.89632987976074,0.207,0.0795,0.1255,DJF
6,16,RandomForestRegressor,0.1883096256725152,0.2293732196519832,3.054077017498434,166.1195433139801,,,,DJF
6,16,GradientBoostingRegressor,0.1878235778602889,0.228911761105131,3.054991285638052,85.12052869796753,,,,DJF
6,16,ElasticNetCV,0.1736171606449656,0.2154240496511226,3.081594086186749,1.611039400100708,,,,DJF
6,16,XGBRegressor,0.1725944795853899,0.2144531062505473,3.0835002931744144,2.059356212615967,,,,DJF
6,16,LassoCV,0.1725683236925506,0.2144282735900606,3.083549030500834,3.866221189498901,,,,DJF
6,16,LassoLarsCV,0.1717512803020437,0.2136525646037954,3.08507107261802,0.523618221282959,,,,DJF
6,16,BayesianRidge,0.1713761654942451,0.2132964269363576,3.085769609672147,0.3315513134002685,,,,DJF
6,16,RidgeCV,0.1713571925153189,0.2132784138045945,3.0858049368641782,0.1729881763458252,,,,DJF
6,16,LassoLarsIC,0.1713293398278323,0.213251970190674,3.085856797109363,0.4731926918029785,,,,DJF
6,16,Ridge,0.1713265811236612,0.2132493510499516,3.0858619336245923,0.083406925201416,,,,DJF
6,16,LinearRegression,0.1713233316920879,0.2132462660078339,3.0858679838291363,0.3085730075836181,,,,DJF
6,16,TransformedTargetRegressor,0.1713233316920879,0.2132462660078339,3.0858679838291363,0.1869616508483886,,,,DJF
6,16,SGDRegressor,0.1652402186088172,0.2074708989490119,3.097173575564195,0.4030683040618896,,,,DJF
6,16,MLPRegressor,0.1610238164441917,0.2034678054942326,3.104985691631654,46.12155342102051,,,,DJF
6,16,KNeighborsRegressor,0.1475431398591521,0.1906691192929218,3.1298317511863107,0.8434369564056396,,,,DJF
6,16,OrthogonalMatchingPursuit,0.1344342370466155,0.1782233987474613,3.153804887470717,0.0853757858276367,,,,DJF
6,16,OrthogonalMatchingPursuitCV,0.1344342370466155,0.1782233987474613,3.153804887470717,0.239267349243164,,,,DJF
6,16,HuberRegressor,0.1235383006478385,0.1678786901597523,3.173593209708722,3.211448907852173,,,,DJF
6,16,BaggingRegressor,0.1043952488533686,0.1497040895521864,3.2080636870315637,17.703874111175537,,,,DJF
6,16,LinearSVR,0.1019428247907536,0.14737573416053,3.212452986015665,15.541690111160278,,,,DJF
6,16,LarsCV,0.0864624904430851,0.1326785533211754,3.2400221483593934,1.2531511783599854,,,,DJF
6,16,GammaRegressor,0.0831013801591089,0.1294874823433024,3.2459770616920376,0.1223022937774658,,,,DJF
6,16,TweedieRegressor,0.0371458099052209,0.0858568144631356,3.3263278295194647,0.1036868095397949,,,,DJF
6,16,ElasticNet,-0.1984875028433623,-0.1378557573369527,3.711090470421863,0.1432089805603027,,,,DJF
6,16,ExtraTreeRegressor,-0.4424393509823972,-0.3694660279984647,4.071304337200193,0.7006587982177734,,,,DJF
6,16,Lasso,-0.4712690676236801,-0.3968372429546911,4.1117891777887685,0.2942612171173095,,,,DJF
6,16,LassoLars,-0.4712721442646514,-0.3968401639477212,4.111793476965824,0.148836612701416,,,,DJF
6,16,DecisionTreeRegressor,-0.5417319074355544,-0.4637353522533172,4.209099742257195,2.861408472061157,,,,DJF
6,16,PassiveAggressiveRegressor,-0.5622805498014869,-0.4832444342971957,4.237056935873763,0.2467668056488037,,,,DJF
6,16,AdaBoostRegressor,-0.6147435366230443,-0.5330533071142898,4.307611863786986,21.919340133666992,,,,DJF
6,16,RANSACRegressor,-1.1057726351207928,-0.9992411358735352,4.919155211056531,0.573209285736084,,,,DJF
6,16,DummyRegressor,-1.8082611545661915,-1.6661906071176484,5.6807219573108485,0.0909817218780517,,,,DJF
6,16,QuantileRegressor,-3.743721336762217,-3.503735434396506,7.383195555017543,142.63467049598694,,,,DJF
6,16,Lars,-5.306017024730682e+34,-5.037584460241777e+34,7.80852682392424e+17,0.1377806663513183,,,,DJF
6,16,CatBoostRegressor,0.6188866132766362,0.6406231182228357,1.6476517057311078,15.549842357635498,0.6072,0.0415,0.5655,JJA
6,16,ExtraTreesRegressor,0.603984097784825,0.6265705560860707,1.6795565200721967,61.66599082946777,0.5923,0.0619,0.5302,JJA
6,16,LGBMRegressor,0.5902787725075727,0.6136469033531484,1.7083723863339626,98.45139670372008,0.5776,0.0517,0.5235,JJA
6,16,RandomForestRegressor,0.5864392393305071,0.6100263549580447,1.7163583735562724,172.764568567276,0.5752,0.0635,0.5213,JJA
6,16,HistGradientBoostingRegressor,0.5798804870038429,0.6038416759579963,1.7299148911237152,2.6868603229522705,0.5671,0.0534,0.5127,JJA
6,16,XGBRegressor,0.579751179076512,0.6037197430075094,1.7301810945400395,2.4931702613830566,,,,JJA
6,16,MLPRegressor,0.5471422819938867,0.5729706689524103,1.7960532031416363,48.23514723777771,,,,JJA
6,16,BaggingRegressor,0.5419842660770691,0.5681068364529016,1.8062526990749328,17.283252716064453,,,,JJA
6,16,GradientBoostingRegressor,0.5065741333065343,0.5347162930038802,1.874775488343484,65.15679264068604,,,,JJA
6,16,KNeighborsRegressor,0.4581348221627254,0.489039680214281,1.9646442962214543,0.4804050922393799,,,,JJA
6,16,LassoCV,0.2361233559621192,0.2796904649376638,2.332651856816645,2.973252773284912,,,,JJA
6,16,ElasticNetCV,0.2353044133947671,0.2789182301213013,2.333901925257182,2.1326141357421875,,,,JJA
6,16,LassoLarsIC,0.2312100256599116,0.2750573625994604,2.340141756174306,0.274639368057251,,,,JJA
6,16,BayesianRidge,0.2312010716132119,0.2750489192398349,2.3401553838738445,0.3003792762756347,,,,JJA
6,16,RidgeCV,0.2310657978422907,0.2749213607029966,2.3403612554663566,0.2064316272735595,,,,JJA
6,16,Ridge,0.2310657978161698,0.2749213606783656,2.340361255506108,0.1305336952209472,,,,JJA
6,16,LassoLarsCV,0.2310369836255225,0.274894189882622,2.3404051051511545,0.4420042037963867,,,,JJA
6,16,TransformedTargetRegressor,0.2310366958380203,0.2748939185088557,2.340405543104126,0.4910454750061035,,,,JJA
6,16,LinearRegression,0.2310366958380203,0.2748939185088557,2.340405543104126,0.2016146183013916,,,,JJA
6,16,PoissonRegressor,0.228579055647797,0.2725764479112307,2.3441425785465984,0.3372893333435058,,,,JJA
6,16,SGDRegressor,0.2013096277272487,0.2468623105564931,2.385215017686601,1.5218384265899658,,,,JJA
6,16,GammaRegressor,0.163658937607545,0.2113589982002706,2.4407877810179217,0.1306750774383545,,,,JJA
6,16,DecisionTreeRegressor,0.1555743618807703,0.2037355199484071,2.4525564699648754,2.7927238941192627,,,,JJA
6,16,HuberRegressor,0.1273427509629533,0.1771140769536594,2.49321746659444,1.7712795734405518,,,,JJA
6,16,ExtraTreeRegressor,0.1087257459193223,0.1595588782813383,2.5196718910894806,0.6596555709838867,,,,JJA
6,16,LinearSVR,0.0746201607862581,0.1273984786121369,2.5674283187797298,9.802100896835327,,,,JJA
6,16,TweedieRegressor,0.0076691441963605,0.0642659610672906,2.658682997541308,0.2834632396697998,,,,JJA
6,16,OrthogonalMatchingPursuit,-0.0212892827813437,0.0369591554001016,2.6971971845994487,0.1111493110656738,,,,JJA
6,16,OrthogonalMatchingPursuitCV,-0.0233565436621143,0.0350097991323028,2.69992559445335,0.2756717205047607,,,,JJA
6,16,ElasticNet,-0.2974515237940804,-0.223452387456015,3.040072078571328,0.1437916755676269,,,,JJA
6,16,LarsCV,-0.4940710152105381,-0.4088578394380739,3.262300259806582,0.4198129177093506,,,,JJA
6,16,AdaBoostRegressor,-0.6789697470689082,-0.5832110162474875,3.458276756980989,22.48484182357788,,,,JJA
6,16,Lasso,-0.7013378479582946,-0.6043033699378595,3.481237011182851,0.3117725849151611,,,,JJA
6,16,LassoLars,-0.701341763886614,-0.6043070625242595,3.481241017520208,0.1117100715637207,,,,JJA
6,16,PassiveAggressiveRegressor,-1.4470586582093334,-1.3074925750415003,4.175038650891119,0.3533596992492676,,,,JJA
6,16,RANSACRegressor,-3.0924781353503485,-2.8590668348550814,5.399225848745026,0.7295515537261963,,,,JJA
6,16,DummyRegressor,-3.3309389540767453,-3.083927226657919,5.5543001060513975,0.0813846588134765,,,,JJA
6,16,QuantileRegressor,-7.368705163527135,-6.8914025876605685,7.720891406625416,150.08448314666748,,,,JJA
6,16,Lars,-4.8974578235686266e+17,-4.61813513401148e+17,1867771149.114026,0.1077895164489746,,,,JJA
6,16,CatBoostRegressor,0.4117965982746666,0.446464775193645,2.27609632011407,12.519479990005491,0.4404,0.079,0.3868,MAM
6,16,LGBMRegressor,0.3922042399792396,0.4280271727898934,2.3136928463093653,5.103784322738648,0.422,0.0644,0.3742,MAM
6,16,HistGradientBoostingRegressor,0.3775686371325598,0.4142541791483225,2.341383775151655,2.8071792125701904,0.4084,0.0584,0.3698,MAM
6,16,ExtraTreesRegressor,0.3668853448422545,0.4042005504507661,2.3613918174379296,55.08575630187988,0.3963,0.0951,0.3066,MAM
6,16,XGBRegressor,0.3519203033885704,0.390117535015963,2.389137134773558,2.133021354675293,0.3833,0.0937,0.3208,MAM
6,16,GradientBoostingRegressor,0.3335291077728395,0.3728102998490965,2.4227994367129075,64.77720403671265,,,,MAM
6,16,RandomForestRegressor,0.3246822132277744,0.3644848332732887,2.438826834716856,169.1586709022522,,,,MAM
6,16,KNeighborsRegressor,0.2902093858866511,0.3320438032214261,2.500299285745683,0.557459831237793,,,,MAM
6,16,BaggingRegressor,0.2600996018025666,0.3037086626000578,2.552780661742723,17.222493171691895,,,,MAM
6,16,MLPRegressor,0.2439136088639421,0.2884766574574229,2.5805518009608384,44.20209264755249,,,,MAM
6,16,SGDRegressor,0.1933524696449614,0.2408955460902485,2.665439166137726,0.7518494129180908,,,,MAM
6,16,LassoCV,0.176208578356412,0.2247621002607491,2.6936148851941644,2.6990294456481934,,,,MAM
6,16,ElasticNetCV,0.1761300422156897,0.2246881929691854,2.6937432799980074,2.0641753673553467,,,,MAM
6,16,LassoLarsCV,0.1760647062363833,0.224626707833453,2.693850089855766,0.4986863136291504,,,,MAM
6,16,LassoLarsIC,0.1760613842203853,0.2246235816140757,2.693855520503137,0.3326230049133301,,,,MAM
6,16,LinearRegression,0.1759910099146084,0.2245573551062818,2.693970561939837,0.253993272781372,,,,MAM
6,16,TransformedTargetRegressor,0.1759910099146084,0.2245573551062818,2.693970561939837,0.2735874652862549,,,,MAM
6,16,Ridge,0.1759704145117736,0.2245379735778773,2.694004228479238,0.1732115745544433,,,,MAM
6,16,RidgeCV,0.1757810282135233,0.2243597495368913,2.694313791500684,0.3181471824645996,,,,MAM
6,16,BayesianRidge,0.1757619431164377,0.2243417892981801,2.694344985239474,0.3409512042999267,,,,MAM
6,16,PoissonRegressor,0.1730167910881396,0.2217584340495458,2.698828057997572,0.2814297676086426,,,,MAM
6,16,HuberRegressor,0.1243782454884919,0.175986600371292,2.777059227273912,1.8117942810058596,,,,MAM
6,16,LinearSVR,0.1100736032209519,0.1625250607914262,2.7996511219531146,10.183300733566284,,,,MAM
6,16,GammaRegressor,0.0256367226604458,0.083064813662777,2.929458328091038,0.1862306594848632,,,,MAM
6,16,OrthogonalMatchingPursuit,-0.005829722659659,0.0534529721925801,2.976384973168636,0.1624853610992431,,,,MAM
6,16,OrthogonalMatchingPursuitCV,-0.005829722659659,0.0534529721925801,2.976384973168636,0.3095872402191162,,,,MAM
6,16,TweedieRegressor,-0.1119912011488435,-0.0464514446960631,3.1295186652560023,0.1989755630493164,,,,MAM
6,16,DecisionTreeRegressor,-0.3188543757823536,-0.241122290765712,3.40820173374463,2.861513376235962,,,,MAM
6,16,LarsCV,-0.4217197857618395,-0.337924906443853,3.538619565501211,0.4977965354919433,,,,MAM
6,16,ElasticNet,-0.4531156726517098,-0.3674703481339274,3.5774779380027844,0.2055082321166992,,,,MAM
6,16,ExtraTreeRegressor,-0.4657414618765474,-0.3793519847521931,3.592986266949957,0.7960801124572754,,,,MAM
6,16,AdaBoostRegressor,-0.7040909366422141,-0.6036533568794118,3.874121652759911,21.366775274276733,,,,MAM
6,16,LassoLars,-0.7500457733347474,-0.6468996570281809,3.92601156646706,0.1666457653045654,,,,MAM
6,16,Lasso,-0.7500470142130315,-0.6469008247702204,3.9260129583454058,0.1875512599945068,,,,MAM
6,16,PassiveAggressiveRegressor,-1.651435592217787,-1.4951623746018077,4.832450472397903,0.4013779163360595,,,,MAM
6,16,RANSACRegressor,-1.8659625494995933,-1.697045306896474,5.024144552549929,0.6789274215698242,,,,MAM
6,16,DummyRegressor,-3.55100604960907,-3.2827738659385943,6.331120465378953,0.1448180675506591,,,,MAM
6,16,QuantileRegressor,-7.430262053343721,-6.9333900266240525,8.616827683163942,147.18810319900513,,,,MAM
6,16,Lars,-3.041632870936056e+18,-2.8623617783465047e+18,5175833142.868758,0.1708385944366455,,,,MAM
6,16,ExtraTreesRegressor,0.456143261717002,0.4839383250023341,2.5000699851051302,54.37865662574768,0.4855,0.1357,0.4013,SON
6,16,CatBoostRegressor,0.4551098205805771,0.4829577002783329,2.5024441847511176,12.541788101196287,0.4834,0.0925,0.4297,SON
6,16,LGBMRegressor,0.4427436680356148,0.4712235487152256,2.530681062937879,41.47588038444519,0.4715,0.1036,0.4082,SON
6,16,RandomForestRegressor,0.4372260777516217,0.4659879477132083,2.5431787832168338,163.7589066028595,0.4633,0.1269,0.3633,SON
6,16,XGBRegressor,0.4332800493237299,0.4622435902441525,2.552079271729982,2.2500252723693848,0.4665,0.0909,0.3892,SON
6,16,HistGradientBoostingRegressor,0.4263185700063487,0.4556378935153939,2.5677060555573243,2.8710291385650635,,,,SON
6,16,GradientBoostingRegressor,0.3966948187163116,0.4275281329216108,2.6331672011228107,64.68517565727234,,,,SON
6,16,MLPRegressor,0.3854722964138688,0.4168791637181004,2.6575450932094293,46.985209941864014,,,,SON
6,16,BaggingRegressor,0.3821042619087195,0.4136832604483079,2.664817729585814,16.57633900642395,,,,SON
6,16,PoissonRegressor,0.3228976678865131,0.3575025570916317,2.7895687170628696,0.2515885829925537,,,,SON
6,16,KNeighborsRegressor,0.3224518854810217,0.3570795574325879,2.7904868471479096,0.5756509304046631,,,,SON
6,16,ElasticNetCV,0.3120184828717847,0.3471793781253561,2.8118897895542707,1.8281002044677732,,,,SON
6,16,LassoCV,0.3098451086091911,0.3451170792083806,2.816327750366958,2.1724050045013428,,,,SON
6,16,BayesianRidge,0.3060596699423635,0.3415251041872171,2.8240408429940125,0.2724843025207519,,,,SON
6,16,Ridge,0.3052035549670213,0.3407127429584853,2.8257823172466656,0.0920629501342773,,,,SON
6,16,RidgeCV,0.3052035549639985,0.340712742955617,2.8257823172528127,0.1832334995269775,,,,SON
6,16,LassoLarsCV,0.3051226941049434,0.3406360146787963,2.825946745654534,0.4235544204711914,,,,SON
6,16,LassoLarsIC,0.3051226941049434,0.3406360146787963,2.825946745654534,0.2592313289642334,,,,SON
6,16,LinearRegression,0.3051224570625082,0.340635789750966,2.8259472276599444,0.1958301067352295,,,,SON
6,16,TransformedTargetRegressor,0.3051224570625082,0.340635789750966,2.8259472276599444,0.1967368125915527,,,,SON
6,16,SGDRegressor,0.2724301968478116,0.3096143435165777,2.8916600983732144,0.4517812728881836,,,,SON
6,16,HuberRegressor,0.2508213899259589,0.289109904921225,2.934287029633652,2.014412879943848,,,,SON
6,16,GammaRegressor,0.2490985346274036,0.2874751001490013,2.937659021859047,0.1150598526000976,,,,SON
6,16,LarsCV,0.2147804657774744,0.2549109360103122,3.0040382410587303,0.4482500553131103,,,,SON
6,16,TweedieRegressor,0.1998515547817817,0.2407450017264947,3.0324607762683398,0.1164782047271728,,,,SON
6,16,OrthogonalMatchingPursuitCV,0.1991315006279362,0.2400617476145834,3.0338249262400643,0.2539336681365967,,,,SON
6,16,OrthogonalMatchingPursuit,0.1991315006279362,0.2400617476145834,3.0338249262400643,0.0832655429840087,,,,SON
6,16,LinearSVR,0.175173295202399,0.2173279819893292,3.078869390380612,12.355170488357544,,,,SON
6,16,ElasticNet,-0.0142659554319797,0.037570464777491,3.414175436481312,0.1177165508270263,,,,SON
6,16,DecisionTreeRegressor,-0.0581358181268636,-0.0040573265701244,3.48723020004202,2.737149715423584,,,,SON
6,16,ExtraTreeRegressor,-0.2667389834440907,-0.2019993420414967,3.815517741608693,0.6878960132598877,,,,SON
6,16,Lasso,-0.2694771844109476,-0.2045976008805754,3.819639354131107,0.1167731285095214,,,,SON
6,16,LassoLars,-0.2695037558620501,-0.2046228143358806,3.8196793283939336,0.0868279933929443,,,,SON
6,16,PassiveAggressiveRegressor,-0.294304466883444,-0.2281560273493668,3.8568090211427344,0.4139232635498047,,,,SON
6,16,AdaBoostRegressor,-0.4174477194604604,-0.3450057576481711,4.036114089936415,23.31594395637512,,,,SON
6,16,RANSACRegressor,-0.6993938565227809,-0.6125423817430817,4.419335076306289,0.6555485725402832,,,,SON
6,16,DummyRegressor,-1.5058704366466382,-1.3778021008725343,5.366476297836965,0.0760259628295898,,,,SON
6,16,QuantileRegressor,-3.1756438138678984,-2.962237826787767,6.927421804277643,147.62496614456177,,,,SON
6,16,Lars,-5.638306254136435e+21,-5.350147501795561e+21,254556528749.67007,0.0969178676605224,,,,SON
7,9,LGBMRegressor,0.3166206661065169,0.3296003305679316,2.332333566866456,0.9484362602233888,0.2708,0.1778,-0.05,
7,9,HistGradientBoostingRegressor,0.3148457284393017,0.3278591049171877,2.3353604817470712,3.2799980640411377,0.268,0.1835,-0.0688,
7,9,GradientBoostingRegressor,0.3119351694534558,0.3250038272036275,2.3403155709287846,119.56117081642152,0.2714,0.1771,-0.0147,
7,9,CatBoostRegressor,0.3096179656112038,0.3227306348303642,2.3442530125036734,6.811722993850708,0.2679,0.193,-0.0629,
7,9,ExtraTreesRegressor,0.2957154236624155,0.3090921487590458,2.3677390176207744,98.09635090827942,0.2534,0.1973,-0.0544,
7,9,MLPRegressor,0.2871985114673751,0.3007370012780612,2.3820125268927885,42.39104986190796,,,,
7,9,XGBRegressor,0.2846252155052954,0.2982125808328302,2.386308323910958,2.768267869949341,,,,
7,9,RandomForestRegressor,0.2825824237788975,0.2962085885694218,2.3897130118809056,339.53748202323914,,,,
7,9,PoissonRegressor,0.2494272063110174,0.263683099828377,2.444309249960301,0.2677841186523437,,,,
7,9,KNeighborsRegressor,0.224285707624377,0.2390191224843129,2.4849098566692485,1.671750545501709,,,,
7,9,GammaRegressor,0.2225067310145334,0.237273934604001,2.487757596472016,0.169431447982788,,,,
7,9,BaggingRegressor,0.2224617178072087,0.2372297763483822,2.487829610167935,34.180317640304565,,,,
7,9,HuberRegressor,0.2093388988957178,0.2243562037599967,2.5087358073505426,3.040005683898926,,,,
7,9,BayesianRidge,0.2047592262034252,0.2198635144046897,2.5159908752436437,0.4174864292144775,,,,
7,9,RidgeCV,0.2046318882394469,0.2197385950155257,2.5161923037554623,0.3199820518493652,,,,
7,9,Ridge,0.2046318882393003,0.2197385950153819,2.516192303755694,0.1480629444122314,,,,
7,9,LassoLarsIC,0.2046222478470353,0.2197291377264838,2.516207552674378,0.3992300033569336,,,,
7,9,LassoLarsCV,0.2046222419048886,0.2197291318971984,2.5162075620734807,0.8099462985992432,,,,
7,9,TransformedTargetRegressor,0.2046222410139455,0.2197291310231773,2.5162075634827463,0.2897286415100097,,,,
7,9,LinearRegression,0.2046222410139455,0.2197291310231773,2.5162075634827463,0.2883634567260742,,,,
7,9,LassoCV,0.2036938270662251,0.218818350768671,2.5176756714752706,3.232712507247925,,,,
7,9,ElasticNetCV,0.2032040275538144,0.2183378541909689,2.5184498502969013,2.277890920639038,,,,
7,9,LinearSVR,0.2015154555943028,0.2166813538736133,2.5211169905111444,12.341511011123655,,,,
7,9,SGDRegressor,0.1983295162557005,0.2135559262033605,2.5261415897894626,0.7619369029998779,,,,
7,9,LarsCV,0.1875314040603509,0.2029629063574003,2.5430976337252784,0.8814325332641602,,,,
7,9,TweedieRegressor,0.1748340131837411,0.1905066814993395,2.562892564920176,0.162100076675415,,,,
7,9,OrthogonalMatchingPursuit,0.0788751903508904,0.0963704383974072,2.70781495201981,0.1402938365936279,,,,
7,9,OrthogonalMatchingPursuitCV,0.0788751903508904,0.0963704383974072,2.70781495201981,0.4813737869262695,,,,
7,9,ElasticNet,0.0768228804119237,0.0943571087041948,2.7108298439517875,0.1969578266143798,,,,
7,9,QuantileRegressor,-0.0900735835587989,-0.0693694319242537,2.945694132806499,243.64697766304016,,,,
7,9,Lasso,-0.0941857508918941,-0.0734034954143654,2.9512450355124025,0.1526823043823242,,,,
7,9,LassoLars,-0.0941864183365439,-0.0734041501820037,2.951245935630324,0.1238512992858886,,,,
7,9,DecisionTreeRegressor,-0.4300845316462558,-0.4029224322797553,3.373965183292462,5.656282901763916,,,,
7,9,PassiveAggressiveRegressor,-0.4390590840265369,-0.4117265278247033,3.3845353522272075,0.4290733337402344,,,,
7,9,ExtraTreeRegressor,-0.4781792866817738,-0.4501037066878179,3.4302304535369417,1.1030335426330566,,,,
7,9,DummyRegressor,-0.5500956135522577,-0.5206541014240096,3.512683217148245,0.1366000175476074,,,,
7,9,AdaBoostRegressor,-0.9076067898585845,-0.8713749419980226,3.896764605772812,38.28883957862854,,,,
7,9,RANSACRegressor,-0.93728381041223,-0.9004882964442864,3.926958997315741,0.8860406875610352,,,,
7,9,Lars,-1676632195285194.0,-1644787329277877.8,115525709.06970824,0.1605889797210693,,,,
7,9,GradientBoostingRegressor,-0.0317455957325305,0.0530554121358967,2.916088847378735,33.766237020492554,0.0474,0.0567,-0.0176,DJF
7,9,HistGradientBoostingRegressor,-0.0339584506753445,0.051024435681533,2.9192143394420107,2.4260799884796143,0.042,0.0923,-0.0365,DJF
7,9,LGBMRegressor,-0.0383188925899391,0.0470223862530696,2.925363364302142,0.7591440677642822,0.0398,0.098,-0.062,DJF
7,9,CatBoostRegressor,-0.0757260153297958,0.0126898215466257,2.977592596525489,5.137423038482666,0.0048,0.0988,-0.0947,DJF
7,9,ExtraTreesRegressor,-0.0812952516922091,0.0075783306386574,2.9852904251936083,28.352086544036865,0.0007,0.0707,-0.0757,DJF
7,9,PoissonRegressor,-0.0917248451061838,-0.0019940359193741,2.999653128845155,0.1042242050170898,,,,DJF
7,9,RandomForestRegressor,-0.0922915255691343,-0.0025141399059178,3.0004315412374485,78.59763622283936,,,,DJF
7,9,KNeighborsRegressor,-0.1321942987652371,-0.0391372331132997,3.054744713676651,0.201444387435913,,,,DJF
7,9,BayesianRidge,-0.1424570271330572,-0.0485564495604771,3.0685582846794377,0.1367201805114746,,,,DJF
7,9,RidgeCV,-0.1427420565582375,-0.0488180519096153,3.0689410451849284,0.108860969543457,,,,DJF
7,9,Ridge,-0.1427420565595047,-0.0488180519107783,3.06894104518663,0.0563390254974365,,,,DJF
7,9,LinearRegression,-0.1427789910818837,-0.048851950718989,3.068990640349065,0.1096985340118408,,,,DJF
7,9,TransformedTargetRegressor,-0.1427789910818837,-0.048851950718989,3.068990640349065,0.1058168411254882,,,,DJF
7,9,LassoLarsCV,-0.1427790028140911,-0.0488519614869056,3.068990656102783,0.2547976970672607,,,,DJF
7,9,LassoLarsIC,-0.1430249506291121,-0.0490776944130206,3.069320890967198,0.1480827331542968,,,,DJF
7,9,SGDRegressor,-0.1442003450454891,-0.0501564810691474,3.0708986061582624,0.2126455307006836,,,,DJF
7,9,ElasticNetCV,-0.1478850439503198,-0.0535383280091976,3.0758392800745344,0.7729904651641846,,,,DJF
7,9,LassoCV,-0.1495553475728546,-0.055071346402483,3.078076315017304,0.9859740734100342,,,,DJF
7,9,HuberRegressor,-0.1847447596570539,-0.0873684780414056,3.124833186669972,1.0322728157043457,,,,DJF
7,9,BaggingRegressor,-0.1943789299030704,-0.0962107986781606,3.1375128037519224,7.7626752853393555,,,,DJF
7,9,XGBRegressor,-0.2112138794311857,-0.1116620537245129,3.159547286562058,1.4095890522003174,,,,DJF
7,9,LinearSVR,-0.212263237916163,-0.1126251635668893,3.160915657586241,5.817214727401733,,,,DJF
7,9,LarsCV,-0.2344089546019709,-0.1329506843607131,3.1896569131598573,0.2672383785247803,,,,DJF
7,9,OrthogonalMatchingPursuit,-0.2635010247249618,-0.1596516254324991,3.2270243268808048,0.0541274547576904,,,,DJF
7,9,OrthogonalMatchingPursuitCV,-0.2728794365038518,-0.1682592088460008,3.238978575460492,0.142341136932373,,,,DJF
7,9,MLPRegressor,-0.2748319881486019,-0.1700512767939221,3.2414618622980504,23.9333918094635,,,,DJF
7,9,GammaRegressor,-0.3639512245539846,-0.2518456444536572,3.3528479599735213,0.0935156345367431,,,,DJF
7,9,TweedieRegressor,-0.4940336627731199,-0.3712363754219046,3.5090910062791814,0.0665333271026611,,,,DJF
7,9,ElasticNet,-0.7284540723420041,-0.5863893540673188,3.774360358006153,0.0581662654876709,,,,DJF
7,9,Lasso,-0.7530710643098135,-0.608983031626815,3.8011429356606574,0.0592219829559326,,,,DJF
7,9,LassoLars,-0.7530741861194403,-0.6089858968493493,3.8011463201325055,0.0541069507598876,,,,DJF
7,9,AdaBoostRegressor,-0.8454866823574418,-0.6938028454513507,3.900047512459696,12.819617986679075,,,,DJF
7,9,DecisionTreeRegressor,-1.0328422254984542,-0.8657593028547457,4.093231208185803,1.2514901161193848,,,,DJF
7,9,PassiveAggressiveRegressor,-1.0602394043328809,-0.8909046587712739,4.120721700412957,0.1721181869506836,,,,DJF
7,9,ExtraTreeRegressor,-1.119128187476841,-0.9449532679581965,4.179199027847787,0.332855224609375,,,,DJF
7,9,RANSACRegressor,-1.3984352082938951,-1.2013035473382323,4.446091902853524,0.3821492195129394,,,,DJF
7,9,DummyRegressor,-2.7682394587349863,-2.458521147058138,5.572931264277481,0.0428605079650878,,,,DJF
7,9,QuantileRegressor,-5.576899629401786,-5.036332536574242,7.362495581407578,45.91643047332764,,,,DJF
7,9,Lars,-1.2708330566437892e+19,-1.166381024590875e+19,10234312919.948568,0.0625472068786621,,,,DJF
7,9,ExtraTreesRegressor,0.5213872788305567,0.556111297295087,1.4541156490780245,28.460060358047485,0.512,0.0704,0.4687,JJA
7,9,GradientBoostingRegressor,0.5177541654779028,0.5527417713682605,1.4596242565265831,32.28838610649109,0.5085,0.0464,0.4688,JJA
7,9,LGBMRegressor,0.4973827856406603,0.5338483634660054,1.4901346344171458,3.4829318523406982,0.4883,0.0709,0.4236,JJA
7,9,CatBoostRegressor,0.4882639562338147,0.5253911178129818,1.5035914002738082,6.967511177062988,0.478,0.076,0.4278,JJA
7,9,RandomForestRegressor,0.4874256216339097,0.5246136055540613,1.504822500647205,77.13344597816467,0.4769,0.0766,0.4135,JJA
7,9,HistGradientBoostingRegressor,0.4778024304501498,0.515688590272388,1.518882759542058,1.8516759872436523,,,,JJA
7,9,BaggingRegressor,0.4602811479756643,0.4994385012059668,1.544154045092602,7.7509379386901855,,,,JJA
7,9,XGBRegressor,0.4494184226808555,0.489363881736658,1.5596159474316067,1.5535259246826172,,,,JJA
7,9,KNeighborsRegressor,0.3940410890288565,0.4380042506470772,1.6361699709727724,0.2298958301544189,,,,JJA
7,9,MLPRegressor,0.3769357000566444,0.4221398814310112,1.659102674686883,24.05663514137268,,,,JJA
7,9,AdaBoostRegressor,0.2449104155090999,0.2996932148675691,1.8264427735547424,10.483278274536133,,,,JJA
7,9,PoissonRegressor,0.1487895555363938,0.2105460569485056,1.939212051155543,0.1238265037536621,,,,JJA
7,9,GammaRegressor,0.1359363422613645,0.1986253621698508,1.953798172714633,0.0707783699035644,,,,JJA
7,9,ElasticNetCV,0.0483744376079451,0.1174161954598476,2.050406071676085,0.7333624362945557,,,,JJA
7,9,LassoCV,0.0426567780397133,0.1121133600440872,2.0565565826677266,0.8864803314208984,,,,JJA
7,9,SGDRegressor,0.0400824650650136,0.1097258170554601,2.0593197849793965,0.2195074558258056,,,,JJA
7,9,BayesianRidge,0.0353503739441213,0.1053370457256844,2.0643894436836665,0.1301691532135009,,,,JJA
7,9,LassoLarsCV,0.034932372104906,0.1049493705011643,2.0648366657119137,0.2511858940124511,,,,JJA
7,9,Ridge,0.0349318826033755,0.1049489165136505,2.0648371893749973,0.0660722255706787,,,,JJA
7,9,RidgeCV,0.0349318826022503,0.104948916512607,2.064837189376201,0.1143007278442382,,,,JJA
7,9,LassoLarsIC,0.0348793333571978,0.1049001797883564,2.064893405179248,0.1521813869476318,,,,JJA
7,9,LinearRegression,0.0348793304616377,0.1049001771028732,2.0648934082768,0.1058046817779541,,,,JJA
7,9,TransformedTargetRegressor,0.0348793304616377,0.1049001771028732,2.0648934082768,0.1039185523986816,,,,JJA
7,9,HuberRegressor,-0.0509259706886533,0.0253201698691691,2.1547301658683446,1.0682861804962158,,,,JJA
7,9,DecisionTreeRegressor,-0.068080193983963,0.0094105093280537,2.172244770507037,1.277942180633545,,,,JJA
7,9,TweedieRegressor,-0.0778363179494012,0.0003622057228649,2.1821431443665964,0.0627133846282959,,,,JJA
7,9,ExtraTreeRegressor,-0.0944169721813745,-0.0150154989880462,2.1988633427296023,0.3328094482421875,,,,JJA
7,9,LarsCV,-0.110696214273239,-0.0301136594287476,2.215156810615013,0.2574257850646972,,,,JJA
7,9,LinearSVR,-0.1308896285564909,-0.0488420134254274,2.235202837342754,4.366697072982788,,,,JJA
7,9,OrthogonalMatchingPursuit,-0.1654980832719867,-0.0809395766258933,2.269146895589181,0.0539021492004394,,,,JJA
7,9,OrthogonalMatchingPursuitCV,-0.185368376075089,-0.0993682520551308,2.288408213394338,0.1386895179748535,,,,JJA
7,9,ElasticNet,-0.2454039726784884,-0.155048182641355,2.3456432073409466,0.0708539485931396,,,,JJA
7,9,Lasso,-0.5030421586466236,-0.3939943599540028,2.576869413363189,0.0748746395111084,,,,JJA
7,9,LassoLars,-0.5030902493787566,-0.394038961636646,2.5769106372718964,0.0600597858428955,,,,JJA
7,9,RANSACRegressor,-0.9742604009466488,-0.8310250635140017,2.953310074033805,0.411304235458374,,,,JJA
7,9,PassiveAggressiveRegressor,-2.2811152771170304,-2.043065801147234,3.8073041652664528,0.1451911926269531,,,,JJA
7,9,DummyRegressor,-4.72565719759788,-4.310252805994648,5.029438486926442,0.0434026718139648,,,,JJA
7,9,QuantileRegressor,-11.477793628082496,-10.572512349140595,7.424645606693113,47.00697255134583,,,,JJA
7,9,Lars,-2.695448599343222e+19,-2.4998900552554422e+19,10912452259.341066,0.0642840862274169,,,,JJA
7,9,GradientBoostingRegressor,0.2809661691948043,0.3340313965605014,2.1274770428416327,33.05067014694214,0.2878,0.0996,0.1858,MAM
7,9,ExtraTreesRegressor,0.2606397315195055,0.3152050649867006,2.1573384034434566,27.20866179466248,0.2603,0.0917,0.1924,MAM
7,9,LGBMRegressor,0.2510738753674746,0.3063451760783621,2.1712493939821016,0.9095656871795654,0.2501,0.0765,0.1901,MAM
7,9,CatBoostRegressor,0.2363942557719655,0.2927489232426691,2.19242534240256,5.809021472930908,0.2293,0.0245,0.2142,MAM
7,9,RandomForestRegressor,0.2363851857420159,0.2927405225876236,2.1924383630644786,76.2741105556488,0.2331,0.083,0.1815,MAM
7,9,BaggingRegressor,0.1715320259081661,0.2326735738116224,2.2836423187948798,7.609072923660278,,,,MAM
7,9,HistGradientBoostingRegressor,0.1630915264400495,0.2248559894334038,2.295245806712866,1.6470887660980225,,,,MAM
7,9,XGBRegressor,0.1226389800342802,0.187388870806658,2.350062366245257,1.4177148342132568,,,,MAM
7,9,KNeighborsRegressor,0.0477039776991488,0.117984126946444,2.448365240967004,0.2191643714904785,,,,MAM
7,9,MLPRegressor,0.0104297081037761,0.0834607259558959,2.495821631693872,24.00707244873047,,,,MAM
7,9,PoissonRegressor,0.0008800349749321,0.0746158257516899,2.507835459631128,0.0975759029388427,,,,MAM
7,9,GammaRegressor,-0.0750118718102663,0.0043247976960263,2.60133839050224,0.0632784366607666,,,,MAM
7,9,ElasticNetCV,-0.1109686595073984,-0.0289783525326827,2.644485097229605,0.5447008609771729,,,,MAM
7,9,LassoCV,-0.1152211341055073,-0.0329169913670936,2.6495414347328223,0.4823436737060547,,,,MAM
7,9,SGDRegressor,-0.1164806524369954,-0.034083556316184,2.6510371938261845,0.226503849029541,,,,MAM
7,9,LassoLarsCV,-0.1249647870527812,-0.0419415555359707,2.6610907443515317,0.2495579719543457,,,,MAM
7,9,BayesianRidge,-0.1251833297396631,-0.0421439696112748,2.6613492118548168,0.1411082744598388,,,,MAM
7,9,RidgeCV,-0.1253701243730893,-0.0423169786628983,2.6615701114659,0.1112744808197021,,,,MAM
7,9,LassoLarsIC,-0.1253931108361397,-0.0423382687080113,2.661597293532177,0.1354608535766601,,,,MAM
7,9,Ridge,-0.1260460409363537,-0.0429430120849623,2.662369283772555,0.0536668300628662,,,,MAM
7,9,TransformedTargetRegressor,-0.1261248669951786,-0.0430160207224719,2.6624624684193288,0.1077930927276611,,,,MAM
7,9,LinearRegression,-0.1261248669951786,-0.0430160207224719,2.6624624684193288,0.0971581935882568,,,,MAM
7,9,HuberRegressor,-0.1828149413113973,-0.0955223257164603,2.7286549518716985,1.1247711181640625,,,,MAM
7,9,LinearSVR,-0.1918298132618439,-0.103871893463922,2.7390334913732097,5.01317024230957,,,,MAM
7,9,TweedieRegressor,-0.2556091098296933,-0.1629442308754725,2.811366393769258,0.0664565563201904,,,,MAM
7,9,OrthogonalMatchingPursuitCV,-0.353612528239374,-0.2537149246792727,2.9190222324054336,0.134937047958374,,,,MAM
7,9,OrthogonalMatchingPursuit,-0.353612528239374,-0.2537149246792727,2.9190222324054336,0.0534136295318603,,,,MAM
7,9,AdaBoostRegressor,-0.57440100656866,-0.458209050364331,3.1480955067237137,11.710079431533812,,,,MAM
7,9,DecisionTreeRegressor,-0.5832680137940092,-0.4664216659125326,3.1569480775392424,1.257347822189331,,,,MAM
7,9,ElasticNet,-0.6121435874796797,-0.4931662009498141,3.1856061431735934,0.0596015453338623,,,,MAM
7,9,ExtraTreeRegressor,-0.9566655432721838,-0.8122621821450855,3.5095264405196587,0.3185467720031738,,,,MAM
7,9,PassiveAggressiveRegressor,-1.0100969326887452,-0.861750295589945,3.5571216718420704,0.1282446384429931,,,,MAM
7,9,LassoLars,-1.085614394727378,-0.9316945131976822,3.6233244777323206,0.051567792892456,,,,MAM
7,9,Lasso,-1.085619714244494,-0.9316994401305094,3.623329098510815,0.0599198341369628,,,,MAM
7,9,RANSACRegressor,-1.902186839229043,-1.6880033086586343,4.274180949536852,0.3627104759216308,,,,MAM
7,9,DummyRegressor,-4.945142965934583,-4.506387027489226,6.117463284513223,0.0397243499755859,,,,MAM
7,9,QuantileRegressor,-10.75281289307262,-9.88544662790121,8.601241292444653,46.71042251586914,,,,MAM
7,9,LarsCV,-6.288000238445449e+24,-5.823941180257593e+24,6291388365251.467,0.2590548992156982,,,,MAM
7,9,Lars,-6.28801737314928e+24,-5.823957050407636e+24,6291396937213.84,0.0598869323730468,,,,MAM
7,9,CatBoostRegressor,0.1906109586862293,0.2523963816872805,2.6396492135188745,6.17926025390625,0.2678,0.1566,0.1133,SON
7,9,LGBMRegressor,0.1902100873464391,0.2520261112131231,2.640302810661182,1.3800606727600098,0.2685,0.176,0.0926,SON
7,9,HistGradientBoostingRegressor,0.1879292631419031,0.2499193957264907,2.644018485580512,1.8362681865692136,0.2623,0.1571,0.099,SON
7,9,ExtraTreesRegressor,0.1865805698396132,0.2486736561113984,2.6462131777984945,27.094298601150516,0.2651,0.1433,0.1322,SON
7,9,GradientBoostingRegressor,0.178364287769516,0.2410845711458888,2.6595441882299307,33.3188157081604,0.2614,0.1398,0.1505,SON
7,9,RandomForestRegressor,0.1717702050766283,0.2349938535440612,2.6701950204560165,75.87450909614563,,,,SON
7,9,XGBRegressor,0.1411940570005267,0.2067517625730056,2.719036748956776,1.4497625827789309,,,,SON
7,9,BaggingRegressor,0.0958591446979135,0.1648775305988361,2.789880515537968,7.607146739959717,,,,SON
7,9,PoissonRegressor,0.0726897989671382,0.1434768372139215,2.82540087557982,0.0960440635681152,,,,SON
7,9,LassoLarsCV,0.0494765167859232,0.1220355613060817,2.8605463041269554,0.25008225440979,,,,SON
7,9,LassoLarsIC,0.0494765167859232,0.1220355613060817,2.8605463041269554,0.1522080898284912,,,,SON
7,9,TransformedTargetRegressor,0.049476443948111,0.1220354940284078,2.860546413727578,0.0992720127105712,,,,SON
7,9,LinearRegression,0.049476443948111,0.1220354940284078,2.860546413727578,0.1066343784332275,,,,SON
7,9,Ridge,0.0494207070181365,0.1219840118259123,2.860630281053598,0.0528583526611328,,,,SON
7,9,RidgeCV,0.0494207070176379,0.1219840118254517,2.860630281054349,0.1087391376495361,,,,SON
7,9,BayesianRidge,0.0490199341714612,0.1216138323263115,2.8612332513345424,0.1366791725158691,,,,SON
7,9,KNeighborsRegressor,0.0490173251741533,0.1216114224891034,2.8612371762037374,0.2252018451690673,,,,SON
7,9,LassoCV,0.0439363503702635,0.1169183083572662,2.868870599820235,1.07169508934021,,,,SON
7,9,SGDRegressor,0.0403106989179538,0.1135694241913923,2.874305218199173,0.3106141090393066,,,,SON
7,9,ElasticNetCV,0.0361074140341178,0.1096870007490706,2.8805928384579103,0.5628979206085205,,,,SON
7,9,MLPRegressor,0.0070367865181957,0.0828355051045929,2.92370894489414,24.36106514930725,,,,SON
7,9,LarsCV,0.0033450645042509,0.0794255939314073,2.929138907892579,0.2967796325683594,,,,SON
7,9,HuberRegressor,-0.0262759767043134,0.0520657009067027,2.972347885884875,1.171231031417847,,,,SON
7,9,OrthogonalMatchingPursuit,-0.0292442411737305,0.049324021511287,2.976643194660043,0.0542201995849609,,,,SON
7,9,OrthogonalMatchingPursuitCV,-0.0292442411737305,0.049324021511287,2.976643194660043,0.1363201141357422,,,,SON
7,9,GammaRegressor,-0.0900217779565399,-0.0068140086468804,3.0632690586081863,0.0638084411621093,,,,SON
7,9,LinearSVR,-0.1115091449955025,-0.0266611186599681,3.0933144964959345,4.677138805389404,,,,SON
7,9,TweedieRegressor,-0.1973344467483875,-0.1059348706607243,3.210519376081705,0.0555987358093261,,,,SON
7,9,DecisionTreeRegressor,-0.2715349319028479,-0.1744711966430885,3.308504308957269,1.2690887451171875,,,,SON
7,9,ElasticNet,-0.4486589035334152,-0.3380742544087272,3.5314302002993814,0.0552680492401123,,,,SON
7,9,LassoLars,-0.5480134175668367,-0.4298444543937958,3.65052155445816,0.0537092685699462,,,,SON
7,9,Lasso,-0.5480134175668367,-0.4298444543937958,3.65052155445816,0.0523386001586914,,,,SON
7,9,ExtraTreeRegressor,-0.5561486428586142,-0.4373586701213154,3.660101219477679,0.3294229507446289,,,,SON
7,9,AdaBoostRegressor,-0.6239427563766304,-0.4999776604700174,3.7389780443206937,12.17919659614563,,,,SON
7,9,PassiveAggressiveRegressor,-0.6843631918042004,-0.5557858489183836,3.8078990627378224,0.1565260887145996,,,,SON
7,9,RANSACRegressor,-1.7878112493254128,-1.5750012302929388,4.898907506331102,0.3756537437438965,,,,SON
7,9,DummyRegressor,-2.0626747583349787,-1.8288827920498656,5.1347345444522015,0.0401713848114013,,,,SON
7,9,QuantileRegressor,-4.240603040181678,-3.840557006580023,6.716734611114135,46.606765270233154,,,,SON
7,9,Lars,-3.703825386969509e+18,-3.4210906246054246e+18,5646675215.847595,0.0646197795867919,,,,SON
8,15,CatBoostRegressor,0.4549734392658682,0.4612118203501963,2.128372990026448,6.303847551345825,0.3993,0.1528,0.1252,
8,15,HistGradientBoostingRegressor,0.4444878174808282,0.4508462171281289,2.1487490568554333,3.4867136478424072,0.3874,0.1531,0.1147,
8,15,ExtraTreesRegressor,0.4440448586019633,0.4504083283623377,2.1496055797533304,103.07059264183044,0.388,0.1645,0.096,
8,15,LGBMRegressor,0.4385156076885845,0.4449423653266396,2.1602685824470997,1.3356821537017822,0.3759,0.146,0.1145,
8,15,GradientBoostingRegressor,0.4240873522725149,0.4306792559092278,2.1878483383845446,120.03167009353638,0.3612,0.1374,0.1089,
8,15,XGBRegressor,0.4198345387935697,0.4264751201885307,2.1959115375827767,2.8032705783843994,,,,
8,15,RandomForestRegressor,0.4143729180408173,0.4210760132177633,2.2062233737043884,337.28680777549744,,,,
8,15,MLPRegressor,0.3818204462069196,0.3888961373987518,2.266711372980089,59.56310558319092,,,,
8,15,BaggingRegressor,0.3678419626456722,0.3750776517416775,2.2921959311652493,33.7194664478302,,,,
8,15,KNeighborsRegressor,0.3450564840082605,0.3525529759883262,2.3331401576915285,2.743731737136841,,,,
8,15,PoissonRegressor,0.3384133173947079,0.3459858471460085,2.34494295698134,0.2777538299560547,,,,
8,15,BayesianRidge,0.3091709000222034,0.3170781388620866,2.396206361903751,0.4142649173736572,,,,
8,15,RidgeCV,0.3091654744469608,0.3170727753880487,2.396215771446854,0.3398981094360351,,,,
8,15,Ridge,0.309165474445936,0.3170727753870356,2.396215771448632,0.1506035327911377,,,,
8,15,LassoLarsCV,0.3091645917703427,0.3170719028145585,2.396217302264206,0.7758398056030273,,,,
8,15,LassoLarsIC,0.3091645621909781,0.3170718735737597,2.3962173535633893,0.3852577209472656,,,,
8,15,LinearRegression,0.3091645332836809,0.3170718449973358,2.3962174036970123,0.2900261878967285,,,,
8,15,TransformedTargetRegressor,0.3091645332836809,0.3170718449973358,2.3962174036970123,0.3007316589355469,,,,
8,15,LassoCV,0.3088473779448553,0.3167583198226326,2.396767379758799,3.353368759155273,,,,
8,15,ElasticNetCV,0.3079050129353063,0.3158267411352075,2.3984007819006083,2.131647825241089,,,,
8,15,HuberRegressor,0.305217666135176,0.3131701537414121,2.403052665118357,3.1700029373168945,,,,
8,15,LarsCV,0.3019891693855705,0.3099786104074831,2.408629415931856,0.8292789459228516,,,,
8,15,LinearSVR,0.2993956091009746,0.3074147360475487,2.4131000725723584,14.870619773864746,,,,
8,15,SGDRegressor,0.2932685267997668,0.3013577844098419,2.423628894311091,0.6556942462921143,,,,
8,15,GammaRegressor,0.289269770912524,0.297404798334357,2.430475787691804,0.1705284118652343,,,,
8,15,TweedieRegressor,0.2510423401542341,0.2596149192444184,2.49498270049129,0.1664958000183105,,,,
8,15,OrthogonalMatchingPursuit,0.165948955303012,0.1754955143800474,2.6329051901927616,0.1448884010314941,,,,
8,15,OrthogonalMatchingPursuitCV,0.165948955303012,0.1754955143800474,2.6329051901927616,0.4850983619689941,,,,
8,15,ElasticNet,0.0951911386523497,0.1055475926166494,2.742314928820015,0.1849322319030761,,,,
8,15,QuantileRegressor,-0.1064656189684032,-0.0938009991404551,3.032549280751579,248.64180326461792,,,,
8,15,RANSACRegressor,-0.1122477055983155,-0.0995169039317953,3.0404625924866804,0.8202188014984131,,,,
8,15,Lasso,-0.131053810708317,-0.118107754118752,3.066059220492554,0.1463243961334228,,,,
8,15,LassoLars,-0.131054424662296,-0.1181083610454059,3.0660600526452706,0.1104326248168945,,,,
8,15,DecisionTreeRegressor,-0.2204694768135944,-0.2064999673498753,3.1849481497765724,5.662201166152954,,,,
8,15,ExtraTreeRegressor,-0.2506163196944218,-0.2363017490760193,3.224043932554071,1.257033109664917,,,,
8,15,DummyRegressor,-0.5903209964520819,-0.5721181616968118,3.635643589075056,0.1302192211151123,,,,
8,15,AdaBoostRegressor,-0.7187963602428227,-0.6991229948070024,3.77964593080852,37.98651695251465,,,,
8,15,PassiveAggressiveRegressor,-0.915386800450942,-0.8934632582862994,3.9899472166260574,0.3492412567138672,,,,
8,15,Lars,-3404246010396793.0,-3365280966401408.0,168209056.12921217,0.1540465354919433,,,,
8,15,CatBoostRegressor,0.1548137204026556,0.1945871923837071,2.7355079339741666,6.599051237106323,0.1968,0.0606,0.1282,DJF
8,15,HistGradientBoostingRegressor,0.1342001036454763,0.1749436281798068,2.76866572491975,1.90702486038208,0.1788,0.0573,0.1147,DJF
8,15,LGBMRegressor,0.1264091172423163,0.1675192764309131,2.7810948831136098,3.2935423851013184,0.1733,0.0919,0.0679,DJF
8,15,GradientBoostingRegressor,0.1188406884828406,0.1603070090248246,2.7931160284935115,34.01056742668152,0.1604,0.0446,0.111,DJF
8,15,ExtraTreesRegressor,0.1060281521257463,0.148097415555123,2.813349456901027,28.6717529296875,0.1527,0.072,0.0695,DJF
8,15,RandomForestRegressor,0.0904476416997612,0.1332501056197724,2.8377596664054163,77.28156852722168,,,,DJF
8,15,BaggingRegressor,0.0700669195734323,0.1138284762993885,2.8693769690798105,7.831766843795776,,,,DJF
8,15,XGBRegressor,0.0530587021388888,0.097620645567647,2.8954981264915443,1.4039382934570312,,,,DJF
8,15,KNeighborsRegressor,0.0377285420479277,0.0830119047750841,2.918841831606352,0.3111555576324463,,,,DJF
8,15,LassoLarsCV,-0.0104028991593292,0.0371454725658155,2.9909493008103114,0.3466651439666748,,,,DJF
8,15,LinearRegression,-0.010402957632982,0.0371454168438641,2.9909493873558515,0.1070225238800048,,,,DJF
8,15,TransformedTargetRegressor,-0.010402957632982,0.0371454168438641,2.9909493873558515,0.1049027442932128,,,,DJF
8,15,Ridge,-0.0104577964198508,0.0370931587057892,2.991030551909704,0.055694580078125,,,,DJF
8,15,RidgeCV,-0.0104577964215233,0.0370931587041953,2.99103055191218,0.1073148250579834,,,,DJF
8,15,LassoLarsIC,-0.0105212221998827,0.0370327176683471,2.991124422959861,0.1600964069366455,,,,DJF
8,15,BayesianRidge,-0.0109392635436689,0.036634348858386,2.9917430563699954,0.1382243633270263,,,,DJF
8,15,MLPRegressor,-0.0112663073650984,0.0363226953344355,2.992226939031473,23.7399959564209,,,,DJF
8,15,PoissonRegressor,-0.0112672497893031,0.0363217972596052,2.9922283332964734,0.1031599044799804,,,,DJF
8,15,SGDRegressor,-0.0137569515481019,0.0339492579365144,2.9959094455478805,0.2451739311218261,,,,DJF
8,15,LassoCV,-0.0167816734448902,0.0310668758936928,3.000375527674072,0.8712623119354248,,,,DJF
8,15,ElasticNetCV,-0.0195200727288618,0.0284573424583788,3.0044131209239398,0.810776948928833,,,,DJF
8,15,HuberRegressor,-0.0655575628917295,-0.0154136775791775,3.071497863204616,1.058826923370361,,,,DJF
8,15,OrthogonalMatchingPursuit,-0.0706461346282421,-0.0202627871163247,3.078823099523021,0.0499994754791259,,,,DJF
8,15,OrthogonalMatchingPursuitCV,-0.0706461346282421,-0.0202627871163247,3.078823099523021,0.1286349296569824,,,,DJF
8,15,LinearSVR,-0.1253830702977985,-0.0724238669896668,3.156544733373113,5.189922332763672,,,,DJF
8,15,LarsCV,-0.1706527139504803,-0.1155631744704577,3.219406360451073,0.2535817623138428,,,,DJF
8,15,GammaRegressor,-0.3076729370941258,-0.2461353871132257,3.402603367928088,0.0831885337829589,,,,DJF
8,15,TweedieRegressor,-0.4414081457063796,-0.3735771741437266,3.572360227906073,0.0654864311218261,,,,DJF
8,15,PassiveAggressiveRegressor,-0.4850899220139786,-0.4152033374486148,3.626086292171186,0.1205191612243652,,,,DJF
8,15,AdaBoostRegressor,-0.5096890428339971,-0.4386448525829853,3.65599430946729,13.416803121566772,,,,DJF
8,15,ExtraTreeRegressor,-0.5735584798687134,-0.4995086690513621,3.7325291097259607,0.3272199630737304,,,,DJF
8,15,DecisionTreeRegressor,-0.7510289705522086,-0.6686276072321047,3.9373899218096167,1.2393882274627686,,,,DJF
8,15,ElasticNet,-0.7617809643925244,-0.6788736248916998,3.949459968527466,0.0608167648315429,,,,DJF
8,15,Lasso,-0.8297270213045225,-0.7436222203019567,4.024898293109301,0.0595548152923584,,,,DJF
8,15,LassoLars,-0.8297301481293078,-0.7436251999820462,4.024901732186883,0.1038684844970703,,,,DJF
8,15,DummyRegressor,-2.591151169663096,-2.42215582050248,5.638694989098832,0.0385708808898925,,,,DJF
8,15,RANSACRegressor,-2.7639000039687525,-2.5867752978996346,5.772724055065557,0.3834154605865478,,,,DJF
8,15,QuantileRegressor,-5.226419572175196,-4.933411592308128,7.424734884619332,46.13200402259827,,,,DJF
8,15,Lars,-2.166946029015753e+19,-2.064972098238541e+19,13851149186.291237,0.0602998733520507,,,,DJF
8,15,ExtraTreesRegressor,0.601071480617244,0.6190412337425935,1.4670672361437505,26.207531929016117,0.5644,0.0593,0.5285,JJA
8,15,CatBoostRegressor,0.5842058626659277,0.6029353283116066,1.49775802889748,4.850282907485962,0.5431,0.0652,0.4815,JJA
8,15,LGBMRegressor,0.5704604322249935,0.589809061404048,1.522313376382063,0.6065366268157959,0.525,0.0822,0.4351,JJA
8,15,RandomForestRegressor,0.5535982704680136,0.5737064564829679,1.5519059916515554,69.96211409568787,0.5085,0.0909,0.4242,JJA
8,15,HistGradientBoostingRegressor,0.5471638058021764,0.5675618325678441,1.56305061436453,1.8718461990356443,0.4949,0.1321,0.348,JJA
8,15,GradientBoostingRegressor,0.5441728370204462,0.5647055921096154,1.568204068775993,29.613601684570312,,,,JJA
8,15,XGBRegressor,0.531670084788893,0.5527660269155195,1.5895654899164369,1.252335786819458,,,,JJA
8,15,BaggingRegressor,0.4897359618740068,0.5127208284562588,1.65920465090245,7.056576013565064,,,,JJA
8,15,KNeighborsRegressor,0.4720282482937344,0.4958107596318546,1.6877488434307353,0.288311243057251,,,,JJA
8,15,MLPRegressor,0.3711833769574265,0.3995084500674524,1.841893361280249,18.765442609786987,,,,JJA
8,15,AdaBoostRegressor,0.3196485774518787,0.3502950379270193,1.915883619044708,9.770379304885864,,,,JJA
8,15,PoissonRegressor,0.2938740068981436,0.3256814840648939,1.9518371277070243,0.0783600807189941,,,,JJA
8,15,GammaRegressor,0.2623389141911408,0.2955668910293778,1.9949449335035028,0.0480766296386718,,,,JJA
8,15,ElasticNetCV,0.2100519999489493,0.2456352431944921,2.064437444018395,0.5451185703277588,,,,JJA
8,15,LassoCV,0.2003336082083771,0.2363546168476394,2.077097569638024,0.6588075160980225,,,,JJA
8,15,BayesianRidge,0.195095080163997,0.2313520585349882,2.0838898846309672,0.10213303565979,,,,JJA
8,15,Ridge,0.1948212984278832,0.2310906093095102,2.084244263433561,0.0417516231536865,,,,JJA
8,15,RidgeCV,0.194821298426345,0.2310906093080412,2.084244263435552,0.091198444366455,,,,JJA
8,15,LinearRegression,0.1947913810233992,0.2310620395358588,2.084282984402795,0.0737702846527099,,,,JJA
8,15,TransformedTargetRegressor,0.1947913810233992,0.2310620395358588,2.084282984402795,0.0787920951843261,,,,JJA
8,15,LassoLarsCV,0.1947913728723682,0.2310620317519913,2.084282994952269,0.2316706180572509,,,,JJA
8,15,LassoLarsIC,0.1947913728723682,0.2310620317519913,2.084282994952269,0.1125597953796386,,,,JJA
8,15,SGDRegressor,0.1593856022655915,0.1972511156770514,2.129613973040849,0.1944301128387451,,,,JJA
8,15,ExtraTreeRegressor,0.149496538206589,0.18780750495404,2.142103833498052,0.3125035762786865,,,,JJA
8,15,TweedieRegressor,0.1332626325663159,0.1723048563245901,2.1624508034567302,0.0444915294647216,,,,JJA
8,15,HuberRegressor,0.0984702733345344,0.1390797204816275,2.205426056624238,0.5416545867919922,,,,JJA
8,15,DecisionTreeRegressor,0.0578312477403736,0.1002712816259424,2.254586093012394,1.1489815711975098,,,,JJA
8,15,LarsCV,0.0371571891697453,0.080528486954892,2.2791881152081164,0.2349042892456054,,,,JJA
8,15,LinearSVR,0.0282228153970768,0.0719965624512626,2.2897381749000774,2.3908982276916504,,,,JJA
8,15,OrthogonalMatchingPursuitCV,-0.0423091277918159,0.0046417338204282,2.371377779604352,0.0904955863952636,,,,JJA
8,15,OrthogonalMatchingPursuit,-0.0423091277918159,0.0046417338204282,2.371377779604352,0.0374112129211425,,,,JJA
8,15,ElasticNet,-0.2988109945145325,-0.2403059947616255,2.6471311203417285,0.042992353439331,,,,JJA
8,15,RANSACRegressor,-0.4837379326791617,-0.4169028906665868,2.829313524151418,0.2584834098815918,,,,JJA
8,15,PassiveAggressiveRegressor,-0.512065975303369,-0.4439548953347485,2.8561949442288497,0.0941894054412841,,,,JJA
8,15,Lasso,-0.898921993133194,-0.8133849664154824,3.2007815708003906,0.0730276107788086,,,,JJA
8,15,LassoLars,-0.8989561568370386,-0.8134175912137485,3.2008103634686047,0.0381278991699218,,,,JJA
8,15,DummyRegressor,-4.846120858603306,-4.582782081188742,5.616119889826479,0.0253891944885253,,,,JJA
8,15,QuantileRegressor,-10.904999225058972,-10.368737998704963,8.014328897358235,42.5503830909729,,,,JJA
8,15,Lars,-4.344737949733266e+23,-4.1490290330786136e+23,1531032004654.765,0.0415894985198974,,,,JJA
8,15,HistGradientBoostingRegressor,0.403191676540465,0.4301762277142195,1.9264689829380155,2.448660373687744,0.3955,0.1157,0.2666,MAM
8,15,ExtraTreesRegressor,0.3973594579104296,0.4246077115090537,1.9358591603548605,28.01891541481018,0.388,0.1228,0.2573,MAM
8,15,CatBoostRegressor,0.3747925041927196,0.4030611174168619,1.971771901543672,4.930776596069336,0.3632,0.0823,0.274,MAM
8,15,LGBMRegressor,0.345606698399285,0.3751949411242609,2.017269897925665,0.5159845352172852,0.3323,0.091,0.2388,MAM
8,15,XGBRegressor,0.3356634745928544,0.36570129789687,2.0325378916966503,1.3436279296875,0.3291,0.1197,0.1912,MAM
8,15,RandomForestRegressor,0.3354010826390584,0.3654507699349563,2.0329392462189984,70.34028387069702,,,,MAM
8,15,GradientBoostingRegressor,0.3353441704463809,0.3653964310139899,2.0330262886066905,31.13831257820129,,,,MAM
8,15,BaggingRegressor,0.2635229842937919,0.2968226232857832,2.1400513004404744,6.955579042434692,,,,MAM
8,15,KNeighborsRegressor,0.1656153282913268,0.2033418394462027,2.27786375337027,0.3006675243377685,,,,MAM
8,15,MLPRegressor,0.0921737150850418,0.1332208719010911,2.3759974042185994,18.454072952270508,,,,MAM
8,15,PoissonRegressor,0.053865526502085,0.0966447792600918,2.4256102475341024,0.1098952293395996,,,,MAM
8,15,BayesianRidge,0.0116780169155571,0.0563647682230677,2.4790986738900886,0.1241953372955322,,,,MAM
8,15,RidgeCV,0.0116043827661675,0.0562944634248187,2.479191023815132,0.1265478134155273,,,,MAM
8,15,Ridge,0.0113271806005567,0.0560297948914132,2.479538652300364,0.05293869972229,,,,MAM
8,15,LassoLarsCV,0.0113101387961014,0.0560135236282295,2.479560022176188,0.5811514854431152,,,,MAM
8,15,TransformedTargetRegressor,0.0112937488537089,0.0559978747533151,2.4795805744641664,0.0825445652008056,,,,MAM
8,15,LinearRegression,0.0112937488537089,0.0559978747533151,2.4795805744641664,0.0938372611999511,,,,MAM
8,15,LassoLarsIC,0.0112664982636698,0.0559718562924413,2.4796147451635235,0.2024056911468505,,,,MAM
8,15,ElasticNetCV,0.0096840040413588,0.0544609141826689,2.481598296418329,0.4669468402862549,,,,MAM
8,15,LassoCV,0.0054117566940291,0.0503818355172079,2.486945373541398,0.6404819488525391,,,,MAM
8,15,SGDRegressor,-0.0106046961143315,0.0350895629413278,2.5068897887180053,0.1426403522491455,,,,MAM
8,15,GammaRegressor,-0.0126467388548214,0.0331398506940023,2.5094212398148588,0.0931520462036132,,,,MAM
8,15,HuberRegressor,-0.0289298949312379,0.017592933777032,2.529516275574078,0.8342874050140381,,,,MAM
8,15,LinearSVR,-0.0548787057830635,-0.0071826075562482,2.561213888179375,3.202434062957764,,,,MAM
8,15,OrthogonalMatchingPursuit,-0.1364925327198989,-0.0851062840663994,2.658446217496347,0.039158821105957,,,,MAM
8,15,OrthogonalMatchingPursuitCV,-0.1364925327198989,-0.0851062840663994,2.658446217496347,0.1802234649658203,,,,MAM
8,15,TweedieRegressor,-0.1799446336653825,-0.1265937082547397,2.708790390300157,0.0500798225402832,,,,MAM
8,15,LarsCV,-0.3739524928658708,-0.3118295466925835,2.9230109583631023,0.5636568069458008,,,,MAM
8,15,DecisionTreeRegressor,-0.4222471614829342,-0.3579405829682573,2.973939458352301,1.1627671718597412,,,,MAM
8,15,AdaBoostRegressor,-0.5285105433589665,-0.4593992904565265,3.0830374821384243,11.788836002349854,,,,MAM
8,15,ElasticNet,-0.6199869912410689,-0.5467396517727463,3.1739519583203,0.0429270267486572,,,,MAM
8,15,PassiveAggressiveRegressor,-0.6923374138552711,-0.6158187666575949,3.244053913821149,0.1242508888244628,,,,MAM
8,15,ExtraTreeRegressor,-0.8094928295592496,-0.7276770271677235,3.354463097622809,0.3166360855102539,,,,MAM
8,15,RANSACRegressor,-0.9424085331190528,-0.854582977740648,3.475480642721982,0.3102674484252929,,,,MAM
8,15,LassoLars,-1.1716632178975108,-1.0734719646391455,3.6748602081550734,0.076789379119873,,,,MAM
8,15,Lasso,-1.1716669577852392,-1.07347553542871,3.67486337244836,0.0839371681213378,,,,MAM
8,15,DummyRegressor,-5.104077424987269,-4.828082967188297,6.161048139148095,0.0318691730499267,,,,MAM
8,15,QuantileRegressor,-11.045842359217572,-10.501192365583016,8.654922293890879,43.49741244316101,,,,MAM
8,15,Lars,-1.0749286703584476e+28,-1.0263260175916753e+28,258543967241846.4,0.0699872970581054,,,,MAM
8,15,HistGradientBoostingRegressor,0.3779372329147014,0.4065378199071289,2.266303751066105,2.2431862354278564,0.4013,0.1061,0.3117,SON
8,15,LGBMRegressor,0.3668937647812055,0.3960020974349432,2.286332074588331,0.6960558891296387,0.3896,0.1141,0.2851,SON
8,15,ExtraTreesRegressor,0.3528224823224812,0.3825777704915625,2.3116002066240537,25.96102809906006,0.378,0.0972,0.3002,SON
8,15,CatBoostRegressor,0.3527426566513016,0.3825016149661843,2.311742763606701,4.9978907108306885,0.3774,0.1144,0.2856,SON
8,15,RandomForestRegressor,0.3400543656520797,0.370396693668076,2.334291527897247,69.20291066169739,0.3651,0.0911,0.2847,SON
8,15,GradientBoostingRegressor,0.3367805810190292,0.3672734278687289,2.3400742116633046,30.813392162323,,,,SON
8,15,XGBRegressor,0.3199132491124785,0.3511816054751231,2.369644357178875,1.4420742988586426,,,,SON
8,15,BaggingRegressor,0.2567038516286573,0.2908783871859604,2.4773191216772763,6.936593770980835,,,,SON
8,15,KNeighborsRegressor,0.2212457728823924,0.2570505649337766,2.535719568648391,0.293032169342041,,,,SON
8,15,MLPRegressor,0.1933060928921787,0.2303954679316187,2.58080625155502,18.889052152633667,,,,SON
8,15,PoissonRegressor,0.1920642755203471,0.2292107456113655,2.5827919226763463,0.0808148384094238,,,,SON
8,15,SGDRegressor,0.1862834704449236,0.2236957246773409,2.5920154314706627,0.1952619552612304,,,,SON
8,15,LassoLarsCV,0.1861056787396775,0.2235261073033705,2.5922985851593454,0.2857990264892578,,,,SON
8,15,LassoLarsIC,0.1861056787396775,0.2235261073033705,2.5922985851593454,0.1245656013488769,,,,SON
8,15,TransformedTargetRegressor,0.1861056039100517,0.2235260359141871,2.5922987043275985,0.0886321067810058,,,,SON
8,15,LinearRegression,0.1861056039100517,0.2235260359141871,2.5922987043275985,0.0863733291625976,,,,SON
8,15,Ridge,0.1860888605589002,0.2235100623722841,2.5923253684405854,0.0468974113464355,,,,SON
8,15,RidgeCV,0.1860888605585393,0.2235100623719398,2.5923253684411605,0.1118268966674804,,,,SON
8,15,BayesianRidge,0.1859470014305614,0.2233747255027194,2.59255127086215,0.1021971702575683,,,,SON
8,15,LassoCV,0.183164288294686,0.2207199532006774,2.5969786065161298,0.8680222034454346,,,,SON
8,15,ElasticNetCV,0.1761901761036477,0.2140664898460087,2.6080414952826687,0.5009453296661377,,,,SON
8,15,LarsCV,0.139965780377262,0.1795075835783074,2.6647647786412803,0.3155179023742676,,,,SON
8,15,HuberRegressor,0.1243079930838589,0.1645696945512677,2.688912725409225,0.6544079780578613,,,,SON
8,15,OrthogonalMatchingPursuit,0.1157428736502956,0.156398373712351,2.70203081724406,0.0393662452697753,,,,SON
8,15,OrthogonalMatchingPursuitCV,0.1157428736502956,0.156398373712351,2.70203081724406,0.0885958671569824,,,,SON
8,15,LinearSVR,0.0403475431499529,0.0844694951890354,2.8148678022582585,2.440295696258545,,,,SON
8,15,GammaRegressor,0.0087360348177384,0.0543113895387619,2.860853857489733,0.0446817874908447,,,,SON
8,15,TweedieRegressor,-0.0894390873859409,-0.0393499339429093,2.999179715798205,0.0395054817199707,,,,SON
8,15,DecisionTreeRegressor,-0.2471006797370818,-0.1897627174503195,3.208867403822404,1.157416582107544,,,,SON
8,15,ExtraTreeRegressor,-0.3218859531715365,-0.2611095875084774,3.3036802532821623,0.2983636856079101,,,,SON
8,15,AdaBoostRegressor,-0.4508184920504245,-0.3841141935653476,3.461047461898931,11.71761679649353,,,,SON
8,15,ElasticNet,-0.4523512567856584,-0.3855764863587316,3.462875247770336,0.0414435863494873,,,,SON
8,15,Lasso,-0.6855315597039957,-0.6080358558095593,3.73052073279685,0.0450224876403808,,,,SON
8,15,LassoLars,-0.6855315597039964,-0.6080358558095598,3.73052073279685,0.0375699996948242,,,,SON
8,15,PassiveAggressiveRegressor,-1.594503914664386,-1.4752163783579777,4.628371160483851,0.080604076385498,,,,SON
8,15,DummyRegressor,-2.021336182348334,-1.882424173964503,4.994598006554469,0.0255753993988037,,,,SON
8,15,RANSACRegressor,-2.667019845239458,-2.49842123166523,5.502469498207231,0.2383565902709961,,,,SON
8,15,QuantileRegressor,-4.2506521279232885,-4.009242834685437,6.584270075775655,42.6583776473999,,,,SON
8,15,Lars,-2.2893310493383744e+17,-2.1840744493687942e+17,1374849983.8807,0.0437138080596923,,,,SON
9,37,CatBoostRegressor,0.3707993595145012,0.3733912698790057,2.434687062064938,11.497021198272703,0.336,0.124,0.1179,
9,37,XGBRegressor,0.3442044331627714,0.3469058978742027,2.485608973632492,4.773576974868774,0.306,0.1283,0.089,
9,37,ExtraTreesRegressor,0.341825592185365,0.344536856223415,2.490113057206081,200.25020384788516,0.3043,0.1268,0.1065,
9,37,KNeighborsRegressor,0.3378547332517316,0.3405823547277177,2.497613363072076,11.945005416870115,0.2992,0.1312,0.0801,
9,37,HistGradientBoostingRegressor,0.3361108587664972,0.3388456639070599,2.500900149559376,4.94222903251648,0.2988,0.1079,0.1143,
9,37,LGBMRegressor,0.3357542561046116,0.3384905302235508,2.5015717284930545,1.6720213890075684,,,,
9,37,GradientBoostingRegressor,0.3200955672552836,0.3228963453103469,2.530885549889434,268.3140449523926,,,,
9,37,MLPRegressor,0.3165210675787018,0.3193365703211915,2.537529711872782,131.89079546928406,,,,
9,37,RandomForestRegressor,0.3037085597231512,0.3065768419286124,2.561203567259313,847.005303144455,,,,
9,37,PoissonRegressor,0.279506677912704,0.2824746566287355,2.6053348561892737,0.6196162700653076,,,,
9,37,BaggingRegressor,0.2522481086075631,0.2553283754615231,2.6541614070573445,86.31954026222229,,,,
9,37,GammaRegressor,0.2371706999114213,0.240313076193368,2.6807866544203143,0.3198499679565429,,,,
9,37,LarsCV,0.1969935335599731,0.2003014144634701,2.7504774656847584,1.8848991394042969,,,,
9,37,ElasticNetCV,0.185678054194989,0.1890325477469137,2.7697887019984724,3.712775945663452,,,,
9,37,BayesianRidge,0.1840249196056168,0.1873862230308958,2.772598715927295,0.5871224403381348,,,,
9,37,LassoCV,0.1840227687908864,0.1873840810761674,2.772602370047607,3.8371903896331783,,,,
9,37,Ridge,0.1839454157021112,0.1873070466334004,2.7727337856475067,0.3065767288208008,,,,
9,37,RidgeCV,0.1839454157019238,0.1873070466332138,2.772733785647825,0.6161813735961914,,,,
9,37,LassoLarsCV,0.183939161247419,0.1873008179431226,2.772744411103782,1.713728666305542,,,,
9,37,LassoLarsIC,0.1839390685082329,0.1873007255859635,2.772744568654568,0.657282829284668,,,,
9,37,TransformedTargetRegressor,0.1839390412567315,0.1873006984467211,2.77274461495102,0.4365947246551513,,,,
9,37,LinearRegression,0.1839390412567315,0.1873006984467211,2.77274461495102,0.4491114616394043,,,,
9,37,SGDRegressor,0.1812764854456169,0.1846491106886548,2.777264237679061,0.9337780475616456,,,,
9,37,TweedieRegressor,0.169331755296608,0.172753585304998,2.7974502647701187,0.3194470405578613,,,,
9,37,HuberRegressor,0.1502586063596029,0.153759005729231,2.829384416487913,8.777183771133423,,,,
9,37,LinearSVR,0.1280976693791075,0.1316893578520056,2.8660415958135954,18.457712173461918,,,,
9,37,OrthogonalMatchingPursuitCV,0.0974364779218348,0.1011544711929367,2.915999589181163,1.107844352722168,,,,
9,37,ElasticNet,0.0486260692298857,0.0525451306437135,2.9938097147922824,0.3535220623016357,,,,
9,37,OrthogonalMatchingPursuit,0.0379045460332523,0.0418677733701713,3.0106318456512,0.2615978717803955,,,,
9,37,QuantileRegressor,-0.0939174519928214,-0.0894112010463112,3.210264715305281,1290.5736141204834,,,,
9,37,Lasso,-0.1265063050541297,-0.12186580855766,3.257732220911256,0.3210151195526123,,,,
9,37,LassoLars,-0.1265133975708225,-0.1218728718576509,3.2577424762838563,0.323347806930542,,,,
9,37,DecisionTreeRegressor,-0.2113353883686524,-0.2063454494747867,3.3781643339718435,14.243654251098633,,,,
9,37,ExtraTreeRegressor,-0.311274640970361,-0.3058730152981104,3.5147577812568795,2.250065326690674,,,,
9,37,RANSACRegressor,-0.5794237735248371,-0.5729175423083763,3.857428681097616,1.2083070278167725,,,,
9,37,DummyRegressor,-0.6214473467064949,-0.6147680048352215,3.908408913697552,0.2492589950561523,,,,
9,37,AdaBoostRegressor,-1.2156598955579176,-1.2065327722239645,4.568778656529081,75.33647203445435,,,,
9,37,PassiveAggressiveRegressor,-3.12049695755912,-3.103523105207403,6.230506720390489,0.6872384548187256,,,,
9,37,Lars,-6.110074462734012e+17,-6.084904804108689e+17,2399229658.420264,0.276904821395874,,,,
9,37,LGBMRegressor,0.1922094976055446,0.2063702193070445,2.9338890558044244,0.7761051654815674,0.1911,0.0588,0.1238,DJF
9,37,HistGradientBoostingRegressor,0.1898820362449189,0.2040835587883465,2.938112676762835,2.249218702316284,0.1911,0.0644,0.1168,DJF
9,37,GradientBoostingRegressor,0.1877092123270922,0.2019488248885572,2.9420502061525533,72.13601899147034,0.1858,0.0525,0.1261,DJF
9,37,CatBoostRegressor,0.1678506238515384,0.1824383612596727,2.977796133939107,6.214113473892212,0.1685,0.0724,0.085,DJF
9,37,ExtraTreesRegressor,0.1542767503350803,0.1691024403369975,3.001984535765453,55.05763912200928,0.1506,0.0593,0.0862,DJF
9,37,XGBRegressor,0.1531757702530476,0.1680207606459626,3.0039379231242678,2.3317084312438965,,,,DJF
9,37,RandomForestRegressor,0.1445442217744621,0.1595405248598338,3.019208446720805,187.38733458518985,,,,DJF
9,37,KNeighborsRegressor,0.1395448334455964,0.1546287767626778,3.028017906530962,1.1639134883880615,,,,DJF
9,37,MLPRegressor,0.0911455770222258,0.1070779685430671,3.112013543021475,48.47560381889343,,,,DJF
9,37,BaggingRegressor,0.0893338890740125,0.1052980398304088,3.1151137042925106,17.847770929336548,,,,DJF
9,37,PoissonRegressor,0.0723364416285732,0.0885985608832339,3.144050868446415,0.1505687236785888,,,,DJF
9,37,ElasticNetCV,-0.03315118699954,-0.0150398494790962,3.3179990341763315,1.2084531784057615,,,,DJF
9,37,LassoCV,-0.0339841130799813,-0.015858174206355,3.319336249472923,1.0400536060333252,,,,DJF
9,37,LassoLarsCV,-0.0376983901392586,-0.0195073392797859,3.3252927637809706,0.4506163597106933,,,,DJF
9,37,LassoLarsIC,-0.0402993102590651,-0.0220626647734174,3.329457465344129,0.2200379371643066,,,,DJF
9,37,LinearRegression,-0.0402994856478498,-0.0220628370876032,3.3294577460082944,0.1359944343566894,,,,DJF
9,37,TransformedTargetRegressor,-0.0402994856478498,-0.0220628370876032,3.3294577460082944,0.1225109100341796,,,,DJF
9,37,Ridge,-0.040314206908836,-0.0220773002820742,3.329481303475976,0.0665383338928222,,,,DJF
9,37,RidgeCV,-0.0403142069113728,-0.0220773002845666,3.329481303480035,0.1393549442291259,,,,DJF
9,37,BayesianRidge,-0.0403775901454648,-0.022139572398466,3.3295827296055034,0.2042388916015625,,,,DJF
9,37,SGDRegressor,-0.053950170914522,-0.0354742232358491,3.3512309254392134,0.3452563285827636,,,,DJF
9,37,OrthogonalMatchingPursuitCV,-0.0964781258179967,-0.0772566549719471,3.418175065761397,0.2412691116333007,,,,DJF
9,37,GammaRegressor,-0.143801785601916,-0.1237507219665103,3.491159580905649,0.0981817245483398,,,,DJF
9,37,HuberRegressor,-0.1463230793362351,-0.1262278169403916,3.495005261822875,1.8188016414642332,,,,DJF
9,37,OrthogonalMatchingPursuit,-0.1468530784287682,-0.1267485250476641,3.4958131211397365,0.0999200344085693,,,,DJF
9,37,LinearSVR,-0.1642242744167525,-0.1438152006540904,3.5221888739726235,5.515635967254639,,,,DJF
9,37,LarsCV,-0.2315763599745932,-0.2099865912956464,3.622638412244701,0.4473974704742431,,,,DJF
9,37,TweedieRegressor,-0.2591964922346605,-0.237122537364945,3.6630350003129033,0.0763881206512451,,,,DJF
9,37,ExtraTreeRegressor,-0.457182014511245,-0.4316373356436931,3.9404989571051376,0.6459882259368896,,,,DJF
9,37,ElasticNet,-0.536947152993531,-0.5100041760224718,4.046912208741736,0.1005873680114746,,,,DJF
9,37,DecisionTreeRegressor,-0.5621707159519849,-0.534785565107482,4.07998495812999,3.018806934356689,,,,DJF
9,37,PassiveAggressiveRegressor,-0.6625146556818406,-0.6333704564197906,4.20898188893128,0.1645538806915283,,,,DJF
9,37,LassoLars,-0.7006141652137381,-0.6708020742769956,4.256936891519818,0.0828518867492675,,,,DJF
9,37,Lasso,-0.7006220829252534,-0.6708098531895168,4.256946801221766,0.1035754680633544,,,,DJF
9,37,AdaBoostRegressor,-0.8751969011563687,-0.8423243415334485,4.470105304007916,24.865464448928837,,,,DJF
9,37,RANSACRegressor,-1.214990011959709,-1.1761608142432358,4.858253831734016,0.4273905754089355,,,,DJF
9,37,DummyRegressor,-2.1224585330617147,-2.0677212389488293,5.7682311504373,0.0693957805633544,,,,DJF
9,37,QuantileRegressor,-4.458162204674935,-4.362479579349508,7.626364083082178,226.33990669250488,,,,DJF
9,37,Lars,-1.8935458107116852e+27,-1.8603515912017416e+27,142047051700588.2,0.0901811122894287,,,,DJF
9,37,CatBoostRegressor,0.4775423193030038,0.4858587662896911,2.1895540104242683,12.074556827545166,0.4756,0.021,0.4537,JJA
9,37,ExtraTreesRegressor,0.4592940662889764,0.4679009877665131,2.227463884515576,55.73194932937622,0.4575,0.0366,0.4215,JJA
9,37,KNeighborsRegressor,0.4416845244475637,0.4505717534535275,2.263444950415923,1.2196662425994873,0.4341,0.047,0.3869,JJA
9,37,HistGradientBoostingRegressor,0.4390030606465972,0.4479329730169202,2.268873848581096,2.283724069595337,0.4375,0.0404,0.3966,JJA
9,37,XGBRegressor,0.4354240749123014,0.4444109573420667,2.2760996964626115,2.5596683025360107,0.4313,0.0507,0.3975,JJA
9,37,LGBMRegressor,0.435419433912233,0.4444063902171321,2.2761090515879974,29.163766860961918,,,,JJA
9,37,MLPRegressor,0.4290869312708206,0.4381746879361242,2.2888382138220287,49.77349925041199,,,,JJA
9,37,GradientBoostingRegressor,0.4255820595526129,0.434725606535327,2.2958531258882573,65.26748847961426,,,,JJA
9,37,RandomForestRegressor,0.4111922829826505,0.4205648854820424,2.32443202385539,181.35188508033752,,,,JJA
9,37,BaggingRegressor,0.3802108901598728,0.390076652431824,2.384800609410591,17.780920267105103,,,,JJA
9,37,PoissonRegressor,0.3317899575965636,0.3424264810872445,2.4762050365020043,0.2792606353759765,,,,JJA
9,37,GammaRegressor,0.2596294916392713,0.2714146606793254,2.6064815727659205,0.1537427902221679,,,,JJA
9,37,ElasticNetCV,0.2346095287545934,0.2467929639176792,2.650157158436672,1.5832955837249756,,,,JJA
9,37,LassoCV,0.2298618838179497,0.2421208916807697,2.658363789377416,1.9776673316955569,,,,JJA
9,37,LassoLarsCV,0.2288722052096209,0.2411469667114133,2.660071327956743,0.6473405361175537,,,,JJA
9,37,BayesianRidge,0.2282153101473301,0.2405005280615042,2.661204094637739,0.2439808845520019,,,,JJA
9,37,Ridge,0.2281129139921802,0.240399761841615,2.661380625756579,0.3070368766784668,,,,JJA
9,37,RidgeCV,0.2281129139870781,0.240399761836594,2.661380625765375,0.7252371311187744,,,,JJA
9,37,LinearRegression,0.2280879833746553,0.2403752280680196,2.66142360440458,0.1801328659057617,,,,JJA
9,37,TransformedTargetRegressor,0.2280879833746553,0.2403752280680196,2.66142360440458,0.2576253414154053,,,,JJA
9,37,LassoLarsIC,0.228087981586886,0.2403752263087079,2.661423607486544,0.2544097900390625,,,,JJA
9,37,SGDRegressor,0.2255451103686367,0.2378728323472047,2.6658037006203785,0.7905595302581787,,,,JJA
9,37,OrthogonalMatchingPursuitCV,0.151628526315519,0.1651328476157673,2.79012160463384,0.4069395065307617,,,,JJA
9,37,TweedieRegressor,0.1303314500388789,0.1441747767980762,2.8249254151798,0.1776773929595947,,,,JJA
9,37,HuberRegressor,0.0870383397937323,0.1015708034333794,2.894385496600361,2.836925745010376,,,,JJA
9,37,LinearSVR,0.0641181117836044,0.0790154181047003,2.9304925710871736,9.792384386062622,,,,JJA
9,37,DecisionTreeRegressor,0.0013235005350719,0.0172203673465052,3.0272097857134947,2.9419307708740234,,,,JJA
9,37,OrthogonalMatchingPursuit,-0.0556252098132996,-0.0388218371774315,3.112325278215926,0.1108653545379638,,,,JJA
9,37,ExtraTreeRegressor,-0.1011315430526516,-0.083603803598329,3.1787011956612177,0.6901500225067139,,,,JJA
9,37,ElasticNet,-0.1337821899064977,-0.1157347196037765,3.2254841992031813,0.1418294906616211,,,,JJA
9,37,RANSACRegressor,-0.2718501994767188,-0.2516049716817232,3.4162377285490315,0.6595840454101562,,,,JJA
9,37,LarsCV,-0.420996005289469,-0.3983766843704641,3.61099204748677,0.6418807506561279,,,,JJA
9,37,LassoLars,-0.6035219106538123,-0.5779971543823508,3.835902437088928,0.1024730205535888,,,,JJA
9,37,Lasso,-0.6035283276761201,-0.5780034692589195,3.835910112396237,0.1947884559631347,,,,JJA
9,37,PassiveAggressiveRegressor,-0.6263212102078597,-0.6004335361861568,3.863076126125241,0.2994384765625,,,,JJA
9,37,AdaBoostRegressor,-0.6995833668822153,-0.6725295106707898,3.9491291742562176,22.871147394180294,,,,JJA
9,37,DummyRegressor,-3.0260263994394165,-2.9619403761020355,6.07810799945789,0.0771422386169433,,,,JJA
9,37,QuantileRegressor,-6.868097443924452,-6.742853586486673,8.496987285586599,216.48066449165344,,,,JJA
9,37,Lars,-5.599787196448471e+30,-5.51065015228852e+30,7168294923057470.0,0.1107535362243652,,,,JJA
9,37,CatBoostRegressor,0.3381084213410511,0.3492513772107304,2.321120689902035,7.298185348510742,0.3153,0.1207,0.2124,MAM
9,37,LGBMRegressor,0.326678936129372,0.3380143075750055,2.3410753680451384,0.739098072052002,0.3053,0.1107,0.2041,MAM
9,37,HistGradientBoostingRegressor,0.3190815872583334,0.3305448602001123,2.3542459613910003,2.5426533222198486,0.298,0.1095,0.1925,MAM
9,37,ExtraTreesRegressor,0.3151392712932206,0.326668913190641,2.3610513188257056,58.011409521102905,0.2944,0.1099,0.1834,MAM
9,37,KNeighborsRegressor,0.2993660013114722,0.3111611864745787,2.3880856501347623,1.2940893173217771,0.2821,0.108,0.1578,MAM
9,37,XGBRegressor,0.2909234796431647,0.3028607948006871,2.402430580950756,2.266559600830078,,,,MAM
9,37,GradientBoostingRegressor,0.2594434742567792,0.2719107558349479,2.4551803618173027,76.66789889335632,,,,MAM
9,37,MLPRegressor,0.2202446702657216,0.2333718643689922,2.51932079229898,54.48508644104004,,,,MAM
9,37,RandomForestRegressor,0.2166957066890028,0.2298826476538343,2.5250474779825267,198.634703874588,,,,MAM
9,37,BaggingRegressor,0.1548572932730282,0.1690852849687684,2.6228250268688176,20.339314699172974,,,,MAM
9,37,PoissonRegressor,0.1437987691087228,0.1582129312449395,2.6399288305516504,0.165743350982666,,,,MAM
9,37,GammaRegressor,-0.0038921648341128,0.0130083766614108,2.858563390092414,0.0871233940124511,,,,MAM
9,37,ElasticNetCV,-0.0112083113777925,0.0058153975679615,2.8689607734233804,1.0651860237121582,,,,MAM
9,37,LassoCV,-0.0177052636368351,-0.0005721783904237,2.878162466757275,0.9542737007141112,,,,MAM
9,37,LassoLarsCV,-0.0177853032279953,-0.0006508705137193,2.8782756441309787,0.4263901710510254,,,,MAM
9,37,LarsCV,-0.0234280582919923,-0.0061986297012182,2.886243412679053,0.4123349189758301,,,,MAM
9,37,SGDRegressor,-0.0234389162950441,-0.0062093049096056,2.886258723357908,0.3346278667449951,,,,MAM
9,37,BayesianRidge,-0.027307600218233,-0.0100128594738184,2.891708726439544,0.1884987354278564,,,,MAM
9,37,RidgeCV,-0.0274734641752159,-0.0101759311082931,2.891942157445795,0.1526851654052734,,,,MAM
9,37,Ridge,-0.0274734641761478,-0.0101759311092093,2.891942157447106,0.0670497417449951,,,,MAM
9,37,LassoLarsIC,-0.0275122726690721,-0.010214086260502,2.8919967724132905,0.1954944133758545,,,,MAM
9,37,LinearRegression,-0.0275125772009905,-0.0102143856656202,2.8919972009752075,0.129580020904541,,,,MAM
9,37,TransformedTargetRegressor,-0.0275125772009905,-0.0102143856656202,2.8919972009752075,0.1369636058807373,,,,MAM
9,37,TweedieRegressor,-0.1780374276476424,-0.1582051477209145,3.096590944180223,0.0818560123443603,,,,MAM
9,37,HuberRegressor,-0.1952960585075429,-0.1751732292397392,3.1191915002285424,2.008944034576416,,,,MAM
9,37,LinearSVR,-0.2337136070088334,-0.2129440176652504,3.168921436773416,5.552174091339111,,,,MAM
9,37,OrthogonalMatchingPursuitCV,-0.2528922302858007,-0.2317997684964776,3.1934575903126614,0.2338125705718994,,,,MAM
9,37,RANSACRegressor,-0.2969045540690218,-0.2750711440678599,3.249064273125585,0.4196784496307373,,,,MAM
9,37,OrthogonalMatchingPursuit,-0.3046872867649259,-0.282722854327806,3.2587985191084603,0.0679478645324707,,,,MAM
9,37,ExtraTreeRegressor,-0.3182012757513841,-0.2960093350821688,3.275632405013236,0.6609189510345459,,,,MAM
9,37,DecisionTreeRegressor,-0.4260696028461841,-0.4020616970743629,3.4070197918066767,3.354952812194824,,,,MAM
9,37,ElasticNet,-0.4788794017145099,-0.4539824420896865,3.469530223394189,0.1060800552368164,,,,MAM
9,37,AdaBoostRegressor,-0.7618111789082118,-0.7321510580511712,3.786901209799123,21.482707023620605,,,,MAM
9,37,Lasso,-0.8963376702676613,-0.8644127936638286,3.9288199929569863,0.0814151763916015,,,,MAM
9,37,LassoLars,-0.8963652411592609,-0.864439900399004,3.9288485534496975,0.0767045021057128,,,,MAM
9,37,PassiveAggressiveRegressor,-1.1109251832778817,-1.0753877222799375,4.145154434572717,0.2149868011474609,,,,MAM
9,37,DummyRegressor,-3.7001028349443703,-3.620976524591773,6.185260213233147,0.0781607627868652,,,,MAM
9,37,QuantileRegressor,-8.282374154465412,-8.126105229306061,8.692282450659519,239.7382571697235,,,,MAM
9,37,Lars,-59432437275334.85,-58431891193258.49,21994599.85726097,0.0748569965362548,,,,MAM
9,37,CatBoostRegressor,0.3560799432839263,0.3662328523772071,2.2785997242587954,8.073273420333862,0.352,0.0908,0.297,SON
9,37,HistGradientBoostingRegressor,0.3122912306269375,0.323134571419435,2.3548017252621656,2.145249605178833,0.3083,0.0815,0.2441,SON
9,37,KNeighborsRegressor,0.3089512841650681,0.3198472870426336,2.3605129986376694,1.2337799072265625,0.307,0.0701,0.254,SON
9,37,ExtraTreesRegressor,0.3055930624995824,0.3165420156136395,2.3662416241115225,53.38441491127014,0.3008,0.0924,0.2352,SON
9,37,LGBMRegressor,0.301019335738951,0.312040404376564,2.3740214861586284,3.491786479949951,0.2943,0.0949,0.2108,SON
9,37,XGBRegressor,0.3008600354612458,0.3118836158411492,2.3742919948840684,2.217148303985596,,,,SON
9,37,GradientBoostingRegressor,0.2719400808659912,0.2834196521207321,2.4229007575464365,67.25034856796265,,,,SON
9,37,RandomForestRegressor,0.2556119767036439,0.2673489987948618,2.4499191514902003,171.5552589893341,,,,SON
9,37,MLPRegressor,0.2016765899734943,0.2142640298652929,2.537122848964104,49.78515124320984,,,,SON
9,37,BaggingRegressor,0.1740140936425108,0.1870376976320298,2.5807051157270977,17.09420919418335,,,,SON
9,37,PoissonRegressor,0.1386342118428942,0.1522156626022039,2.6353959450284083,0.1965446472167968,,,,SON
9,37,ElasticNetCV,0.0401348653692916,0.0552693892159567,2.782000301155437,2.337521314620972,,,,SON
9,37,LassoCV,0.0364176180606637,0.0516107530246687,2.787381989629821,2.1852047443389893,,,,SON
9,37,LassoLarsCV,0.0348590416097097,0.0500767511848896,2.789635347881383,0.581895112991333,,,,SON
9,37,BayesianRidge,0.0334426237146952,0.0486826664381846,2.791681598613565,0.2432734966278076,,,,SON
9,37,Ridge,0.0332485825812572,0.0484916848180631,2.79196180643688,0.2167870998382568,,,,SON
9,37,RidgeCV,0.0332485825779526,0.0484916848148104,2.791961806441652,0.5636928081512451,,,,SON
9,37,LassoLarsIC,0.033219042731386,0.0484626107331688,2.792004461405425,0.2153544425964355,,,,SON
9,37,LinearRegression,0.0332190077417285,0.0484625762952052,2.7920045119294232,0.1470160484313964,,,,SON
9,37,TransformedTargetRegressor,0.0332190077417285,0.0484625762952052,2.7920045119294232,0.3353018760681152,,,,SON
9,37,SGDRegressor,0.0223420221561085,0.0377570918838504,2.807666617961652,0.6878530979156494,,,,SON
9,37,OrthogonalMatchingPursuitCV,-0.0602872380938483,-0.0435693243887946,2.9239088597974865,0.2680411338806152,,,,SON
9,37,HuberRegressor,-0.0913788150095602,-0.0741706697133337,2.96646906544434,2.422827243804932,,,,SON
9,37,LinearSVR,-0.1245762921903876,-0.1068447108489134,3.011248010031124,10.506325960159302,,,,SON
9,37,OrthogonalMatchingPursuit,-0.1353098467782576,-0.117409025788411,3.02558435957012,0.0792958736419677,,,,SON
9,37,GammaRegressor,-0.2602429034143945,-0.240372219933789,3.187712859681127,0.1148378849029541,,,,SON
9,37,LarsCV,-0.4088855580989556,-0.3866711747371991,3.370465785513898,0.5664801597595215,,,,SON
9,37,TweedieRegressor,-0.4332783116842484,-0.4106793193836908,3.3995178725493385,0.2203912734985351,,,,SON
9,37,DecisionTreeRegressor,-0.4668733802035982,-0.4437446828983558,3.4391282996644903,2.823896169662476,,,,SON
9,37,ExtraTreeRegressor,-0.5467226652970345,-0.5223349568393025,3.5314925058932545,0.6541781425476074,,,,SON
9,37,AdaBoostRegressor,-0.7886713432233834,-0.7604687467114519,3.797671004438768,23.057286739349365,,,,SON
9,37,ElasticNet,-0.8566431472158378,-0.8273688158827217,3.8691563858974174,0.123920202255249,,,,SON
9,37,PassiveAggressiveRegressor,-0.89416787758886,-0.8643018809205001,3.90806067541376,0.2285273075103759,,,,SON
9,37,LassoLars,-1.1881241825998403,-1.1536232757263316,4.200374827329353,0.0795633792877197,,,,SON
9,37,Lasso,-1.188150116907874,-1.153648801119207,4.200399719310512,0.1002891063690185,,,,SON
9,37,RANSACRegressor,-1.3469790967934596,-1.309973469829302,4.3501744666232725,0.580578088760376,,,,SON
9,37,DummyRegressor,-3.229422820990579,-3.162736056118618,5.839727960984599,0.105964183807373,,,,SON
9,37,QuantileRegressor,-6.404579608828804,-6.2878290543798565,7.726846194053125,215.54017329216003,,,,SON
9,37,Lars,-3.903727567686867e+18,-3.842176151938475e+18,5610374022.286318,0.0868785381317138,,,,SON
