cluster_id,n_stations,Model,Adjusted R-Squared,R-Squared,RMSE,Time Taken,R2_deploy_mean,R2_deploy_std,R2_deploy_min,season
1,4,ExtraTreesRegressor,0.5239899278780864,0.5429240340266901,2.1985726229639377,41.19647073745728,0.4998,0.1454,0.2778,
1,4,HistGradientBoostingRegressor,0.5219199303557098,0.5409363741587275,2.20334784009295,2.260465621948242,0.4991,0.1291,0.2575,
1,4,CatBoostRegressor,0.5146654852679119,0.5339704869006606,2.2200018344954624,5.13298225402832,0.4914,0.1314,0.26,
1,4,LGBMRegressor,0.5132711787815507,0.5326316413143153,2.223188443835947,0.5911247730255127,0.4894,0.1281,0.2812,
1,4,RandomForestRegressor,0.5028022704261675,0.5225791515048196,2.2469702015795074,137.40337944030762,0.4763,0.1328,0.2233,
1,4,GradientBoostingRegressor,0.4945538786933641,0.5146588535115624,2.2655318845967902,55.4455349445343,,,,
1,4,MLPRegressor,0.4810820254113638,0.5017228659916515,2.295525395638699,21.619028329849243,,,,
1,4,HuberRegressor,0.4740049577692429,0.494927300691192,2.311125715893887,0.7267930507659912,,,,
1,4,XGBRegressor,0.4737913863218814,0.4947222244095665,2.311594865154996,1.828415870666504,,,,
1,4,LinearSVR,0.4712905103779533,0.4923208250384254,2.317081433940186,2.1454432010650635,,,,
1,4,ElasticNetCV,0.4563472442094753,0.4779719525696009,2.34959787932146,1.1119582653045654,,,,
1,4,LassoCV,0.456153936533531,0.4777863340335928,2.350015567756785,0.7794013023376465,,,,
1,4,BayesianRidge,0.4542939655651017,0.4760003465579762,2.354030701997303,0.1303987503051757,,,,
1,4,RidgeCV,0.4541753164995237,0.4758864169597658,2.354286598345707,0.1088166236877441,,,,
1,4,Ridge,0.4541129020127425,0.4758264851148176,2.3544211996140247,0.0509729385375976,,,,
1,4,LinearRegression,0.4541057754162886,0.4758196419907976,2.354436568135347,0.1021962165832519,,,,
1,4,TransformedTargetRegressor,0.4541057754162886,0.4758196419907976,2.354436568135347,0.0870094299316406,,,,
1,4,PoissonRegressor,0.4530120329472834,0.4747694049793872,2.356794038284096,0.0896902084350586,,,,
1,4,SGDRegressor,0.4503322983192649,0.4721962613309898,2.362560039309893,0.1631748676300048,,,,
1,4,BaggingRegressor,0.4207473606786047,0.4437881146502164,2.4253071955994563,13.676202774047852,,,,
1,4,LassoLarsIC,0.4074989862028955,0.4310667166888933,2.452885599267517,0.1502926349639892,,,,
1,4,KNeighborsRegressor,0.3987874242614273,0.4227016718658227,2.470852228186108,0.3502182960510254,,,,
1,4,GammaRegressor,0.3805467952784551,0.4051865947684258,2.5080546570409714,0.0603220462799072,,,,
1,4,TweedieRegressor,0.3565282300384625,0.3821234086063674,2.5562156763271155,0.0521562099456787,,,,
1,4,LarsCV,0.3424753618568972,0.3686295170377462,2.583977692618276,0.3555722236633301,,,,
1,4,RANSACRegressor,0.2822673756265036,0.3108164053468729,2.6996911841040427,0.2568747997283935,,,,
1,4,ElasticNet,0.2802454774921555,0.3088749316323838,2.703491110116334,0.0543489456176757,,,,
1,4,LassoLars,0.2632021515386429,0.2925095328103088,2.7353123045830547,0.043015718460083,,,,
1,4,Lasso,0.2631891631278867,0.2924970610355701,2.7353364137761416,0.0705564022064209,,,,
1,4,OrthogonalMatchingPursuit,0.1861901395434398,0.2185608039161013,2.874711183002919,0.0447611808776855,,,,
1,4,OrthogonalMatchingPursuitCV,0.1861901395434398,0.2185608039161013,2.874711183002919,0.1690680980682373,,,,
1,4,LassoLarsCV,0.0663295764124145,0.1034678975181314,3.079140779277294,0.2197511196136474,,,,
1,4,QuantileRegressor,-0.075715584402102,-0.0329271766484944,3.305076185408267,53.48002505302429,,,,
1,4,PassiveAggressiveRegressor,-0.0996135822341226,-0.0558745911752636,3.34158715152318,0.1021482944488525,,,,
1,4,DecisionTreeRegressor,-0.1396452430399668,-0.0943139249288167,3.40186899979574,2.322272539138794,,,,
1,4,ExtraTreeRegressor,-0.1707107737552744,-0.124143771589154,3.4479229498742354,0.4365794658660888,,,,
1,4,DummyRegressor,-0.2374753323527247,-0.1882526568857987,3.544875769430807,0.0420441627502441,,,,
1,4,AdaBoostRegressor,-1.0072868807032354,-0.9274436481839864,4.5147890981800805,14.688416957855225,,,,
1,4,Lars,-6.167171433461288e+18,-5.921861753274761e+18,7913630256.177525,0.0518171787261962,,,,
10,31,CatBoostRegressor,0.4265067758776282,0.4300010691726549,2.2155959409536807,18.512478828430176,0.3833,0.1641,0.1932,
10,31,XGBRegressor,0.4112701986686384,0.4148573284041689,2.244835002360925,6.792324542999268,0.3673,0.1666,0.1807,
10,31,HistGradientBoostingRegressor,0.4078075324555591,0.4114157602107737,2.2514269212885667,7.375230312347412,0.3613,0.1579,0.1823,
10,31,LGBMRegressor,0.406736434315059,0.4103511882695263,2.2534620786797124,3.6948704719543457,0.36,0.158,0.1732,
10,31,ExtraTreesRegressor,0.403033018164591,0.4066703370277249,2.260484694541323,270.73177313804626,0.3574,0.172,0.1549,
10,31,MLPRegressor,0.4017931373012373,0.4054380107564836,2.262830953223761,129.49621176719666,,,,
10,31,GradientBoostingRegressor,0.3946681388617226,0.3983564249210365,2.276266893339928,321.5231413841248,,,,
10,31,RandomForestRegressor,0.3756255781999842,0.3794298905508768,2.3117931204945235,1016.8783514499664,,,,
10,31,KNeighborsRegressor,0.363791214823053,0.3676676339310258,2.3335990871571592,10.398369550704956,,,,
10,31,BaggingRegressor,0.3289876420287576,0.3330761192499613,2.3965785867873985,100.6088354587555,,,,
10,31,PoissonRegressor,0.305069873125167,0.30930408127395,2.438916799713329,1.2255759239196775,,,,
10,31,HuberRegressor,0.2807057110675977,0.2850883700167315,2.4813025471342502,10.41970157623291,,,,
10,31,BayesianRidge,0.2744837890193176,0.2789043581295152,2.492011118748402,1.057581901550293,,,,
10,31,RidgeCV,0.2744556302915917,0.2788763709728722,2.4920594782341423,1.6186397075653076,,,,
10,31,Ridge,0.2744556302861625,0.2788763709674761,2.4920594782434664,0.928473949432373,,,,
10,31,TransformedTargetRegressor,0.274453812137221,0.2788745638965131,2.4920626006799798,0.8052184581756592,,,,
10,31,LinearRegression,0.274453812137221,0.2788745638965131,2.4920626006799798,0.792504072189331,,,,
10,31,ElasticNetCV,0.27343234266428,0.277859318235433,2.493816224771797,10.16134476661682,,,,
10,31,LassoCV,0.2729972627785272,0.2774268892907264,2.49456278077781,6.9515907764434814,,,,
10,31,LassoLarsIC,0.2719229347367118,0.2763591071279472,2.4964052699850416,0.9537687301635742,,,,
10,31,LinearSVR,0.26790339570511,0.2723640591412199,2.503286812901488,48.07120633125305,,,,
10,31,LassoLarsCV,0.2641357497229617,0.2686193694199997,2.509719976952081,1.3209071159362793,,,,
10,31,SGDRegressor,0.2635259576103028,0.2680132927697055,2.510759632381159,2.429459810256958,,,,
10,31,GammaRegressor,0.2616690619453761,0.2661677111670878,2.5139228692078386,0.5684800148010254,,,,
10,31,LarsCV,0.2602368986777671,0.2647442740679721,2.516359854826474,1.839077711105347,,,,
10,31,TweedieRegressor,0.2138810636394233,0.218670885058189,2.594003419497098,0.4841318130493164,,,,
10,31,OrthogonalMatchingPursuit,0.1842556609500473,0.1892259898998973,2.64242974624856,0.3766260147094726,,,,
10,31,OrthogonalMatchingPursuitCV,0.1842556609500473,0.1892259898998973,2.64242974624856,1.2715849876403809,,,,
10,31,ElasticNet,0.1272575852567214,0.1325752033903791,2.733187694657609,0.4116556644439697,,,,
10,31,Lasso,0.008103860151075,0.0141474817407477,2.9137984998915147,0.4270243644714355,,,,
10,31,LassoLars,0.0080998789089528,0.0141435247563274,2.9138043475429054,0.3515114784240722,,,,
10,31,QuantileRegressor,-0.0421387717202037,-0.0357890218550993,2.986683427572628,1198.366415977478,,,,
10,31,RANSACRegressor,-0.0825273327833451,-0.0759314954804428,3.044008428832548,2.113712310791016,,,,
10,31,ExtraTreeRegressor,-0.1690905244181995,-0.1619672577274633,3.163373597756301,2.9335761070251465,,,,
10,31,DecisionTreeRegressor,-0.1879308085675892,-0.1806927480557396,3.1887611352602434,16.78908133506775,,,,
10,31,DummyRegressor,-0.4956921604351056,-0.4865789104997984,3.578059217862787,0.2973916530609131,,,,
10,31,PassiveAggressiveRegressor,-0.5081093925496702,-0.4989204844389989,3.592881037558666,1.0661165714263916,,,,
10,31,AdaBoostRegressor,-1.055980908583649,-1.0434538202042507,4.195038530689704,94.24653244018556,,,,
10,31,Lars,-100080339951327.02,-99470550600474.44,29268522.62335176,0.3648502826690674,,,,
10,31,CatBoostRegressor,0.1945620763104795,0.2155351058446515,2.7059781317000486,9.729144811630247,0.2128,0.0242,0.1945,DJF
10,31,LGBMRegressor,0.1691330093254394,0.190768193641771,2.74836239783283,2.0478482246398926,0.1886,0.0225,0.1628,DJF
10,31,XGBRegressor,0.1501401653130102,0.1722699097520957,2.779597405419836,3.167479991912842,0.1703,0.0044,0.1652,DJF
10,31,GradientBoostingRegressor,0.1496135544227762,0.171757011434152,2.780458453042637,86.30494904518127,0.1692,0.0214,0.1473,DJF
10,31,HistGradientBoostingRegressor,0.1474383320667982,0.1696384303181424,2.7840122800732248,3.30847716331482,0.1676,0.0107,0.1553,DJF
10,31,ExtraTreesRegressor,0.1278606046672514,0.1505704929879305,2.815796064355134,66.02754521369934,,,,DJF
10,31,RandomForestRegressor,0.1133034506850069,0.136392396921167,2.839198484716494,213.56532096862796,,,,DJF
10,31,KNeighborsRegressor,0.1075927931227238,0.1308304408120818,2.8483265615539994,1.1440212726593018,,,,DJF
10,31,MLPRegressor,0.0696120397402005,0.0938386791804968,2.908307252116229,53.09322428703308,,,,DJF
10,31,BaggingRegressor,0.040064059669731,0.0650601074535707,2.9541284245710187,21.36888337135315,,,,DJF
10,31,PoissonRegressor,0.0292681700678709,0.0545453351232072,2.9706937360544807,0.4975388050079345,,,,DJF
10,31,LassoCV,-0.0092904062594214,0.016990796644547,3.029118880423736,0.7401852607727051,,,,DJF
10,31,ElasticNetCV,-0.01185036941692,0.014497493103301,3.032957974616876,5.158981800079346,,,,DJF
10,31,BayesianRidge,-0.0169975456572042,0.0094843456641572,3.0406623580603,0.3579843044281006,,,,DJF
10,31,Ridge,-0.0170518452958456,0.0094314599494093,3.04074353065712,0.1481592655181884,,,,DJF
10,31,RidgeCV,-0.0170518452968926,0.0094314599483895,3.040743530658685,0.3009214401245117,,,,DJF
10,31,LinearRegression,-0.0170587168107403,0.0094247673638654,3.0407538027387573,0.252446174621582,,,,DJF
10,31,TransformedTargetRegressor,-0.0170587168107403,0.0094247673638654,3.0407538027387573,0.2851049900054931,,,,DJF
10,31,OrthogonalMatchingPursuit,-0.0227242457905767,0.003906764721101,3.04921130556726,0.1689786911010742,,,,DJF
10,31,OrthogonalMatchingPursuitCV,-0.0227242457905767,0.003906764721101,3.04921130556726,0.4501004219055176,,,,DJF
10,31,SGDRegressor,-0.0400267183853948,-0.0129451638180273,3.0748964396910257,0.6736366748809814,,,,DJF
10,31,HuberRegressor,-0.0598366708919724,-0.0322392792789791,3.104042911624416,4.597334623336792,,,,DJF
10,31,LassoLarsCV,-0.0654468231934366,-0.0377033472126118,3.112247557529655,0.4944677352905273,,,,DJF
10,31,LassoLarsIC,-0.0654468231934366,-0.0377033472126118,3.112247557529655,0.3430302143096924,,,,DJF
10,31,LinearSVR,-0.0808263401968569,-0.05268239255354,3.1346294205775984,21.033796310424805,,,,DJF
10,31,LarsCV,-0.1671404756109376,-0.1367489693935675,3.257390388282463,0.7123174667358398,,,,DJF
10,31,RANSACRegressor,-0.2011341417984862,-0.1698574647393205,3.3044866469809646,0.9702842235565186,,,,DJF
10,31,GammaRegressor,-0.2701239096678693,-0.2370507882192314,3.398061941661752,0.2228522300720214,,,,DJF
10,31,PassiveAggressiveRegressor,-0.316408290291942,-0.2821299565566106,3.459422053775257,0.5090572834014893,,,,DJF
10,31,TweedieRegressor,-0.3917815404873772,-0.3555405410320185,3.557081217666371,0.2130186557769775,,,,DJF
10,31,ElasticNet,-0.5548365504415691,-0.5143497147288376,3.759677696373115,0.1847712993621826,,,,DJF
10,31,DecisionTreeRegressor,-0.5813758115834415,-0.5401979124238911,3.7916286063622415,3.6338002681732178,,,,DJF
10,31,LassoLars,-0.6405500164445357,-0.5978312631611469,3.861917421637145,0.1535766124725341,,,,DJF
10,31,Lasso,-0.6405591359128433,-0.5978401451649986,3.861928155410647,0.1500298976898193,,,,DJF
10,31,ExtraTreeRegressor,-0.6442586236901717,-0.601443300917061,3.866280059076029,0.7734014987945557,,,,DJF
10,31,AdaBoostRegressor,-1.232484265576096,-1.1743519662897386,4.505079390590391,31.41641926765442,,,,DJF
10,31,DummyRegressor,-2.450364802360504,-2.3605197618239355,5.60067991288764,0.1170666217803955,,,,DJF
10,31,QuantileRegressor,-5.168440126491893,-5.007818341562684,7.488518761544846,207.16959643363955,,,,DJF
10,31,Lars,-451206335897983.6,-439457244465281.4,64046564.68175373,0.1571376323699951,,,,DJF
10,31,CatBoostRegressor,0.5792122041890443,0.5891274188898399,1.672034688594786,20.32633328437805,0.5783,0.1014,0.4635,JJA
10,31,ExtraTreesRegressor,0.5627273378396616,0.5730309929629105,1.7044720293679745,67.99177026748657,0.5619,0.099,0.4486,JJA
10,31,HistGradientBoostingRegressor,0.5553801770498201,0.5658569566728711,1.718731854805131,3.087011337280273,0.5543,0.12,0.4159,JJA
10,31,LGBMRegressor,0.5497089891753018,0.5603194015841516,1.729658454932014,24.888357162475582,0.5487,0.1184,0.4121,JJA
10,31,MLPRegressor,0.5487824864671392,0.5594147304817623,1.731436982286941,48.62670087814331,0.5483,0.0766,0.4605,JJA
10,31,XGBRegressor,0.5346433047445217,0.5456087167451675,1.7583555592345874,3.8461294174194336,,,,JJA
10,31,RandomForestRegressor,0.5328473645883862,0.5438550951458322,1.7617452820549784,231.51489853858948,,,,JJA
10,31,GradientBoostingRegressor,0.5311011093279545,0.5421499876943483,1.7650349855496958,87.55451321601868,,,,JJA
10,31,KNeighborsRegressor,0.5093388534344075,0.5209005257594339,1.8055293402066628,1.261399507522583,,,,JJA
10,31,BaggingRegressor,0.4965962848308651,0.508458216110171,1.8288240474945132,22.824174165725708,,,,JJA
10,31,PoissonRegressor,0.3869665653371688,0.4014117516851561,2.0181609389330792,0.3767893314361572,,,,JJA
10,31,LinearRegression,0.3865914470246485,0.4010454724564778,2.018778306035641,0.2665605545043945,,,,JJA
10,31,TransformedTargetRegressor,0.3865914470246485,0.4010454724564778,2.018778306035641,0.3690550327301025,,,,JJA
10,31,RidgeCV,0.3865711654994226,0.4010256688340786,2.0188116798486626,0.3211827278137207,,,,JJA
10,31,Ridge,0.3865711654959799,0.4010256688307171,2.0188116798543274,0.1603870391845703,,,,JJA
10,31,BayesianRidge,0.3864606123728791,0.4009177207212652,2.018993588389419,0.3694934844970703,,,,JJA
10,31,SGDRegressor,0.3840538611037963,0.3985676808297507,2.0229496989925098,0.7594780921936035,,,,JJA
10,31,LassoCV,0.3803645739816873,0.3949653260623172,2.028999010481397,3.894700050354004,,,,JJA
10,31,ElasticNetCV,0.3769706887339099,0.3916514124801551,2.034548068803343,4.466272354125977,,,,JJA
10,31,LassoLarsCV,0.3283887493726225,0.3442142315081167,2.112383161191691,0.6123871803283691,,,,JJA
10,31,LassoLarsIC,0.3283887493726225,0.3442142315081167,2.112383161191691,0.3175182342529297,,,,JJA
10,31,GammaRegressor,0.3264723357595541,0.3423429752228469,2.1153948112455336,0.2327914237976074,,,,JJA
10,31,HuberRegressor,0.318804738265693,0.3348560528249553,2.127401811595768,4.629804372787476,,,,JJA
10,31,LinearSVR,0.3018419779928181,0.3182929938069601,2.1537266489067277,17.155507802963257,,,,JJA
10,31,OrthogonalMatchingPursuit,0.2943486873365523,0.3109762709751701,2.165253714917871,0.1286849975585937,,,,JJA
10,31,OrthogonalMatchingPursuitCV,0.2943486873365523,0.3109762709751701,2.165253714917871,0.4096767902374267,,,,JJA
10,31,RANSACRegressor,0.2635775710504268,0.2809302285329095,2.21195974518991,1.088219165802002,,,,JJA
10,31,TweedieRegressor,0.2085869770974276,0.2272354030194808,2.2930594357499148,0.298494815826416,,,,JJA
10,31,ExtraTreeRegressor,0.1746099752529443,0.1940590167620729,2.341765068567647,0.793755292892456,,,,JJA
10,31,DecisionTreeRegressor,0.1307461547387303,0.151228779451377,2.403184010522238,3.799368381500244,,,,JJA
10,31,ElasticNet,-0.0502820748445147,-0.0255337994141149,2.641597787914101,0.2485983371734619,,,,JJA
10,31,PassiveAggressiveRegressor,-0.2541138365049136,-0.2245625803326192,2.8865706746868542,0.5906815528869629,,,,JJA
10,31,LassoLars,-0.404521709295381,-0.3714263238345141,3.0547659683331854,0.1661787033081054,,,,JJA
10,31,Lasso,-0.4045465409165554,-0.3714505703368762,3.0547929719941216,0.2339823246002197,,,,JJA
10,31,LarsCV,-0.6525947247633848,-0.6136538817243136,3.313575699202038,0.7094953060150146,,,,JJA
10,31,AdaBoostRegressor,-0.8768184000592438,-0.8325940723191128,3.531220538472555,29.71232652664185,,,,JJA
10,31,DummyRegressor,-3.5928446088142865,-3.4846213170811677,5.524011722657412,0.1292066574096679,,,,JJA
10,31,QuantileRegressor,-8.588496495579205,-8.362558380553155,7.981581864923601,214.1925163269043,,,,JJA
10,31,Lars,-74189262234.73007,-72441106820.32883,702076.185028492,0.1466753482818603,,,,JJA
10,31,CatBoostRegressor,0.3700960754520678,0.3852456635108154,2.068871086018987,7.596705913543701,0.3335,0.0605,0.2652,MAM
10,31,ExtraTreesRegressor,0.351153005779062,0.3667581866527301,2.099749185809882,66.76216340065002,0.3144,0.0674,0.2415,MAM
10,31,HistGradientBoostingRegressor,0.343794184295966,0.3595763494837845,2.111622643956895,3.090186595916748,0.3053,0.0614,0.235,MAM
10,31,GradientBoostingRegressor,0.3419724186838796,0.357798398487685,2.114551767097675,88.28711724281311,0.3022,0.0594,0.2338,MAM
10,31,LGBMRegressor,0.337111439754765,0.3530543291783845,2.1223477005857703,0.9209446907043456,0.2978,0.0629,0.2255,MAM
10,31,XGBRegressor,0.3370672432552901,0.3530111956326944,2.12241845061921,3.047175168991089,,,,MAM
10,31,RandomForestRegressor,0.3175707720693485,0.3339836269183134,2.1534018534086674,229.4368627071381,,,,MAM
10,31,KNeighborsRegressor,0.2913872087309922,0.3084297948501202,2.194324068805052,1.250584840774536,,,,MAM
10,31,MLPRegressor,0.2627221883304959,0.2804541863326737,2.238266810753119,54.82198762893677,,,,MAM
10,31,BaggingRegressor,0.2613272688339667,0.2790928155328965,2.2403831952203506,23.169374227523804,,,,MAM
10,31,PoissonRegressor,0.0340166596676581,0.0572491703845118,2.562011596812146,0.5018692016601562,,,,MAM
10,31,ElasticNetCV,-0.0366391994874342,-0.0117073706390022,2.654056027191268,3.125112295150757,,,,MAM
10,31,LassoLarsIC,-0.0385075813034994,-0.0135308166898711,2.6564467132036964,0.3538281917572021,,,,MAM
10,31,LarsCV,-0.0390960992672764,-0.0141051804241394,2.657199305295012,0.7111833095550537,,,,MAM
10,31,BayesianRidge,-0.0411214799848704,-0.0160818494535888,2.659787718558456,0.3425254821777344,,,,MAM
10,31,RidgeCV,-0.0411528083809102,-0.0161124243818757,2.6598277361057803,0.2862160205841064,,,,MAM
10,31,Ridge,-0.0411528083902204,-0.016112424390962,2.6598277361176725,0.1592223644256591,,,,MAM
10,31,LinearRegression,-0.0411573438928833,-0.0161168508119153,2.659833529524051,0.2724204063415527,,,,MAM
10,31,TransformedTargetRegressor,-0.0411573438928833,-0.0161168508119153,2.659833529524051,0.2733564376831054,,,,MAM
10,31,LassoCV,-0.0429870887417143,-0.0179025891390656,2.662169718358236,1.2494454383850098,,,,MAM
10,31,LassoLarsCV,-0.0439868956672677,-0.0188783500752702,2.663445390027716,0.5860373973846436,,,,MAM
10,31,SGDRegressor,-0.0477183527777662,-0.0225200632805795,2.6682010375588514,0.913266897201538,,,,MAM
10,31,GammaRegressor,-0.0733346241571712,-0.0475202471204798,2.700622257417933,0.2401418685913086,,,,MAM
10,31,HuberRegressor,-0.1163745633315809,-0.0895250485172771,2.754236562341508,4.549234867095947,,,,MAM
10,31,LinearSVR,-0.175936164088496,-0.1476541550787726,2.826754852001218,14.248512268066406,,,,MAM
10,31,ExtraTreeRegressor,-0.2417519825213279,-0.2118870614227137,2.904783065267212,0.8068122863769531,,,,MAM
10,31,OrthogonalMatchingPursuit,-0.2507572946175522,-0.2206757900634592,2.9152969294073605,0.1682057380676269,,,,MAM
10,31,OrthogonalMatchingPursuitCV,-0.2507572946175522,-0.2206757900634592,2.9152969294073605,0.4356093406677246,,,,MAM
10,31,RANSACRegressor,-0.2600928423372222,-0.2297868119518966,2.926156469493971,1.0272905826568604,,,,MAM
10,31,TweedieRegressor,-0.2744362240885662,-0.2437852262940312,2.942763268641693,0.2177009582519531,,,,MAM
10,31,PassiveAggressiveRegressor,-0.3427970508588354,-0.3105019319141293,3.0206573411608675,0.6440880298614502,,,,MAM
10,31,DecisionTreeRegressor,-0.3441626486885576,-0.3118346862517442,3.0221929249924866,3.89896297454834,,,,MAM
10,31,ElasticNet,-0.5093419145232867,-0.4730412861993089,3.2025070116781658,0.1803624629974365,,,,MAM
10,31,Lasso,-0.9075614171383484,-0.8616833577388185,3.600273864691625,0.2033209800720214,,,,MAM
10,31,LassoLars,-0.9075928217953352,-0.8617140070939284,3.600303500670685,0.1601121425628662,,,,MAM
10,31,AdaBoostRegressor,-0.9847602583481072,-0.9370255179574568,3.672402722050006,27.839003324508667,,,,MAM
10,31,DummyRegressor,-4.420129050426176,-4.289771516302003,6.068775700941882,0.1130528450012207,,,,MAM
10,31,QuantileRegressor,-9.901044119496126,-9.638867109027233,8.606574286398654,211.2642366886139,,,,MAM
10,31,Lars,-318251847.875266,-310597689.48459506,46503.08241409944,0.1443171501159668,,,,MAM
10,31,CatBoostRegressor,0.3504342523985038,0.366030397138725,2.3777148696150894,8.62119197845459,0.375,0.1449,0.279,SON
10,31,HistGradientBoostingRegressor,0.3383664933613151,0.3542523863176777,2.399700053355607,3.595141887664795,0.3623,0.1348,0.279,SON
10,31,LGBMRegressor,0.3357684826313655,0.3517167541098879,2.404406842137609,1.084345817565918,0.3603,0.1413,0.2693,SON
10,31,XGBRegressor,0.3230006379936055,0.3392554668202123,2.4274055774581345,3.912630558013916,0.349,0.1586,0.2372,SON
10,31,ExtraTreesRegressor,0.3224626243231874,0.338730370916944,2.428369919593809,95.58642530441284,0.3478,0.1494,0.2462,SON
10,31,GradientBoostingRegressor,0.3124932062639869,0.3290003196771935,2.446170434685698,102.6703715324402,,,,SON
10,31,RandomForestRegressor,0.2993854149658642,0.3162072478837014,2.4693792971642,270.4227805137634,,,,SON
10,31,KNeighborsRegressor,0.2977362762539176,0.3145977051728421,2.472283858014215,1.575679063796997,,,,SON
10,31,MLPRegressor,0.2828080595527927,0.3000279165896464,2.4984226936119143,93.03421354293825,,,,SON
10,31,BaggingRegressor,0.2472285836847817,0.2653027078338834,2.5596452303518857,27.27940607070923,,,,SON
10,31,PoissonRegressor,0.2028935292386693,0.2220321429005883,2.633943065258953,0.5037386417388916,,,,SON
10,31,SGDRegressor,0.1768130886848762,0.1965778965808163,2.676686102433302,0.7225019931793213,,,,SON
10,31,ElasticNetCV,0.1763820473334972,0.1961572045794916,2.677386800770301,9.52373504638672,,,,SON
10,31,LassoCV,0.1757649275133511,0.195554901873814,2.678389668100289,5.86581563949585,,,,SON
10,31,LassoLarsIC,0.1756198830004,0.1954133398955041,2.678625322131803,0.6401183605194092,,,,SON
10,31,BayesianRidge,0.1754470978148494,0.195244703301182,2.6789060194186893,0.7327706813812256,,,,SON
10,31,RidgeCV,0.1754068527733802,0.195205424547566,2.6789713950713923,0.5156538486480713,,,,SON
10,31,Ridge,0.1754068527718845,0.1952054245461063,2.678971395073821,0.3009428977966308,,,,SON
10,31,LinearRegression,0.1754021771390947,0.1952008611757719,2.678978990255023,0.4727983474731445,,,,SON
10,31,TransformedTargetRegressor,0.1754021771390947,0.1952008611757719,2.678978990255023,0.5397307872772217,,,,SON
10,31,LassoLarsCV,0.1631664842206435,0.1832589485843433,2.6987816503111697,1.0291829109191897,,,,SON
10,31,HuberRegressor,0.1323577431307959,0.15318992874223,2.7480116114023363,4.620429277420044,,,,SON
10,31,LinearSVR,0.1082407950878633,0.1296520312630915,2.785941650676873,15.966003894805908,,,,SON
10,31,OrthogonalMatchingPursuit,0.0972420249876948,0.1189173428376111,2.803069607971941,0.2240412235260009,,,,SON
10,31,OrthogonalMatchingPursuitCV,0.0972420249876948,0.1189173428376111,2.803069607971941,0.7496042251586914,,,,SON
10,31,GammaRegressor,-0.0396056335806531,-0.0146445884609829,3.0080325254244658,0.3043782711029053,,,,SON
10,31,RANSACRegressor,-0.1100880078232104,-0.0834346731787609,3.1083285776352985,1.3249008655548096,,,,SON
10,31,TweedieRegressor,-0.1580199131987512,-0.1302157282567424,3.174725859728317,0.2970407009124756,,,,SON
10,31,PassiveAggressiveRegressor,-0.2522238498167191,-0.2221578180393169,3.301331998237153,0.6856143474578857,,,,SON
10,31,DecisionTreeRegressor,-0.2740006486140272,-0.2434117535125108,3.329914176229266,4.495216369628906,,,,SON
10,31,ExtraTreeRegressor,-0.2793772810403079,-0.2486592924053889,3.3369333542230533,1.120579957962036,,,,SON
10,31,ElasticNet,-0.3134808223729211,-0.2819440039755931,3.381116101189233,0.3022422790527344,,,,SON
10,31,LassoLars,-0.4880643332015759,-0.4523357455889012,3.5988112503689624,0.19504976272583,,,,SON
10,31,Lasso,-0.4880800806161092,-0.4523511149062869,3.598830292496843,0.2783122062683105,,,,SON
10,31,AdaBoostRegressor,-0.6440950434552875,-0.6046201414009693,3.782785152938948,42.791091203689575,,,,SON
10,31,LarsCV,-1.4002049336560645,-1.3425757503290234,4.570591186394142,1.3778715133666992,,,,SON
10,31,DummyRegressor,-1.9174653950794505,-1.847416731423373,5.039077903043804,0.2098000049591064,,,,SON
10,31,QuantileRegressor,-4.364412354929388,-4.235612226778177,6.832966520549414,283.680948972702,,,,SON
10,31,Lars,-2.405895791940145e+16,-2.3481299704824416e+16,457600638.8009183,0.2330121994018554,,,,SON
11,16,CatBoostRegressor,0.5979864135292263,0.6025034201187855,1.8108072498602263,6.987277984619141,0.5605,0.1298,0.3298,
11,16,LGBMRegressor,0.5880126084482451,0.5926416802634333,1.8331323504911825,1.0502543449401855,0.5477,0.13,0.2889,
11,16,HistGradientBoostingRegressor,0.5854360418421355,0.5900940638439093,1.8388556153302105,3.889852523803711,0.5449,0.132,0.284,
11,16,ExtraTreesRegressor,0.5850372014074762,0.5896997047624484,1.8397399585599368,134.09170007705688,0.5444,0.1333,0.2778,
11,16,XGBRegressor,0.5774468832112558,0.582194671040343,1.8564895712293612,3.586930751800537,0.5362,0.1331,0.2988,
11,16,GradientBoostingRegressor,0.5718300584999014,0.5766409567190037,1.8687876139253945,178.58706402778623,,,,
11,16,RandomForestRegressor,0.5595525187818369,0.5645013668854117,1.8953914821261484,477.9691307544708,,,,
11,16,MLPRegressor,0.5511459245659207,0.5561892287842811,1.91339416664742,70.3148033618927,,,,
11,16,KNeighborsRegressor,0.5251231624821869,0.5304588572857579,1.9680782088678863,3.3767542839050293,,,,
11,16,BaggingRegressor,0.5204989358775244,0.525886588283395,1.9776373100033344,50.378700971603394,,,,
11,16,PoissonRegressor,0.4673336174781045,0.4733186330120584,2.084392508027874,0.4039626121520996,,,,
11,16,HuberRegressor,0.4490046727497401,0.4551956314828891,2.119950971878235,6.330781936645508,,,,
11,16,LinearSVR,0.4464645769069214,0.4526840760427988,2.124831854308581,38.38656663894653,,,,
11,16,ElasticNetCV,0.4378200396936729,0.4441366684611597,2.141359277898164,6.907843351364136,,,,
11,16,LassoCV,0.436791407174887,0.4431195936111243,2.1433174276856777,6.09968900680542,,,,
11,16,BayesianRidge,0.4363467744993773,0.4426799568083731,2.1441632963044834,0.5364344120025635,,,,
11,16,RidgeCV,0.436328363571381,0.4426617527447364,2.1441983140351755,0.4217889308929443,,,,
11,16,Ridge,0.4362546910604815,0.4425889080148582,2.144338434011174,0.2128863334655761,,,,
11,16,LinearRegression,0.4362463932391514,0.4425807034274756,2.144354215314752,0.5303544998168945,,,,
11,16,TransformedTargetRegressor,0.4362463932391514,0.4425807034274756,2.144354215314752,0.4063794612884521,,,,
11,16,LassoLarsIC,0.4281996178454897,0.4346243412404843,2.1596037844437075,0.6177620887756348,,,,
11,16,SGDRegressor,0.4231524664617706,0.4296338994228743,2.1691140090992675,0.7899441719055176,,,,
11,16,LassoLarsCV,0.4228854697040199,0.429369902628694,2.1696159436437155,0.8083446025848389,,,,
11,16,GammaRegressor,0.41482651652496,0.4214014994853537,2.184711920605809,0.268442153930664,,,,
11,16,TweedieRegressor,0.3622962773387659,0.3694614877057461,2.280664147018653,0.2675604820251465,,,,
11,16,OrthogonalMatchingPursuitCV,0.3388591450998396,0.3462876940313021,2.322195914830789,0.6620240211486816,,,,
11,16,OrthogonalMatchingPursuit,0.3388591450998396,0.3462876940313021,2.322195914830789,0.2141404151916504,,,,
11,16,LarsCV,0.2993148731477164,0.3071877397415624,2.390635193907863,1.3961784839630127,,,,
11,16,ElasticNet,0.2759680968830265,0.2841032868056892,2.430136736361704,0.2960953712463379,,,,
11,16,Lasso,0.1899484287409505,0.199050131788805,2.570444277426413,0.3547084331512451,,,,
11,16,LassoLars,0.1899407361285323,0.1990425256102342,2.5704564824423195,0.1949248313903808,,,,
11,16,ExtraTreeRegressor,0.1219284118278474,0.1317943847286582,2.6761892487867107,1.688966989517212,,,,
11,16,DecisionTreeRegressor,0.1172831689214404,0.1272013355627727,2.6832588038493714,8.19995927810669,,,,
11,16,PassiveAggressiveRegressor,0.0919795074463764,0.1021819848907992,2.7214457674607173,0.5904629230499268,,,,
11,16,RANSACRegressor,0.0577099136231599,0.0682974426835739,2.772325184508748,1.0947625637054443,,,,
11,16,QuantileRegressor,-0.1149923321752164,-0.1024643284429105,3.0156976639698154,382.6858274936676,,,,
11,16,AdaBoostRegressor,-0.3399005042210978,-0.3248454423759168,3.3058879881210497,43.17815566062927,,,,
11,16,DummyRegressor,-0.6736054373393638,-0.6548008818636404,3.6946933447481016,0.1548502445220947,,,,
11,16,Lars,-40870709326841.12,-40411487873730.53,18258199.442967363,0.2526726722717285,,,,
11,16,CatBoostRegressor,0.4519292888190422,0.4762028168200637,2.1594584222272597,6.037808418273926,0.4655,0.1965,0.3008,DJF
11,16,ExtraTreesRegressor,0.444187141240704,0.4688035615587148,2.174657387858164,35.189659118652344,0.4578,0.2143,0.28,DJF
11,16,HistGradientBoostingRegressor,0.4346858383823422,0.4597230623234506,2.1931658869802875,1.661447525024414,0.4487,0.2078,0.2758,DJF
11,16,LGBMRegressor,0.4339139965566432,0.4589854046345542,2.1946625766710204,1.9238996505737305,0.448,0.207,0.2784,DJF
11,16,RandomForestRegressor,0.4275930134190208,0.4529443717990642,2.206881492595433,111.83331751823424,0.4415,0.2188,0.2573,DJF
11,16,MLPRegressor,0.4036928362514312,0.430102710636566,2.2524832129809647,25.20137119293213,,,,DJF
11,16,GradientBoostingRegressor,0.4008278746386533,0.4273646354355428,2.257887764268645,48.913960218429565,,,,DJF
11,16,XGBRegressor,0.3948022940225381,0.4216059220262019,2.269212599128595,1.74527907371521,,,,DJF
11,16,BaggingRegressor,0.3764457054798799,0.4040623292465053,2.303369898257498,11.269550323486328,,,,DJF
11,16,KNeighborsRegressor,0.3693320497932091,0.3972637305715985,2.316471333946049,0.3772823810577392,,,,DJF
11,16,PoissonRegressor,0.1931710795614145,0.2289047613524009,2.620096446254213,0.1303417682647705,,,,DJF
11,16,LassoCV,0.1729983142169811,0.2096254285057395,2.6526487516374964,1.48921799659729,,,,DJF
11,16,ElasticNetCV,0.1725138908130294,0.2091624597513801,2.653425543897544,1.5808532238006592,,,,DJF
11,16,BayesianRidge,0.1723117227091055,0.2089692454795647,2.653749661271879,0.1587531566619873,,,,DJF
11,16,Ridge,0.172127026324676,0.2087927291214852,2.6540457332598946,0.0626001358032226,,,,DJF
11,16,RidgeCV,0.1721270263205149,0.2087927291175084,2.654045733266565,0.1283974647521972,,,,DJF
11,16,LinearRegression,0.1720941778038349,0.2087613354302385,2.654098386634609,0.1111547946929931,,,,DJF
11,16,TransformedTargetRegressor,0.1720941778038349,0.2087613354302385,2.654098386634609,0.1534540653228759,,,,DJF
11,16,SGDRegressor,0.1688137725484393,0.2056262161884852,2.6593513457654203,0.3211324214935303,,,,DJF
11,16,LassoLarsIC,0.1432016571559901,0.1811484369089882,2.700013020752407,0.1459965705871582,,,,DJF
11,16,HuberRegressor,0.1203764422809609,0.1593341289864661,2.735740977494845,1.308521032333374,,,,DJF
11,16,OrthogonalMatchingPursuit,0.1146308816079756,0.1538430337045921,2.744661146615615,0.0579946041107177,,,,DJF
11,16,OrthogonalMatchingPursuitCV,0.1146308816079756,0.1538430337045921,2.744661146615615,0.1529817581176757,,,,DJF
11,16,LassoLarsCV,0.1089039778978896,0.1483697690865612,2.7535235936403923,0.1769862174987793,,,,DJF
11,16,LinearSVR,0.0682322060978224,0.109499311189061,2.815661206115328,6.300387382507324,,,,DJF
11,16,DecisionTreeRegressor,-0.0227320652876101,0.0225637604477385,2.9499013037495603,1.876025438308716,,,,DJF
11,16,LarsCV,-0.0337505488658711,0.0120332749766733,2.965749229136083,0.2893235683441162,,,,DJF
11,16,GammaRegressor,-0.0376787199235297,0.0082790788609622,2.9713786936297053,0.0767405033111572,,,,DJF
11,16,RANSACRegressor,-0.0982569124772148,-0.0496161634397622,3.056880927724042,0.4479463100433349,,,,DJF
11,16,TweedieRegressor,-0.1705073275425626,-0.1186666766723791,3.155830128320005,0.1128864288330078,,,,DJF
11,16,ExtraTreeRegressor,-0.2018269978939753,-0.1485992287564799,3.197772235936774,0.3958077430725097,,,,DJF
11,16,AdaBoostRegressor,-0.4405068066055335,-0.3767081368491112,3.5009362854025508,17.057600498199463,,,,DJF
11,16,ElasticNet,-0.5197303858782851,-0.4524229795107153,3.5959183594398825,0.0890727043151855,,,,DJF
11,16,LassoLars,-0.7576480239635202,-0.6798034727856486,3.8671632392580464,0.0606598854064941,,,,DJF
11,16,Lasso,-0.7576807397545324,-0.6798347396255437,3.867199229602501,0.076401948928833,,,,DJF
11,16,PassiveAggressiveRegressor,-2.022103876304431,-1.8882577838806915,5.070855600182332,0.1317064762115478,,,,DJF
11,16,DummyRegressor,-2.482134155314392,-2.327913761489279,5.443137423623045,0.0472686290740966,,,,DJF
11,16,QuantileRegressor,-5.261146722572633,-4.983846518076409,7.298834062364225,71.26296281814575,,,,DJF
11,16,Lars,-257132762283283.5,-245744597986354.8,46774080.34056989,0.0669512748718261,,,,DJF
11,16,CatBoostRegressor,0.6710725144978862,0.686266085546201,1.4266076345883218,5.977215766906738,0.6718,0.0369,0.6318,JJA
11,16,ExtraTreesRegressor,0.6604582106973658,0.6761420696846026,1.4494427883634908,39.31290555000305,0.6613,0.0443,0.6113,JJA
11,16,HistGradientBoostingRegressor,0.6482793765417797,0.6645257910775322,1.4752084062242623,3.022386074066162,0.6489,0.0208,0.6286,JJA
11,16,LGBMRegressor,0.6432572102780076,0.659735604941017,1.4857032158347303,0.8763651847839355,0.6439,0.0278,0.6156,JJA
11,16,MLPRegressor,0.6347764697149326,0.6516466003682947,1.5032590820815617,26.69461989402771,0.6354,0.0378,0.6006,JJA
11,16,RandomForestRegressor,0.6235750765446069,0.6409626135275546,1.5261374395524123,124.85555481910706,,,,JJA
11,16,XGBRegressor,0.6184631510297642,0.6360868142317929,1.5364651201617514,1.8252999782562256,,,,JJA
11,16,GradientBoostingRegressor,0.598710512344198,0.6172465745778939,1.5757356210384856,52.26497101783752,,,,JJA
11,16,KNeighborsRegressor,0.5788149597488736,0.5982700223860813,1.6143248422657304,0.5004897117614746,,,,JJA
11,16,BaggingRegressor,0.5786624723171292,0.5981245785391095,1.6146170439694332,12.975423097610474,,,,JJA
11,16,ElasticNetCV,0.3566715718920886,0.3863877148435886,1.995128317579664,2.186537742614746,,,,JJA
11,16,LassoCV,0.3472677951106919,0.3774183102473941,2.009657192115037,2.1140878200531006,,,,JJA
11,16,PoissonRegressor,0.3463670899889821,0.3765592098193128,2.011043277021353,0.1525609493255615,,,,JJA
11,16,BayesianRidge,0.3354132273900858,0.3661113198039959,2.0278242294057147,0.1880285739898681,,,,JJA
11,16,RidgeCV,0.3349340717377154,0.3656542969491823,2.028555110917444,0.1361927986145019,,,,JJA
11,16,Ridge,0.3349340717303286,0.3656542969421368,2.028555110928709,0.067490816116333,,,,JJA
11,16,LinearRegression,0.3347599948915779,0.3654882609298113,2.0288205743526557,0.1217434406280517,,,,JJA
11,16,TransformedTargetRegressor,0.3347599948915779,0.3654882609298113,2.0288205743526557,0.1379473209381103,,,,JJA
11,16,HuberRegressor,0.3260854877462461,0.3572144400950824,2.0420053032744496,2.6226918697357178,,,,JJA
11,16,SGDRegressor,0.3085876706238761,0.3405248689824167,2.0683451922146343,0.3409011363983154,,,,JJA
11,16,LassoLarsCV,0.3035161169106458,0.335687576664368,2.075917054779042,0.2240025997161865,,,,JJA
11,16,LassoLarsIC,0.3035161169106458,0.335687576664368,2.075917054779042,0.151538610458374,,,,JJA
11,16,LinearSVR,0.2960557292601232,0.3285717936297934,2.087005533874701,5.336302042007446,,,,JJA
11,16,RANSACRegressor,0.2819851625264501,0.315151163933251,2.107760059707469,0.4549295902252197,,,,JJA
11,16,GammaRegressor,0.2701887474571581,0.3038996399976297,2.125003936590229,0.1018009185791015,,,,JJA
11,16,OrthogonalMatchingPursuitCV,0.2070366158234807,0.2436645841363345,2.2150372200651125,0.1651713848114013,,,,JJA
11,16,OrthogonalMatchingPursuit,0.2070366158234807,0.2436645841363345,2.2150372200651125,0.0642492771148681,,,,JJA
11,16,TweedieRegressor,0.1318923297816945,0.1719913064449387,2.317614813308993,0.0867865085601806,,,,JJA
11,16,ExtraTreeRegressor,0.0453417848086163,0.0894386391570027,2.430403704026698,0.4807333946228027,,,,JJA
11,16,DecisionTreeRegressor,0.0029424437535678,0.048997776578565,2.483788293744196,2.1613690853118896,,,,JJA
11,16,AdaBoostRegressor,-0.0426765083414726,0.0054860208120638,2.5399739106046133,16.753201723098755,,,,JJA
11,16,ElasticNet,-0.2046891045126304,-0.1490430113544296,2.7301842224026363,0.1630513668060302,,,,JJA
11,16,Lasso,-0.506267869437697,-0.4366914767651291,3.052850712584533,0.1638364791870117,,,,JJA
11,16,LassoLars,-0.5062881961304442,-0.4367108645425712,3.052871311227824,0.0710916519165039,,,,JJA
11,16,PassiveAggressiveRegressor,-0.8077103128645198,-0.7242099175377146,3.3444051162118758,0.1376888751983642,,,,JJA
11,16,DummyRegressor,-4.820835380573716,-4.551963730093407,6.001324632325872,0.0750973224639892,,,,JJA
11,16,QuantileRegressor,-10.71806401880552,-10.176792017936869,8.51495573222081,72.2357907295227,,,,JJA
11,16,LarsCV,-3.2195627246562246e+17,-3.070847104473563e+17,1411409078.565277,0.4307725429534912,,,,JJA
11,16,Lars,-3.2250114252395104e+17,-3.0760441227770694e+17,1412602888.8967433,0.0848040580749511,,,,JJA
11,16,CatBoostRegressor,0.4847073424394238,0.5075291617719435,1.7334624266445284,6.551181316375732,0.4821,0.0664,0.4091,MAM
11,16,ExtraTreesRegressor,0.4812276950219013,0.5042036246130059,1.739305406664473,35.006871700286865,0.4779,0.0533,0.4164,MAM
11,16,LGBMRegressor,0.4655497709585516,0.4892200608228583,1.765391736015003,1.708380937576294,0.4625,0.0611,0.3927,MAM
11,16,HistGradientBoostingRegressor,0.4655081923727516,0.4891803237128862,1.7654604057060348,1.7422354221343994,0.4619,0.0551,0.3985,MAM
11,16,RandomForestRegressor,0.4526560675109858,0.4768974071783315,1.7865600140281437,127.5569794178009,0.4495,0.0604,0.3798,MAM
11,16,XGBRegressor,0.4500010103878883,0.4743599399977487,1.7908878965283657,1.923846244812012,,,,MAM
11,16,GradientBoostingRegressor,0.4344130787739115,0.459462382977398,1.8160890279357789,48.25915932655335,,,,MAM
11,16,MLPRegressor,0.4145656972722017,0.4404940230340389,1.847679066233597,28.814598083496094,,,,MAM
11,16,BaggingRegressor,0.4085563558419163,0.4347508295925074,1.8571378444070807,12.515830039978027,,,,MAM
11,16,KNeighborsRegressor,0.3571894440501916,0.3856589092321179,1.936105218253664,0.3905832767486572,,,,MAM
11,16,ElasticNetCV,0.2447223012522915,0.2781728287026562,2.0986537235817044,1.658872365951538,,,,MAM
11,16,LassoCV,0.2413051294854492,0.2749070002075389,2.103395930944594,1.647085189819336,,,,MAM
11,16,SGDRegressor,0.2400723821613322,0.2737288500842569,2.105104063808924,0.4277184009552002,,,,MAM
11,16,BayesianRidge,0.2360982759341476,0.2699307532237776,2.1106012966525154,0.1429128646850586,,,,MAM
11,16,HuberRegressor,0.2358031874371648,0.2696487339143067,2.111008910622644,1.5018398761749268,,,,MAM
11,16,RidgeCV,0.2357774958845091,0.2696241802159644,2.1110443953563327,0.1415178775787353,,,,MAM
11,16,Ridge,0.2357774958773377,0.2696241802091107,2.111044395366237,0.0693843364715576,,,,MAM
11,16,LinearRegression,0.2357035025908764,0.2695534640145905,2.1111465902970714,0.1215441226959228,,,,MAM
11,16,TransformedTargetRegressor,0.2357035025908764,0.2695534640145905,2.1111465902970714,0.1375408172607422,,,,MAM
11,16,PoissonRegressor,0.2294400549273667,0.2635674184620521,2.119779415230354,0.1550707817077636,,,,MAM
11,16,LinearSVR,0.2037041510671509,0.23897133318772,2.154887894361905,6.464345693588257,,,,MAM
11,16,RANSACRegressor,0.1859233476712644,0.2219780245809287,2.17881373927058,0.4936926364898681,,,,MAM
11,16,LassoLarsIC,0.14502451792663,0.1828905649182245,2.232874355545224,0.1597499847412109,,,,MAM
11,16,LassoLarsCV,0.1386967249880496,0.1768430238813528,2.2411220305899784,0.2118635177612304,,,,MAM
11,16,LarsCV,0.0430518910847202,0.0854342082627863,2.362281505191293,0.2930583953857422,,,,MAM
11,16,GammaRegressor,0.0420732174117344,0.0844988791114478,2.363489152659532,0.0791399478912353,,,,MAM
11,16,DecisionTreeRegressor,-0.1286508322608168,-0.0786639655639507,2.5654718791545776,2.093475341796875,,,,MAM
11,16,OrthogonalMatchingPursuitCV,-0.1576636069798249,-0.1063917922184807,2.5982362992896038,0.1510682106018066,,,,MAM
11,16,OrthogonalMatchingPursuit,-0.1576636069798249,-0.1063917922184807,2.5982362992896038,0.0621583461761474,,,,MAM
11,16,ExtraTreeRegressor,-0.1578777703742759,-0.1065964705208697,2.598476620126034,0.3933825492858886,,,,MAM
11,16,TweedieRegressor,-0.1806814211332781,-0.1283901693814546,2.6239395173677624,0.0820949077606201,,,,MAM
11,16,ElasticNet,-0.6704014868272101,-0.5964210013966342,3.1210296136814435,0.0982508659362793,,,,MAM
11,16,Lasso,-0.9543977426188566,-0.8678393344376019,3.3759338769508185,0.084559679031372,,,,MAM
11,16,LassoLars,-0.9544164990343976,-0.8678572601494241,3.375950076382831,0.0643882751464843,,,,MAM
11,16,PassiveAggressiveRegressor,-1.2675084396305485,-1.167082657921969,3.636318467722071,0.138077974319458,,,,MAM
11,16,AdaBoostRegressor,-1.314432404026503,-1.2119284047805738,3.6737509053112034,17.168965578079224,,,,MAM
11,16,DummyRegressor,-5.534373174707703,-5.244972031771931,6.172902566754493,0.045422077178955,,,,MAM
11,16,QuantileRegressor,-12.219761439284936,-11.634270839409846,8.780096002153387,70.95210909843445,,,,MAM
11,16,Lars,-9.358511725514172e+17,-8.944032185223333e+17,2336096882.893079,0.0724339485168457,,,,MAM
11,16,CatBoostRegressor,0.5674990755529854,0.5870335864036034,1.898971309816186,6.836692571640015,0.587,0.1267,0.4653,SON
11,16,ExtraTreesRegressor,0.5672224383508953,0.5867694439087391,1.899578524858512,43.72892928123474,0.5862,0.1098,0.4895,SON
11,16,LGBMRegressor,0.5624858328998095,0.5822467738861097,1.9099453619993616,1.2998418807983398,0.5808,0.1057,0.4818,SON
11,16,HistGradientBoostingRegressor,0.5565539419701817,0.5765828051300071,1.922849451110913,2.2362685203552246,0.5752,0.1056,0.4787,SON
11,16,XGBRegressor,0.5395861773085939,0.560381413357255,1.959291525992744,1.8192565441131592,0.5593,0.1214,0.4418,SON
11,16,RandomForestRegressor,0.5241107368477643,0.5456049428696957,1.9919472644114748,115.3306405544281,,,,SON
11,16,GradientBoostingRegressor,0.504193109151818,0.5265869227638199,2.033204969434088,51.48847413063049,,,,SON
11,16,KNeighborsRegressor,0.5022197791907133,0.5247027210180741,2.03724706739717,0.4401412010192871,,,,SON
11,16,MLPRegressor,0.4831811858362959,0.506524032434815,2.075840787108973,33.4901647567749,,,,SON
11,16,BaggingRegressor,0.4759883584127403,0.4996560791500413,2.090236133603118,11.994884967803957,,,,SON
11,16,PoissonRegressor,0.3445864573639181,0.3741891292579409,2.337666691160049,0.1853797435760498,,,,SON
11,16,LassoLarsCV,0.3421797369532173,0.3718911117501006,2.3419547889605417,0.2825853824615478,,,,SON
11,16,LassoLarsIC,0.3392574998330024,0.3691008615679619,2.347150861457184,0.187335729598999,,,,SON
11,16,ElasticNetCV,0.3391670054207514,0.3690144544627618,2.3473115872811423,2.128368854522705,,,,SON
11,16,SGDRegressor,0.3390201836197523,0.3688742640743276,2.3475723319603112,0.3308427333831787,,,,SON
11,16,OrthogonalMatchingPursuitCV,0.3371262768309281,0.3670658982418925,2.350933178069764,0.1892924308776855,,,,SON
11,16,OrthogonalMatchingPursuit,0.3371262768309281,0.3670658982418925,2.350933178069764,0.0654835700988769,,,,SON
11,16,LassoCV,0.335904668513482,0.3658994655774531,2.3530984453584365,2.1779494285583496,,,,SON
11,16,BayesianRidge,0.3291414626147498,0.3594417293587746,2.365050174958561,0.1555020809173584,,,,SON
11,16,Ridge,0.3287438462924745,0.359062071935366,2.365750951054263,0.0646991729736328,,,,SON
11,16,RidgeCV,0.3287438462903662,0.3590620719333529,2.365750951057978,0.1313121318817138,,,,SON
11,16,LinearRegression,0.3286758776414007,0.3589971731837463,2.3658707211523318,0.1421055793762207,,,,SON
11,16,TransformedTargetRegressor,0.3286758776414007,0.3589971731837463,2.3658707211523318,0.1278378963470459,,,,SON
11,16,HuberRegressor,0.2949103998555729,0.326756760559402,2.4246387284395454,1.77844500541687,,,,SON
11,16,LinearSVR,0.2449133515196906,0.279017899034253,2.5091306691247053,9.914495706558228,,,,SON
11,16,RANSACRegressor,0.147627107989384,0.1861257251404182,2.6658744846931155,0.4544703960418701,,,,SON
11,16,ExtraTreeRegressor,0.1019232842086308,0.1424861786619653,2.7364127269871488,0.4344115257263183,,,,SON
11,16,DecisionTreeRegressor,0.0619480383560402,0.1043164708550147,2.796651373940524,1.9616928100585935,,,,SON
11,16,GammaRegressor,0.05262644873756,0.095415903905515,2.810512435807945,0.1296021938323974,,,,SON
11,16,PassiveAggressiveRegressor,-0.0578193638803909,-0.0100414686813559,2.969823501346177,0.2960350513458252,,,,SON
11,16,TweedieRegressor,-0.0622106016582137,-0.0142343700460756,2.9759813083415527,0.0734074115753173,,,,SON
11,16,ElasticNet,-0.4756446095988305,-0.4089950511621161,3.507646115480864,0.1025831699371337,,,,SON
11,16,AdaBoostRegressor,-0.5012821864317993,-0.4334746708798083,3.537985503003704,19.89334988594055,,,,SON
11,16,LarsCV,-0.5717033438622672,-0.5007151579667448,3.620013347807125,0.3952009677886963,,,,SON
11,16,LassoLars,-0.7477008884486234,-0.6687635266090262,3.8173188494546295,0.1002998352050781,,,,SON
11,16,Lasso,-0.7477140391840924,-0.6687760833730834,3.817333211310336,0.2638585567474365,,,,SON
11,16,DummyRegressor,-2.659702915298124,-2.494407300264849,5.523925329390501,0.0542254447937011,,,,SON
11,16,QuantileRegressor,-5.430519664115595,-5.140076224452687,7.32230674977703,74.87662625312805,,,,SON
11,16,Lars,-3267754148089724.5,-3120161448849538.5,165062937.86605483,0.096311330795288,,,,SON
12,19,CatBoostRegressor,0.5465672775202627,0.5505155917856683,1.8176245548317624,9.348111629486084,0.5031,0.1561,0.2044,
12,19,HistGradientBoostingRegressor,0.5322061828019151,0.5362795478462614,1.8461840334142288,4.441107988357544,0.4892,0.1445,0.2193,
12,19,LGBMRegressor,0.5288744869354478,0.5329768630803728,1.852746765082404,4.191040277481079,0.4852,0.1492,0.1992,
12,19,ExtraTreesRegressor,0.5256412201106853,0.5297717502747077,1.8590934622419415,171.22768354415894,0.4779,0.1741,0.1714,
12,19,XGBRegressor,0.5231586815356046,0.5273108286716375,1.8639518613252557,4.835464000701904,0.4765,0.1651,0.1762,
12,19,GradientBoostingRegressor,0.5074329235726518,0.511722004439801,1.894438197917112,195.14379596710205,,,,
12,19,MLPRegressor,0.4995615971630868,0.5039192184526842,1.9095149663674664,128.53249597549438,,,,
12,19,RandomForestRegressor,0.4993451965104774,0.5037047021320635,1.9099277800332457,567.368479013443,,,,
12,19,KNeighborsRegressor,0.4908201971548519,0.4952539351264642,1.9261199797978183,5.10256028175354,,,,
12,19,BaggingRegressor,0.4596657558856526,0.4643707745099297,1.9841705440368356,56.75438928604126,,,,
12,19,PoissonRegressor,0.4042147997400215,0.4094026635369691,2.083495694625955,0.882129430770874,,,,
12,19,GammaRegressor,0.369278433600715,0.3747705095684448,2.143712757681848,0.4185879230499267,,,,
12,19,HuberRegressor,0.3654318916775474,0.3709574618233433,2.150239684510116,7.2345569133758545,,,,
12,19,LinearSVR,0.3626160079169214,0.3681660976738318,2.155005227207241,27.529927015304565,,,,
12,19,ElasticNetCV,0.3565407403145402,0.3621437311184008,2.165251157470822,14.823993444442747,,,,
12,19,LassoCV,0.3550460024047965,0.3606620087999885,2.167764607666386,11.056565284729004,,,,
12,19,SGDRegressor,0.3533639974214454,0.3589946500561808,2.170589473249311,1.4060218334197998,,,,
12,19,BayesianRidge,0.3531845854671789,0.3588168003508286,2.170890572081777,1.0590429306030271,,,,
12,19,RidgeCV,0.353156270783125,0.3587887322199357,2.17093808749854,0.6648962497711182,,,,
12,19,Ridge,0.353043037874413,0.3586764852989713,2.1711280954294154,0.3117527961730957,,,,
12,19,TransformedTargetRegressor,0.3530302907776669,0.358663849198943,2.17114948436653,0.8245711326599121,,,,
12,19,LinearRegression,0.3530302907776669,0.358663849198943,2.17114948436653,0.6751677989959717,,,,
12,19,LassoLarsIC,0.351049880292181,0.3567006833510484,2.174469950311585,0.7819602489471436,,,,
12,19,LassoLarsCV,0.351049880292181,0.3567006833510484,2.174469950311585,1.0169072151184082,,,,
12,19,TweedieRegressor,0.3157479787724807,0.321706176940823,2.2328307084000447,0.4679365158081054,,,,
12,19,OrthogonalMatchingPursuitCV,0.2542294597229723,0.2607233370214432,2.331043423546951,1.0886480808258057,,,,
12,19,OrthogonalMatchingPursuit,0.2542294597229723,0.2607233370214432,2.331043423546951,0.3119409084320068,,,,
12,19,ElasticNet,0.236139099952361,0.2427905010068547,2.359146397961009,0.5792372226715088,,,,
12,19,Lasso,0.1588285519085863,0.1661531428864676,2.4756543779915847,0.4043023586273193,,,,
12,19,LassoLars,0.1588208882906816,0.1661455460003412,2.475665655375076,0.2488083839416504,,,,
12,19,ExtraTreeRegressor,0.0389538697119241,0.0473222823954592,2.646182963843481,2.070985555648804,,,,
12,19,DecisionTreeRegressor,0.0200166717543303,0.0285499821286052,2.672127002174049,9.554516553878784,,,,
12,19,LarsCV,-0.0538164345270948,-0.0446402144280961,2.7709598657545054,1.6784822940826416,,,,
12,19,QuantileRegressor,-0.0571572275996532,-0.0479519171851741,2.7753486179438167,507.0280117988586,,,,
12,19,RANSACRegressor,-0.0875069632124465,-0.0780373792064719,2.81490521179764,2.16947078704834,,,,
12,19,DummyRegressor,-0.5569135827927896,-0.5433565900920274,3.368061443361757,0.2702889442443847,,,,
12,19,AdaBoostRegressor,-0.9824640143581744,-0.965201495443048,3.800584635645133,68.3151183128357,,,,
12,19,PassiveAggressiveRegressor,-1.318401808113427,-1.2982140746788922,4.110002682841281,0.7351906299591064,,,,
12,19,Lars,-3.3084408306623406e+18,-3.279632225812393e+18,4909750668.46238,0.3088161945343017,,,,
12,19,HistGradientBoostingRegressor,0.3635166420788752,0.3864783834722323,2.0707045729635465,2.1107048988342285,0.395,0.1709,0.2086,DJF
12,19,LGBMRegressor,0.3632468340221798,0.386218308997329,2.07114341678746,0.9060847759246826,0.3966,0.1757,0.2099,DJF
12,19,CatBoostRegressor,0.3504584140733021,0.3738912434390121,2.0918382354380776,6.926659345626831,0.3851,0.1801,0.1958,DJF
12,19,ExtraTreesRegressor,0.3490785461478031,0.3725611555589266,2.094058977878705,48.084497690200806,0.3823,0.1974,0.1666,DJF
12,19,RandomForestRegressor,0.3357601633338851,0.3597232460490551,2.115373577090224,136.2795205116272,0.3723,0.2004,0.1617,DJF
12,19,XGBRegressor,0.3185805177031445,0.3431633724442336,2.1425545568233084,2.5327327251434326,,,,DJF
12,19,GradientBoostingRegressor,0.3099825728353824,0.3348756066001819,2.156029237790201,54.43800711631775,,,,DJF
12,19,KNeighborsRegressor,0.2973918099478303,0.3227390674370541,2.175610870999602,0.6417021751403809,,,,DJF
12,19,BaggingRegressor,0.2571921608524316,0.2839896588469958,2.23698388476443,13.986517906188965,,,,DJF
12,19,MLPRegressor,0.2269829071723895,0.2548702326731324,2.2820185206958365,50.56211519241333,,,,DJF
12,19,PoissonRegressor,0.1089054801648513,0.1410525609437143,2.4501151891272324,0.2877309322357178,,,,DJF
12,19,SGDRegressor,0.0192758791942682,0.0546564329195382,2.570384210193024,0.658311128616333,,,,DJF
12,19,Ridge,0.0129419211663376,0.0485509784407165,2.578671200831634,0.1249763965606689,,,,DJF
12,19,RidgeCV,0.0129419211635596,0.0485509784380387,2.5786712008352626,0.2923324108123779,,,,DJF
12,19,LinearRegression,0.0129412793301666,0.0485503597593948,2.578672039224134,0.2157959938049316,,,,DJF
12,19,TransformedTargetRegressor,0.0129412793301666,0.0485503597593948,2.578672039224134,0.2336580753326416,,,,DJF
12,19,BayesianRidge,0.0129411776697404,0.048550261766465,2.5786721720170904,0.3259944915771484,,,,DJF
12,19,LassoCV,0.0085562211813797,0.0443234967463552,2.5843936319447827,2.2735350131988525,,,,DJF
12,19,ElasticNetCV,0.006293126546608,0.0421420453990405,2.5873415517754745,4.15583348274231,,,,DJF
12,19,LassoLarsIC,0.0037242815644553,0.0396658739383959,2.5906836789194374,0.2765042781829834,,,,DJF
12,19,LassoLarsCV,-0.0209749719852709,0.0158576694091343,2.622600648475127,0.3679177761077881,,,,DJF
12,19,OrthogonalMatchingPursuit,-0.0486266535466124,-0.0107964514882852,2.657878122311642,0.1223621368408203,,,,DJF
12,19,OrthogonalMatchingPursuitCV,-0.0486266535466124,-0.0107964514882852,2.657878122311642,0.3889737129211426,,,,DJF
12,19,HuberRegressor,-0.0571060845470823,-0.0189699789653206,2.668602586038724,2.542147636413574,,,,DJF
12,19,GammaRegressor,-0.1148745608849215,-0.074654402675782,2.740549300997299,0.1598076820373535,,,,DJF
12,19,LinearSVR,-0.1322605799109597,-0.0914132045597415,2.761835514950821,8.690573453903198,,,,DJF
12,19,TweedieRegressor,-0.2650831512750693,-0.219444075564513,2.919336465697502,0.1653087139129638,,,,DJF
12,19,DecisionTreeRegressor,-0.3928144835235776,-0.3425673787382333,3.0631710820322886,2.3435075283050537,,,,DJF
12,19,RANSACRegressor,-0.4397063037135935,-0.3877675319973437,3.1143080572880417,0.8689255714416504,,,,DJF
12,19,ExtraTreeRegressor,-0.4689908918059484,-0.4159956507724427,3.145822162819292,0.5701675415039062,,,,DJF
12,19,PassiveAggressiveRegressor,-0.4892139479104693,-0.4354891409288892,3.16740183388949,0.516319990158081,,,,DJF
12,19,ElasticNet,-0.7134588606074894,-0.6516442055096243,3.397515581120768,0.212878942489624,,,,DJF
12,19,AdaBoostRegressor,-0.7284934110484489,-0.6661363702701188,3.412388584574058,22.8098087310791,,,,DJF
12,19,LassoLars,-0.9841775184343896,-0.9125964307440352,3.656073167907308,0.1033697128295898,,,,DJF
12,19,Lasso,-0.9842084497829168,-0.9126262462147988,3.656101665063338,0.1390631198883056,,,,DJF
12,19,LarsCV,-1.272998263468987,-1.1909976932045994,3.913129028499095,0.5545449256896973,,,,DJF
12,19,DummyRegressor,-3.23689912281776,-3.084048964589524,5.342551019564178,0.1001532077789306,,,,DJF
12,19,QuantileRegressor,-6.8032381155437225,-6.521728892388031,7.250401320162029,91.85178303718568,,,,DJF
12,19,Lars,-77643165751155.52,-74842114834816.33,22870530.238611925,0.1300520896911621,,,,DJF
12,19,CatBoostRegressor,0.6480708465716503,0.6601916693785481,1.6367556174237972,5.724302530288696,0.6464,0.0189,0.6246,JJA
12,19,ExtraTreesRegressor,0.6337558167307715,0.646369664734606,1.669712066393894,47.273698806762695,0.6318,0.0238,0.6043,JJA
12,19,HistGradientBoostingRegressor,0.6260080109418362,0.6388887018036582,1.687280811479438,2.1952478885650635,0.6249,0.0105,0.6141,JJA
12,19,LGBMRegressor,0.6207276923640734,0.6337902431406582,1.6991502539976648,1.3832502365112305,0.6191,0.0186,0.5982,JJA
12,19,XGBRegressor,0.6193226970321737,0.6324336373760806,1.7022945533651015,2.4571399688720703,0.6185,0.0056,0.6125,JJA
12,19,MLPRegressor,0.6116416654292407,0.6250171488555447,1.7193826210170289,50.47857141494751,,,,JJA
12,19,RandomForestRegressor,0.601315805487538,0.6150469227607769,1.742090558741535,148.5547378063202,,,,JJA
12,19,KNeighborsRegressor,0.5920765165186936,0.606125844952793,1.7621609443913069,0.6764671802520752,,,,JJA
12,19,BaggingRegressor,0.5613366968717457,0.5764447381275224,1.827350557160922,14.645805597305298,,,,JJA
12,19,GradientBoostingRegressor,0.5145119251857442,0.5312326625056308,1.9224077165045332,53.67056703567505,,,,JJA
12,19,PoissonRegressor,0.3658740878795441,0.387714073976744,2.197070372780963,0.2785770893096924,,,,JJA
12,19,LassoLarsCV,0.3590453590301641,0.3811205339759529,2.208868520629866,0.4689245223999023,,,,JJA
12,19,ElasticNetCV,0.3553880484961454,0.3775891851944655,2.2151614985374075,2.354827642440796,,,,JJA
12,19,LassoLarsIC,0.3551402089654188,0.3773498815267306,2.215587298761098,0.3154788017272949,,,,JJA
12,19,SGDRegressor,0.3527185078535216,0.3750115864350015,2.219743599368293,0.5323035717010498,,,,JJA
12,19,LassoCV,0.3488744776143039,0.3712999487780408,2.2263250717712597,2.6368322372436523,,,,JJA
12,19,BayesianRidge,0.3408611203005929,0.3635625802056479,2.239982794373603,0.3132667541503906,,,,JJA
12,19,RidgeCV,0.3404721158082794,0.3631869734511361,2.240643683050615,0.2909219264984131,,,,JJA
12,19,Ridge,0.3404721157892348,0.3631869734327475,2.2406436830829657,0.1328856945037841,,,,JJA
12,19,LinearRegression,0.3403304786654942,0.363050214445595,2.240884265245925,0.2286343574523925,,,,JJA
12,19,TransformedTargetRegressor,0.3403304786654942,0.363050214445595,2.240884265245925,0.2250683307647705,,,,JJA
12,19,LarsCV,0.3350984529607488,0.3579983853965417,2.249753258068969,0.6795032024383545,,,,JJA
12,19,HuberRegressor,0.3290462380795345,0.3521546153783057,2.259969165825736,2.958957433700561,,,,JJA
12,19,LinearSVR,0.3100033044919384,0.3337675411348142,2.291815873697902,9.3858642578125,,,,JJA
12,19,GammaRegressor,0.3072181647920426,0.3310783246753378,2.2964366198440174,0.1399686336517334,,,,JJA
12,19,RANSACRegressor,0.2221164828562045,0.2489076372230905,2.433399992026092,0.7515711784362793,,,,JJA
12,19,OrthogonalMatchingPursuit,0.195025865054625,0.2227500497627134,2.47541022622853,0.1136105060577392,,,,JJA
12,19,OrthogonalMatchingPursuitCV,0.195025865054625,0.2227500497627134,2.47541022622853,0.3399367332458496,,,,JJA
12,19,ExtraTreeRegressor,0.1925316369334425,0.2203417255707801,2.4792423136063197,0.5721204280853271,,,,JJA
12,19,TweedieRegressor,0.1756071564215179,0.2040001425749761,2.505089947717781,0.1637773513793945,,,,JJA
12,19,DecisionTreeRegressor,0.1340838631341538,0.1639069566697146,2.567403531465541,2.461740016937256,,,,JJA
12,19,AdaBoostRegressor,-0.0164489017279012,0.0185587039509448,2.7816276404236886,20.00787615776062,,,,JJA
12,19,ElasticNet,-0.0173013365811609,0.0177356278811509,2.782793788282712,0.1639149188995361,,,,JJA
12,19,Lasso,-0.2505288685919682,-0.2074592942658402,3.0853403483996305,0.168076753616333,,,,JJA
12,19,LassoLars,-0.2505780131623607,-0.207506746243778,3.0854009732440737,0.11714768409729,,,,JJA
12,19,PassiveAggressiveRegressor,-0.2675426827618827,-0.2238871341712922,3.1062579241315915,0.2203147411346435,,,,JJA
12,19,DummyRegressor,-3.0618590546842848,-2.921964211109056,5.560561423282418,0.0908670425415039,,,,JJA
12,19,QuantileRegressor,-7.406686120600483,-7.117150707383427,7.999606672512797,91.24381589889526,,,,JJA
12,19,Lars,-6503966258931.504,-6279962587173.708,7036316.3591706855,0.1305077075958252,,,,JJA
12,19,CatBoostRegressor,0.4099472713804031,0.4306572501558446,1.825762139630411,6.042674541473389,0.3754,0.1519,0.2623,MAM
12,19,ExtraTreesRegressor,0.3790731062684044,0.4008667226124321,1.8729191091275628,47.78732180595398,0.3394,0.1744,0.186,MAM
12,19,LGBMRegressor,0.3707547292226804,0.392840308307845,1.885422847567244,0.6730921268463135,0.3348,0.1618,0.2253,MAM
12,19,HistGradientBoostingRegressor,0.3548218909919938,0.3774666891529891,1.909143605124696,2.266875982284546,0.3157,0.1793,0.1845,MAM
12,19,KNeighborsRegressor,0.3388065734354101,0.3620134855746845,1.9326937805692013,0.6663548946380615,0.3089,0.1396,0.1967,MAM
12,19,XGBRegressor,0.3382280893588059,0.3614553054342665,1.933539061310684,2.530348777770996,,,,MAM
12,19,RandomForestRegressor,0.3251634449167273,0.3488492107047486,1.952531663221258,149.97685503959656,,,,MAM
12,19,GradientBoostingRegressor,0.2930994516670842,0.3179106162329562,1.9983794024657309,55.32529377937317,,,,MAM
12,19,MLPRegressor,0.2925327582659666,0.3173638129327399,1.999180251715632,53.69469094276428,,,,MAM
12,19,BaggingRegressor,0.2705882750566742,0.2961895486538231,2.029949133607468,14.98788046836853,,,,MAM
12,19,PoissonRegressor,0.1606698402018788,0.1901290884213942,2.177535279274593,0.3637151718139648,,,,MAM
12,19,LassoLarsCV,0.107677253986486,0.1389964636679949,2.245224472403088,0.5720441341400146,,,,MAM
12,19,LassoLarsIC,0.1075158902026907,0.1388407635145421,2.245427471564736,0.3582532405853271,,,,MAM
12,19,SGDRegressor,0.1036043187274528,0.1350664824174375,2.2503427116820407,0.7728190422058105,,,,MAM
12,19,ElasticNetCV,0.1024824633565399,0.1339840025121295,2.2517504436252587,2.6499669551849365,,,,MAM
12,19,LassoCV,0.0969062853449151,0.1286035401080555,2.2587345518100963,3.30621600151062,,,,MAM
12,19,BayesianRidge,0.0845717182189036,0.1167018980597426,2.274107278950086,0.308788537979126,,,,MAM
12,19,Ridge,0.0838957968991064,0.1160497005793718,2.2749466860285605,0.128288984298706,,,,MAM
12,19,RidgeCV,0.0838957968948371,0.1160497005752524,2.274946686033861,0.2860186100006103,,,,MAM
12,19,LinearRegression,0.0837394880868522,0.1158988779754295,2.2751407573178044,0.3266894817352295,,,,MAM
12,19,TransformedTargetRegressor,0.0837394880868522,0.1158988779754295,2.2751407573178044,0.2417430877685547,,,,MAM
12,19,GammaRegressor,0.0734124766767665,0.1059343294042446,2.2879261887453257,0.1540498733520507,,,,MAM
12,19,HuberRegressor,0.0694421712543454,0.102103375834704,2.292822680243313,3.0337235927581787,,,,MAM
12,19,LinearSVR,0.0255192977199132,0.0597221302506798,2.3463100835501525,13.248146295547484,,,,MAM
12,19,LarsCV,-0.0273016554473595,0.0087551144790564,2.409060902931837,0.7386698722839355,,,,MAM
12,19,PassiveAggressiveRegressor,-0.1137283242774624,-0.0746381059992509,2.5083516323402866,0.4129717350006103,,,,MAM
12,19,TweedieRegressor,-0.1157721010610568,-0.076610149238101,2.510652086135898,0.1703042984008789,,,,MAM
12,19,OrthogonalMatchingPursuit,-0.1245825383439331,-0.085111353192699,2.5205449881091075,0.128434419631958,,,,MAM
12,19,OrthogonalMatchingPursuitCV,-0.1245825383439331,-0.085111353192699,2.5205449881091075,0.4158227443695068,,,,MAM
12,19,RANSACRegressor,-0.2329208565313614,-0.1896471565176374,2.639164040214771,1.0579338073730469,,,,MAM
12,19,DecisionTreeRegressor,-0.4167000661630353,-0.3669759874861307,2.829031235489604,2.618755578994751,,,,MAM
12,19,ExtraTreeRegressor,-0.4289107476248832,-0.3787580920740097,2.841196930872621,0.5837593078613281,,,,MAM
12,19,ElasticNet,-0.447098659207741,-0.3963076348389964,2.859221863161409,0.1622679233551025,,,,MAM
12,19,Lasso,-0.7011528121739714,-0.6414448624855991,3.100062496367897,0.1719484329223632,,,,MAM
12,19,LassoLars,-0.7011659314854901,-0.6414575213286717,3.100074450204999,0.1350312232971191,,,,MAM
12,19,AdaBoostRegressor,-1.7908125320240056,-1.6928591365034582,3.970672954000798,23.957782745361328,,,,MAM
12,19,DummyRegressor,-4.7434311110935,-4.541845166923346,5.696190348803135,0.0833387374877929,,,,MAM
12,19,QuantileRegressor,-11.153876672011192,-10.727293562217694,8.28621500794068,94.18258571624756,,,,MAM
12,19,Lars,-2.9183305180048933e+19,-2.8159014296266424e+19,12840029567.991982,0.1423392295837402,,,,MAM
12,19,CatBoostRegressor,0.5423957799317252,0.557884758877029,1.7798709014084702,5.164745807647705,0.5626,0.0795,0.4796,SON
12,19,ExtraTreesRegressor,0.5125514987768292,0.5290506463835517,1.836994526138768,49.39567804336548,0.5356,0.102,0.4238,SON
12,19,HistGradientBoostingRegressor,0.5090525600438953,0.525670139662362,1.843575773368848,2.103067398071289,0.5307,0.0825,0.4392,SON
12,19,LGBMRegressor,0.506497231336139,0.5232013036721486,1.848367353515743,0.5226752758026123,0.5285,0.0869,0.4344,SON
12,19,XGBRegressor,0.5018548688500246,0.5187160757832483,1.8570407656723364,2.3307154178619385,0.5237,0.083,0.4337,SON
12,19,RandomForestRegressor,0.4863329804829989,0.5037195719987169,1.8857509434629784,133.8397500514984,,,,SON
12,19,KNeighborsRegressor,0.4771057827234891,0.4948046962536323,1.9026127904192864,0.598196268081665,,,,SON
12,19,GradientBoostingRegressor,0.4734657634729482,0.4912878843055147,1.9092236268329907,55.63414883613586,,,,SON
12,19,MLPRegressor,0.4595676749345045,0.4778602180038236,1.9342568848550667,46.41485142707825,,,,SON
12,19,BaggingRegressor,0.4202512416878077,0.4398745666425553,2.0033803332477627,14.130319833755491,,,,SON
12,19,PoissonRegressor,0.2820883611623825,0.3063882206717319,2.2293537631610385,0.2538788318634033,,,,SON
12,19,ElasticNetCV,0.2485957515626737,0.2740292682853149,2.280763822773545,3.1262147426605225,,,,SON
12,19,LassoCV,0.2470878351692141,0.2725723918172871,2.283051191689099,2.3261680603027344,,,,SON
12,19,BayesianRidge,0.243780953271171,0.2693774411948902,2.2880594179316054,0.3637194633483886,,,,SON
12,19,Ridge,0.2434358329632978,0.2690440025126399,2.288581466205653,0.1163904666900634,,,,SON
12,19,RidgeCV,0.2434358329621017,0.2690440025114843,2.288581466207462,0.2575304508209228,,,,SON
12,19,LinearRegression,0.2433764629476065,0.2689866420521115,2.2886712606064354,0.2204647064208984,,,,SON
12,19,TransformedTargetRegressor,0.2433764629476065,0.2689866420521115,2.2886712606064354,0.2077078819274902,,,,SON
12,19,LassoLarsCV,0.2414458061022315,0.2671213340429518,2.291589372110088,0.5280170440673828,,,,SON
12,19,LassoLarsIC,0.240700302240632,0.2664010639818932,2.292715177752373,0.2816624641418457,,,,SON
12,19,SGDRegressor,0.2383370230672069,0.2641177770370224,2.296280381671849,0.3590586185455322,,,,SON
12,19,OrthogonalMatchingPursuit,0.230858902945405,0.2568927761830012,2.3075254583849145,0.1157989501953125,,,,SON
12,19,OrthogonalMatchingPursuitCV,0.230858902945405,0.2568927761830012,2.3075254583849145,0.3763825893402099,,,,SON
12,19,HuberRegressor,0.2057058720551036,0.2325911246043073,2.344953139891374,2.950157642364502,,,,SON
12,19,LinearSVR,0.1413035273999279,0.1703686692872225,2.438166343423,10.638454914093018,,,,SON
12,19,GammaRegressor,0.003072707518864,0.0368166835707789,2.627091718246583,0.1992559432983398,,,,SON
12,19,RANSACRegressor,-0.0038868183413982,0.0300927236095873,2.636245602857028,0.6846683025360107,,,,SON
12,19,ExtraTreeRegressor,-0.0672594523164298,-0.0311348746548878,2.7181817823772687,0.5942277908325195,,,,SON
12,19,TweedieRegressor,-0.1425053945319365,-0.1038338936481357,2.812371072241823,0.1413459777832031,,,,SON
12,19,PassiveAggressiveRegressor,-0.1447439199628002,-0.1059966495127529,2.8151248813130203,0.3626134395599365,,,,SON
12,19,DecisionTreeRegressor,-0.1513204974706081,-0.112350623150047,2.823199775661257,2.34399962425232,,,,SON
12,19,ElasticNet,-0.5388124059961275,-0.4867267129190613,3.263896149847508,0.1782317161560058,,,,SON
12,19,AdaBoostRegressor,-0.7222077676402869,-0.6639145118472367,3.452917996172584,26.443411350250244,,,,SON
12,19,LassoLars,-0.8152476193420137,-0.7538051524165417,3.544960745306319,0.1196334362030029,,,,SON
12,19,Lasso,-0.8153081755492864,-0.7538636589184613,3.5450198743157944,0.3478045463562011,,,,SON
12,19,LarsCV,-2.0721227552642763,-1.9681376026217203,4.6117183413121285,0.6507978439331055,,,,SON
12,19,DummyRegressor,-2.836375424571869,-2.7065218621012064,5.153520911753302,0.0933558940887451,,,,SON
12,19,QuantileRegressor,-6.018890982234685,-5.781315693643606,6.9707216477507,91.88607263565063,,,,SON
12,19,Lars,-171821139407280.3,-166005340745632.44,34489094.30834423,0.1270351409912109,,,,SON
13,10,CatBoostRegressor,0.2807456391223326,0.2927577980939198,1.968355033592648,7.122564077377319,0.2113,0.2135,-0.1929,
13,10,ExtraTreesRegressor,0.2751253876705568,0.2872314096168733,1.976030429099588,79.49321866035461,0.2064,0.214,-0.0961,
13,10,GradientBoostingRegressor,0.253279343186833,0.2657502126384446,2.0055858924452727,108.11502861976624,0.1823,0.1766,-0.0652,
13,10,XGBRegressor,0.2415650121012216,0.2542315208355404,2.021256190696873,2.4239370822906494,0.167,0.2098,-0.2336,
13,10,LGBMRegressor,0.2411207370050757,0.2537946655109974,2.0218481084847304,0.6918163299560547,0.1695,0.2375,-0.1972,
13,10,KNeighborsRegressor,0.2408275395406498,0.2535063646933551,2.022238647217841,1.3769328594207764,,,,
13,10,HistGradientBoostingRegressor,0.2365953416124276,0.2493448480666004,2.027867552303705,3.0699048042297363,,,,
13,10,RandomForestRegressor,0.2289473692029711,0.2418246032948054,2.038000071712512,308.40542578697205,,,,
13,10,BaggingRegressor,0.1931083552235357,0.2065841313009627,2.084825894435647,30.501683235168457,,,,
13,10,MLPRegressor,0.1929254924387468,0.2064043224800569,2.085062119134585,26.32168674468994,,,,
13,10,GammaRegressor,0.1133566821860674,0.1281643789676069,2.185428769746818,0.1132290363311767,,,,
13,10,PoissonRegressor,0.0542621242589669,0.0700567503700829,2.257083232633253,0.1719355583190918,,,,
13,10,TweedieRegressor,0.0476117754896975,0.0635174680760107,2.2650051396998228,0.1045796871185302,,,,
13,10,QuantileRegressor,-0.0398819472804177,-0.0225150351810963,2.3667599014614447,163.4198808670044,,,,
13,10,LinearRegression,-0.0694716754651783,-0.0516105897630057,2.400196658383384,0.1536521911621093,,,,
13,10,TransformedTargetRegressor,-0.0694716754651783,-0.0516105897630057,2.400196658383384,0.1751210689544677,,,,
13,10,Ridge,-0.0694752207120095,-0.0516140758012024,2.400200636647951,0.0956764221191406,,,,
13,10,RidgeCV,-0.0694752207154563,-0.0516140758045917,2.400200636651819,0.2287721633911132,,,,
13,10,BayesianRidge,-0.0695082351389062,-0.0516465388591178,2.400237683152345,0.2697336673736572,,,,
13,10,ElasticNetCV,-0.0718932707010613,-0.0539917423008384,2.402912493902238,2.1996119022369385,,,,
13,10,LassoLarsCV,-0.0720078862051039,-0.0541044436285755,2.403040959894276,0.3269875049591064,,,,
13,10,LassoLarsIC,-0.0720078862051039,-0.0541044436285755,2.403040959894276,0.2368559837341308,,,,
13,10,HuberRegressor,-0.0721720412608932,-0.0542658571554519,2.403224939988013,1.7423667907714844,,,,
13,10,LassoCV,-0.0725320450305646,-0.0546198485562774,2.4036283721761382,2.4457359313964844,,,,
13,10,LarsCV,-0.075134277686266,-0.0571786217155314,2.4065425093046686,0.569221019744873,,,,
13,10,ElasticNet,-0.0850537342956143,-0.0669324149710173,2.4176187003095726,0.1359822750091552,,,,
13,10,SGDRegressor,-0.0880293534070164,-0.0698583387148981,2.4209314335133985,0.327455997467041,,,,
13,10,LinearSVR,-0.1155841077638331,-0.0969529052608917,2.4513952639645984,8.70739459991455,,,,
13,10,OrthogonalMatchingPursuitCV,-0.2007740458361784,-0.18072009898219,2.543272114104425,0.2905318737030029,,,,
13,10,OrthogonalMatchingPursuit,-0.2007740458361784,-0.18072009898219,2.543272114104425,0.0656545162200927,,,,
13,10,Lasso,-0.2418034668847817,-0.2210642938368963,2.5863578699597007,0.0775132179260253,,,,
13,10,LassoLars,-0.2418034669344571,-0.2210642938857421,2.586357870011432,0.073735237121582,,,,
13,10,DecisionTreeRegressor,-0.3615808668002109,-0.3388413093997973,2.708219764923952,5.10153865814209,,,,
13,10,ExtraTreeRegressor,-0.4113831533975365,-0.3878118554943253,2.757303981562847,0.8630321025848389,,,,
13,10,PassiveAggressiveRegressor,-0.4838644000630636,-0.4590826037537772,2.827217960519348,0.215043306350708,,,,
13,10,RANSACRegressor,-0.4853039400998831,-0.4604981022488155,2.828589011285442,0.3809218406677246,,,,
13,10,DummyRegressor,-0.5254027325040966,-0.4999272107482415,2.866516482485169,0.1033182144165039,,,,
13,10,AdaBoostRegressor,-0.635694436796437,-0.6083769498648821,2.968337451466172,33.815800189971924,,,,
13,10,Lars,-1.6447349314039406e+21,-1.617266460530801e+21,94126116646.5514,0.1073060035705566,,,,
13,10,CatBoostRegressor,0.0616469582414633,0.1233379886684952,2.273524504947245,4.705302476882935,0.1177,0.1233,-0.018,DJF
13,10,ExtraTreesRegressor,0.0344423348356808,0.0979219045177641,2.306245915993625,21.878207683563232,0.0928,0.1343,-0.0596,DJF
13,10,XGBRegressor,0.0112874440513056,0.0762893075911852,2.3337349551391764,1.3635704517364502,0.0724,0.168,-0.1139,DJF
13,10,GradientBoostingRegressor,0.0099895708558855,0.0750767616992703,2.335266188194722,29.53559422492981,0.0648,0.0759,0.0068,DJF
13,10,HistGradientBoostingRegressor,-0.0187108810639653,0.0482631907014856,2.3688740965005617,1.7612669467926023,0.0375,0.0896,-0.0221,DJF
13,10,LGBMRegressor,-0.0277654519668024,0.0398039030067935,2.37937839566392,0.4903073310852051,,,,DJF
13,10,RandomForestRegressor,-0.0891550355251491,-0.0175496871688243,2.449409276832561,66.39776921272278,,,,DJF
13,10,MLPRegressor,-0.0958835521910859,-0.0238358446075888,2.4569635346102365,15.815671920776367,,,,DJF
13,10,KNeighborsRegressor,-0.1766988784861562,-0.099338052564921,2.5459459314732444,0.1654314994812011,,,,DJF
13,10,BaggingRegressor,-0.1904902276277944,-0.1122227040121262,2.5608221869392334,6.656821966171265,,,,DJF
13,10,PoissonRegressor,-0.2107282011794529,-0.1311301533510458,2.582497059621377,0.0705125331878662,,,,DJF
13,10,GammaRegressor,-0.3398278671917707,-0.2517422980684363,2.716695789955572,0.0435526371002197,,,,DJF
13,10,LassoLarsCV,-0.3499545459720483,-0.2612032090396299,2.7269431203184262,0.1099250316619873,,,,DJF
13,10,LarsCV,-0.3504062342195577,-0.261625201520002,2.7273992931382502,0.1778137683868408,,,,DJF
13,10,ElasticNetCV,-0.3618782919340231,-0.2723430409072187,2.7389597814762467,0.9481770992279052,,,,DJF
13,10,LassoLarsIC,-0.36297304142817,-0.2733658172512314,2.7400604203924006,0.0836470127105712,,,,DJF
13,10,BayesianRidge,-0.3633964755168997,-0.2737614131126744,2.740486013875732,0.086003303527832,,,,DJF
13,10,RidgeCV,-0.3636398059302399,-0.2739887460247916,2.740730555304299,0.0647008419036865,,,,DJF
13,10,Ridge,-0.3636398059305394,-0.2739887460250714,2.7407305553046,0.030557632446289,,,,DJF
13,10,TransformedTargetRegressor,-0.3636696211762171,-0.274016601098888,2.7407605174352985,0.0673596858978271,,,,DJF
13,10,LinearRegression,-0.3636696211762171,-0.274016601098888,2.7407605174352985,0.0598211288452148,,,,DJF
13,10,LassoCV,-0.3652330507938712,-0.2754772446863156,2.742331190652087,0.4197030067443847,,,,DJF
13,10,SGDRegressor,-0.3727754319936003,-0.2825237599940209,2.749895913204872,0.17283296585083,,,,DJF
13,10,OrthogonalMatchingPursuit,-0.4025845456200099,-0.3103731049045075,2.779591859792587,0.0322170257568359,,,,DJF
13,10,HuberRegressor,-0.4196285939572541,-0.326296610271483,2.7964295044967318,0.5007264614105225,,,,DJF
13,10,OrthogonalMatchingPursuitCV,-0.4289025574522915,-0.3349608668239401,2.80554870951237,0.0782077312469482,,,,DJF
13,10,LinearSVR,-0.4419521661997261,-0.3471525428163531,2.8183305829561984,2.502249956130981,,,,DJF
13,10,LassoLars,-0.4860983848990905,-0.3883964149576278,2.861147764397067,0.0302875041961669,,,,DJF
13,10,Lasso,-0.4861003319326058,-0.3883982339854794,2.8611496386837296,0.0290150642395019,,,,DJF
13,10,TweedieRegressor,-0.5248950638949619,-0.4246424472375076,2.898254279435911,0.0497522354125976,,,,DJF
13,10,ElasticNet,-0.6024910666198682,-0.4971369826552401,2.971079789214393,0.0302064418792724,,,,DJF
13,10,ExtraTreeRegressor,-0.8008358168803591,-0.6824417666356295,3.149586689291796,0.2495365142822265,,,,DJF
13,10,DecisionTreeRegressor,-0.901159368969727,-0.7761696526706792,3.236128576928063,1.1063833236694336,,,,DJF
13,10,RANSACRegressor,-0.9170960949125176,-0.791058635385397,3.2496639137580843,0.2272937297821045,,,,DJF
13,10,AdaBoostRegressor,-0.9289707829581716,-0.8021526345975998,3.25971275117209,11.014392137527466,,,,DJF
13,10,PassiveAggressiveRegressor,-1.217138911992071,-1.0713754541102394,3.4947246119488504,0.0774543285369873,,,,DJF
13,10,DummyRegressor,-3.122042794676757,-2.851043441393509,4.765108069853723,0.0222418308258056,,,,DJF
13,10,QuantileRegressor,-7.1868429720097495,-6.648607620908763,6.7154440750077855,31.36992073059082,,,,DJF
13,10,Lars,-3171065325391.1606,-2962586982199.2886,4179449.681277418,0.035473346710205,,,,DJF
13,10,LGBMRegressor,0.4545311334339261,0.4908957245383311,1.7317221251910313,0.4814352989196777,0.4936,0.0622,0.4228,JJA
13,10,CatBoostRegressor,0.4509783338030465,0.4875797782161767,1.7373525803807524,4.666671752929688,0.4893,0.0477,0.4345,JJA
13,10,HistGradientBoostingRegressor,0.4478572489072635,0.4846667656467792,1.7422838432901966,1.8740208148956297,0.487,0.0613,0.4177,JJA
13,10,ExtraTreesRegressor,0.4453492548353128,0.4823259711796253,1.7462363417484943,21.941801071166992,0.486,0.0671,0.4089,JJA
13,10,RandomForestRegressor,0.4296272490556024,0.4676520991185623,1.77081261244978,66.52480101585388,0.4696,0.0623,0.3998,JJA
13,10,KNeighborsRegressor,0.4184927772518896,0.4572599254350969,1.7880134384491542,0.1701481342315673,,,,JJA
13,10,GradientBoostingRegressor,0.4095749050664821,0.4489365780620499,1.801671571712132,29.461742162704468,,,,JJA
13,10,XGBRegressor,0.3971952308524386,0.4373822154622759,1.8204617640836267,1.253237009048462,,,,JJA
13,10,BaggingRegressor,0.3941345084398119,0.4345255412104911,1.825077581246916,6.731084823608398,,,,JJA
13,10,MLPRegressor,0.3849263112755573,0.4259312238571868,1.8388944269089105,15.704169273376465,,,,JJA
13,10,PoissonRegressor,0.172788137573133,0.2279355950682574,2.132561668353779,0.0774848461151123,,,,JJA
13,10,GammaRegressor,0.1587523264261767,0.2148355046644315,2.150577808140528,0.0451827049255371,,,,JJA
13,10,LassoLarsCV,0.1205224282986517,0.179154266412075,2.1989006426405537,0.1332879066467285,,,,JJA
13,10,LassoLarsIC,0.1114438600155068,0.1706809360144731,2.210220781365584,0.0939168930053711,,,,JJA
13,10,ElasticNetCV,0.1081154124616932,0.1675743849642469,2.2143565513013863,0.7958698272705078,,,,JJA
13,10,LassoCV,0.1003190841091569,0.160297811835213,2.2240137913793023,0.8197810649871826,,,,JJA
13,10,HuberRegressor,0.0999377844566946,0.1599419321595816,2.2244850283695583,0.5821359157562256,,,,JJA
13,10,SGDRegressor,0.0993071206699185,0.1593533126252573,2.22526422810925,0.1536026000976562,,,,JJA
13,10,OrthogonalMatchingPursuitCV,0.0879047458634517,0.1487110961392216,2.2393053613206417,0.0813724994659423,,,,JJA
13,10,OrthogonalMatchingPursuit,0.0879047458634517,0.1487110961392216,2.2393053613206417,0.035867691040039,,,,JJA
13,10,BayesianRidge,0.0855966919829055,0.1465569125173784,2.2421368484146,0.0872211456298828,,,,JJA
13,10,RidgeCV,0.0850056057701111,0.1460052320521037,2.242861409482044,0.0655601024627685,,,,JJA
13,10,Ridge,0.0850056057628022,0.146005232045282,2.242861409491001,0.0311753749847412,,,,JJA
13,10,LinearRegression,0.0848428030680124,0.1458532828634782,2.2430609340143004,0.0658004283905029,,,,JJA
13,10,TransformedTargetRegressor,0.0848428030680124,0.1458532828634782,2.2430609340143004,0.0606060028076171,,,,JJA
13,10,LinearSVR,0.0736307019940667,0.1353886551944623,2.256759599318558,1.83480167388916,,,,JJA
13,10,TweedieRegressor,0.0076265622455213,0.0737847914291532,2.3357738258330185,0.0379309654235839,,,,JJA
13,10,DecisionTreeRegressor,0.0042603911976856,0.0706430317845066,2.339731992000905,1.151539325714111,,,,JJA
13,10,ExtraTreeRegressor,-0.0761821879745558,-0.0044367087762522,2.4324063121299697,0.2436401844024658,,,,JJA
13,10,AdaBoostRegressor,-0.0816580133465307,-0.0095474791234286,2.438586739731714,10.178700923919678,,,,JJA
13,10,RANSACRegressor,-0.2107931828442435,-0.130073637321294,2.5800504929904577,0.2356419563293457,,,,JJA
13,10,ElasticNet,-0.2966230274885018,-0.2101814923226017,2.669931301992658,0.0348627567291259,,,,JJA
13,10,LarsCV,-0.5851406870552409,-0.4794646412515582,2.9520732443692816,0.1627023220062255,,,,JJA
13,10,Lasso,-0.6146504360612994,-0.5070070736572128,2.9794251470441626,0.0698952674865722,,,,JJA
13,10,LassoLars,-0.6148244292230141,-0.5071694672748133,2.979585672698831,0.0368962287902832,,,,JJA
13,10,PassiveAggressiveRegressor,-1.2736542603660943,-1.1220773096750216,3.5355373895711097,0.0878958702087402,,,,JJA
13,10,DummyRegressor,-3.6020392090701865,-3.295236595132174,5.030004564320109,0.0241379737854003,,,,JJA
13,10,QuantileRegressor,-8.424598388064972,-7.796291828860641,7.198212247836748,31.827227354049683,,,,JJA
13,10,Lars,-2.750296761258349e+31,-2.566943643841126e+31,1.2296542087506778e+16,0.0352833271026611,,,,JJA
13,10,ExtraTreesRegressor,0.0909821733310763,0.1479832911750023,1.946648351136979,22.25705909729004,0.0934,0.2242,-0.0842,MAM
13,10,KNeighborsRegressor,0.0845897433409318,0.1419917066297843,1.9534810075250344,0.1816132068634033,0.0868,0.1843,-0.0221,MAM
13,10,CatBoostRegressor,0.0571306670171627,0.1162544865771426,1.9825632946934149,5.961970329284668,0.0596,0.2199,-0.104,MAM
13,10,GradientBoostingRegressor,0.0519473067752703,0.111396155525336,1.9880053292987003,30.02586007118225,0.0521,0.1724,-0.075,MAM
13,10,HistGradientBoostingRegressor,0.0292982841942339,0.0901673686837044,2.011611940219144,1.8871054649353027,0.0348,0.258,-0.117,MAM
13,10,LGBMRegressor,0.0125912192034681,0.0745079414316335,2.028849342799809,0.747809648513794,,,,MAM
13,10,XGBRegressor,-0.0254342169818613,0.0388669385384534,2.0675461326514197,1.3548943996429443,,,,MAM
13,10,RandomForestRegressor,-0.03156018178434,0.0331251101427307,2.073712717796763,70.36455297470093,,,,MAM
13,10,MLPRegressor,-0.0953445282812179,-0.0266595578609436,2.13686299217218,15.819424152374268,,,,MAM
13,10,BaggingRegressor,-0.1322428152191654,-0.0612440908324851,2.1725565663053343,7.009871482849121,,,,MAM
13,10,GammaRegressor,-0.3318910314316186,-0.2483731119689098,2.3563275086333406,0.0389542579650878,,,,MAM
13,10,PoissonRegressor,-0.4676005266039271,-0.3755727708102816,2.4734619598140863,0.0865504741668701,,,,MAM
13,10,TweedieRegressor,-0.5769176479231655,-0.4780350231359043,2.5639279274987747,0.0345990657806396,,,,MAM
13,10,ExtraTreeRegressor,-0.6284845806718384,-0.5263683858442314,2.605512322952147,0.2486932277679443,,,,MAM
13,10,LarsCV,-0.6454876318707585,-0.5423052391131862,2.6190791141363645,0.2182633876800537,,,,MAM
13,10,AdaBoostRegressor,-0.6581953776080749,-0.5542161295072385,2.629172954762747,9.9373939037323,,,,MAM
13,10,LinearSVR,-0.6632917151410196,-0.5589928947196354,2.633210136828803,2.105762481689453,,,,MAM
13,10,HuberRegressor,-0.6779219889552919,-0.5727057586247619,2.6447656084796445,0.6330373287200928,,,,MAM
13,10,ElasticNetCV,-0.6783655589772544,-0.5731215140248853,2.6451151662139187,0.861297607421875,,,,MAM
13,10,LassoCV,-0.6889168327799045,-0.5830111567970062,2.653416578141073,0.8100485801696777,,,,MAM
13,10,LassoLarsIC,-0.70455421148255,-0.5976679737988257,2.665672030360166,0.0906844139099121,,,,MAM
13,10,LassoLarsCV,-0.7045542114825503,-0.597667973798826,2.665672030360167,0.1369245052337646,,,,MAM
13,10,ElasticNet,-0.7073530365751519,-0.600291295007733,2.6678596081001014,0.0340652465820312,,,,MAM
13,10,BayesianRidge,-0.7082855356011635,-0.6011653204974601,2.668588056417612,0.0847084522247314,,,,MAM
13,10,Ridge,-0.7089414311111317,-0.6017800872460772,2.6691003088811964,0.0589692592620849,,,,MAM
13,10,RidgeCV,-0.7089414311116218,-0.6017800872465366,2.6691003088815792,0.0688977241516113,,,,MAM
13,10,TransformedTargetRegressor,-0.7090685126771408,-0.6018992000010164,2.6691995478414405,0.0719110965728759,,,,MAM
13,10,LinearRegression,-0.7090685126771408,-0.6018992000010164,2.6691995478414405,0.0731096267700195,,,,MAM
13,10,SGDRegressor,-0.7570221797169967,-0.6468458714179111,2.706387183083636,0.153597354888916,,,,MAM
13,10,DecisionTreeRegressor,-0.8040205735431463,-0.6908971712417609,2.742344740876357,1.1837091445922852,,,,MAM
13,10,OrthogonalMatchingPursuit,-0.8523336111452704,-0.7361806784331908,2.7788231594027417,0.0344908237457275,,,,MAM
13,10,LassoLars,-0.9646821262381472,-0.8414842371341049,2.86185386254081,0.0391747951507568,,,,MAM
13,10,Lasso,-0.9647635156012944,-0.8415605228738203,2.8619131398274344,0.0465593338012695,,,,MAM
13,10,OrthogonalMatchingPursuitCV,-1.1342901864326755,-1.000456808405544,2.982826823376333,0.0734333992004394,,,,MAM
13,10,RANSACRegressor,-1.3477256516177238,-1.2005085315492856,3.128419460030784,0.2222378253936767,,,,MAM
13,10,PassiveAggressiveRegressor,-1.547006226346141,-1.3872929646280665,3.2584893766956973,0.1024677753448486,,,,MAM
13,10,DummyRegressor,-5.983342646253746,-5.54544327239625,5.395515966060217,0.025740623474121,,,,MAM
13,10,QuantileRegressor,-14.093007411454805,-13.146581204135856,7.932118594380242,31.606706142425537,,,,MAM
13,10,Lars,-3.559885736599651e+17,-3.336658578199013e+17,1218202076.23122,0.0371050834655761,,,,MAM
13,10,LGBMRegressor,0.1137622710881376,0.1786089341792495,1.7897914365196192,2.709731101989746,0.1806,0.0975,0.1182,SON
13,10,CatBoostRegressor,0.108858571077956,0.1740640414868861,1.794736211988084,6.58244514465332,0.1789,0.1079,0.0908,SON
13,10,GradientBoostingRegressor,0.1043434495863271,0.1698792947385471,1.799277137433361,29.81697106361389,0.1753,0.1116,0.0742,SON
13,10,ExtraTreesRegressor,0.0951855168556694,0.161391454646718,1.8084523914134003,22.33545422554016,0.164,0.0962,0.0941,SON
13,10,KNeighborsRegressor,0.0950949610238185,0.161307524851344,1.8085428861039747,0.1541047096252441,0.1592,0.0827,0.0638,SON
13,10,HistGradientBoostingRegressor,0.093979807036119,0.1602739674968908,1.8096569161724565,1.7676045894622805,,,,SON
13,10,RandomForestRegressor,0.0758939446389732,0.143511460884902,1.8276297396859729,72.1868405342102,,,,SON
13,10,BaggingRegressor,0.0397379923970805,0.1100010661241234,1.8630400094799568,7.2380053997039795,,,,SON
13,10,XGBRegressor,0.0169425777681184,0.0888736086631342,1.8850234255766891,1.625145435333252,,,,SON
13,10,MLPRegressor,-0.0649416359292156,0.0129809227973124,1.961960284663065,15.95762300491333,,,,SON
13,10,PoissonRegressor,-0.2636422876579802,-0.1711806568537377,2.13717154851884,0.0835654735565185,,,,SON
13,10,OrthogonalMatchingPursuit,-0.3437952519312208,-0.2454687700825948,2.2039100204724456,0.0419929027557373,,,,SON
13,10,TransformedTargetRegressor,-0.3438532108001135,-0.2455224880586417,2.203957548082934,0.0739409923553466,,,,SON
13,10,LinearRegression,-0.3438532108001135,-0.2455224880586417,2.203957548082934,0.0709595680236816,,,,SON
13,10,Ridge,-0.3439252945466551,-0.2455892973847047,2.204016656989189,0.0421278476715087,,,,SON
13,10,RidgeCV,-0.3439252945469142,-0.2455892973849449,2.204016656989402,0.0970821380615234,,,,SON
13,10,BayesianRidge,-0.3444068032360015,-0.2460355737309281,2.2044114550242,0.0894346237182617,,,,SON
13,10,LassoLarsIC,-0.3561971856577901,-0.2569632452438055,2.214056644965971,0.0887238979339599,,,,SON
13,10,LarsCV,-0.3568868085235845,-0.2576024078999075,2.214619494547276,0.1725413799285888,,,,SON
13,10,LassoCV,-0.3588017367438751,-0.2593772194211525,2.2161816521856834,0.5421566963195801,,,,SON
13,10,ElasticNetCV,-0.3588339614614293,-0.2594070862325441,2.216207931002691,0.8945631980895996,,,,SON
13,10,LassoLarsCV,-0.3594054213974076,-0.2599367320268655,2.2166738970264364,0.1281523704528808,,,,SON
13,10,OrthogonalMatchingPursuitCV,-0.3849070372989447,-0.2835723760331683,2.23736901564712,0.117389440536499,,,,SON
13,10,HuberRegressor,-0.395540683285309,-0.2934279503619936,2.24594211655429,0.5386695861816406,,,,SON
13,10,SGDRegressor,-0.407963494198998,-0.3049417751112664,2.255916421633173,0.1701869964599609,,,,SON
13,10,LinearSVR,-0.4253157335645927,-0.3210243384257201,2.269775207609525,2.3591623306274414,,,,SON
13,10,AdaBoostRegressor,-0.6258464772783197,-0.5068821008921012,2.4241923453090504,7.84567403793335,,,,SON
13,10,GammaRegressor,-0.6716725487754052,-0.549355045206473,2.458119057070717,0.0371692180633544,,,,SON
13,10,DecisionTreeRegressor,-0.6896829130661408,-0.5660475779637402,2.47132529585822,1.2233655452728271,,,,SON
13,10,LassoLars,-0.764075752094612,-0.6349970385267134,2.5251426869716096,0.030146837234497,,,,SON
13,10,Lasso,-0.7640759307130882,-0.6349972040755452,2.5251428148111104,0.0289394855499267,,,,SON
13,10,ExtraTreeRegressor,-0.8366032260614658,-0.7022176241545293,2.5765286724583527,0.2433702945709228,,,,SON
13,10,TweedieRegressor,-0.9386232055793472,-0.7967727271223217,2.647122331827353,0.0632119178771972,,,,SON
13,10,ElasticNet,-1.105068061236449,-0.9510386909020744,2.75841991349129,0.0299634933471679,,,,SON
13,10,RANSACRegressor,-1.2386951544242435,-1.0748881919053963,2.844623463921782,0.2590265274047851,,,,SON
13,10,PassiveAggressiveRegressor,-2.881098508181102,-2.597115690509314,3.745455498173063,0.1516129970550537,,,,SON
13,10,DummyRegressor,-4.676907539904343,-4.261524061374757,4.529843717460476,0.0230333805084228,,,,SON
13,10,QuantileRegressor,-10.009798544920107,-9.204203529438148,6.308367629974857,32.17695665359497,,,,SON
13,10,Lars,-34542860901369.992,-32015334493952.6,11173943.22212684,0.0354626178741455,,,,SON
14,11,ExtraTreesRegressor,0.2709662084101816,0.2818075666467116,2.0996582295969817,88.77166080474854,0.1951,0.1625,0.0398,
14,11,LGBMRegressor,0.268707850021757,0.2795827919859521,2.10290781439267,3.8110430240631104,0.1933,0.1584,0.024,
14,11,CatBoostRegressor,0.2681350728007347,0.2790185324538413,2.1037311938954266,14.271639585494995,0.1912,0.1632,0.012,
14,11,HistGradientBoostingRegressor,0.26782303579413,0.2787111357053574,2.1041796181913712,2.9307010173797607,0.1929,0.1548,0.0497,
14,11,GradientBoostingRegressor,0.2677127014116001,0.2786024420897995,2.1043381554197533,121.10494351387024,0.191,0.1415,0.0579,
14,11,RandomForestRegressor,0.2510102231891482,0.2621483440548457,2.128201397505681,346.77228236198425,,,,
14,11,XGBRegressor,0.2349662255961715,0.2463429344772094,2.150874562601357,3.8012001514434814,,,,
14,11,BaggingRegressor,0.1999767930207626,0.2118738247968692,2.199510662568263,34.28200078010559,,,,
14,11,MLPRegressor,0.1927924515558566,0.2047963206561217,2.209364575363338,34.15453052520752,,,,
14,11,KNeighborsRegressor,0.1920925450599742,0.2041068223705876,2.2103222061286014,1.762528657913208,,,,
14,11,PoissonRegressor,0.1433342160018552,0.1560735715165681,2.276043141312923,0.3439972400665283,,,,
14,11,GammaRegressor,0.1037125779390207,0.1170411412203867,2.3280828415062254,0.2621169090270996,,,,
14,11,ElasticNetCV,0.0597862366182,0.073768022298545,2.384449237894409,3.1859538555145264,,,,
14,11,LassoCV,0.0588204344898652,0.0728165824768409,2.3856735951346844,4.953548431396484,,,,
14,11,BayesianRidge,0.0569589754702982,0.0709828049506512,2.388031614900288,0.4776175022125244,,,,
14,11,Ridge,0.056785692592607,0.070812098938086,2.388251004074334,0.195383071899414,,,,
14,11,RidgeCV,0.0567856925892535,0.0708120989347825,2.38825100407858,0.4807007312774658,,,,
14,11,LinearRegression,0.0567664985076531,0.0707931902856504,2.3882753039917004,0.2518939971923828,,,,
14,11,TransformedTargetRegressor,0.0567664985076531,0.0707931902856504,2.3882753039917004,0.3578736782073974,,,,
14,11,LassoLarsCV,0.0514145073589694,0.0655207878391517,2.3950413634739167,0.4191234111785888,,,,
14,11,LassoLarsIC,0.0513712767899764,0.0654782001458259,2.395095938323559,0.3228597640991211,,,,
14,11,SGDRegressor,0.047316165918103,0.061483392253263,2.4002096472329426,0.7742583751678467,,,,
14,11,HuberRegressor,0.0471648482090643,0.061334324768439,2.4004002560117264,3.573408365249634,,,,
14,11,TweedieRegressor,0.0149817120677884,0.0296297794855123,2.440601792698364,0.3194935321807861,,,,
14,11,LinearSVR,0.0074621461549435,0.0222220359721019,2.44989977950906,16.369182348251343,,,,
14,11,OrthogonalMatchingPursuitCV,-0.0411873878521868,-0.0257040377067199,2.509222819450452,0.473207950592041,,,,
14,11,OrthogonalMatchingPursuit,-0.0411873878521868,-0.0257040377067199,2.509222819450452,0.1365649700164795,,,,
14,11,QuantileRegressor,-0.0701501150799768,-0.0542360643208954,2.543882984024828,181.89531636238095,,,,
14,11,ElasticNet,-0.1342202721098542,-0.1173534431220479,2.61892753448092,0.1894669532775879,,,,
14,11,LarsCV,-0.1905317261917165,-0.1728274975475925,2.6831519361779206,1.3894517421722412,,,,
14,11,AdaBoostRegressor,-0.2689080825447105,-0.2500383302084077,2.770064368311993,27.369539976119995,,,,
14,11,Lasso,-0.3593116207845981,-0.3390974902381014,2.86704357681451,0.165050983428955,,,,
14,11,LassoLars,-0.3593116208259668,-0.3390974902788548,2.867043576858137,0.1011073589324951,,,,
14,11,DecisionTreeRegressor,-0.3646719531385272,-0.344378109848964,2.8726909887472334,5.794961929321289,,,,
14,11,ExtraTreeRegressor,-0.4778003373979851,-0.4558241779323746,2.989390566951661,1.002563238143921,,,,
14,11,DummyRegressor,-0.600004765070163,-0.5762113208726678,3.110537325465525,0.1413676738739013,,,,
14,11,RANSACRegressor,-0.6848049290845899,-0.6597504336612083,3.19190231174931,0.731689453125,,,,
14,11,PassiveAggressiveRegressor,-1.0869127474209035,-1.055878563595443,3.55244141910868,0.502328634262085,,,,
14,11,Lars,-1.7894947570855137e+23,-1.7628834340607616e+23,1040255436720.0902,0.1625394821166992,,,,
14,11,ExtraTreesRegressor,0.0938484210540216,0.1514299595154717,2.475048843298983,23.59274697303772,0.1391,0.0472,0.0854,DJF
14,11,CatBoostRegressor,0.0869786154869298,0.144996696777058,2.4844131703596566,29.45830273628235,0.134,0.0771,0.0548,DJF
14,11,LGBMRegressor,0.0786974325153849,0.1372417428237718,2.4956546588102726,15.581747055053713,0.1249,0.0453,0.0743,DJF
14,11,GradientBoostingRegressor,0.0737839312233389,0.132640470710819,2.5023007362118768,32.65909194946289,0.12,0.034,0.0812,DJF
14,11,HistGradientBoostingRegressor,0.0736740572265304,0.132537578673674,2.502449151705363,1.6132266521453855,0.1197,0.0572,0.054,DJF
14,11,RandomForestRegressor,0.0695668338944625,0.1286913494663862,2.5079908024664133,74.85509061813354,,,,DJF
14,11,XGBRegressor,0.0169454760631477,0.0794138237380648,2.577936117570205,2.2407820224761963,,,,DJF
14,11,BaggingRegressor,-0.0228029512978191,0.0421912161759552,2.629537291941392,7.387818098068237,,,,DJF
14,11,PoissonRegressor,-0.0236789299010511,0.0413709017649018,2.6306630832886806,0.0976700782775878,,,,DJF
14,11,MLPRegressor,-0.0300291440128726,0.0354242129645339,2.6388098988221937,19.365236043930054,,,,DJF
14,11,KNeighborsRegressor,-0.0336087915540812,0.0320720346650744,2.643391233608103,0.2014212608337402,,,,DJF
14,11,LassoLarsIC,-0.1446656066843072,-0.0719276584334649,2.7817792612635097,0.1215229034423828,,,,DJF
14,11,TransformedTargetRegressor,-0.1446658521630752,-0.0719278883132477,2.7817795595461283,0.1356072425842285,,,,DJF
14,11,LinearRegression,-0.1446658521630752,-0.0719278883132477,2.7817795595461283,0.0855851173400878,,,,DJF
14,11,Ridge,-0.144676609800795,-0.0719379623552596,2.781792631180244,0.0507740974426269,,,,DJF
14,11,RidgeCV,-0.1446766098009801,-0.071937962355433,2.781792631180469,0.1345472335815429,,,,DJF
14,11,BayesianRidge,-0.1447592530353079,-0.0720153540129973,2.7818930491452214,0.1051335334777832,,,,DJF
14,11,ElasticNetCV,-0.1472699360656635,-0.074366495312327,2.784941998640789,1.106189489364624,,,,DJF
14,11,LassoCV,-0.1499816901045572,-0.0769059305326957,2.7882313815964657,0.4932014942169189,,,,DJF
14,11,LassoLarsCV,-0.1555599083738483,-0.0821296800825335,2.794985640290524,0.1627869606018066,,,,DJF
14,11,SGDRegressor,-0.172203402522542,-0.0977155608906747,2.8150417281679387,0.179889440536499,,,,DJF
14,11,LarsCV,-0.1759156852269863,-0.1011919460319603,2.819495720535208,0.2403905391693115,,,,DJF
14,11,OrthogonalMatchingPursuit,-0.2069132989676569,-0.1302198117422874,2.8564155224998413,0.0447676181793212,,,,DJF
14,11,OrthogonalMatchingPursuitCV,-0.2420959687824493,-0.1631667935086482,2.897750064824801,0.1206984519958496,,,,DJF
14,11,HuberRegressor,-0.2638779596471694,-0.1835646444856435,2.923047806246998,0.9891786575317384,,,,DJF
14,11,GammaRegressor,-0.281121747781563,-0.1997126735078183,2.942920633270409,0.063201904296875,,,,DJF
14,11,LinearSVR,-0.3165171000493121,-0.2328588227886534,2.983297748186907,3.8267006874084473,,,,DJF
14,11,RANSACRegressor,-0.4857205315596702,-0.3913101967782866,3.1692165163880097,0.3493826389312744,,,,DJF
14,11,TweedieRegressor,-0.498283937689133,-0.4030752593744389,3.182587919354368,0.0846908092498779,,,,DJF
14,11,PassiveAggressiveRegressor,-0.5068435072189976,-0.4110909097702988,3.191665900310806,0.0988717079162597,,,,DJF
14,11,AdaBoostRegressor,-0.5894636997803211,-0.4884609897608358,3.277997779473533,12.176356315612791,,,,DJF
14,11,ElasticNet,-0.6612580874609566,-0.5556931922711299,3.351211997767052,0.0472433567047119,,,,DJF
14,11,LassoLars,-0.6721494409047502,-0.5658924530211706,3.3621794708125274,0.0464189052581787,,,,DJF
14,11,Lasso,-0.6721560758037715,-0.5658986663045351,3.362186141179005,0.0453927516937255,,,,DJF
14,11,DecisionTreeRegressor,-0.7291328847900602,-0.6192548753886853,3.418987659337093,1.2300715446472168,,,,DJF
14,11,ExtraTreeRegressor,-0.885059173457982,-0.7652728045760366,3.5698160833654784,0.2782216072082519,,,,DJF
14,11,DummyRegressor,-3.018964180599148,-2.7635784968821446,5.212432162098042,0.0342235565185546,,,,DJF
14,11,QuantileRegressor,-6.565443286433607,-6.084696054185318,7.151555906900345,35.01054334640503,,,,DJF
14,11,Lars,-4978871862844.304,-4662488700991.258,5801613.89742931,0.0535171031951904,,,,DJF
14,11,HistGradientBoostingRegressor,0.3940006590846587,0.4291757735777081,1.5598927951547128,6.200497388839722,0.415,0.1142,0.2956,JJA
14,11,ExtraTreesRegressor,0.3858686694802877,0.4215158037365236,1.5703241263002368,25.4419469833374,0.4049,0.102,0.2909,JJA
14,11,CatBoostRegressor,0.3847440990329078,0.420456508763177,1.571761223162729,6.922721147537232,0.4065,0.1166,0.2863,JJA
14,11,LGBMRegressor,0.3800727041195932,0.4160562640637717,1.5777168208265713,2.5835840702056885,0.3983,0.0845,0.3014,JJA
14,11,GradientBoostingRegressor,0.3590304604949867,0.3962354133990455,1.6042696661737477,35.009453773498535,0.3795,0.0796,0.2905,JJA
14,11,RandomForestRegressor,0.3564253808497326,0.3937815450977624,1.6075264609137658,75.6495451927185,,,,JJA
14,11,XGBRegressor,0.3518241093305002,0.3894473534935975,1.613262774805708,1.7515718936920166,,,,JJA
14,11,BaggingRegressor,0.3115539000827355,0.3515146207500309,1.6626224800381544,8.003902196884155,,,,JJA
14,11,KNeighborsRegressor,0.2995308832873891,0.3401894776383247,1.6770776543207515,0.328747034072876,,,,JJA
14,11,MLPRegressor,0.2754737655582044,0.3175287506530948,1.7056335654778223,21.492162704467773,,,,JJA
14,11,PoissonRegressor,0.1746051822362792,0.222515064733766,1.8204952292022407,0.1816828250885009,,,,JJA
14,11,ElasticNetCV,0.073381995136904,0.1271673579446397,1.9288970262407168,1.1768548488616943,,,,JJA
14,11,LassoLarsCV,0.0710790819517728,0.1249981169097657,1.931292471737846,0.3235080242156982,,,,JJA
14,11,LassoLarsIC,0.0710790819517728,0.1249981169097657,1.931292471737846,0.2054405212402343,,,,JJA
14,11,LassoCV,0.0642331177896802,0.1185495254128862,1.9383960303257624,1.1214287281036377,,,,JJA
14,11,BayesianRidge,0.0476273720667728,0.1029076569875405,1.9555193995342484,0.1679716110229492,,,,JJA
14,11,RidgeCV,0.0465861845228917,0.1019269049731923,1.9565880496614572,0.0977790355682373,,,,JJA
14,11,Ridge,0.0465861845204071,0.101926904970852,1.956588049664007,0.0630693435668945,,,,JJA
14,11,LinearRegression,0.046295261468008,0.1016528684907407,1.9568865418520984,0.1335997581481933,,,,JJA
14,11,TransformedTargetRegressor,0.046295261468008,0.1016528684907407,1.9568865418520984,0.1058001518249511,,,,JJA
14,11,OrthogonalMatchingPursuit,0.0391322854938697,0.0949056660711095,1.9642215741376623,0.085869550704956,,,,JJA
14,11,OrthogonalMatchingPursuitCV,0.0391322854938697,0.0949056660711095,1.9642215741376623,0.2394015789031982,,,,JJA
14,11,SGDRegressor,0.0383565258569582,0.0941749352522265,1.9650143244623708,0.2118644714355468,,,,JJA
14,11,HuberRegressor,0.0149665409722222,0.0721426175145678,1.988768202149536,2.091670036315918,,,,JJA
14,11,GammaRegressor,-0.0236503008503945,0.0357672828038544,2.0273768608951697,0.0948297977447509,,,,JJA
14,11,LinearSVR,-0.0357399950332055,0.0243793325807382,2.0393137602885867,3.2245781421661377,,,,JJA
14,11,RANSACRegressor,-0.2554547938418046,-0.1825821632420257,2.2452216219415058,0.3706593513488769,,,,JJA
14,11,DecisionTreeRegressor,-0.2566377875448093,-0.1836964903044282,2.2462791899450605,1.4474449157714844,,,,JJA
14,11,TweedieRegressor,-0.2733956406416253,-0.199481637060594,2.2612071790488093,0.0713794231414794,,,,JJA
14,11,ExtraTreeRegressor,-0.2891376072476284,-0.2143098642607497,2.2751409914612912,0.3569104671478271,,,,JJA
14,11,AdaBoostRegressor,-0.4497296991845503,-0.3655804192929826,2.4126937224085805,12.044825315475464,,,,JJA
14,11,ElasticNet,-0.6343226581382049,-0.5394587156597144,2.561695923247936,0.0887722969055175,,,,JJA
14,11,LarsCV,-0.6608433189545428,-0.5644399898502568,2.5823969977686274,0.4515161514282226,,,,JJA
14,11,Lasso,-0.8860770293127385,-0.7766000530695347,2.7519363774226413,0.1297829151153564,,,,JJA
14,11,LassoLars,-0.8861806240542465,-0.7766976346743155,2.7520119528680445,0.0930213928222656,,,,JJA
14,11,PassiveAggressiveRegressor,-0.9736758873798445,-0.8591142523689979,2.815117936556886,0.1667530536651611,,,,JJA
14,11,DummyRegressor,-5.239058164377895,-4.876913240376327,5.005162631263011,0.0629396438598632,,,,JJA
14,11,QuantileRegressor,-12.02372053509276,-11.26776119649776,7.231463699707187,36.88585424423218,,,,JJA
14,11,Lars,-1.6143917737642866e+26,-1.520684715612999e+26,25460278164735.816,0.092578649520874,,,,JJA
14,11,GradientBoostingRegressor,0.0917193153333679,0.1454804773541343,2.1491480943646963,33.1209728717804,0.0608,0.0213,0.0417,MAM
14,11,HistGradientBoostingRegressor,0.0863041539172716,0.1403858395109534,2.155545174674057,1.711230993270874,0.0646,0.033,0.0379,MAM
14,11,ExtraTreesRegressor,0.0733382253794623,0.12818736468722,2.170785579818992,23.781306743621823,0.0509,0.0227,0.0287,MAM
14,11,CatBoostRegressor,0.0658670672409078,0.1211584246316329,2.179518930092149,5.522513389587402,0.0389,0.0206,0.0196,MAM
14,11,LGBMRegressor,0.0527992526809392,0.1088640944225658,2.194710895851745,0.9154937267303468,0.0161,0.0307,-0.0188,MAM
14,11,RandomForestRegressor,0.0341777061015318,0.091344757765304,2.216179415414215,77.42526888847351,,,,MAM
14,11,XGBRegressor,0.0260357503724043,0.0836847246494271,2.2255010919299734,1.5126941204071045,,,,MAM
14,11,BaggingRegressor,-0.0074192650048314,0.0522099126745823,2.2634006150594823,7.780054092407227,,,,MAM
14,11,KNeighborsRegressor,-0.0377104848388607,0.0237116310861809,2.297176718487179,0.2205808162689209,,,,MAM
14,11,MLPRegressor,-0.0482699969593518,0.0137771368170583,2.308834916562501,20.16063380241394,,,,MAM
14,11,PoissonRegressor,-0.0520423254441455,0.0102280925727976,2.312985498997358,0.0864920616149902,,,,MAM
14,11,ElasticNetCV,-0.1666929699640018,-0.0976363767262571,2.435760560892312,0.9402775764465332,,,,MAM
14,11,LassoCV,-0.1752633680085915,-0.105699492643597,2.4446906055079625,0.8842716217041016,,,,MAM
14,11,LassoLarsIC,-0.1908651036612165,-0.1203777610769079,2.460863860010687,0.1048705577850341,,,,MAM
14,11,LassoLarsCV,-0.1908651036612165,-0.1203777610769079,2.460863860010687,0.1606674194335937,,,,MAM
14,11,LarsCV,-0.1968904970051412,-0.1260465112010986,2.4670815937263324,0.2403883934020996,,,,MAM
14,11,BayesianRidge,-0.1999397846908805,-0.1289153114537256,2.4702222553815787,0.1103427410125732,,,,MAM
14,11,RidgeCV,-0.2010534241614896,-0.1299630345693765,2.471368270816618,0.1025407314300537,,,,MAM
14,11,Ridge,-0.201053424161508,-0.1299630345693938,2.4713682708166367,0.0495610237121582,,,,MAM
14,11,TransformedTargetRegressor,-0.2012753195429211,-0.1301717959562685,2.471596553700539,0.0870704650878906,,,,MAM
14,11,LinearRegression,-0.2012753195429211,-0.1301717959562685,2.471596553700539,0.0854284763336181,,,,MAM
14,11,SGDRegressor,-0.2091698340851309,-0.1375990339367898,2.4797046461177894,0.2248368263244629,,,,MAM
14,11,GammaRegressor,-0.2138753348298903,-0.1420260159458781,2.484524863251318,0.0573697090148925,,,,MAM
14,11,HuberRegressor,-0.2477521735090024,-0.1738976834882204,2.5189553605823893,1.033184289932251,,,,MAM
14,11,AdaBoostRegressor,-0.2646679335648894,-0.1898121991794286,2.535972601715471,10.594775915145874,,,,MAM
14,11,OrthogonalMatchingPursuitCV,-0.2943837613147124,-0.217769146159013,2.5655934116201675,0.1199924945831298,,,,MAM
14,11,OrthogonalMatchingPursuit,-0.2943837613147124,-0.217769146159013,2.5655934116201675,0.0448825359344482,,,,MAM
14,11,LinearSVR,-0.3156041822399866,-0.2377335297086478,2.5865383765855627,3.505533456802368,,,,MAM
14,11,TweedieRegressor,-0.4249376807514935,-0.3405955750372307,2.6918709719491454,0.0561325550079345,,,,MAM
14,11,PassiveAggressiveRegressor,-0.6590772856609772,-0.5608764494380534,2.9046219332626504,0.0942714214324951,,,,MAM
14,11,RANSACRegressor,-0.7035530402880008,-0.6027196827631658,2.9432973111993315,0.3177862167358398,,,,MAM
14,11,ExtraTreeRegressor,-0.8064661226086418,-0.6995413365352332,3.0308972556445823,0.2755835056304931,,,,MAM
14,11,ElasticNet,-0.8618858496609829,-0.7516807682168749,3.0770377858073736,0.0501556396484375,,,,MAM
14,11,DecisionTreeRegressor,-0.8963627821994784,-0.7841170100443691,3.1053961868300197,1.3164312839508057,,,,MAM
14,11,LassoLars,-1.2672242943469088,-1.1330272177344751,3.3954985319065485,0.0483748912811279,,,,MAM
14,11,Lasso,-1.2673130989924577,-1.133110766030287,3.395565030199569,0.0529124736785888,,,,MAM
14,11,DummyRegressor,-5.787566680360925,-5.385810397099687,5.8750742313588304,0.0351948738098144,,,,MAM
14,11,QuantileRegressor,-12.888048026587478,-12.066014031244295,8.403823228033351,35.246854066848755,,,,MAM
14,11,Lars,-5.3984428121266775e+26,-5.078908813901111e+26,52395085847661.73,0.055941104888916,,,,MAM
14,11,LGBMRegressor,0.1306428415670391,0.1807980622458638,2.1321295310287245,0.8747830390930176,0.1801,0.178,0.0281,SON
14,11,GradientBoostingRegressor,0.1265184298128765,0.1769115973236721,2.1371811802845637,32.67307901382446,0.1758,0.1277,0.0692,SON
14,11,HistGradientBoostingRegressor,0.1242285373299445,0.1747538140224478,2.139980730984472,1.5227084159851074,0.1736,0.1701,0.0271,SON
14,11,ExtraTreesRegressor,0.1125490710560901,0.1637481631105465,2.1542030790491404,23.984145402908325,0.1649,0.1666,0.0322,SON
14,11,RandomForestRegressor,0.1037306816672957,0.155438526955721,2.164879524806447,79.58663153648376,0.1548,0.1728,0.0084,SON
14,11,CatBoostRegressor,0.100939724924611,0.1528085869481912,2.168247590951961,5.690698385238648,,,,SON
14,11,KNeighborsRegressor,0.0281122717868994,0.0841827176453475,2.254356093209314,0.2305970191955566,,,,SON
14,11,XGBRegressor,0.0265246177690507,0.0826866590516056,2.256196674635625,1.6445300579071045,,,,SON
14,11,BaggingRegressor,0.0206079958470456,0.0771113807020238,2.2630426827667804,8.06672716140747,,,,SON
14,11,MLPRegressor,-0.0367254149033713,0.0230856667256694,2.328339686393842,20.17042326927185,,,,SON
14,11,PoissonRegressor,-0.0474571568086836,0.0129730637764328,2.3403596526697097,0.0913057327270507,,,,SON
14,11,ElasticNetCV,-0.175830644037952,-0.1079942607280701,2.479629847433984,1.03324556350708,,,,SON
14,11,LassoLarsIC,-0.1780705301767839,-0.1101049226665848,2.481990496060829,0.1170263290405273,,,,SON
14,11,LassoLarsCV,-0.1780705301767842,-0.1101049226665851,2.481990496060829,0.1744999885559082,,,,SON
14,11,LassoCV,-0.1792326540599595,-0.1112000009411156,2.483214391140056,0.7471840381622314,,,,SON
14,11,SGDRegressor,-0.1853818804325779,-0.1169944642537752,2.489680457258673,0.2049601078033447,,,,SON
14,11,BayesianRidge,-0.185455370961691,-0.1170637149446702,2.489757632851347,0.1072301864624023,,,,SON
14,11,RidgeCV,-0.1857875276045653,-0.1173767087043018,2.4901064151151244,0.136775255203247,,,,SON
14,11,Ridge,-0.1857875276053393,-0.1173767087050312,2.490106415115937,0.0552430152893066,,,,SON
14,11,LinearRegression,-0.1858370251433134,-0.1174233506158144,2.4901583859993246,0.0854966640472412,,,,SON
14,11,TransformedTargetRegressor,-0.1858370251433134,-0.1174233506158144,2.4901583859993246,0.0912017822265625,,,,SON
14,11,OrthogonalMatchingPursuit,-0.212673620089701,-0.1427116804691413,2.518178045471946,0.0530099868774414,,,,SON
14,11,OrthogonalMatchingPursuitCV,-0.212673620089701,-0.1427116804691413,2.518178045471946,0.1284751892089843,,,,SON
14,11,HuberRegressor,-0.2600349010243865,-0.1873405798114411,2.566881118608888,1.124012470245361,,,,SON
14,11,LinearSVR,-0.2911261235236915,-0.2166380779357861,2.598356891043737,3.715585470199585,,,,SON
14,11,GammaRegressor,-0.3777750692238886,-0.2982880459994335,2.6841305129072834,0.063833475112915,,,,SON
14,11,AdaBoostRegressor,-0.3778035806984896,-0.2983149125812689,2.6841582852645938,11.176397800445557,,,,SON
14,11,TweedieRegressor,-0.5815813577878992,-0.4903362794539818,2.875810312717745,0.0663599967956543,,,,SON
14,11,RANSACRegressor,-0.6319419486043749,-0.537791451569507,2.921237191027101,0.3585827350616455,,,,SON
14,11,ExtraTreeRegressor,-0.6512131796851599,-0.5559508808571698,2.938434682310336,0.2735981941223144,,,,SON
14,11,DecisionTreeRegressor,-0.6589535254677539,-0.5632446682292296,2.945313838915435,1.34383225440979,,,,SON
14,11,ElasticNet,-0.8237198578807274,-0.7185052506953007,3.0881154745989163,0.0524413585662841,,,,SON
14,11,LassoLars,-0.885124694692391,-0.7763675007678299,3.139673659346077,0.0485329627990722,,,,SON
14,11,Lasso,-0.8851248681422279,-0.7763676642109454,3.1396738037863554,0.0540735721588134,,,,SON
14,11,PassiveAggressiveRegressor,-1.5888823600054618,-1.439523762312839,3.679345967549157,0.1134126186370849,,,,SON
14,11,DummyRegressor,-3.3471611962312027,-3.096363434910171,4.767792436738188,0.0382087230682373,,,,SON
14,11,QuantileRegressor,-7.083584792592633,-6.61722413148152,6.501543419052191,35.83916616439819,,,,SON
14,11,LarsCV,-1871730788216445.5,-1763746319665496.8,98931856.8008928,0.248270034790039,,,,SON
14,11,Lars,-1916461062134406.0,-1805896000857420.8,100107004.93295194,0.0572607517242431,,,,SON
1,4,ExtraTreesRegressor,0.3495495036393472,0.4528243735350498,2.362206735679945,11.164628505706789,0.4368,0.0471,0.3916,DJF
1,4,LGBMRegressor,0.3410447282367885,0.4456699385167413,2.377599754325468,0.4316058158874511,0.4315,0.0517,0.3939,DJF
1,4,HistGradientBoostingRegressor,0.3380635421361666,0.4431620883708143,2.382971946436341,1.3995132446289062,0.427,0.0448,0.385,DJF
1,4,CatBoostRegressor,0.3349746784063131,0.4405636570437509,2.388525431616396,3.914172887802124,0.4231,0.075,0.3473,DJF
1,4,XGBRegressor,0.327921612566794,0.4346304373124562,2.401158029809668,1.0892441272735596,0.4173,0.0804,0.3379,DJF
1,4,RandomForestRegressor,0.3092736151999258,0.418943264040049,2.434242282001428,32.81410789489746,,,,DJF
1,4,GradientBoostingRegressor,0.3017604704934841,0.4126230141755771,2.447445303454167,14.961840391159058,,,,DJF
1,4,BaggingRegressor,0.2446340219964502,0.3645667817351754,2.5455960527895947,3.3267102241516118,,,,DJF
1,4,MLPRegressor,0.2352941071786841,0.356709806038893,2.561285537659906,8.549471616744995,,,,DJF
1,4,KNeighborsRegressor,0.2156009505512373,0.3401434180124614,2.5940557661946446,0.0556111335754394,,,,DJF
1,4,HuberRegressor,0.2141233906056657,0.3389004567212007,2.5964978074089107,0.2576494216918945,,,,DJF
1,4,LinearSVR,0.1918689818282711,0.3201794777496877,2.6330048982662606,0.9467148780822754,,,,DJF
1,4,SGDRegressor,0.1836871443992804,0.3132967064305925,2.6463001219601097,0.1047582626342773,,,,DJF
1,4,BayesianRidge,0.1741724282933926,0.3052926834111548,2.661677712460715,0.0510687828063964,,,,DJF
1,4,RidgeCV,0.1740537250484954,0.3051928271995699,2.6618689984140063,0.0354964733123779,,,,DJF
1,4,Ridge,0.1737462928559151,0.3049342073606862,2.6623643502975884,0.0266494750976562,,,,DJF
1,4,LinearRegression,0.1737057970440538,0.3049001412459728,2.6624295925372907,0.0405926704406738,,,,DJF
1,4,TransformedTargetRegressor,0.1737057970440538,0.3049001412459728,2.6624295925372907,0.0397319793701171,,,,DJF
1,4,ElasticNetCV,0.173412852240233,0.3046537085697782,2.662901504234098,0.4682204723358154,,,,DJF
1,4,LassoCV,0.1675876429214606,0.2997533932096967,2.672268166425664,0.2040634155273437,,,,DJF
1,4,PoissonRegressor,0.1296267073110724,0.2678196813591751,2.732521306290155,0.0471951961517334,,,,DJF
1,4,RANSACRegressor,-0.0029986020315058,0.1562518723857526,2.933330126704792,0.1844496726989746,,,,DJF
1,4,LassoLarsCV,-0.036147459215005,0.1283662042258174,2.9814090265769395,0.0801746845245361,,,,DJF
1,4,LassoLarsIC,-0.036147459215005,0.1283662042258174,2.9814090265769395,0.0452609062194824,,,,DJF
1,4,GammaRegressor,-0.0514393499562939,0.1155022738529225,3.003328878112911,0.0302388668060302,,,,DJF
1,4,TweedieRegressor,-0.0987884295176342,0.0756710147233271,3.070208131532885,0.034130573272705,,,,DJF
1,4,OrthogonalMatchingPursuitCV,-0.1617432786482058,0.0227117823070802,3.156936621296877,0.0493459701538085,,,,DJF
1,4,OrthogonalMatchingPursuit,-0.1617432786482058,0.0227117823070802,3.156936621296877,0.0236773490905761,,,,DJF
1,4,LarsCV,-0.1943063154307278,-0.0046810787188853,3.2008744748960853,0.1840343475341797,,,,DJF
1,4,ElasticNet,-0.2803757930721633,-0.0770849289910677,3.3142060531515294,0.0246229171752929,,,,DJF
1,4,Lasso,-0.4036925692636013,-0.1808221613303833,3.470138264990877,0.0233633518218994,,,,DJF
1,4,LassoLars,-0.4037764495246736,-0.180892723555575,3.470241945726132,0.021735668182373,,,,DJF
1,4,ExtraTreeRegressor,-0.6038590158447137,-0.3492073058080878,3.7093163491104097,0.1245107650756836,,,,DJF
1,4,PassiveAggressiveRegressor,-0.6818389476286728,-0.4148060227962651,3.798419979035445,0.0557746887207031,,,,DJF
1,4,DecisionTreeRegressor,-0.7576086502248771,-0.4785454383507324,3.883040046149409,0.5553939342498779,,,,DJF
1,4,AdaBoostRegressor,-0.929580749034209,-0.6232127749535685,4.068574357871152,4.771030187606812,,,,DJF
1,4,DummyRegressor,-1.6471642666018464,-1.226862419258378,4.765420455606996,0.0174922943115234,,,,DJF
1,4,QuantileRegressor,-3.467898604822357,-2.7585108040566904,6.191023223531287,9.259235382080078,,,,DJF
1,4,Lars,-6.104918798307758e+19,-5.1356141423090336e+19,22884989879.20397,0.0310049057006835,,,,DJF
1,4,ExtraTreesRegressor,0.5900522548371157,0.6579796428437563,1.9627249579860448,11.296009063720703,0.6523,0.0316,0.6222,JJA
1,4,CatBoostRegressor,0.5712871312399376,0.6423238565868084,2.007143641744011,3.721942901611328,0.6358,0.0256,0.6074,JJA
1,4,HistGradientBoostingRegressor,0.56989073009553,0.6411588358645847,2.0104098127571346,1.4643137454986572,0.6337,0.0299,0.5995,JJA
1,4,LGBMRegressor,0.5689646161629057,0.6403861768568428,2.012573062306673,0.4532766342163086,0.6322,0.0372,0.5897,JJA
1,4,RandomForestRegressor,0.5525229498890467,0.6266688564481291,2.050598225438973,31.73113346099853,0.6199,0.0237,0.5931,JJA
1,4,XGBRegressor,0.5426520361074716,0.6184335301245475,2.07309196780385,1.065631866455078,,,,JJA
1,4,MLPRegressor,0.5131465505962869,0.5938170349451579,2.1389189081422697,8.803640842437744,,,,JJA
1,4,BaggingRegressor,0.4954885267548331,0.5790849045890614,2.1773623927315406,3.202291250228882,,,,JJA
1,4,GradientBoostingRegressor,0.4792817818981236,0.5655635796650043,2.2120583577007125,14.985730648040771,,,,JJA
1,4,KNeighborsRegressor,0.4609782573279353,0.5502929065497599,2.250600110662035,0.0469405651092529,,,,JJA
1,4,LinearSVR,0.3423879497568881,0.4513527371518223,2.485879513931608,0.8453922271728516,,,,JJA
1,4,HuberRegressor,0.3404769929921796,0.4497584214789405,2.489488756052761,0.2619683742523193,,,,JJA
1,4,SGDRegressor,0.3241279817557968,0.4361184033834699,2.520156014188234,0.069810152053833,,,,JJA
1,4,BayesianRidge,0.3119374661386584,0.4259478278540551,2.542782121491002,0.0522933006286621,,,,JJA
1,4,RidgeCV,0.3117915429033336,0.4258260837594673,2.543051741841436,0.0400404930114746,,,,JJA
1,4,Ridge,0.311791542902441,0.4258260837587225,2.543051741843085,0.0212876796722412,,,,JJA
1,4,LinearRegression,0.3117681961239609,0.4258066054871418,2.543094876711265,0.0350749492645263,,,,JJA
1,4,TransformedTargetRegressor,0.3117681961239609,0.4258066054871418,2.543094876711265,0.0409529209136962,,,,JJA
1,4,LassoCV,0.3074558296098192,0.422208788075634,2.551049777725063,0.4430696964263916,,,,JJA
1,4,ElasticNetCV,0.3069833877839621,0.4218146287616195,2.551919770709526,0.4628851413726806,,,,JJA
1,4,PoissonRegressor,0.27642881452647,0.3963228772357468,2.6075690995029945,0.0501418113708496,,,,JJA
1,4,LassoLarsCV,0.2437620458419336,0.3690689161530085,2.6657807589375517,0.0763707160949707,,,,JJA
1,4,LassoLarsIC,0.2425369883374822,0.3680468478280738,2.667939083050619,0.0527551174163818,,,,JJA
1,4,GammaRegressor,0.1739486973179175,0.3108234771227974,2.7861128557134456,0.0304405689239501,,,,JJA
1,4,OrthogonalMatchingPursuit,0.1285501886656394,0.2729473957762747,2.861649134879374,0.0196387767791748,,,,JJA
1,4,OrthogonalMatchingPursuitCV,0.1285501886656394,0.2729473957762747,2.861649134879374,0.0574457645416259,,,,JJA
1,4,LarsCV,0.1284971393364351,0.272903136597549,2.861736234707035,0.1235361099243164,,,,JJA
1,4,TweedieRegressor,0.0580311422403698,0.2141131913458899,2.975181510784469,0.031670331954956,,,,JJA
1,4,AdaBoostRegressor,-0.076584960261878,0.1018026639675611,3.1806753873010143,5.107195138931274,,,,JJA
1,4,ExtraTreeRegressor,-0.1199328949541536,0.065637381244645,3.244077303447999,0.1378858089447021,,,,JJA
1,4,ElasticNet,-0.1202123115591178,0.0654042633213173,3.244481967218075,0.0333714485168457,,,,JJA
1,4,LassoLars,-0.1582178706333552,0.0336961370006598,3.2990608404611588,0.0241889953613281,,,,JJA
1,4,Lasso,-0.1582407289892204,0.0336770662212025,3.2990933951024544,0.0266933441162109,,,,JJA
1,4,DecisionTreeRegressor,-0.269118883049769,-0.0588288355676853,3.4533957243538578,0.5668940544128418,,,,JJA
1,4,RANSACRegressor,-0.2847633997252892,-0.0718810922126687,3.474615654318269,0.1723964214324951,,,,JJA
1,4,PassiveAggressiveRegressor,-1.2644236985386756,-0.8892139577924418,4.612899997385384,0.0451951026916503,,,,JJA
1,4,DummyRegressor,-1.856199526059028,-1.3829339069155262,5.180712181224449,0.016261339187622,,,,JJA
1,4,QuantileRegressor,-4.261903962412719,-3.3900187128268904,7.031802310454168,9.408453941345217,,,,JJA
1,4,Lars,-15890197941773.36,-13257229096770.05,12219680.408238145,0.0282995700836181,,,,JJA
1,4,CatBoostRegressor,0.4401443270866776,0.5270973880023707,1.8158249242473985,3.980068683624268,0.4998,0.1533,0.3264,MAM
1,4,LGBMRegressor,0.4272255700804966,0.5161850864440163,1.8366556631738369,0.4375922679901123,0.4871,0.1784,0.2905,MAM
1,4,XGBRegressor,0.4262127045199111,0.5153295324282627,1.838278870747641,1.1299002170562744,0.4834,0.224,0.2299,MAM
1,4,HistGradientBoostingRegressor,0.4240318448809669,0.5134873894089911,1.8417690369242243,1.4542770385742188,0.4842,0.1801,0.2833,MAM
1,4,RandomForestRegressor,0.4179898937386281,0.50838383394816,1.8514039858604876,33.52280688285828,0.4808,0.1465,0.3143,MAM
1,4,ExtraTreesRegressor,0.4150106950585043,0.5058673445998265,1.8561364293398013,11.4693763256073,,,,MAM
1,4,GradientBoostingRegressor,0.4022503153856329,0.4950888222603439,1.876271186333323,15.547719478607178,,,,MAM
1,4,MLPRegressor,0.3311074649251566,0.4349954063400505,1.9847879106753608,8.627769947052002,,,,MAM
1,4,BaggingRegressor,0.3291297680182734,0.4333248721680238,1.9877199300381097,3.3872110843658447,,,,MAM
1,4,LinearSVR,0.3123479012133019,0.4191494533409362,2.0124278449534563,0.9375724792480468,,,,MAM
1,4,HuberRegressor,0.3048231149457389,0.4127933668478993,2.0234086068120787,0.2622594833374023,,,,MAM
1,4,KNeighborsRegressor,0.3024976423302479,0.4108290711781385,2.026790086346096,0.053389549255371,,,,MAM
1,4,RANSACRegressor,0.237857257573275,0.3562282012199326,2.118624989657715,0.1838865280151367,,,,MAM
1,4,SGDRegressor,0.2350727169947761,0.3538761369710643,2.122491731597661,0.1025598049163818,,,,MAM
1,4,LassoCV,0.2151167147469195,0.3370195683148366,2.1500000580813565,0.3590466976165771,,,,MAM
1,4,ElasticNetCV,0.2150154527713351,0.3369340336760597,2.1501387450911604,0.4596579074859619,,,,MAM
1,4,BayesianRidge,0.2120871008947051,0.3344604939437564,2.154145512931022,0.0510892868041992,,,,MAM
1,4,PoissonRegressor,0.2114109712760258,0.3338893762822016,2.1550695803363213,0.0459487438201904,,,,MAM
1,4,Ridge,0.2113859783328922,0.3338682650768299,2.1551037306368923,0.0244607925415039,,,,MAM
1,4,RidgeCV,0.2113859783320303,0.3338682650761019,2.15510373063807,0.0424389839172363,,,,MAM
1,4,LinearRegression,0.2112708793490195,0.3337710425018966,2.1552609946422154,0.0398688316345214,,,,MAM
1,4,TransformedTargetRegressor,0.2112708793490195,0.3337710425018966,2.1552609946422154,0.0421335697174072,,,,MAM
1,4,LassoLarsIC,0.089851623351075,0.2312098180894638,2.315218749119069,0.0526075363159179,,,,MAM
1,4,LassoLarsCV,0.0636419180365519,0.209070829949131,2.348318032746091,0.0926971435546875,,,,MAM
1,4,GammaRegressor,-0.0016573807788453,0.1539133840832641,2.4288211114267093,0.0277307033538818,,,,MAM
1,4,OrthogonalMatchingPursuitCV,-0.0094929900214513,0.1472947495731609,2.438302506773082,0.0464327335357666,,,,MAM
1,4,OrthogonalMatchingPursuit,-0.0094929900214513,0.1472947495731609,2.438302506773082,0.0207512378692626,,,,MAM
1,4,TweedieRegressor,-0.1499005108276947,0.0286943913989499,2.6023521497512707,0.0332908630371093,,,,MAM
1,4,PassiveAggressiveRegressor,-0.1718765389584282,0.0101315338498289,2.6271015536154505,0.053333044052124,,,,MAM
1,4,ExtraTreeRegressor,-0.2601466845785665,-0.0644290796167728,2.724247004060101,0.1326119899749755,,,,MAM
1,4,ElasticNet,-0.4322749753730719,-0.2098235486802515,2.904351216268411,0.0294668674468994,,,,MAM
1,4,LassoLars,-0.5074653921403978,-0.2733358898188647,2.979611258981223,0.0286896228790283,,,,MAM
1,4,Lasso,-0.5075215127355817,-0.2733832941363223,2.97966672161468,0.0299506187438964,,,,MAM
1,4,DecisionTreeRegressor,-0.5342107783225167,-0.2959273604359134,3.0059271158973497,0.5798571109771729,,,,MAM
1,4,AdaBoostRegressor,-0.7983773046542268,-0.5190652982092925,3.254440515772987,5.026740074157715,,,,MAM
1,4,LarsCV,-1.0124120069137224,-0.6998575535238527,3.4426619641558958,0.0997858047485351,,,,MAM
1,4,DummyRegressor,-3.0763295606510037,-2.443221154773328,4.899712249984048,0.0165982246398925,,,,MAM
1,4,QuantileRegressor,-7.2081537012696835,-5.933317840309543,6.952782943160032,9.626642227172852,,,,MAM
1,4,Lars,-728906752740056.2,-615697802042009.2,65519702.71392215,0.024893045425415,,,,MAM
1,4,LGBMRegressor,0.3234486975724643,0.430569320456824,2.6369282176931077,0.4300670623779297,0.3652,0.1786,0.1738,SON
1,4,ExtraTreesRegressor,0.3230403773656224,0.4302256509493988,2.6377238326472745,11.85161542892456,0.367,0.1613,0.1961,SON
1,4,CatBoostRegressor,0.3224925285873923,0.4297645448943885,2.638790943212088,3.7660372257232666,0.3692,0.1489,0.2106,SON
1,4,GradientBoostingRegressor,0.3172418295314255,0.4253452065222831,2.648996554303949,15.56526231765747,0.3725,0.0957,0.2743,SON
1,4,RandomForestRegressor,0.3040765524207555,0.4142644316208025,2.674414234153879,30.805876970291138,0.3549,0.158,0.1799,SON
1,4,HuberRegressor,0.291688764908472,0.4038380437979639,2.698112199883384,0.2800743579864502,,,,SON
1,4,HistGradientBoostingRegressor,0.2910606386853765,0.4033093708935252,2.699308269763029,1.5610060691833496,,,,SON
1,4,BaggingRegressor,0.2883217697898969,0.4010041562398299,2.704517406938276,3.0854620933532715,,,,SON
1,4,BayesianRidge,0.2640329725034073,0.3805610851903678,2.750281320910153,0.0554137229919433,,,,SON
1,4,RidgeCV,0.2639512283310642,0.3804922838453123,2.750434054130214,0.0421583652496337,,,,SON
1,4,SGDRegressor,0.2638740142743664,0.3804272953475917,2.750578315359783,0.0690791606903076,,,,SON
1,4,Ridge,0.263751136856627,0.3803238735209944,2.750807875152513,0.0233473777770996,,,,SON
1,4,LinearRegression,0.2637254615845197,0.380302263500304,2.750855839318235,0.0451183319091796,,,,SON
1,4,TransformedTargetRegressor,0.2637254615845197,0.380302263500304,2.750855839318235,0.0355801582336425,,,,SON
1,4,XGBRegressor,0.2633309826443363,0.3799702437256497,2.751592663239328,1.1339285373687744,,,,SON
1,4,ElasticNetCV,0.2632315914311726,0.3798865894545702,2.75177827910107,0.5248072147369385,,,,SON
1,4,LassoCV,0.2629472701068664,0.3796472856732792,2.7523091879784967,0.4458703994750976,,,,SON
1,4,LinearSVR,0.2622756327350554,0.3790819908853382,2.753562919702022,0.9288501739501952,,,,SON
1,4,LassoLarsIC,0.2617026539668352,0.3785997337554196,2.7546320363862558,0.0543456077575683,,,,SON
1,4,MLPRegressor,0.2413478770071241,0.3614677964809961,2.792346310917829,8.707524538040161,,,,SON
1,4,PoissonRegressor,0.2362037206124397,0.3571381315154701,2.8017972820073287,0.0488326549530029,,,,SON
1,4,LassoLarsCV,0.2025329890890681,0.3287985991499657,2.862887640523878,0.091836929321289,,,,SON
1,4,OrthogonalMatchingPursuit,0.1737022832695023,0.3045327550851644,2.9141789494293,0.0219888687133789,,,,SON
1,4,OrthogonalMatchingPursuitCV,0.1737022832695023,0.3045327550851644,2.9141789494293,0.0483062267303466,,,,SON
1,4,GammaRegressor,0.0978072005874072,0.2406543938277343,3.0450723702566305,0.0264649391174316,,,,SON
1,4,KNeighborsRegressor,0.077735170606598,0.2237604352605533,3.0787594930524413,0.0501368045806884,,,,SON
1,4,TweedieRegressor,0.0423232219810141,0.1939553785006869,3.137309891223282,0.0290801525115966,,,,SON
1,4,RANSACRegressor,-0.0553482833565164,0.1117485281749319,3.2934103380336093,0.1736831665039062,,,,SON
1,4,LarsCV,-0.0777351997895088,0.0929062068438301,3.3281582949210438,0.1241176128387451,,,,SON
1,4,ElasticNet,-0.119865876046032,0.0574462209945897,3.392586628464507,0.0303976535797119,,,,SON
1,4,LassoLars,-0.2717653183313293,-0.0704024762622022,3.6153590040977273,0.0223572254180908,,,,SON
1,4,Lasso,-0.2717719149378206,-0.0704080284059991,3.6153683804619847,0.0276238918304443,,,,SON
1,4,DecisionTreeRegressor,-0.2839433997224538,-0.0806523614330654,3.632627613656729,0.5163891315460205,,,,SON
1,4,PassiveAggressiveRegressor,-0.3230421036531277,-0.1135604372413825,3.68752329851982,0.0623445510864257,,,,SON
1,4,AdaBoostRegressor,-1.0683264544038833,-0.740841432456602,4.610600401482197,4.841062307357788,,,,SON
1,4,DummyRegressor,-1.2552102886626928,-0.8981353262910998,4.814392152504,0.0196044445037841,,,,SON
1,4,ExtraTreeRegressor,-1.5575399098904463,-1.152596090824459,5.126950803930854,0.1389923095703125,,,,SON
1,4,QuantileRegressor,-2.5953006178595164,-2.0260446866984263,6.0787676711911525,9.63709306716919,,,,SON
1,4,Lars,-1257625697279.6658,-1058501628543.5604,3595204.857022434,0.0307788848876953,,,,SON
2,15,CatBoostRegressor,0.5588951936738729,0.5636580226112833,2.1581016111858182,7.209002733230591,0.5145,0.1681,0.2628,
2,15,ExtraTreesRegressor,0.5450713842938992,0.5499834758065433,2.191657175779818,81.84788155555725,0.5046,0.145,0.2727,
2,15,LGBMRegressor,0.5441485726795057,0.5490706282501191,2.1938789112614603,1.0188748836517334,0.5018,0.166,0.2332,
2,15,HistGradientBoostingRegressor,0.5426163438411531,0.5475549436519229,2.1975629016406986,4.154878377914429,0.5022,0.1676,0.2386,
2,15,GradientBoostingRegressor,0.5351606191580085,0.5401797221525138,2.2154015285979427,104.89863562583923,0.4926,0.1475,0.2451,
2,15,XGBRegressor,0.5204664568513524,0.5256442200564051,2.25014492005207,2.5754828453063965,,,,
2,15,RandomForestRegressor,0.5166490688775089,0.5218680503274014,2.2590834491522456,286.09756803512573,,,,
2,15,MLPRegressor,0.4848123261368283,0.4903750648013861,2.332296313853264,45.86607575416565,,,,
2,15,BaggingRegressor,0.4667576981353419,0.4725153816371956,2.372811788084825,28.59806489944458,,,,
2,15,PoissonRegressor,0.4502623025214217,0.4561980950496049,2.409232724650337,0.2374994754791259,,,,
2,15,HuberRegressor,0.4458845129795588,0.451867574688247,2.418806562596717,2.634307146072388,,,,
2,15,LinearSVR,0.4400487328845092,0.44609480642601,2.431510279204669,10.958100080490112,,,,
2,15,TransformedTargetRegressor,0.4385541263297581,0.4446163378848261,2.4347531769364936,0.2136824131011963,,,,
2,15,LinearRegression,0.4385541263297581,0.4446163378848261,2.4347531769364936,0.2032461166381836,,,,
2,15,Ridge,0.4385500603049049,0.4446123157628744,2.434761993235152,0.1268994808197021,,,,
2,15,RidgeCV,0.438515610262343,0.4445782376946307,2.4348366894473523,0.2563505172729492,,,,
2,15,BayesianRidge,0.4384559627831838,0.4445192342590994,2.4349660145154126,0.5110647678375244,,,,
2,15,ElasticNetCV,0.43839591907383,0.4444598388716689,2.435096191735644,3.068065881729126,,,,
2,15,LassoCV,0.4374270033916446,0.4435013850561031,2.4371958792167336,3.2025763988494877,,,,
2,15,LassoLarsIC,0.437424621969675,0.443499029347536,2.437201037645688,0.2979741096496582,,,,
2,15,LassoLarsCV,0.4342310250715809,0.4403399153104368,2.444108932189398,0.360044002532959,,,,
2,15,KNeighborsRegressor,0.4339932269329836,0.4401046847971283,2.444622519467707,2.1308751106262207,,,,
2,15,GammaRegressor,0.4299254633237297,0.436080842863519,2.4533912695276734,0.1371901035308838,,,,
2,15,SGDRegressor,0.4247929215054287,0.4310037196630704,2.464410808835548,0.5073423385620117,,,,
2,15,TweedieRegressor,0.3927300907967683,0.3992870873538027,2.532164261772293,0.1427404880523681,,,,
2,15,OrthogonalMatchingPursuitCV,0.3732729654670859,0.380040050325653,2.5724101140064,0.286320686340332,,,,
2,15,OrthogonalMatchingPursuit,0.3732729654670859,0.380040050325653,2.5724101140064,0.0901591777801513,,,,
2,15,ElasticNet,0.3108329453773252,0.3182742263232415,2.697511146992573,0.188894510269165,,,,
2,15,RANSACRegressor,0.1946350533347109,0.203330980964929,2.9160660424488443,0.7229783535003662,,,,
2,15,Lasso,0.1780521652602895,0.186927146616638,2.9459347400132194,0.1317861080169677,,,,
2,15,LassoLars,0.1780479874432393,0.1869230139095654,2.945942226839162,0.0908749103546142,,,,
2,15,DecisionTreeRegressor,0.0565908389159831,0.0667772988860132,3.1561020593503994,5.002315282821655,,,,
2,15,PassiveAggressiveRegressor,0.0102255178637511,0.0209126073658852,3.2327276694884874,0.4151148796081543,,,,
2,15,ExtraTreeRegressor,0.0041153547935846,0.0148684187785752,3.2426905968285658,0.8524470329284668,,,,
2,15,QuantileRegressor,-0.1482471902590099,-0.1358489917659688,3.48191920693694,153.82793140411377,,,,
2,15,AdaBoostRegressor,-0.1639927674015595,-0.1514245560467786,3.5057111902529283,27.771549701690677,,,,
2,15,LarsCV,-0.2520744183373238,-0.238555145398277,3.635934619185506,0.6746129989624023,,,,
2,15,DummyRegressor,-0.4926598784101152,-0.4765428840798678,3.969916970595081,0.0876507759094238,,,,
2,15,Lars,-4.2252409614181576e+16,-4.179618924138211e+16,667923516.7619215,0.1320855617523193,,,,
2,15,ExtraTreesRegressor,0.3788393589259127,0.4053013593304142,2.6852938802216766,21.419124364852905,0.3963,0.1032,0.2774,DJF
2,15,CatBoostRegressor,0.374932938538927,0.4015613559554302,2.6937244255969013,5.3074140548706055,0.3944,0.1259,0.2491,DJF
2,15,GradientBoostingRegressor,0.3589140562284401,0.3862248923980805,2.728022731145318,28.683291912078857,0.3754,0.0952,0.2676,DJF
2,15,HistGradientBoostingRegressor,0.3545167191246098,0.3820148857986735,2.7373627698227136,1.2542855739593506,0.3699,0.122,0.2393,DJF
2,15,LGBMRegressor,0.3377830293980337,0.365994066262243,2.7726178216704125,1.0403282642364502,0.3555,0.1266,0.2128,DJF
2,15,RandomForestRegressor,0.3195655485740925,0.3485526664599495,2.810496213939332,64.63205361366272,,,,DJF
2,15,XGBRegressor,0.2668892573744094,0.2981204325086835,2.917256721041345,1.4711637496948242,,,,DJF
2,15,BaggingRegressor,0.2614066453942164,0.2928713847159875,2.9281448404274406,6.550217866897583,,,,DJF
2,15,MLPRegressor,0.2545201066334954,0.2862782186827411,2.94176397014556,18.623854398727417,,,,DJF
2,15,SGDRegressor,0.2422157185398874,0.2744980085572465,2.9659419974425574,0.1499311923980713,,,,DJF
2,15,PoissonRegressor,0.235899812369834,0.2684511656545272,2.9782764710890306,0.1630985736846923,,,,DJF
2,15,ElasticNetCV,0.233099434215944,0.2657700861215428,2.9837290758688,0.9291315078735352,,,,DJF
2,15,LassoCV,0.2321196943309279,0.2648320840343189,2.985634371980644,0.8768439292907715,,,,DJF
2,15,BayesianRidge,0.2316687583559722,0.2644003583363232,2.986510896835601,0.1019761562347412,,,,DJF
2,15,RidgeCV,0.2316061835430094,0.2643404492665135,2.986632508808281,0.0871555805206298,,,,DJF
2,15,Ridge,0.2315292225305476,0.2642667668622059,2.986782073069237,0.0480453968048095,,,,DJF
2,15,LinearRegression,0.2315207830089271,0.2642586868717755,2.9867984737857083,0.0720856189727783,,,,DJF
2,15,TransformedTargetRegressor,0.2315207830089271,0.2642586868717755,2.9867984737857083,0.0880000591278076,,,,DJF
2,15,LassoLarsCV,0.2239046471933292,0.2569670052725372,3.001562554791527,0.1248676776885986,,,,DJF
2,15,LassoLarsIC,0.2239046471933292,0.2569670052725372,3.001562554791527,0.0976560115814209,,,,DJF
2,15,KNeighborsRegressor,0.2175265279310794,0.2508605996111456,3.0138710627792067,0.2470252513885498,,,,DJF
2,15,HuberRegressor,0.1770038685074625,0.2120642418221671,3.090927042823819,0.777186393737793,,,,DJF
2,15,OrthogonalMatchingPursuitCV,0.1731690995595943,0.2083928374707327,3.0981197958306907,0.1267428398132324,,,,DJF
2,15,OrthogonalMatchingPursuit,0.1727030252612006,0.2079466183554544,3.0989928586189905,0.0465404987335205,,,,DJF
2,15,LinearSVR,0.1595634555191033,0.195366806068738,3.12350583489964,2.2927162647247314,,,,DJF
2,15,GammaRegressor,0.145078658277057,0.1814990741800524,3.150307424162816,0.0546503067016601,,,,DJF
2,15,TweedieRegressor,0.0906727535391221,0.129410909778487,3.2490018559917213,0.0561301708221435,,,,DJF
2,15,RANSACRegressor,0.0035199477141694,0.0459708916456286,3.4011372824380963,0.2946639060974121,,,,DJF
2,15,ElasticNet,-0.196154434747007,-0.145197183042538,3.7263486343466696,0.06248140335083,,,,DJF
2,15,LarsCV,-0.2751318010608272,-0.2208100427196708,3.847400488671319,0.1932370662689209,,,,DJF
2,15,ExtraTreeRegressor,-0.2996877317753164,-0.2443198687624665,3.884269610976341,0.2623028755187988,,,,DJF
2,15,DecisionTreeRegressor,-0.3905216032795475,-0.3312841358752618,4.017711310005335,1.0995163917541504,,,,DJF
2,15,LassoLars,-0.4755220666886155,-0.4126635033095041,4.138688228138672,0.0404701232910156,,,,DJF
2,15,Lasso,-0.4755259028543215,-0.4126671760511105,4.138693608161067,0.0441815853118896,,,,DJF
2,15,AdaBoostRegressor,-0.5880722661064193,-0.5204189632902265,4.29363367056493,9.494571447372437,,,,DJF
2,15,PassiveAggressiveRegressor,-0.6100609523292508,-0.5414709117591705,4.323256629232197,0.1565353870391845,,,,DJF
2,15,DummyRegressor,-1.7420498035189298,-1.6252360226515314,5.641927831897293,0.0369157791137695,,,,DJF
2,15,QuantileRegressor,-3.534484107631674,-3.3413110178446743,7.2552736812370515,28.355872631073,,,,DJF
2,15,Lars,-374461186141554.4,-358508803772295.25,65931546.336462416,0.0453031063079834,,,,DJF
2,15,CatBoostRegressor,0.716148992024467,0.7284341153764833,1.4732541876515466,6.620725870132446,0.7152,0.0503,0.658,JJA
2,15,LGBMRegressor,0.6946714063191791,0.707886083494431,1.5279748380214624,2.115349292755127,0.6942,0.0403,0.6476,JJA
2,15,HistGradientBoostingRegressor,0.693136371249502,0.7064174850223026,1.5318109582084347,1.244737148284912,0.6927,0.0397,0.6469,JJA
2,15,ExtraTreesRegressor,0.6853225972784984,0.6989418926126865,1.551190878587322,22.45752954483032,0.6849,0.0292,0.6516,JJA
2,15,GradientBoostingRegressor,0.6619331707162602,0.676564764694372,1.6078063665584987,27.48917579650879,0.6609,0.0434,0.6235,JJA
2,15,XGBRegressor,0.6605678006552502,0.675258488098417,1.611049865225168,1.469978094100952,,,,JJA
2,15,RandomForestRegressor,0.6442901542502859,0.6596853411961734,1.6492268891723738,64.46875882148743,,,,JJA
2,15,BaggingRegressor,0.6161730757806752,0.6327851750065685,1.7131688996814451,6.709309577941895,,,,JJA
2,15,MLPRegressor,0.5902852581102733,0.6080177868025394,1.7699999704193063,18.16237735748291,,,,JJA
2,15,KNeighborsRegressor,0.5636100612574895,0.5824970973306277,1.8267109343387575,0.2390220165252685,,,,JJA
2,15,BayesianRidge,0.4148926102796286,0.4402161647322188,2.115194241259643,0.1139025688171386,,,,JJA
2,15,Ridge,0.4145216278454092,0.4398612384853574,2.1158646955886864,0.046295166015625,,,,JJA
2,15,RidgeCV,0.4145216278336934,0.4398612384741486,2.115864695609856,0.0900690555572509,,,,JJA
2,15,LinearRegression,0.4144813572254608,0.439822710785179,2.1159374614857134,0.0741376876831054,,,,JJA
2,15,TransformedTargetRegressor,0.4144813572254608,0.439822710785179,2.1159374614857134,0.0882139205932617,,,,JJA
2,15,ElasticNetCV,0.4144663499159945,0.4398083529948011,2.115964577893719,0.9223413467407228,,,,JJA
2,15,SGDRegressor,0.4138025816992666,0.4391733127874533,2.11716358004951,0.1583395004272461,,,,JJA
2,15,LassoCV,0.4134639653395533,0.4388493518054952,2.1177749804940222,0.5564708709716797,,,,JJA
2,15,HuberRegressor,0.386490817371758,0.4130436065971262,2.1659229222849965,0.6261131763458252,,,,JJA
2,15,PoissonRegressor,0.3843868911235605,0.411030738660354,2.16963357738618,0.074235200881958,,,,JJA
2,15,GammaRegressor,0.3506885509679783,0.3787908688076331,2.228224751698298,0.0531775951385498,,,,JJA
2,15,LinearSVR,0.3268613753774324,0.3559949377187281,2.2687399542001163,2.109166145324707,,,,JJA
2,15,AdaBoostRegressor,0.3207480581051877,0.3501462059320702,2.2790188022156617,8.21313738822937,,,,JJA
2,15,OrthogonalMatchingPursuitCV,0.3035176453894275,0.3336615286185866,2.307743428040592,0.0916073322296142,,,,JJA
2,15,OrthogonalMatchingPursuit,0.3035176453894275,0.3336615286185866,2.307743428040592,0.0372765064239501,,,,JJA
2,15,LassoLarsCV,0.2659406793883494,0.297710900553774,2.369179916926401,0.1217737197875976,,,,JJA
2,15,LassoLarsIC,0.2659406793883494,0.297710900553774,2.369179916926401,0.0890014171600341,,,,JJA
2,15,ExtraTreeRegressor,0.2362719475256179,0.2693262368126642,2.416583663844224,0.2548294067382812,,,,JJA
2,15,DecisionTreeRegressor,0.2322393288236268,0.2654681505829688,2.4229552579316693,1.1179640293121338,,,,JJA
2,15,TweedieRegressor,0.2240016767562689,0.2575870255982527,2.435919069387627,0.0658862590789794,,,,JJA
2,15,RANSACRegressor,-0.0301095497936283,0.01447377924072,2.80655896164134,0.296950101852417,,,,JJA
2,15,ElasticNet,-0.0518187326211387,-0.0062958261979004,2.835978371897633,0.0681953430175781,,,,JJA
2,15,PassiveAggressiveRegressor,-0.2240499593529739,-0.1710728540506811,3.059370225719235,0.0965926647186279,,,,JJA
2,15,Lasso,-0.4632770622134634,-0.3999461643044524,3.3449971051003877,0.0737171173095703,,,,JJA
2,15,LassoLars,-0.463334702028213,-0.4000013094575159,3.34506298569122,0.0408239364624023,,,,JJA
2,15,LarsCV,-2.592543815134349,-2.4370578641376457,5.24123340842268,0.2003633975982666,,,,JJA
2,15,DummyRegressor,-3.4711519248728617,-3.277639654775858,5.847122294264652,0.03631591796875,,,,JJA
2,15,QuantileRegressor,-7.301449806131862,-6.942161545729799,7.967268201046318,27.56157493591309,,,,JJA
2,15,Lars,-4.6386787181332006e+17,-4.437915857895089e+17,1883343817.2724447,0.0477213859558105,,,,JJA
2,15,GradientBoostingRegressor,0.381699098502131,0.4082576149945036,2.0836788957632604,28.41843342781067,0.3941,0.1035,0.2747,MAM
2,15,LGBMRegressor,0.3777360675654161,0.4044648122140757,2.0903459523143715,0.467942476272583,0.3961,0.0787,0.313,MAM
2,15,ExtraTreesRegressor,0.3768393678436897,0.4036066293605772,2.091851533589405,21.408157110214237,0.391,0.1059,0.2709,MAM
2,15,RandomForestRegressor,0.3643464704645557,0.391650352290871,2.1127158213993638,68.90220594406128,0.3767,0.1134,0.2458,MAM
2,15,HistGradientBoostingRegressor,0.3493480614286295,0.3772961853913786,2.1374955401024143,1.3531408309936523,0.3703,0.0855,0.2895,MAM
2,15,CatBoostRegressor,0.3253467886672795,0.3543258640598681,2.1765625337417536,4.115226745605469,,,,MAM
2,15,BaggingRegressor,0.307603361928351,0.337344589034669,2.204998652761448,6.981897830963135,,,,MAM
2,15,XGBRegressor,0.3039150267702467,0.333814682741683,2.210863768013774,1.2869768142700195,,,,MAM
2,15,KNeighborsRegressor,0.2378179139908919,0.2705567074366486,2.3134505545802635,0.2487423419952392,,,,MAM
2,15,MLPRegressor,0.203850837602376,0.2380486539223945,2.3644387839175787,18.203144073486328,,,,MAM
2,15,PoissonRegressor,0.1543392382446473,0.1906637773705366,2.4368508200313226,0.0728735923767089,,,,MAM
2,15,HuberRegressor,0.1411575345650911,0.1780482810080375,2.4557695393002,0.6894974708557129,,,,MAM
2,15,ElasticNetCV,0.1330481711011295,0.1702872473989709,2.4673362348798538,0.9980981349945068,,,,MAM
2,15,LassoCV,0.1275071594174502,0.1649842445065273,2.4752085081764754,0.8297438621520996,,,,MAM
2,15,LinearSVR,0.1244042814213819,0.1620146476301093,2.479605938945002,2.721522569656372,,,,MAM
2,15,LassoLarsCV,0.122887876765043,0.1605633786673735,2.481752168842768,0.1236436367034912,,,,MAM
2,15,BayesianRidge,0.1148112168272778,0.152833643836204,2.493152271467832,0.1101579666137695,,,,MAM
2,15,RidgeCV,0.1132013197195639,0.1512928982998087,2.495418395611329,0.0754504203796386,,,,MAM
2,15,Ridge,0.1132013197048048,0.1512928982856836,2.4954183956320946,0.0407361984252929,,,,MAM
2,15,LassoLarsIC,0.1130374893747181,0.1511361051287807,2.495648891204728,0.1063895225524902,,,,MAM
2,15,TransformedTargetRegressor,0.1130373282633134,0.1511359509377604,2.495649117864522,0.0803425312042236,,,,MAM
2,15,LinearRegression,0.1130373282633134,0.1511359509377604,2.495649117864522,0.081547737121582,,,,MAM
2,15,SGDRegressor,0.0961731249617864,0.1349961331586049,2.519262827770007,0.155534029006958,,,,MAM
2,15,GammaRegressor,0.0338056933986689,0.0753076342247999,2.604732268105453,0.0480718612670898,,,,MAM
2,15,RANSACRegressor,0.024393346049654,0.0662995851417186,2.617388741802325,0.2800989151000976,,,,MAM
2,15,OrthogonalMatchingPursuitCV,0.0143225916080226,0.0566614102051158,2.630863129640823,0.1097347736358642,,,,MAM
2,15,OrthogonalMatchingPursuit,0.0143225916080226,0.0566614102051158,2.630863129640823,0.0406522750854492,,,,MAM
2,15,LarsCV,-0.1185657760654324,-0.0705188663173317,2.8026032216972125,0.1974732875823974,,,,MAM
2,15,TweedieRegressor,-0.1569476035663743,-0.1072520395850002,2.8502811366410685,0.0478882789611816,,,,MAM
2,15,AdaBoostRegressor,-0.1605715781915648,-0.1107203498894404,2.8547416974831457,5.766051769256592,,,,MAM
2,15,DecisionTreeRegressor,-0.3961725916968506,-0.3362013500037681,3.13112501081057,1.1789004802703855,,,,MAM
2,15,ElasticNet,-0.4491067163767943,-0.3868617406168266,3.1899291545578623,0.0711081027984619,,,,MAM
2,15,ExtraTreeRegressor,-0.4519107041288108,-0.3895452857901957,3.193013882376281,0.2748732566833496,,,,MAM
2,15,Lasso,-0.8520805196211569,-0.7725261943623734,3.6062911418185872,0.0502820014953613,,,,MAM
2,15,LassoLars,-0.8520993077855277,-0.772544175499337,3.6063094335230215,0.0394809246063232,,,,MAM
2,15,PassiveAggressiveRegressor,-1.488008579856762,-1.3811385805712797,4.179812400101084,0.0769965648651123,,,,MAM
2,15,DummyRegressor,-3.864097754604166,-3.655165145702555,5.844293262887378,0.0346331596374511,,,,MAM
2,15,QuantileRegressor,-8.486511678287988,-8.079027755407495,8.161765751399809,28.508925676345825,,,,MAM
2,15,Lars,-1.4602287164550908e+22,-1.3975060059517448e+22,320214722555.4803,0.0471532344818115,,,,MAM
2,15,CatBoostRegressor,0.5695600542726924,0.5885207010319324,2.316251369127136,4.850118398666382,0.4918,0.2014,0.2709,SON
2,15,ExtraTreesRegressor,0.543283934994757,0.563402030593906,2.385901713949944,21.12812209129333,0.4757,0.1875,0.265,SON
2,15,HistGradientBoostingRegressor,0.5178745286175256,0.5391118948221632,2.451373253629213,1.5023736953735352,0.4232,0.221,0.1938,SON
2,15,LGBMRegressor,0.517103099203415,0.5383744464564331,2.4533336412221947,1.0263671875,0.4329,0.1933,0.2333,SON
2,15,GradientBoostingRegressor,0.5049868269897599,0.5267918894793918,2.483921022967108,28.66357970237732,0.4232,0.2137,0.1874,SON
2,15,RandomForestRegressor,0.4975432453697211,0.5196761936030487,2.5025268714385294,67.20906019210815,,,,SON
2,15,XGBRegressor,0.495145545443801,0.5173841110618098,2.508490735164646,1.3619418144226074,,,,SON
2,15,MLPRegressor,0.4779951592924721,0.5009891901428037,2.550742804677166,19.40188479423523,,,,SON
2,15,KNeighborsRegressor,0.4596241549726365,0.4834274186253101,2.595239059442302,0.2493295669555664,,,,SON
2,15,BaggingRegressor,0.4388322008908758,0.4635513388732715,2.6446961089513685,6.723656177520752,,,,SON
2,15,BayesianRidge,0.4000942735451275,0.4265197962715013,2.7344558065552613,0.098712682723999,,,,SON
2,15,RidgeCV,0.3999988827810471,0.4264286074189762,2.7346732002631104,0.0839087963104248,,,,SON
2,15,Ridge,0.3998942926783035,0.4263286244536797,2.7349115392256325,0.043372631072998,,,,SON
2,15,LinearRegression,0.3998818256992041,0.4263167066382655,2.734939947477296,0.0745754241943359,,,,SON
2,15,TransformedTargetRegressor,0.3998818256992041,0.4263167066382655,2.734939947477296,0.0830280780792236,,,,SON
2,15,ElasticNetCV,0.3995539455433795,0.4260032694259354,2.735686975415668,0.8803548812866211,,,,SON
2,15,LassoCV,0.3991926440835509,0.4256578830999632,2.736509912837463,0.8401055335998535,,,,SON
2,15,SGDRegressor,0.3962174791313062,0.4228137725544248,2.74327706875956,0.2395350933074951,,,,SON
2,15,PoissonRegressor,0.3840931399164284,0.4112235039232009,2.770683546814364,0.0957715511322021,,,,SON
2,15,LinearSVR,0.3603997793346892,0.3885738230579679,2.8234734449452645,2.9935216903686523,,,,SON
2,15,HuberRegressor,0.3582645065663934,0.3865326079000221,2.8281825291230547,0.8038978576660156,,,,SON
2,15,GammaRegressor,0.3500222842456342,0.378653451013794,2.8462866688126724,0.0498492717742919,,,,SON
2,15,TweedieRegressor,0.3068656996676642,0.3373978906405723,2.9392606498591625,0.049363374710083,,,,SON
2,15,OrthogonalMatchingPursuitCV,0.3003642438995334,0.3311828204820114,2.953013303066795,0.1115965843200683,,,,SON
2,15,OrthogonalMatchingPursuit,0.3003642438995334,0.3311828204820114,2.953013303066795,0.0413486957550048,,,,SON
2,15,LassoLarsIC,0.2429542726818213,0.2763017274400409,3.071782496571909,0.0890226364135742,,,,SON
2,15,LassoLarsCV,0.2429542726818213,0.2763017274400409,3.071782496571909,0.1323053836822509,,,,SON
2,15,LarsCV,0.1754615597824717,0.2117820320331664,3.205788441724424,0.2019529342651367,,,,SON
2,15,AdaBoostRegressor,0.1491573285808307,0.1866364879864664,3.256522148682865,8.479222774505615,,,,SON
2,15,DecisionTreeRegressor,0.1448029322119384,0.1824739004220771,3.264844540308741,1.1434075832366943,,,,SON
2,15,RANSACRegressor,0.0702533270815494,0.1112081650694564,3.404173773681376,0.3536558151245117,,,,SON
2,15,ElasticNet,0.0395801304285196,0.0818861061360731,3.4598715308992274,0.0600364208221435,,,,SON
2,15,ExtraTreeRegressor,0.0345708764542266,0.0770975070895504,3.468882608101078,0.2457220554351806,,,,SON
2,15,PassiveAggressiveRegressor,-0.0849540360665124,-0.0371623976926398,3.677350915700497,0.1191129684448242,,,,SON
2,15,Lasso,-0.2827822568372522,-0.2262763923552404,3.9985808079748737,0.0544478893280029,,,,SON
2,15,LassoLars,-0.2827875141183191,-0.2262814180559202,3.998589001743351,0.0404074192047119,,,,SON
2,15,DummyRegressor,-1.4503136364657103,-1.3423786462968188,5.526373629383163,0.0328509807586669,,,,SON
2,15,QuantileRegressor,-2.9419071072302554,-2.768268231564008,7.009428303978479,28.98821258544922,,,,SON
2,15,Lars,-2704112024830469.0,-2584997352948447.0,183586923.77572057,0.0507392883300781,,,,SON
3,8,ExtraTreesRegressor,0.6645595197344227,0.6735278504359161,2.122313765514088,256.04301500320435,0.6299,0.1247,0.4554,
3,8,CatBoostRegressor,0.6615073352519039,0.6705572691033197,2.131947403958589,11.286730766296388,0.6246,0.1215,0.4364,
3,8,GradientBoostingRegressor,0.6535292425486849,0.6627924785444126,2.1569255160880583,251.25119256973267,0.6151,0.1231,0.4154,
3,8,HistGradientBoostingRegressor,0.6464555868612925,0.6559079439893974,2.178832500112918,7.378973245620727,0.607,0.1211,0.4353,
3,8,LGBMRegressor,0.6459439445871147,0.6554099809739427,2.180408511135617,12.135846853256226,0.6068,0.1201,0.449,
3,8,MLPRegressor,0.6344276086781786,0.6442015456166008,2.215585683309171,152.73826718330383,,,,
3,8,RandomForestRegressor,0.6341664320195992,0.6439473517725101,2.2163769847900925,774.5641474723816,,,,
3,8,XGBRegressor,0.6235108931842036,0.6335766992334934,2.248423225976508,6.055975198745728,,,,
3,8,BaggingRegressor,0.6025937812776385,0.6132188268580359,2.310038322729104,77.53600859642029,,,,
3,8,PoissonRegressor,0.5646405269983175,0.5762802901086483,2.4178305165782783,1.0370290279388428,,,,
3,8,ElasticNetCV,0.5607296397940826,0.5724739643149983,2.428666069808314,17.567190647125244,,,,
3,8,LassoCV,0.5591307367120166,0.5709178094772357,2.43308211378645,17.096409559249878,,,,
3,8,BayesianRidge,0.5572054482581945,0.5690439955011986,2.438388995232932,1.753610134124756,,,,
3,8,LassoLarsIC,0.5571595709809494,0.5689993447980202,2.438515310868582,1.358553409576416,,,,
3,8,RidgeCV,0.5571225394045636,0.5689633032972006,2.438617266530639,1.045748233795166,,,,
3,8,Ridge,0.5570676662639895,0.5689098972439348,2.4387683359068,0.5084090232849121,,,,
3,8,LinearRegression,0.5570615420043137,0.5689039367223565,2.4387851958172355,1.1553127765655518,,,,
3,8,TransformedTargetRegressor,0.5570615420043137,0.5689039367223565,2.4387851958172355,1.19752836227417,,,,
3,8,LinearSVR,0.5473685372297088,0.5594700839506375,2.4653252554587257,34.47502112388611,,,,
3,8,KNeighborsRegressor,0.5471265217771066,0.5592345390188624,2.465984254140108,3.1287238597869877,,,,
3,8,HuberRegressor,0.546842999370538,0.5589585968623023,2.4667560507126804,9.28378129005432,,,,
3,8,SGDRegressor,0.54653507852778,0.5586589085857079,2.467593990558358,1.6239328384399414,,,,
3,8,GammaRegressor,0.5428807501051127,0.5551022822226144,2.477516813892957,0.6013057231903076,,,,
3,8,TweedieRegressor,0.5291390453264765,0.5417279754180078,2.5144800529189704,0.6512010097503662,,,,
3,8,OrthogonalMatchingPursuit,0.5144107150726759,0.5273934215393552,2.5535031788320475,0.4862880706787109,,,,
3,8,OrthogonalMatchingPursuitCV,0.5144107150726759,0.5273934215393552,2.5535031788320475,1.5816364288330078,,,,
3,8,ElasticNet,0.4716834995985216,0.4858085601365485,2.663476950270203,0.8184595108032227,,,,
3,8,LassoLarsCV,0.4029478573883116,0.4189106328313274,2.8314440609018643,1.6261253356933594,,,,
3,8,RANSACRegressor,0.3470927722316898,0.3645488882358926,2.9609262724224488,2.9627223014831543,,,,
3,8,LassoLars,0.3344166368654786,0.3522116617988932,2.989531158755169,0.4967169761657715,,,,
3,8,Lasso,0.3344157358002325,0.3522107848245115,2.989533182364732,0.6079597473144531,,,,
3,8,ExtraTreeRegressor,0.2989577138298166,0.3177007678974932,3.06813145276746,2.8955986499786377,,,,
3,8,LarsCV,0.2337555396725645,0.2542418379063467,3.207639325194889,2.6404812335968018,,,,
3,8,DecisionTreeRegressor,0.2025942870322128,0.2239137119611696,3.2722127066479088,12.93386721611023,,,,
3,8,PassiveAggressiveRegressor,0.1761873298156533,0.1982127706820747,3.3259528553488638,0.9228801727294922,,,,
3,8,QuantileRegressor,-0.1509043218160339,-0.1201337643816653,3.931166749436896,693.0639464855194,,,,
3,8,AdaBoostRegressor,-0.505427326816664,-0.4651782486396125,4.496056424949986,85.65986680984497,,,,
3,8,DummyRegressor,-0.5111352430596767,-0.4707335581356897,4.50457189203601,0.3829572200775146,,,,
3,8,Lars,-1.4770256301024723e+17,-1.43753589918254e+17,1408302243.340676,0.512148380279541,,,,
3,8,ExtraTreesRegressor,0.4685452795626132,0.526786892761231,2.4375446769006697,65.03730154037476,0.5103,0.0977,0.4082,DJF
3,8,GradientBoostingRegressor,0.4595538275947372,0.5187808053925742,2.458078072974523,67.81486296653748,0.5017,0.1028,0.3937,DJF
3,8,CatBoostRegressor,0.4570818002903264,0.5165796851900166,2.4636933440130764,6.272968053817749,0.5,0.0896,0.4316,DJF
3,8,XGBRegressor,0.4370941467177978,0.4987824594062583,2.5086341635110707,2.9420132637023926,0.4836,0.076,0.4343,DJF
3,8,LGBMRegressor,0.4351104358730456,0.4970161415307941,2.513050557651081,3.4160728454589844,0.4823,0.0782,0.3963,DJF
3,8,HistGradientBoostingRegressor,0.4328512616766526,0.4950045480682523,2.518070790102668,3.272195816040039,,,,DJF
3,8,RandomForestRegressor,0.4139748012295865,0.4781967408208647,2.559632380026523,174.53206038475037,,,,DJF
3,8,MLPRegressor,0.4117349945034755,0.4762023923661083,2.5645192127702883,63.86673974990845,,,,DJF
3,8,KNeighborsRegressor,0.3686559729713017,0.4378443594949947,2.656761004218408,0.4178531169891357,,,,DJF
3,8,BaggingRegressor,0.3676654032558621,0.4369623453648088,2.658844397274107,17.547267198562622,,,,DJF
3,8,PoissonRegressor,0.353122897505014,0.4240135388743276,2.689244811514492,0.4488523006439209,,,,DJF
3,8,ElasticNetCV,0.3166360957349138,0.3915252907228684,2.7640472812360883,4.915223836898804,,,,DJF
3,8,LassoLarsCV,0.313263255351579,0.3885220766829128,2.7708600607568683,0.5740396976470947,,,,DJF
3,8,LassoCV,0.3131704223747995,0.3884394171830406,2.771047336665205,4.726191282272339,,,,DJF
3,8,SGDRegressor,0.3062595314792543,0.3822858841938565,2.784953605665581,0.7051594257354736,,,,DJF
3,8,BayesianRidge,0.3039986483188109,0.380272769050996,2.789487962056466,0.5169887542724609,,,,DJF
3,8,LassoLarsIC,0.3036636975841709,0.3799745252461796,2.790159102029118,0.4716963768005371,,,,DJF
3,8,Ridge,0.3030022654942083,0.379385578864706,2.791483937973528,0.1647999286651611,,,,DJF
3,8,RidgeCV,0.3030022654894799,0.3793855788604958,2.7914839379829965,0.3558862209320068,,,,DJF
3,8,LinearRegression,0.3029004005328712,0.3792948771868032,2.7916879156915506,0.3478329181671142,,,,DJF
3,8,TransformedTargetRegressor,0.3029004005328712,0.3792948771868032,2.7916879156915506,0.3582963943481445,,,,DJF
3,8,GammaRegressor,0.2626046276176568,0.3434150793855848,2.8712410466516185,0.2107965946197509,,,,DJF
3,8,HuberRegressor,0.2342743192474254,0.318189462343598,2.925876941715014,3.1874043941497803,,,,DJF
3,8,OrthogonalMatchingPursuit,0.2313373306829294,0.3155743355395947,2.931482763157729,0.1529102325439453,,,,DJF
3,8,OrthogonalMatchingPursuitCV,0.2313373306829294,0.3155743355395947,2.931482763157729,0.5057814121246338,,,,DJF
3,8,TweedieRegressor,0.2185049852429819,0.3041482745314222,2.9558511216872017,0.2143588066101074,,,,DJF
3,8,LinearSVR,0.206626432960156,0.2935714814028787,2.978230545182994,13.86090874671936,,,,DJF
3,8,RANSACRegressor,0.0442290069760836,0.1489710336088416,3.2688603923487984,1.165445327758789,,,,DJF
3,8,ExtraTreeRegressor,-0.0607065731258156,0.0555352431071505,3.443634737742886,0.819054365158081,,,,DJF
3,8,DecisionTreeRegressor,-0.0799080680956414,0.0384380215586753,3.474664226306167,2.955137252807617,,,,DJF
3,8,ElasticNet,-0.1257132630781476,-0.0023474260284876,3.547589342335357,0.2183823585510254,,,,DJF
3,8,AdaBoostRegressor,-0.3190797364747479,-0.1745230530254604,3.840210002279155,27.07111477851868,,,,DJF
3,8,PassiveAggressiveRegressor,-0.4810737403179299,-0.3187642893241842,4.069188336342828,0.365755558013916,,,,DJF
3,8,LassoLars,-0.5306367398415754,-0.3628957272561972,4.136714196896838,0.1539359092712402,,,,DJF
3,8,Lasso,-0.5306391101350336,-0.3628978377914682,4.136717399885028,0.2544772624969482,,,,DJF
3,8,LarsCV,-1.2814872415049834,-1.031461242435944,5.050431351327172,0.8147532939910889,,,,DJF
3,8,DummyRegressor,-1.900792229367477,-1.5828971905326852,5.694790629159392,0.1223251819610595,,,,DJF
3,8,QuantileRegressor,-3.923196370362596,-3.3836680010077904,7.4189599975615454,123.4961245059967,,,,DJF
3,8,Lars,-3.642338661326187e+29,-3.243178260084961e+29,2017946332134212.0,0.1658535003662109,,,,DJF
3,8,CatBoostRegressor,0.780457559615656,0.8025962930997915,1.7778040551359369,8.355434656143188,0.7904,0.0225,0.7669,JJA
3,8,LGBMRegressor,0.7648526389148613,0.7885649778478164,1.8399020505248127,3.4047226905822754,0.78,0.0015,0.7786,JJA
3,8,ExtraTreesRegressor,0.7598322494570804,0.784050846150484,1.8594392497635024,66.40379977226257,0.7733,0.0153,0.7597,JJA
3,8,HistGradientBoostingRegressor,0.7595117173125662,0.7837626365751645,1.860679656354658,3.3165271282196045,0.7736,0.0079,0.7665,JJA
3,8,RandomForestRegressor,0.7539825563434581,0.7787910380567229,1.88194791428714,169.23315906524658,0.7672,0.0143,0.7553,JJA
3,8,BaggingRegressor,0.7459409768218794,0.7715603741171522,1.912458239894225,17.066964626312256,,,,JJA
3,8,XGBRegressor,0.7424716667642195,0.7684409104518612,1.9254717771996588,3.0920894145965576,,,,JJA
3,8,GradientBoostingRegressor,0.7278978063912814,0.7553366830577068,1.9792045024271576,68.29900217056274,,,,JJA
3,8,MLPRegressor,0.7273928132961816,0.7548826136360623,1.98104024893378,65.0023775100708,,,,JJA
3,8,KNeighborsRegressor,0.6091766678473103,0.6485874240307747,2.372001123379368,0.4481446743011474,,,,JJA
3,8,LassoCV,0.6074171264708543,0.6470053153981631,2.3773346676590674,4.513015270233154,,,,JJA
3,8,ElasticNetCV,0.6048578336134034,0.644704102492724,2.3850711383249803,4.419944286346436,,,,JJA
3,8,BayesianRidge,0.601627067285972,0.6417991277277227,2.3948017132527637,0.5281467437744141,,,,JJA
3,8,RidgeCV,0.6014706920180156,0.6416585213943502,2.3952716887282506,0.3610241413116455,,,,JJA
3,8,Ridge,0.601470692016453,0.6416585213929451,2.395271688732947,0.1597590446472168,,,,JJA
3,8,TransformedTargetRegressor,0.6014385053014151,0.6416295803970706,2.3953684123228607,0.3555684089660644,,,,JJA
3,8,LinearRegression,0.6014385053014151,0.6416295803970706,2.3953684123228607,0.3478655815124511,,,,JJA
3,8,SGDRegressor,0.5997890729445692,0.6401464773535201,2.4003198676054884,0.816666841506958,,,,JJA
3,8,LassoLarsIC,0.5767274579713979,0.6194104033860469,2.46850889778944,0.4387550354003906,,,,JJA
3,8,HuberRegressor,0.5604332649263696,0.6047593222447188,2.5155737736426182,3.298642158508301,,,,JJA
3,8,PoissonRegressor,0.5588966468147811,0.6033776572200134,2.5199668539358857,0.4228603839874267,,,,JJA
3,8,LinearSVR,0.5161501584590313,0.5649417391186249,2.6392464760442382,15.006321668624878,,,,JJA
3,8,OrthogonalMatchingPursuit,0.5139102427990341,0.5629276973066946,2.64534843470979,0.1505932807922363,,,,JJA
3,8,OrthogonalMatchingPursuitCV,0.5139102427990341,0.5629276973066946,2.64534843470979,0.5049962997436523,,,,JJA
3,8,GammaRegressor,0.4708487502687292,0.5242085401575969,2.760034825031476,0.2017605304718017,,,,JJA
3,8,ExtraTreeRegressor,0.4552643537500125,0.5101956794222802,2.800383734643149,0.7832241058349609,,,,JJA
3,8,DecisionTreeRegressor,0.4428953654853176,0.4990739840918402,2.831998600779344,2.9263572692871094,,,,JJA
3,8,LassoLarsCV,0.4058668492922148,0.46577943591821,2.924600442803262,0.5787346363067627,,,,JJA
3,8,TweedieRegressor,0.3861005028617137,0.4480063345059106,2.972851991088915,0.2055227756500244,,,,JJA
3,8,PassiveAggressiveRegressor,0.3053249730734479,0.3753762362929322,3.162390466288914,0.358684778213501,,,,JJA
3,8,ElasticNet,0.1633851785965001,0.2477496984018951,3.4704630584827227,0.259249210357666,,,,JJA
3,8,RANSACRegressor,0.0961849500279268,0.1873259634704888,3.6071519163319423,1.0635206699371338,,,,JJA
3,8,AdaBoostRegressor,0.0399580463514116,0.136768999660513,3.717660737097963,26.392388343811035,,,,JJA
3,8,LassoLars,-0.0849151184757175,0.0244880867487244,3.952050899803876,0.1555840969085693,,,,JJA
3,8,Lasso,-0.0849158271646697,0.0244874495242045,3.952052190584282,0.1947493553161621,,,,JJA
3,8,LarsCV,-0.7032524021666513,-0.5314958574103503,4.951812067123908,0.8289237022399902,,,,JJA
3,8,DummyRegressor,-2.1568075435571865,-1.8384740097531005,6.741378344742955,0.1190369129180908,,,,JJA
3,8,QuantileRegressor,-4.399645485544287,-3.855143419775115,8.816724538665179,125.85098481178284,,,,JJA
3,8,Lars,-1421406856147182.8,-1278071710989483.5,143048679.04011992,0.1699695587158203,,,,JJA
3,8,CatBoostRegressor,0.4938596003860012,0.5553134094453738,1.9718651998477583,6.841915845870972,0.5489,0.0687,0.4854,MAM
3,8,ExtraTreesRegressor,0.4877802974956964,0.5499722343933522,1.9836719874718567,65.33949065208435,0.541,0.0511,0.484,MAM
3,8,HistGradientBoostingRegressor,0.4631173410427334,0.5283037684372076,2.030866655412777,3.2048654556274414,0.5202,0.0704,0.4461,MAM
3,8,GradientBoostingRegressor,0.4621398226975888,0.5274449369737669,2.032714644510802,69.86708068847656,0.5169,0.0501,0.4592,MAM
3,8,LGBMRegressor,0.4617219840190741,0.5270778308160837,2.033504052191629,3.1912660598754883,0.5203,0.0774,0.4469,MAM
3,8,XGBRegressor,0.4424916344512333,0.5101823634891949,2.0695094549689,3.0383095741271973,,,,MAM
3,8,RandomForestRegressor,0.4359628100201749,0.5044462462403223,2.081591907376627,179.86580657958984,,,,MAM
3,8,MLPRegressor,0.3821180302499234,0.4571391125804555,2.1786851931719857,65.00535774230957,,,,MAM
3,8,KNeighborsRegressor,0.367581465112037,0.4443675266835941,2.2041645614929517,0.5257265567779541,,,,MAM
3,8,BaggingRegressor,0.3561409948231184,0.4343161185545442,2.224011905595147,18.004985809326172,,,,MAM
3,8,PoissonRegressor,0.1653353162316171,0.2666774026250802,2.532198456382779,0.413219690322876,,,,MAM
3,8,ElasticNetCV,0.1470548690748655,0.2506165038583557,2.5597777974975684,4.510824918746948,,,,MAM
3,8,LassoCV,0.1430864477981526,0.2471299145073145,2.565725711430628,4.8415138721466064,,,,MAM
3,8,SGDRegressor,0.1408705504583537,0.2451830637247931,2.569040931525947,0.6372931003570557,,,,MAM
3,8,BayesianRidge,0.13487934715791,0.2399192915164775,2.577983068228956,0.5225424766540527,,,,MAM
3,8,RidgeCV,0.1344643556095521,0.239554686800298,2.5786013131603305,0.3527143001556396,,,,MAM
3,8,Ridge,0.1344643555829944,0.2395546867769648,2.578601313199891,0.1542026996612548,,,,MAM
3,8,TransformedTargetRegressor,0.1344164357418908,0.2395125851965011,2.578672693538616,0.3496510982513428,,,,MAM
3,8,LinearRegression,0.1344164357418908,0.2395125851965011,2.578672693538616,0.3583290576934814,,,,MAM
3,8,HuberRegressor,0.0842152111416228,0.1954066188950852,2.6523964226155585,3.478737592697144,,,,MAM
3,8,LinearSVR,0.0594179942295106,0.173620193918339,2.6880667795724227,14.390117883682253,,,,MAM
3,8,ExtraTreeRegressor,0.0568797752157934,0.1713901566398455,2.691691293629717,0.7884640693664551,,,,MAM
3,8,LassoLarsIC,0.0454495303485719,0.1613477323973119,2.707953287807448,0.4231760501861572,,,,MAM
3,8,OrthogonalMatchingPursuit,-0.0346112428810145,0.0910076601332064,2.8192287616568508,0.1549429893493652,,,,MAM
3,8,OrthogonalMatchingPursuitCV,-0.0346112428810145,0.0910076601332064,2.8192287616568508,0.5022284984588623,,,,MAM
3,8,DecisionTreeRegressor,-0.0646116149804623,0.0646498289969293,2.8598109235609472,3.1793599128723145,,,,MAM
3,8,LassoLarsCV,-0.0805134122243085,0.0506787727337862,2.881089845082582,0.4943530559539795,,,,MAM
3,8,GammaRegressor,-0.1819008357640401,-0.0383985420456405,3.013229707827622,0.2077035903930664,,,,MAM
3,8,PassiveAggressiveRegressor,-0.3696933954978074,-0.2033899815419184,3.2437950108297287,0.4782185554504394,,,,MAM
3,8,TweedieRegressor,-0.3837584733969097,-0.2157473265426475,3.2604073785794223,0.2015578746795654,,,,MAM
3,8,RANSACRegressor,-0.5062394209202614,-0.3233570628995887,3.40164294304359,1.177884578704834,,,,MAM
3,8,ElasticNet,-0.7877331734481121,-0.5706728218658792,3.705894658750157,0.2790467739105224,,,,MAM
3,8,AdaBoostRegressor,-0.8445199748502525,-0.6205647671112673,3.764292843229886,26.53884720802307,,,,MAM
3,8,LarsCV,-0.9280979447235532,-0.6939949902208622,3.8486309363671496,0.7378096580505371,,,,MAM
3,8,LassoLars,-1.0628345313126326,-0.8123723285225659,3.980832616730665,0.1570484638214111,,,,MAM
3,8,Lasso,-1.459524901290842,-1.1608979318255122,4.346776721752232,0.4008574485778808,,,,MAM
3,8,DummyRegressor,-4.832833804516691,-4.124631386430347,6.693935475612955,0.1366639137268066,,,,MAM
3,8,QuantileRegressor,-9.706096636573657,-8.40619957446016,9.068956113041072,126.65374898910522,,,,MAM
3,8,Lars,-3.896527710541822e+22,-3.423424851926289e+22,547117498695.9256,0.1708569526672363,,,,MAM
3,8,ExtraTreesRegressor,0.5987866264655093,0.6385763825185167,2.2595736078843114,67.51921916007996,0.6558,0.1047,0.5422,SON
3,8,CatBoostRegressor,0.5898423338854555,0.6305191272191293,2.284621237838913,6.567059516906738,0.635,0.0543,0.575,SON
3,8,LGBMRegressor,0.5577818135499922,0.6016381626194145,2.372231632314103,12.8461012840271,0.6044,0.0479,0.5498,SON
3,8,GradientBoostingRegressor,0.5528949794176872,0.5972359731944454,2.3853030658890977,70.47330403327942,0.593,0.0264,0.5665,SON
3,8,HistGradientBoostingRegressor,0.5487019499303438,0.5934587813422105,2.39646186041036,3.417513132095337,0.5936,0.0407,0.5496,SON
3,8,RandomForestRegressor,0.5424224156472062,0.587802010789632,2.413076908099101,180.6884090900421,,,,SON
3,8,XGBRegressor,0.5356080427566374,0.5816634434749874,2.430978611978448,2.9819180965423584,,,,SON
3,8,BaggingRegressor,0.523804027350317,0.5710300742246657,2.461680311187996,18.51756072044373,,,,SON
3,8,LassoLarsIC,0.513302481481364,0.56157000397908,2.488675996743054,0.4285662174224853,,,,SON
3,8,LassoLarsCV,0.513302481481364,0.56157000397908,2.488675996743054,0.527275562286377,,,,SON
3,8,SGDRegressor,0.5025217672537527,0.55185845149305,2.5160880466164546,0.6693966388702393,,,,SON
3,8,ElasticNetCV,0.4962557038744841,0.546213815886932,2.5318843475286807,5.588095426559448,,,,SON
3,8,BayesianRidge,0.4946825336996413,0.5447966625889331,2.535834744655806,0.5177090167999268,,,,SON
3,8,RidgeCV,0.494601545730754,0.5447237064847288,2.536037947484658,0.3553788661956787,,,,SON
3,8,Ridge,0.4945298516748405,0.5446591225831208,2.5362178178397023,0.1603784561157226,,,,SON
3,8,TransformedTargetRegressor,0.494522093543763,0.5446521338534724,2.536237281140194,0.3585326671600342,,,,SON
3,8,LinearRegression,0.494522093543763,0.5446521338534724,2.536237281140194,0.3686480522155761,,,,SON
3,8,LassoCV,0.4939730012751037,0.5441574970164157,2.5376144434976378,5.020762205123901,,,,SON
3,8,PoissonRegressor,0.478278735931779,0.5300196877401977,2.5766656153462195,0.4062774181365967,,,,SON
3,8,MLPRegressor,0.473717890030269,0.5259111571347052,2.5879036115705123,65.87092900276184,,,,SON
3,8,HuberRegressor,0.454415886310766,0.5085234017179627,2.634933451841172,3.23932147026062,,,,SON
3,8,KNeighborsRegressor,0.4281172086725852,0.4848328573992709,2.6976916470011507,0.457817792892456,,,,SON
3,8,LinearSVR,0.4154929512903543,0.4734605924846994,2.727304753743669,15.229268074035645,,,,SON
3,8,RANSACRegressor,0.3727155846364667,0.4349256093006187,2.82534210709642,1.1771774291992188,,,,SON
3,8,OrthogonalMatchingPursuit,0.3566497475412231,0.4204530783635811,2.861294308115371,0.1539556980133056,,,,SON
3,8,OrthogonalMatchingPursuitCV,0.3566497475412231,0.4204530783635811,2.861294308115371,0.4989407062530517,,,,SON
3,8,GammaRegressor,0.3454344039689673,0.4103500002695656,2.886126620527641,0.2027373313903808,,,,SON
3,8,TweedieRegressor,0.3008083389829691,0.3701496607367243,2.982887767015892,0.212867259979248,,,,SON
3,8,DecisionTreeRegressor,0.1670378766224279,0.2496456905111128,3.255752778315302,3.043281078338623,,,,SON
3,8,ElasticNet,0.0527774328579789,0.1467168610042951,3.4718808409266493,0.2684211730957031,,,,SON
3,8,ExtraTreeRegressor,0.0154641182868716,0.1131040404402398,3.539603105424041,0.7733097076416016,,,,SON
3,8,LassoLars,-0.1212838328465175,-0.0100821304154579,3.7774312883831054,0.1584599018096923,,,,SON
3,8,AdaBoostRegressor,-0.2269144111032943,-0.1052369488451163,3.9513538837307016,28.071032762527462,,,,SON
3,8,PassiveAggressiveRegressor,-0.3122102862074525,-0.1820737288976224,4.086396578694797,0.3865363597869873,,,,SON
3,8,Lasso,-0.3532571785982719,-0.2190498551009225,4.149817166093339,0.1981356143951416,,,,SON
3,8,DummyRegressor,-1.872591052405444,-1.5877059893569705,6.046105134556636,0.135984182357788,,,,SON
3,8,QuantileRegressor,-3.6365949261573096,-3.1767673301747665,7.681364445635253,125.89497947692873,,,,SON
3,8,LarsCV,-401888187181514.8,-362031507461033.9,71514056.55191283,0.8412878513336182,,,,SON
3,8,Lars,-424949562240910.8,-382805804002142.6,73537267.13828558,0.1709942817687988,,,,SON
4,28,CatBoostRegressor,0.6399439103514251,0.64287053469718,2.3896419077924462,9.142306566238403,0.6284,0.1034,0.4988,
4,28,ExtraTreesRegressor,0.6260290360475794,0.6290687639099156,2.435379733318336,276.1899030208588,0.6141,0.1092,0.4775,
4,28,HistGradientBoostingRegressor,0.6195066347249554,0.6225993782674935,2.456525574544243,7.515792608261108,0.6071,0.1043,0.4814,
4,28,LGBMRegressor,0.6191215832764226,0.6222174566117238,2.457768236878425,1.7892091274261477,0.6059,0.1045,0.4904,
4,28,XGBRegressor,0.6182893470709654,0.6213919850265863,2.460451937889537,6.264569520950317,0.6048,0.1037,0.4895,
4,28,RandomForestRegressor,0.6107790565364508,0.6139427399784665,2.484539159887394,748.8812935352325,,,,
4,28,GradientBoostingRegressor,0.5988395938621291,0.6021003241897342,2.522358293623833,249.0113172531128,,,,
4,28,MLPRegressor,0.5986459113591257,0.6019082159856941,2.522967124539688,176.5830593109131,,,,
4,28,BaggingRegressor,0.5716624446198872,0.5751440774926991,2.606398533367796,77.47172260284424,,,,
4,28,KNeighborsRegressor,0.5520581960511426,0.5556991770721764,2.665376369390085,9.649291038513184,,,,
4,28,PoissonRegressor,0.532859660153037,0.5366566915900409,2.721895401602825,1.2384793758392334,,,,
4,28,ElasticNetCV,0.5296636602498619,0.5334866695591879,2.731190626452607,17.997758150100708,,,,
4,28,LassoCV,0.5291571820645624,0.5329843081529967,2.7326607619277072,18.827090740203857,,,,
4,28,BayesianRidge,0.5283448425194733,0.5321785715032843,2.7350170596891075,1.8355329036712649,,,,
4,28,RidgeCV,0.5283071577252547,0.5321411930203306,2.7351263201252083,1.3595547676086426,,,,
4,28,Ridge,0.5282819525423867,0.5321161927113807,2.7351993956862075,0.6859235763549805,,,,
4,28,LinearRegression,0.5282791262886973,0.5321133894301755,2.735207589517084,1.4215407371520996,,,,
4,28,TransformedTargetRegressor,0.5282791262886973,0.5321133894301755,2.735207589517084,1.3668835163116455,,,,
4,28,SGDRegressor,0.5268941743043041,0.5307396946757299,2.739219872009569,1.9801976680755613,,,,
4,28,LinearSVR,0.5254058624433566,0.5292634801791974,2.743525052789257,39.287926197052,,,,
4,28,HuberRegressor,0.5247581518537661,0.5286210343403915,2.745396551192746,12.416153192520142,,,,
4,28,LassoLarsIC,0.4980124849095194,0.5020927627472384,2.821591924531359,1.6601097583770752,,,,
4,28,OrthogonalMatchingPursuit,0.4936085290128773,0.497724603285972,2.833941864628886,0.6994104385375977,,,,
4,28,OrthogonalMatchingPursuitCV,0.4936085290128773,0.497724603285972,2.833941864628886,2.2384936809539795,,,,
4,28,GammaRegressor,0.4858747795369772,0.4900537156256357,2.8555002340202917,0.9452402591705322,,,,
4,28,TweedieRegressor,0.4561795230328216,0.460599829461094,2.9368077931138497,0.7938125133514404,,,,
4,28,ElasticNet,0.4034699580309097,0.4083187007518144,3.075841171013112,1.0528924465179443,,,,
4,28,LarsCV,0.3965330328052039,0.4014381605584242,3.0936736406578,6.590707302093506,,,,
4,28,LassoLarsCV,0.3671715042248133,0.3723152896951016,3.1680407495759004,2.6991522312164307,,,,
4,28,LassoLars,0.343154527901113,0.348493529254818,3.227597355535437,0.7195703983306885,,,,
4,28,Lasso,0.3431535352086137,0.3484925446311673,3.227599794473217,0.8886270523071289,,,,
4,28,RANSACRegressor,0.3125938184177347,0.3181812247254704,3.3018281236038582,3.199376106262207,,,,
4,28,DecisionTreeRegressor,0.2563091162506226,0.2623540184441149,3.434345428850188,12.657416105270386,,,,
4,28,ExtraTreeRegressor,0.2266617781681692,0.2329476612085724,3.5021317763841857,3.0692155361175537,,,,
4,28,PassiveAggressiveRegressor,0.1826663369972303,0.1893098257911114,3.6003725249579683,1.0965862274169922,,,,
4,28,QuantileRegressor,-0.0458277651259764,-0.0373270201396285,4.072656945727736,668.4947254657745,,,,
4,28,DummyRegressor,-0.2689466576581163,-0.2586323475032976,4.48610494331083,0.5945689678192139,,,,
4,28,AdaBoostRegressor,-0.4052980132910853,-0.393875405822474,4.7209778397794455,92.54011082649232,,,,
4,28,Lars,-1.1620035830972733e+17,-1.1525585325234414e+17,1357536387.6731458,0.896477222442627,,,,
4,28,CatBoostRegressor,0.5139384035595026,0.5292809879276376,2.7081301980372103,6.591960430145264,0.5247,0.0324,0.4889,DJF
4,28,ExtraTreesRegressor,0.494232420506373,0.5101970262597887,2.7624815042425066,61.04381036758423,0.5049,0.03,0.4823,DJF
4,28,HistGradientBoostingRegressor,0.4859262111192679,0.5021530032277347,2.7850732114779104,2.8301708698272705,0.4963,0.0228,0.4725,DJF
4,28,XGBRegressor,0.4792171510643885,0.4956557153446884,2.803187978545475,2.836646556854248,0.4898,0.0241,0.4631,DJF
4,28,LGBMRegressor,0.4768499139402409,0.493363200304249,2.8095517508197525,0.7346687316894531,0.4875,0.0244,0.4598,DJF
4,28,GradientBoostingRegressor,0.4629543729188069,0.4799062734667446,2.846619878691266,66.25169777870178,,,,DJF
4,28,RandomForestRegressor,0.4628286899252322,0.4797845576698105,2.8469529516745498,168.945659160614,,,,DJF
4,28,BaggingRegressor,0.4338185200233715,0.4516900967696745,2.922817608887468,17.28350305557251,,,,DJF
4,28,MLPRegressor,0.4252609170636571,0.4434026154290305,2.944823368834496,66.92210698127747,,,,DJF
4,28,KNeighborsRegressor,0.4111710383339876,0.4297574851730726,2.980701367610299,1.063124656677246,,,,DJF
4,28,PoissonRegressor,0.3752699484742089,0.3949896169134272,3.070224155062627,0.4148268699645996,,,,DJF
4,28,LassoCV,0.3703600559890687,0.390234705690422,3.0822653301955025,5.249838352203369,,,,DJF
4,28,ElasticNetCV,0.3699650136597811,0.3898521329129576,3.083232100457981,4.3815529346466064,,,,DJF
4,28,BayesianRidge,0.3699326721175853,0.3898208122348733,3.083311235112077,0.5257604122161865,,,,DJF
4,28,RidgeCV,0.3697926773940543,0.3896852364592135,3.083653756705042,0.3378934860229492,,,,DJF
4,28,Ridge,0.3697926773936107,0.3896852364587839,3.0836537567061275,0.1552531719207763,,,,DJF
4,28,LinearRegression,0.3697780395530552,0.3896710606631736,3.083689568547959,0.3426663875579834,,,,DJF
4,28,TransformedTargetRegressor,0.3697780395530552,0.3896710606631736,3.083689568547959,0.3473844528198242,,,,DJF
4,28,SGDRegressor,0.365740746172306,0.3857612048639298,3.0935510817389087,0.6636381149291992,,,,DJF
4,28,LassoLarsCV,0.3545978593805874,0.3749700444417876,3.1206070566910453,0.5865392684936523,,,,DJF
4,28,LassoLarsIC,0.3545978593805874,0.3749700444417876,3.1206070566910453,0.4199779033660888,,,,DJF
4,28,HuberRegressor,0.3144666725158498,0.3361056026249506,3.2161638936439667,3.0837559700012207,,,,DJF
4,28,OrthogonalMatchingPursuit,0.3121720084512261,0.3338833698679345,3.221542078779527,0.1568689346313476,,,,DJF
4,28,OrthogonalMatchingPursuitCV,0.2951188111735603,0.3173684585192436,3.26123313210012,0.5347862243652344,,,,DJF
4,28,LinearSVR,0.2816910880661495,0.3043645828751092,3.2921492276089244,13.988195180892944,,,,DJF
4,28,GammaRegressor,0.2546518289241577,0.2781788207336538,3.3535399205846814,0.2007491588592529,,,,DJF
4,28,TweedieRegressor,0.1993011102395896,0.2245752531868713,3.4758297706049017,0.2028980255126953,,,,DJF
4,28,PassiveAggressiveRegressor,0.0918638182589618,0.1205292303963379,3.7016842833836394,0.3983533382415771,,,,DJF
4,28,ElasticNet,-0.0128075082006977,0.0191618651401396,3.909195062795611,0.2196285724639892,,,,DJF
4,28,DecisionTreeRegressor,-0.031204839898584,0.001345247112682,3.944539931007085,2.889026641845703,,,,DJF
4,28,ExtraTreeRegressor,-0.081188502245352,-0.0470606757825438,4.039006897163024,0.7365384101867676,,,,DJF
4,28,RANSACRegressor,-0.1140228833222183,-0.078858636237957,4.099878073526915,1.084712266921997,,,,DJF
4,28,AdaBoostRegressor,-0.1229929005185321,-0.0875455139173333,4.116350914732487,26.903191328048703,,,,DJF
4,28,LassoLars,-0.2623473474964894,-0.2225012234194412,4.364287189829122,0.1584744453430175,,,,DJF
4,28,Lasso,-0.2623542763413435,-0.2225079335545936,4.36429916728818,0.2379727363586425,,,,DJF
4,28,LarsCV,-0.5017322041212999,-0.4543298723822673,4.760144457313111,0.8213868141174316,,,,DJF
4,28,DummyRegressor,-1.2442450353221068,-1.1734052095688443,5.819142897360918,0.1216554641723632,,,,DJF
4,28,QuantileRegressor,-2.692961718402125,-2.5763930012934213,7.464681606538588,119.96242117881776,,,,DJF
4,28,Lars,-2.1597106513157583e+25,-2.0915391621028103e+25,18051848105651.22,0.1726791858673095,,,,DJF
4,28,CatBoostRegressor,0.7625223348668788,0.7706489469817005,1.9920365192900915,6.251211881637573,0.7648,0.0265,0.7357,JJA
4,28,ExtraTreesRegressor,0.7574021957752315,0.7657040217753186,2.013396659033895,70.1099271774292,0.7595,0.0356,0.7205,JJA
4,28,LGBMRegressor,0.7444305311264523,0.7531762543958892,2.0665237266692147,0.7467186450958252,0.7468,0.0275,0.7207,JJA
4,28,HistGradientBoostingRegressor,0.7419894260443252,0.7508186852291201,2.076369606812684,3.299772262573242,0.7444,0.0265,0.7193,JJA
4,28,RandomForestRegressor,0.736099880681198,0.7451306832434383,2.099934284281046,169.152930021286,0.7387,0.0247,0.7136,JJA
4,28,XGBRegressor,0.7285815297358871,0.7378696142696399,2.129637129588486,3.032771587371826,,,,JJA
4,28,BaggingRegressor,0.7084651835759526,0.7184416601836195,2.20714631724346,18.162505388259888,,,,JJA
4,28,GradientBoostingRegressor,0.7008977507078027,0.711133188896509,2.235608490173179,68.88130259513855,,,,JJA
4,28,MLPRegressor,0.6997728297996657,0.7100467633806657,2.239808596595402,71.35223507881165,,,,JJA
4,28,KNeighborsRegressor,0.6792510127273738,0.6902272138127488,2.315093617571673,1.0675089359283447,,,,JJA
4,28,LassoCV,0.5924114277629471,0.6063593256721997,2.609738005705267,5.589334964752197,,,,JJA
4,28,SGDRegressor,0.5920664171023964,0.606026121460109,2.6108423018483062,0.8251943588256836,,,,JJA
4,28,BayesianRidge,0.5893850427428957,0.603436505158538,2.619408867123801,0.6893734931945801,,,,JJA
4,28,RidgeCV,0.589359553985872,0.6034118886403479,2.619490165233992,0.3646507263183594,,,,JJA
4,28,Ridge,0.5893595539741443,0.6034118886290214,2.6194901652713973,0.1639025211334228,,,,JJA
4,28,TransformedTargetRegressor,0.5893535292798331,0.6034060701029567,2.619509381071698,0.3667933940887451,,,,JJA
4,28,LinearRegression,0.5893535292798331,0.6034060701029567,2.619509381071698,0.4269280433654785,,,,JJA
4,28,ElasticNetCV,0.5883855169100642,0.6024711836317731,2.622595033900039,6.552605390548706,,,,JJA
4,28,OrthogonalMatchingPursuitCV,0.5631766373223569,0.5781249653227325,2.701710680389888,0.5290148258209229,,,,JJA
4,28,OrthogonalMatchingPursuit,0.5631766373223569,0.5781249653227325,2.701710680389888,0.1583175659179687,,,,JJA
4,28,PoissonRegressor,0.5608251157447259,0.5758539140652486,2.7089728878920867,0.4397432804107666,,,,JJA
4,28,HuberRegressor,0.5467700318816555,0.5622798026537661,2.751979661216106,3.743000745773315,,,,JJA
4,28,LinearSVR,0.5125136005691173,0.5291956446561057,2.854086705510245,20.280235767364506,,,,JJA
4,28,GammaRegressor,0.4963776369330269,0.5136118622851287,2.9009377796543103,0.2361986637115478,,,,JJA
4,28,ExtraTreeRegressor,0.4225026583064744,0.4422649247522604,3.1064252346656267,0.872215986251831,,,,JJA
4,28,TweedieRegressor,0.4178953581011805,0.4378152888125469,3.118792218876821,0.2159204483032226,,,,JJA
4,28,DecisionTreeRegressor,0.4137591236236434,0.4338205984806289,3.1298531349030925,3.099492073059082,,,,JJA
4,28,ElasticNet,0.2979292607473164,0.3219544951704119,3.425124381341934,0.3479034900665283,,,,JJA
4,28,AdaBoostRegressor,0.2258788987259107,0.2523697348911836,3.596585289724363,26.758965969085693,,,,JJA
4,28,LassoLarsIC,0.2062499795371808,0.2334125277659464,3.6418980615022254,0.4905464649200439,,,,JJA
4,28,LassoLarsCV,0.2062499795371808,0.2334125277659464,3.6418980615022254,0.6070473194122314,,,,JJA
4,28,PassiveAggressiveRegressor,0.1936828365485653,0.2212754391001352,3.6706152361351903,0.476067304611206,,,,JJA
4,28,LassoLars,0.1540958084195723,0.1830431001466592,3.759642057709424,0.1764533519744873,,,,JJA
4,28,Lasso,0.1540940354256829,0.1830413878255644,3.759645997764911,0.2244696617126464,,,,JJA
4,28,RANSACRegressor,-0.1253820743607914,-0.086870900713464,4.336465617728355,1.149714708328247,,,,JJA
4,28,LarsCV,-1.1140274756454938,-1.0416843300910852,5.943485732341037,0.94427490234375,,,,JJA
4,28,DummyRegressor,-1.2765474922517073,-1.1986428252164778,6.167714583729764,0.1418774127960205,,,,JJA
4,28,QuantileRegressor,-2.955286122694919,-2.819934126100797,8.129706436895912,123.82901120185852,,,,JJA
4,28,Lars,-3.189490889923337e+35,-3.08034481384231e+35,2.308588850008713e+18,0.1982364654541015,,,,JJA
4,28,CatBoostRegressor,0.6064640011179923,0.619018095898455,2.318474957138555,5.616839170455933,0.612,0.0284,0.5815,MAM
4,28,HistGradientBoostingRegressor,0.5965570232577533,0.6094271580940146,2.347476515015175,2.520066022872925,0.6015,0.0285,0.5742,MAM
4,28,LGBMRegressor,0.5958703900511049,0.6087624290038388,2.3494732905016407,0.9810681343078612,0.6023,0.0262,0.5729,MAM
4,28,ExtraTreesRegressor,0.5863549332689132,0.5995505224601574,2.376972191721712,51.08049464225769,0.5926,0.0259,0.5646,MAM
4,28,RandomForestRegressor,0.5736641857025397,0.5872646192999775,2.413159816309693,150.15801572799683,0.5799,0.0338,0.5423,MAM
4,28,GradientBoostingRegressor,0.5675713023328228,0.5813661034989889,2.4303422126142693,61.9404776096344,,,,MAM
4,28,XGBRegressor,0.5573647609600278,0.5714851584836778,2.4588564178783328,2.4489428997039795,,,,MAM
4,28,BaggingRegressor,0.5355912405375433,0.5504062297627523,2.51860683524955,14.922780513763428,,,,MAM
4,28,MLPRegressor,0.5215545069061363,0.5368172785068266,2.5563858813461366,38.60157203674317,,,,MAM
4,28,KNeighborsRegressor,0.5017480232980884,0.5176426366443612,2.6087633920615145,0.8867759704589844,,,,MAM
4,28,LassoCV,0.3894662084368518,0.4089426962492341,2.887786151582359,2.897536516189575,,,,MAM
4,28,ElasticNetCV,0.3890260788140115,0.4085166070928733,2.888826856671898,2.912983655929565,,,,MAM
4,28,BayesianRidge,0.3879704622042332,0.4074946654480503,2.8913213801245345,0.2849171161651611,,,,MAM
4,28,RidgeCV,0.3878916501698819,0.4074183675769569,2.89150753419922,0.221515417098999,,,,MAM
4,28,Ridge,0.3878916501650528,0.4074183675722819,2.891507534210626,0.0863852500915527,,,,MAM
4,28,TransformedTargetRegressor,0.3878821713838878,0.4074091911713756,2.891529922290331,0.203303575515747,,,,MAM
4,28,LinearRegression,0.3878821713838878,0.4074091911713756,2.891529922290331,0.2209506034851074,,,,MAM
4,28,PoissonRegressor,0.3753561784295023,0.395282786826966,2.920965319819328,0.2276334762573242,,,,MAM
4,28,SGDRegressor,0.3743637074680886,0.3943219764367628,2.9232848998408496,0.3843708038330078,,,,MAM
4,28,HuberRegressor,0.3524385034328862,0.3730962029246151,2.974066570511538,1.9777629375457764,,,,MAM
4,28,LinearSVR,0.3333640518524129,0.354630240716669,3.017550458311144,10.140868663787842,,,,MAM
4,28,OrthogonalMatchingPursuit,0.3190339300954051,0.3407572606373328,3.0498109046299544,0.1109144687652587,,,,MAM
4,28,OrthogonalMatchingPursuitCV,0.3190339300954051,0.3407572606373328,3.0498109046299544,0.289860725402832,,,,MAM
4,28,GammaRegressor,0.2172516243822313,0.2422218871400865,3.269800559973368,0.1304481029510498,,,,MAM
4,28,DecisionTreeRegressor,0.1965647131612681,0.2221949039687065,3.312726847216396,2.5063066482543945,,,,MAM
4,28,ExtraTreeRegressor,0.1272790001861928,0.1551194574243825,3.452612905098615,0.5621576309204102,,,,MAM
4,28,PassiveAggressiveRegressor,0.1157616721614669,0.1439695408386376,3.4753203565053536,0.2325129508972168,,,,MAM
4,28,TweedieRegressor,0.0938977369538299,0.1228030816323076,3.518023886620424,0.114070177078247,,,,MAM
4,28,LassoLarsIC,0.0930777053340118,0.1220092096388195,3.519615450026317,0.2647616863250732,,,,MAM
4,28,LassoLarsCV,0.0930777053340118,0.1220092096388195,3.519615450026317,0.3151490688323974,,,,MAM
4,28,ElasticNet,-0.0656058628867453,-0.0316122332332913,3.815122409495888,0.1723921298980713,,,,MAM
4,28,AdaBoostRegressor,-0.1927963638803438,-0.1547452614437534,4.036391933848832,21.25462913513184,,,,MAM
4,28,RANSACRegressor,-0.2146365532918044,-0.1758887323626907,4.073177627506582,0.6613035202026367,,,,MAM
4,28,LassoLars,-0.2401630574268054,-0.2006009217889099,4.115755540292862,0.0940768718719482,,,,MAM
4,28,Lasso,-0.3198630092317844,-0.277758385100332,4.245947354594332,0.2240469455718994,,,,MAM
4,28,LarsCV,-1.6433017521983515,-1.5589784353360208,6.008741880449176,0.6441261768341064,,,,MAM
4,28,DummyRegressor,-2.004903974482092,-1.909045274365694,6.406568520214624,0.0861687660217285,,,,MAM
4,28,QuantileRegressor,-4.439100603256735,-4.265589197215759,8.61933424276065,100.17621445655824,,,,MAM
4,28,Lars,-951856212924550.4,-921491282782518.0,114023889.38924576,0.1229875087738037,,,,MAM
4,28,CatBoostRegressor,0.5733276232346287,0.5872094176888116,2.5308914149959607,8.083107471466064,0.5843,0.1138,0.516,SON
4,28,ExtraTreesRegressor,0.5504122664930953,0.5650396125448336,2.5979660763656494,54.53405404090881,0.5637,0.1332,0.4752,SON
4,28,HistGradientBoostingRegressor,0.5501411729220318,0.5647773390086173,2.5987492224700937,4.648574590682983,0.56,0.121,0.4834,SON
4,28,LGBMRegressor,0.5498954507197982,0.56453961138323,2.599458870883422,2.8839244842529297,0.5605,0.1237,0.4867,SON
4,28,RandomForestRegressor,0.5331716460935374,0.5483599160805528,2.647310377815878,159.75290083885193,0.5472,0.1285,0.4596,SON
4,28,XGBRegressor,0.5313006801757683,0.5465498220769632,2.6526100502260244,2.3525848388671875,,,,SON
4,28,GradientBoostingRegressor,0.5141587601758932,0.5299656147928546,2.70068192187388,74.12783622741699,,,,SON
4,28,MLPRegressor,0.5000056702075866,0.5162729958944612,2.73973645645232,44.56931686401367,,,,SON
4,28,BaggingRegressor,0.4963073541213864,0.5126950045973285,2.7498503148901023,15.819395542144775,,,,SON
4,28,KNeighborsRegressor,0.4776753601927905,0.4946692029700698,2.8002480652320214,0.9621503353118896,,,,SON
4,28,LassoLarsIC,0.4597729339613325,0.4773492325400872,2.8478323471521305,0.3870480060577392,,,,SON
4,28,LassoLarsCV,0.4595841515071885,0.4771665921269274,2.848329891475216,0.4341166019439697,,,,SON
4,28,PoissonRegressor,0.4547090642263698,0.4724501159099221,2.861148428599307,0.2187476158142089,,,,SON
4,28,LassoCV,0.4522787935606107,0.4700989141496916,2.8675171708253404,2.8251216411590576,,,,SON
4,28,ElasticNetCV,0.4509758785020731,0.4688383894590774,2.8709257590150377,3.5669994354248047,,,,SON
4,28,BayesianRidge,0.4465585472697493,0.464564776188221,2.882452049760044,0.2891912460327148,,,,SON
4,28,RidgeCV,0.4464126491795783,0.4644236248953806,2.8828319603492365,0.4475607872009277,,,,SON
4,28,SGDRegressor,0.4463993558128801,0.4644107640286381,2.882866573055129,0.6543536186218262,,,,SON
4,28,Ridge,0.4462730228477135,0.4642885413090621,2.883195492747206,0.2171487808227539,,,,SON
4,28,LinearRegression,0.4462572127697967,0.4642732456123518,2.883236653122173,0.1988677978515625,,,,SON
4,28,TransformedTargetRegressor,0.4462572127697967,0.4642732456123518,2.883236653122173,0.4022672176361084,,,,SON
4,28,HuberRegressor,0.4106814367472047,0.4298549281860665,2.9744132687443448,2.283474922180176,,,,SON
4,28,LinearSVR,0.379634501022385,0.3998181051463743,3.051757830404575,14.724470138549805,,,,SON
4,28,LarsCV,0.3791162573191893,0.3993167225126002,3.053032259848438,0.8137190341949463,,,,SON
4,28,OrthogonalMatchingPursuit,0.3584879487480767,0.3793595563803128,3.1033349947670588,0.0887856483459472,,,,SON
4,28,OrthogonalMatchingPursuitCV,0.3584879487480767,0.3793595563803128,3.1033349947670588,0.2874658107757568,,,,SON
4,28,GammaRegressor,0.3305111379601561,0.3522929717002684,3.170282236126851,0.2052433490753173,,,,SON
4,28,TweedieRegressor,0.268178064653699,0.2919879062013417,3.3145834722579623,0.1780595779418945,,,,SON
4,28,DecisionTreeRegressor,0.1670984553648338,0.1941969240560818,3.536088149985481,2.5126121044158936,,,,SON
4,28,PassiveAggressiveRegressor,0.0780061687813417,0.1080032568282206,3.72040532047702,0.3307867050170898,,,,SON
4,28,ElasticNet,0.0666926968042859,0.0970578688919909,3.7431616372358776,0.1920933723449707,,,,SON
4,28,ExtraTreeRegressor,0.0060368466349014,0.0383754580412669,3.862881553745614,0.5803403854370117,,,,SON
4,28,AdaBoostRegressor,-0.0469536343783929,-0.0128909765947309,3.9645141616559454,21.740623235702515,,,,SON
4,28,LassoLars,-0.0963304665161066,-0.0606613324947964,4.056925108891809,0.0965104103088378,,,,SON
4,28,Lasso,-0.1930332295629755,-0.1542178691795439,4.232066850116573,0.1023249626159668,,,,SON
4,28,DummyRegressor,-1.3191147921270123,-1.243662345207381,5.900480400391737,0.0730650424957275,,,,SON
4,28,RANSACRegressor,-1.354478973802996,-1.2778759525134271,5.945298402475123,0.6980631351470947,,,,SON
4,28,QuantileRegressor,-2.724717735164614,-2.6035339679111797,7.477784281843845,109.61685156822205,,,,SON
4,28,Lars,-8.333109154125368e+23,-8.061991278347227e+23,3536957036192.782,0.0972180366516113,,,,SON
5,22,CatBoostRegressor,0.525485908186281,0.5304052767407214,2.0674977022502623,9.40943193435669,0.5014,0.0964,0.3553,
5,22,XGBRegressor,0.5041242856406736,0.5092651137808998,2.1135226089054693,4.27362585067749,0.477,0.0986,0.3336,
5,22,LGBMRegressor,0.4987116520895177,0.5039085939253067,2.1250261724605743,1.1991791725158691,0.4708,0.0913,0.3394,
5,22,HistGradientBoostingRegressor,0.4960684247466452,0.5012927693713021,2.130621297935258,5.7916646003723145,0.468,0.092,0.3318,
5,22,ExtraTreesRegressor,0.478240279837466,0.4836494518823475,2.1679824022024072,183.1926250457764,0.4516,0.1129,0.2911,
5,22,MLPRegressor,0.4719278213866054,0.4774024357653187,2.181057534551794,81.14389276504517,,,,
5,22,GradientBoostingRegressor,0.4557381820005006,0.4613806371331088,2.214238574499152,234.24236345291135,,,,
5,22,RandomForestRegressor,0.4554324104434246,0.4610780355619377,2.214860477494641,665.6938164234161,,,,
5,22,PoissonRegressor,0.3976405547220033,0.4038853178695938,2.32942290065603,0.4931561946868896,,,,
5,22,KNeighborsRegressor,0.3949930550044472,0.4012652652333428,2.3345364461364766,5.697611570358276,,,,
5,22,BaggingRegressor,0.3935196525577507,0.3998071378012124,2.337377421816617,66.43888902664185,,,,
5,22,LinearSVR,0.3821651878859529,0.388570386802038,2.3591560339192177,20.516615390777588,,,,
5,22,HuberRegressor,0.3747006689808784,0.381183253838096,2.3733646003741877,5.674588441848755,,,,
5,22,ElasticNetCV,0.3661725630597873,0.3727435602462084,2.389494283230567,5.549623727798462,,,,
5,22,LassoCV,0.365312839810255,0.3718927498942955,2.39111428855701,5.439123630523682,,,,
5,22,SGDRegressor,0.3640228784355078,0.3706161617692217,2.3935429491823785,1.0159087181091309,,,,
5,22,BayesianRidge,0.363461273346232,0.370060378935731,2.394599535362505,0.64180588722229,,,,
5,22,RidgeCV,0.3633951485750402,0.3699949396913248,2.394723909754615,0.5822827816009521,,,,
5,22,Ridge,0.363349949096675,0.3699502088036641,2.394808921948669,0.2512798309326172,,,,
5,22,LinearRegression,0.3633448822637544,0.3699451944994649,2.394818451573716,0.4648032188415527,,,,
5,22,TransformedTargetRegressor,0.3633448822637544,0.3699451944994649,2.394818451573716,0.4644784927368164,,,,
5,22,LassoLarsIC,0.3343978752619325,0.3412982860583531,2.4486562861894394,0.5807647705078125,,,,
5,22,LassoLarsCV,0.3343978752619325,0.3412982860583531,2.4486562861894394,0.9854750633239746,,,,
5,22,GammaRegressor,0.323862299819653,0.3308719347243304,2.467959647241247,0.3294544219970703,,,,
5,22,TweedieRegressor,0.2734772110388975,0.2810091967559889,2.5582624663189284,0.2553544044494629,,,,
5,22,OrthogonalMatchingPursuitCV,0.2441989796619094,0.2520344977993237,2.609301207999485,1.0342731475830078,,,,
5,22,OrthogonalMatchingPursuit,0.2441989796619094,0.2520344977993237,2.609301207999485,0.2939891815185547,,,,
5,22,LarsCV,0.1398140881798903,0.1487317822981118,2.7836628985100296,1.4719560146331787,,,,
5,22,ElasticNet,0.0889931313250149,0.0984376949743451,2.86471422170594,0.3266911506652832,,,,
5,22,ExtraTreeRegressor,-0.038032087930909,-0.0272706321597031,3.0579182282064776,2.044188499450684,,,,
5,22,RANSACRegressor,-0.0507589375541579,-0.0398655403613719,3.0766070065058373,0.9575271606445312,,,,
5,22,DecisionTreeRegressor,-0.071694645474106,-0.0605842042251305,3.107105564982965,11.12308645248413,,,,
5,22,Lasso,-0.1204125618391562,-0.1087970536386639,3.1769432941107887,0.4877173900604248,,,,
5,22,LassoLars,-0.1204458697282806,-0.1088300162192186,3.176990516219934,0.2808656692504883,,,,
5,22,PassiveAggressiveRegressor,-0.2632957718318436,-0.2501989690137165,3.373440073657284,0.54422926902771,,,,
5,22,QuantileRegressor,-0.281238476119146,-0.2679556582241744,3.3973122453447977,520.8577041625977,,,,
5,22,AdaBoostRegressor,-0.6665884391918224,-0.6493106324788187,3.874669470401748,69.03359150886536,,,,
5,22,DummyRegressor,-0.9685610371687932,-0.94815262900808,4.211093855263077,0.1831676959991455,,,,
5,22,Lars,-4.7629622456309714e+23,-4.713583803343653e+23,2071376514689.892,0.2672734260559082,,,,
5,22,CatBoostRegressor,0.370580977412674,0.3968371591196772,2.549853559583735,6.143834590911865,0.3776,0.0504,0.3393,DJF
5,22,LGBMRegressor,0.3491381253697002,0.3762887945315667,2.592923617451227,0.6269276142120361,0.3545,0.0427,0.3166,DJF
5,22,HistGradientBoostingRegressor,0.3450681070446082,0.3723885568086801,2.6010181151807976,2.955111026763916,0.352,0.0545,0.3021,DJF
5,22,XGBRegressor,0.3189583803723753,0.347367996023122,2.652357947843393,2.0194315910339355,0.3192,0.0151,0.3018,DJF
5,22,ExtraTreesRegressor,0.3088813444790868,0.3377113231566683,2.6719087068153544,50.036844968795776,0.3118,0.0317,0.2783,DJF
5,22,GradientBoostingRegressor,0.2916749740869718,0.3212227156082569,2.704964689397595,63.79360914230347,,,,DJF
5,22,RandomForestRegressor,0.2893678854172062,0.3190118670220504,2.70936628460559,150.67618536949158,,,,DJF
5,22,MLPRegressor,0.2758141265968278,0.3060235025441211,2.7350818750658035,31.911025285720825,,,,DJF
5,22,BaggingRegressor,0.2429208899566958,0.2745024055552577,2.796507179145264,15.097657203674316,,,,DJF
5,22,KNeighborsRegressor,0.2261474281545045,0.2584286478375147,2.8273164645232907,0.6122643947601318,,,,DJF
5,22,PoissonRegressor,0.1584301437495667,0.1935361864205002,2.948427089664589,0.133866548538208,,,,DJF
5,22,ElasticNetCV,0.1438496276757217,0.1795638958143938,2.9738587168159047,2.030536651611328,,,,DJF
5,22,BayesianRidge,0.1430396284415549,0.1787876856560438,2.9752651600568814,0.2118535041809082,,,,DJF
5,22,RidgeCV,0.142943791274038,0.1786958463309726,2.975431523066979,0.1583611965179443,,,,DJF
5,22,Ridge,0.1428200070599873,0.1785772257689565,2.9756463853776385,0.0693933963775634,,,,DJF
5,22,LinearRegression,0.1428061331865844,0.1785639306434592,2.975670466419272,0.1413259506225586,,,,DJF
5,22,TransformedTargetRegressor,0.1428061331865844,0.1785639306434592,2.975670466419272,0.1549103260040283,,,,DJF
5,22,LassoCV,0.1416781985035419,0.1774830476969051,2.9776275840951443,1.1409037113189695,,,,DJF
5,22,SGDRegressor,0.1312090845876423,0.1674506523221091,2.995731890386345,0.2629799842834472,,,,DJF
5,22,LassoLarsIC,0.1178413918767569,0.1546405922156175,3.0186908981020046,0.2005014419555664,,,,DJF
5,22,LassoLarsCV,0.1126666237365939,0.14968168925859,3.027531816242012,0.320110559463501,,,,DJF
5,22,HuberRegressor,0.0598752559311021,0.0990925106083677,3.1162913115862745,1.0443570613861084,,,,DJF
5,22,LinearSVR,0.0380582194771547,0.0781855706924761,3.152243088318487,5.584184885025024,,,,DJF
5,22,OrthogonalMatchingPursuit,0.0114196589702652,0.0526582363480988,3.1955917554107818,0.0731668472290039,,,,DJF
5,22,OrthogonalMatchingPursuitCV,0.0114196589702652,0.0526582363480988,3.1955917554107818,0.1739053726196289,,,,DJF
5,22,GammaRegressor,-0.0704575709074142,-0.0258034891546137,3.3252939038623244,0.0748438835144043,,,,DJF
5,22,TweedieRegressor,-0.188028560521833,-0.1384700110678516,3.5031501143320685,0.0738816261291503,,,,DJF
5,22,LarsCV,-0.1984868017946577,-0.1484919873513117,3.518535482436647,0.485090970993042,,,,DJF
5,22,RANSACRegressor,-0.2725815658892108,-0.2194958922252345,3.625668730917372,0.3982250690460205,,,,DJF
5,22,ExtraTreeRegressor,-0.2966448282767493,-0.242555356877024,3.659787110037042,0.5460200309753418,,,,DJF
5,22,DecisionTreeRegressor,-0.3713996789778748,-0.3141918128791454,3.7638068545312686,2.5207090377807617,,,,DJF
5,22,AdaBoostRegressor,-0.4433589841357714,-0.3831493393746037,3.8612905932664825,22.644203424453732,,,,DJF
5,22,PassiveAggressiveRegressor,-0.5799977758458508,-0.5140882510133473,4.039927253697593,0.1632914543151855,,,,DJF
5,22,ElasticNet,-0.6835557796730769,-0.6133263381108165,4.17022091548616,0.0946924686431884,,,,DJF
5,22,Lasso,-0.9426640778903954,-0.861625947178861,4.479650809877086,0.0687353610992431,,,,DJF
5,22,LassoLars,-0.9426667063830734,-0.861628466024104,4.479653840438444,0.0900180339813232,,,,DJF
5,22,DummyRegressor,-2.586252538787864,-2.43665220113275,6.086473583905934,0.057957649230957,,,,DJF
5,22,QuantileRegressor,-5.219259035534199,-4.959822969161973,8.015204916784771,96.15469455718994,,,,DJF
5,22,Lars,-1.2541063045179394e+20,-1.2017913254186975e+20,35992538896.53011,0.0669112205505371,,,,DJF
5,22,CatBoostRegressor,0.5994512143213769,0.6162574570771233,1.6879110620430815,6.1047773361206055,0.5998,0.0161,0.5882,JJA
5,22,ExtraTreesRegressor,0.5763139347190911,0.5940909724231851,1.7359768924882402,51.89516234397888,0.5777,0.0315,0.5429,JJA
5,22,HistGradientBoostingRegressor,0.5676025819346504,0.5857451309443853,1.75373268314588,2.868870258331299,0.5677,0.0203,0.5477,JJA
5,22,LGBMRegressor,0.5632199518116073,0.5815463873999315,1.762597888952706,0.6646513938903809,0.5637,0.0101,0.5552,JJA
5,22,RandomForestRegressor,0.5570017048901187,0.5755890459436801,1.7751002171068484,153.4563958644867,0.5581,0.0203,0.5348,JJA
5,22,XGBRegressor,0.5533215482039124,0.5720633014261258,1.7824581863896063,2.016547203063965,,,,JJA
5,22,MLPRegressor,0.5207577002373982,0.540865768758906,1.846287891556374,30.949581384658813,,,,JJA
5,22,BaggingRegressor,0.5196731224140297,0.5398266976973571,1.8483758867594111,15.328392505645752,,,,JJA
5,22,KNeighborsRegressor,0.5018421304902058,0.5227438592808265,1.882371537195734,0.61834716796875,,,,JJA
5,22,GradientBoostingRegressor,0.5016813882523667,0.5225898614725472,1.8826752082079172,63.48966121673584,,,,JJA
5,22,PoissonRegressor,0.3341526886042021,0.3620903380333964,2.1762519583107407,0.1396307945251464,,,,JJA
5,22,SGDRegressor,0.2950719958064167,0.3246493945837698,2.2392069407152686,0.3640131950378418,,,,JJA
5,22,ElasticNetCV,0.293707712495719,0.3233423539294651,2.2413727193384414,1.8629875183105469,,,,JJA
5,22,LassoCV,0.2908593639781969,0.3206135165385522,2.245887696445536,1.95117449760437,,,,JJA
5,22,BayesianRidge,0.2876546053659381,0.317543223322612,2.250956799880034,0.2255280017852783,,,,JJA
5,22,RidgeCV,0.2874591114675033,0.3173559319653702,2.251265651552336,0.1664614677429199,,,,JJA
5,22,Ridge,0.2870727101645958,0.3169857433045427,2.2518759843025307,0.073911428451538,,,,JJA
5,22,TransformedTargetRegressor,0.2870280429742371,0.3169429502620313,2.251946526838386,0.1437172889709472,,,,JJA
5,22,LinearRegression,0.2870280429742371,0.3169429502620313,2.251946526838386,0.1457254886627197,,,,JJA
5,22,LassoLarsCV,0.2551401064921578,0.2863929691568224,2.3017552638090035,0.236236572265625,,,,JJA
5,22,LassoLarsIC,0.2551401064921578,0.2863929691568224,2.3017552638090035,0.1929273605346679,,,,JJA
5,22,HuberRegressor,0.2476666209587527,0.2792330564430008,2.3132736721101907,1.1387155055999756,,,,JJA
5,22,LinearSVR,0.235038800514402,0.2671350746186929,2.3326068860640854,4.751405239105225,,,,JJA
5,22,GammaRegressor,0.2317995708525765,0.2640317566909299,2.3375403830152406,0.0800695419311523,,,,JJA
5,22,OrthogonalMatchingPursuit,0.1851249538471148,0.2193155152241589,2.407505893959619,0.0633893013000488,,,,JJA
5,22,OrthogonalMatchingPursuitCV,0.1851249538471148,0.2193155152241589,2.407505893959619,0.1698241233825683,,,,JJA
5,22,DecisionTreeRegressor,0.1572817344106133,0.1926405427570211,2.448291096925051,2.524735927581787,,,,JJA
5,22,ExtraTreeRegressor,0.1086097090322929,0.1460107002617071,2.518000426978138,0.553825855255127,,,,JJA
5,22,TweedieRegressor,0.0780460900679583,0.1167294709042677,2.56080468057807,0.0786798000335693,,,,JJA
5,22,AdaBoostRegressor,0.0686734450620236,0.1077500837307499,2.5737884213086826,20.294368505477905,,,,JJA
5,22,RANSACRegressor,-0.0917629163376627,-0.0459546820857328,2.786673059452908,0.3920135498046875,,,,JJA
5,22,PassiveAggressiveRegressor,-0.2810435596274541,-0.2272934802025259,3.018587702322318,0.138174295425415,,,,JJA
5,22,ElasticNet,-0.2857558249447842,-0.2318080280939543,3.024134480603607,0.1011438369750976,,,,JJA
5,22,Lasso,-0.8191463799691787,-0.7428185598306118,3.597126185777709,0.1341612339019775,,,,JJA
5,22,LassoLars,-0.8192550635851021,-0.7429226832948181,3.597233638054789,0.0909736156463623,,,,JJA
5,22,LarsCV,-1.4352341439666296,-1.3330564875764217,4.161905470526917,0.3775715827941894,,,,JJA
5,22,DummyRegressor,-5.129498570289907,-4.872316812095925,6.602893975433791,0.0477263927459716,,,,JJA
5,22,QuantileRegressor,-11.219425906939373,-10.706722722032826,9.322818963195369,98.23570585250854,,,,JJA
5,22,Lars,-4.318380599160665e+17,-4.137189804790288e+17,1752597983.8144977,0.0732557773590087,,,,JJA
5,22,CatBoostRegressor,0.4393946608716917,0.4614031583729122,2.0025338680501403,6.569505214691162,0.4513,0.0529,0.4157,MAM
5,22,LGBMRegressor,0.4219946464315175,0.4446862415552529,2.0333736228093864,0.7444064617156982,0.4339,0.0712,0.3887,MAM
5,22,HistGradientBoostingRegressor,0.4137898924083931,0.4368035934697867,2.0477545814667613,2.881315231323242,0.4264,0.0546,0.386,MAM
5,22,XGBRegressor,0.4064679103421798,0.4297690610812,2.060503503124579,2.1734957695007324,0.42,0.0646,0.3662,MAM
5,22,ExtraTreesRegressor,0.385776364995205,0.4098898337631141,2.096112157939369,51.91423916816712,0.3976,0.0468,0.3634,MAM
5,22,GradientBoostingRegressor,0.3647978894958428,0.3897349407261042,2.1316074098726854,65.08438873291016,,,,MAM
5,22,RandomForestRegressor,0.357642554372327,0.3828605129793022,2.1435797035576,157.84457087516785,,,,MAM
5,22,BaggingRegressor,0.308195679778666,0.335354846112328,2.2245536796331717,15.79943060874939,,,,MAM
5,22,MLPRegressor,0.2928780961269207,0.3206386070750461,2.249046320871292,31.290985107421875,,,,MAM
5,22,KNeighborsRegressor,0.2875954642914419,0.3155633631851258,2.25743156305274,0.6548967361450195,,,,MAM
5,22,PoissonRegressor,0.1584442674201861,0.1914824423088157,2.453537478906239,0.1630151271820068,,,,MAM
5,22,ElasticNetCV,0.1341754447524095,0.1681663760380293,2.4886636492352183,2.112836599349976,,,,MAM
5,22,SGDRegressor,0.1304901437407979,0.1646257542373425,2.4939544070122945,0.2990617752075195,,,,MAM
5,22,LassoCV,0.1289521779032184,0.1631481665569635,2.4961590525750164,1.995898485183716,,,,MAM
5,22,BayesianRidge,0.1236656819494176,0.1580692102480229,2.5037223418625656,0.2056975364685058,,,,MAM
5,22,RidgeCV,0.1231490042518601,0.1575728165167818,2.504460317569196,0.1668856143951416,,,,MAM
5,22,Ridge,0.1231490042510837,0.1575728165160358,2.5044603175703046,0.0695359706878662,,,,MAM
5,22,TransformedTargetRegressor,0.1231038591495062,0.1575294437412379,2.504524788421526,0.1555359363555908,,,,MAM
5,22,LinearRegression,0.1231038591495062,0.1575294437412379,2.504524788421526,0.1572797298431396,,,,MAM
5,22,HuberRegressor,0.0837152210143233,0.1196871425448408,2.5601563647452967,1.54624605178833,,,,MAM
5,22,LinearSVR,0.0467386540766303,0.0841622183658794,2.611302873141018,6.216526508331299,,,,MAM
5,22,GammaRegressor,0.0160861284823545,0.0547130634601465,2.652954470571081,0.0827550888061523,,,,MAM
5,22,OrthogonalMatchingPursuit,-0.0238035025206402,0.0163894376001264,2.706197948951722,0.0610601902008056,,,,MAM
5,22,OrthogonalMatchingPursuitCV,-0.0238035025206402,0.0163894376001264,2.706197948951722,0.1919918060302734,,,,MAM
5,22,RANSACRegressor,-0.0695905417037234,-0.0276000733271322,2.7660500362756406,0.4100074768066406,,,,MAM
5,22,TweedieRegressor,-0.1637007408631028,-0.1180156517997748,2.885173339760521,0.0758202075958252,,,,MAM
5,22,DecisionTreeRegressor,-0.3095593054231094,-0.2581480349811986,3.0606512102921286,2.684657335281372,,,,MAM
5,22,ExtraTreeRegressor,-0.3799794792743505,-0.3258036218546376,3.141865354119366,0.5392615795135498,,,,MAM
5,22,LassoLarsIC,-0.4267441047181242,-0.3707323405198117,3.1946574577283653,0.1936640739440918,,,,MAM
5,22,LassoLarsCV,-0.4319028170734769,-0.3756885298165027,3.20042774570272,0.2516558170318603,,,,MAM
5,22,ElasticNet,-0.7639972921512268,-0.6947454900602297,3.552222919872845,0.0829510688781738,,,,MAM
5,22,LarsCV,-0.8102261341503723,-0.7391594593091362,3.598468209701553,0.4157361984252929,,,,MAM
5,22,AdaBoostRegressor,-1.093590865812903,-1.0113997304047628,3.8698770075059135,22.209787130355835,,,,MAM
5,22,LassoLars,-1.4364118978282143,-1.3407621395710545,4.174712871060601,0.0862598419189453,,,,MAM
5,22,Lasso,-1.4364136733051431,-1.3407638453455082,4.1747143921714285,0.1265187263488769,,,,MAM
5,22,DummyRegressor,-5.1862278449503165,-4.943366119303412,6.652183348358503,0.0455141067504882,,,,MAM
5,22,PassiveAggressiveRegressor,-5.473481730422712,-5.21934286205279,6.804876040710001,0.1863555908203125,,,,MAM
5,22,QuantileRegressor,-11.117917821862449,-10.642187133108848,9.310333900639291,97.95016956329346,,,,MAM
5,22,Lars,-1.0193209425744628e+18,-9.79303980815814e+17,2700267122.5153584,0.1005127429962158,,,,MAM
5,22,CatBoostRegressor,0.4864403031200601,0.5086349598879807,2.064775082685098,6.224133253097534,0.5101,0.03,0.476,SON
5,22,LGBMRegressor,0.4637155661624729,0.486892324407552,2.1099631928144715,0.6309528350830078,0.4923,0.0608,0.4328,SON
5,22,HistGradientBoostingRegressor,0.4525699578599315,0.4762283990568612,2.1317761409709632,2.923478603363037,0.4804,0.0512,0.4268,SON
5,22,ExtraTreesRegressor,0.4322349482152811,0.4567722133584382,2.171008940207935,49.97773194313049,0.4632,0.0699,0.3936,SON
5,22,GradientBoostingRegressor,0.4203172868173522,0.4453696009524966,2.1936758711868367,64.37771797180176,0.4487,0.047,0.4018,SON
5,22,XGBRegressor,0.4102992377594786,0.4357845047950833,2.212550175284464,2.0295004844665527,,,,SON
5,22,RandomForestRegressor,0.3984251072135272,0.4244235419557997,2.234714952251503,154.42118096351624,,,,SON
5,22,KNeighborsRegressor,0.3573441667263043,0.3851180082603415,2.309758162858695,0.593759298324585,,,,SON
5,22,MLPRegressor,0.344968138545361,0.3732768384401592,2.3318923419703035,31.241649627685547,,,,SON
5,22,BaggingRegressor,0.33655394670929,0.3652262851468236,2.346821677418819,15.083940029144289,,,,SON
5,22,SGDRegressor,0.288926641044357,0.3196573024157894,2.429598369755756,0.3269503116607666,,,,SON
5,22,ElasticNetCV,0.2717057077932983,0.3031806111779815,2.458842645581753,2.0336453914642334,,,,SON
5,22,LassoCV,0.2705666645156808,0.3020907942605012,2.4607646941241907,1.6663262844085691,,,,SON
5,22,BayesianRidge,0.2684990162682876,0.3001125041606545,2.4642498620338134,0.2024199962615966,,,,SON
5,22,RidgeCV,0.2684493218332616,0.300064957384285,2.4643335648774407,0.1757738590240478,,,,SON
5,22,Ridge,0.2682572672900785,0.2998812029173979,2.464657025310322,0.0687134265899658,,,,SON
5,22,LinearRegression,0.2682353562378258,0.2998602388013771,2.464693925454454,0.1432032585144043,,,,SON
5,22,TransformedTargetRegressor,0.2682353562378258,0.2998602388013771,2.464693925454454,0.1485319137573242,,,,SON
5,22,PoissonRegressor,0.2520609733756995,0.2843848688840726,2.4917839323741178,0.1356644630432129,,,,SON
5,22,HuberRegressor,0.251981202088587,0.2843085450955628,2.4919168091893926,1.1007039546966553,,,,SON
5,22,LinearSVR,0.2420562679653344,0.2748125396979249,2.5083940767318427,5.789418935775757,,,,SON
5,22,LassoLarsIC,0.2174292723097766,0.251249855979462,2.548819512012837,0.1880636215209961,,,,SON
5,22,OrthogonalMatchingPursuit,0.1825385846661836,0.2178670491944158,2.605019119151731,0.0697760581970214,,,,SON
5,22,OrthogonalMatchingPursuitCV,0.1825385846661836,0.2178670491944158,2.605019119151731,0.1736114025115966,,,,SON
5,22,GammaRegressor,-0.0418331903711393,0.0031920135344559,2.940873731195191,0.0734405517578125,,,,SON
5,22,RANSACRegressor,-0.0758782226899776,-0.0293816848546366,2.9885384109783373,0.3944907188415527,,,,SON
5,22,LassoLarsCV,-0.0798978503668359,-0.0332275951288936,2.9941159995906736,0.2352104187011718,,,,SON
5,22,ExtraTreeRegressor,-0.1348699965791111,-0.0858239943259924,3.0693777519300536,0.5531644821166992,,,,SON
5,22,DecisionTreeRegressor,-0.1980703207451439,-0.1462929719494354,3.1536859154058754,2.49414324760437,,,,SON
5,22,TweedieRegressor,-0.200180196279881,-0.1483116643878335,3.1564616113494104,0.0760960578918457,,,,SON
5,22,PassiveAggressiveRegressor,-0.248556535726417,-0.1945973096926223,3.219447814745815,0.1385500431060791,,,,SON
5,22,AdaBoostRegressor,-0.4876344286344338,-0.4233429047078558,3.514191257952298,22.41420674324036,,,,SON
5,22,ElasticNet,-0.949041446191988,-0.8648091628031387,4.022423755752362,0.0779461860656738,,,,SON
5,22,LarsCV,-1.4948997850103112,-1.387076985177933,4.5509685728603095,0.3958137035369873,,,,SON
5,22,LassoLars,-1.5582297027292715,-1.4476699556725443,4.608366938087886,0.0613980293273925,,,,SON
5,22,Lasso,-1.5582401792478713,-1.447679979424434,4.608376374221096,0.0610864162445068,,,,SON
5,22,DummyRegressor,-4.010700323554917,-3.7941514500279343,6.44950670259304,0.0434026718139648,,,,SON
5,22,QuantileRegressor,-7.609906219836194,-7.237809432424306,8.45427740965704,97.52168869972228,,,,SON
5,22,Lars,-1.350278567299026e+22,-1.2919231910412049e+22,334802714723.0792,0.0719730854034423,,,,SON
6,16,CatBoostRegressor,0.4754724132530455,0.4839916973148053,2.3914008253600225,34.80654764175415,0.4566,0.1403,0.177,
6,16,HistGradientBoostingRegressor,0.4582357579697425,0.4670349967304414,2.4303754869113194,6.303729057312012,0.4363,0.1376,0.1533,
6,16,LGBMRegressor,0.4529507795844812,0.4618358560270523,2.4422010264187897,10.426559686660768,0.4299,0.1362,0.1484,
6,16,ExtraTreesRegressor,0.4516268456546898,0.4605334251974063,2.445154470807795,255.8525981903076,0.4336,0.1583,0.1353,
6,16,XGBRegressor,0.4508881431660532,0.4598067205836134,2.4468008258488307,6.682094097137451,0.4303,0.1444,0.1188,
6,16,MLPRegressor,0.4485129627683114,0.4574701174447566,2.45208692770372,113.87156891822816,,,,
6,16,RandomForestRegressor,0.4297146023298367,0.438977076643451,2.493528483077428,953.1719105243684,,,,
6,16,GradientBoostingRegressor,0.4219266633568841,0.4313156279944443,2.510496826974047,305.5443079471588,,,,
6,16,KNeighborsRegressor,0.3763426464865025,0.386471978643726,2.6076015554423937,4.7279815673828125,,,,
6,16,BaggingRegressor,0.3673359557432317,0.377611572974562,2.626363198645677,91.46644043922424,,,,
6,16,PoissonRegressor,0.3645098340655336,0.3748313526640632,2.632222668197835,0.7129256725311279,,,,
6,16,ElasticNetCV,0.3530242642516075,0.3635323294385879,2.655902968016268,9.098000049591064,,,,
6,16,LassoCV,0.3523661234602973,0.3628848780533175,2.6572534929893323,8.617014646530151,,,,
6,16,BayesianRidge,0.3503395234813811,0.3608911937519293,2.6614078337074814,1.1206085681915283,,,,
6,16,RidgeCV,0.3502610655745232,0.3608140101444835,2.6615685347132625,0.7882933616638184,,,,
6,16,Ridge,0.3502249676585141,0.3607784985244259,2.6616424688258062,0.4155333042144775,,,,
6,16,LinearRegression,0.3502209298260195,0.3607745262736908,2.661650738803274,0.7441232204437256,,,,
6,16,TransformedTargetRegressor,0.3502209298260195,0.3607745262736908,2.661650738803274,0.8335843086242676,,,,
6,16,HuberRegressor,0.3481483298744092,0.3587355891230089,2.665892292142986,8.395167350769043,,,,
6,16,SGDRegressor,0.3442551804326285,0.3549056715241806,2.673841390905938,1.6384379863739014,,,,
6,16,LinearSVR,0.3364419071833779,0.3472193000736998,2.689723781275878,33.43772482872009,,,,
6,16,LassoLarsIC,0.3328896329992944,0.3437247212970726,2.6969137192660524,1.021655797958374,,,,
6,16,LassoLarsCV,0.3328896329992944,0.3437247212970726,2.6969137192660524,1.3275375366210938,,,,
6,16,GammaRegressor,0.328123320568277,0.3390358224674613,2.7065309097230825,0.4762558937072754,,,,
6,16,TweedieRegressor,0.3095196115443951,0.3207342715869856,2.7437458560719703,0.434262752532959,,,,
6,16,OrthogonalMatchingPursuitCV,0.2720352358442598,0.283858710470746,2.8172370223539493,1.0611419677734375,,,,
6,16,OrthogonalMatchingPursuit,0.2720352358442598,0.283858710470746,2.8172370223539493,0.3355751037597656,,,,
6,16,ElasticNet,0.2503287693472744,0.2625047965539057,2.8589307117786102,0.4963650703430176,,,,
6,16,Lasso,0.1359270300483573,0.1499611500205022,3.0693288217971526,0.4366359710693359,,,,
6,16,LassoLars,0.1359159458561044,0.1499502458557347,3.069348508167881,0.349945068359375,,,,
6,16,LarsCV,-0.0539313113890072,-0.0368135458983669,3.389802231954188,1.8577139377593996,,,,
6,16,QuantileRegressor,-0.0815176924311114,-0.0639518738308315,3.4338792695826483,818.3033103942871,,,,
6,16,DecisionTreeRegressor,-0.1516836550863556,-0.1329782133615151,3.5435193557117874,15.033450841903688,,,,
6,16,ExtraTreeRegressor,-0.1554113747640553,-0.1366453880771587,3.549249477545438,3.024087429046631,,,,
6,16,RANSACRegressor,-0.1867635382367278,-0.1674883352696525,3.5970817253353102,2.234044075012207,,,,
6,16,DummyRegressor,-0.4299485718692772,-0.4067236007042449,3.948466128962562,0.2707829475402832,,,,
6,16,AdaBoostRegressor,-0.5888119833175227,-0.5630067807912738,4.1620228582664245,88.20730924606323,,,,
6,16,PassiveAggressiveRegressor,-0.98696932950027,-0.954697325953232,4.654400916647926,1.003469705581665,,,,
6,16,Lars,-6.39717580577686e+20,-6.293274010600697e+20,83514589493.98038,0.3429286479949951,,,,
6,16,LGBMRegressor,0.2295278355191145,0.2763018623678698,2.9596248403809104,164.3159999847412,0.2541,0.1194,0.1738,DJF
6,16,CatBoostRegressor,0.2274757107963023,0.2743743185725809,2.963563646227549,42.97849225997925,0.2537,0.1118,0.1472,DJF
6,16,HistGradientBoostingRegressor,0.2268496126793386,0.2737862297848089,2.9647643242187414,3.044163942337036,0.2508,0.117,0.182,DJF
6,16,ExtraTreesRegressor,0.1907865688298905,0.239912510688447,3.033120947325941,65.1596736907959,0.2159,0.0709,0.1417,DJF
6,16,PoissonRegressor,0.1871355223190465,0.2364831128696609,3.039955734172817,0.2926883697509765,0.2074,0.0399,0.1657,DJF
6,16,RandomForestRegressor,0.1826593019040521,0.2322786360211755,3.048314341597591,237.1281170845032,,,,DJF
6,16,XGBRegressor,0.1822130621340502,0.2318594866925227,3.0491463651822364,4.474031925201416,,,,DJF
6,16,GradientBoostingRegressor,0.1790748192735061,0.2289117611051314,3.054991285638051,80.86885976791382,,,,DJF
6,16,ElasticNetCV,0.1646161913763056,0.215330891393933,3.081777030497733,3.9751715660095215,,,,DJF
6,16,LassoCV,0.1636513637378097,0.2144246367655313,3.083556168177379,2.921197891235352,,,,DJF
6,16,BayesianRidge,0.1624888397429933,0.2133326875832164,3.0856984943910595,0.3361909389495849,,,,DJF
6,16,RidgeCV,0.1624544647475191,0.2133003994340104,3.0857618187910414,0.4104886054992676,,,,DJF
6,16,Ridge,0.1624027061268896,0.2132517829893382,3.085857164238646,0.2303335666656494,,,,DJF
6,16,LinearRegression,0.1623968343012412,0.2132462676320259,3.085867980643869,0.2392189502716064,,,,DJF
6,16,TransformedTargetRegressor,0.1623968343012412,0.2132462676320259,3.085867980643869,0.4091472625732422,,,,DJF
6,16,SGDRegressor,0.1568182089391967,0.2080063109260246,3.0961272139923426,0.6636877059936523,,,,DJF
6,16,KNeighborsRegressor,0.1388562420251874,0.1911347838246702,3.128931216327605,0.5990784168243408,,,,DJF
6,16,MLPRegressor,0.1383004169473151,0.1906127019218457,3.129940837473758,46.662163496017456,,,,DJF
6,16,HuberRegressor,0.1158661814204852,0.1695404098671337,3.1704228439438937,2.2932753562927246,,,,DJF
6,16,OrthogonalMatchingPursuitCV,0.1153198457443431,0.169027241280943,3.171402247497674,0.3058564662933349,,,,DJF
6,16,OrthogonalMatchingPursuit,0.1153198457443431,0.169027241280943,3.171402247497674,0.1014320850372314,,,,DJF
6,16,LinearSVR,0.0899493240847967,0.1451969199245055,3.216554952566701,14.110074996948242,,,,DJF
6,16,BaggingRegressor,0.0881836673647704,0.1435384531571285,3.2196737787834997,20.47841501235962,,,,DJF
6,16,GammaRegressor,0.0724183501238144,0.1287302209426049,3.24738859728285,0.1480231285095214,,,,DJF
6,16,TweedieRegressor,0.0267271545050631,0.0858128584474202,3.326407800777291,0.3917226791381836,,,,DJF
6,16,ElasticNet,-0.2005165953992087,-0.1276353181068452,3.694386011005578,0.1448738574981689,,,,DJF
6,16,Lasso,-0.487110716452366,-0.3968308078650384,4.111779706476845,0.1465439796447754,,,,DJF
6,16,ExtraTreeRegressor,-0.5009754652198113,-0.4098538518169221,4.1309028728295045,0.7045731544494629,,,,DJF
6,16,LarsCV,-0.5014380633002729,-0.4102883663714196,4.13153939240254,0.506054162979126,,,,DJF
6,16,PassiveAggressiveRegressor,-0.5641921599060513,-0.4692327707717882,4.216996489887327,0.2930104732513428,,,,DJF
6,16,AdaBoostRegressor,-0.5896938193916916,-0.4931862688046748,4.251233212714577,28.00930976867676,,,,DJF
6,16,DecisionTreeRegressor,-0.5912631767637515,-0.4946603532165421,4.2533311193444,3.2999653816223145,,,,DJF
6,16,RANSACRegressor,-0.5995241908175408,-0.5024198554559363,4.264357373079014,0.9190239906311036,,,,DJF
6,16,LassoLars,-0.8695674273308038,-0.7560692361269099,4.610295403570873,0.1080234050750732,,,,DJF
6,16,LassoLarsIC,-0.8695674273308038,-0.7560692361269099,4.610295403570873,0.2745323181152344,,,,DJF
6,16,LassoLarsCV,-0.8695674273308038,-0.7560692361269099,4.610295403570873,0.2938888072967529,,,,DJF
6,16,DummyRegressor,-1.8385117235561323,-1.6661906071176484,5.6807219573108485,0.0767371654510498,,,,DJF
6,16,QuantileRegressor,-3.794820668935599,-3.503735434396506,7.383195555017543,146.11695909500122,,,,DJF
6,16,Lars,-59153036757050.64,-55561958640265.04,25932638.71604048,0.1117432117462158,,,,DJF
6,16,CatBoostRegressor,0.6149079188839558,0.6412640308995026,1.646181839197188,6.321083068847656,0.6075,0.0381,0.5671,JJA
6,16,ExtraTreesRegressor,0.602558722020746,0.6297600262170447,1.6723685721272243,71.32916450500488,0.5971,0.068,0.5398,JJA
6,16,XGBRegressor,0.5898792147379481,0.6179483179117768,1.6988357917666723,2.4760608673095703,0.5821,0.0371,0.5437,JJA
6,16,LGBMRegressor,0.5844450811646662,0.6128861022256396,1.7100536106141249,0.8048837184906006,0.5773,0.0558,0.5219,JJA
6,16,RandomForestRegressor,0.5842961015162668,0.6127473189029862,1.7103601168598177,213.10017895698547,0.5779,0.0646,0.5194,JJA
6,16,HistGradientBoostingRegressor,0.5745688416021074,0.60368580301337,1.7302551848812648,3.17928147315979,,,,JJA
6,16,BaggingRegressor,0.5554832398189735,0.5859064401355456,1.768640567975715,20.80256009101868,,,,JJA
6,16,MLPRegressor,0.5468482781421323,0.5778624644289826,1.7857363103165431,47.812495470047,,,,JJA
6,16,GradientBoostingRegressor,0.5005321839184518,0.5347162930038809,1.8747754883434824,81.92802739143372,,,,JJA
6,16,KNeighborsRegressor,0.4531396031335533,0.4905673109038804,1.9617052250325075,0.5377731323242188,,,,JJA
6,16,LassoCV,0.2273567925732764,0.2802373162754856,2.3317662264546137,3.8696603775024414,,,,JJA
6,16,ElasticNetCV,0.2261585138390397,0.2791210490135541,2.333573673515805,3.642335891723633,,,,JJA
6,16,BayesianRidge,0.2217789381166414,0.2750412161162628,2.3401678167528983,0.3508577346801758,,,,JJA
6,16,PoissonRegressor,0.2217582708649138,0.2750219633532467,2.340198890517552,0.275552749633789,,,,JJA
6,16,RidgeCV,0.2216441658361073,0.2749156677940924,2.340370443047232,0.2353043556213379,,,,JJA
6,16,Ridge,0.2216441658317491,0.2749156677900325,2.340370443053784,0.1057875156402587,,,,JJA
6,16,LinearRegression,0.221620954003745,0.2748940446042491,2.34040533960675,0.3255274295806885,,,,JJA
6,16,TransformedTargetRegressor,0.221620954003745,0.2748940446042491,2.34040533960675,0.2556900978088379,,,,JJA
6,16,SGDRegressor,0.1858945887586605,0.2416128298322122,2.393513233003032,0.7317938804626465,,,,JJA
6,16,DecisionTreeRegressor,0.1833693045949795,0.2392603788052091,2.39722259361596,3.5025343894958496,,,,JJA
6,16,LassoLarsIC,0.1715673228688198,0.2282661372732352,2.4144828375787823,0.3201475143432617,,,,JJA
6,16,GammaRegressor,0.1453237438938039,0.2038186967832014,2.452428371062434,0.1590487957000732,,,,JJA
6,16,ExtraTreeRegressor,0.1229303070395655,0.1829578905881884,2.4843487659007177,0.767341136932373,,,,JJA
6,16,HuberRegressor,0.1174363025498472,0.1778399016148767,2.492117655614961,2.1446778774261475,,,,JJA
6,16,LassoLarsCV,0.1110291494339796,0.1718712608795628,2.501147318031705,0.3540534973144531,,,,JJA
6,16,LinearSVR,0.0662755986787086,0.1301806907843483,2.563332042845997,14.412020921707152,,,,JJA
6,16,TweedieRegressor,-0.017363770067603,0.05226568948075,2.6756767568135427,0.138960599899292,,,,JJA
6,16,OrthogonalMatchingPursuitCV,-0.1221153760273279,-0.0453166050444688,2.8100514325339003,0.3065042495727539,,,,JJA
6,16,OrthogonalMatchingPursuit,-0.1221153760273279,-0.0453166050444688,2.8100514325339003,0.0977592468261718,,,,JJA
6,16,ElasticNet,-0.3046692570725948,-0.215376304117056,3.030021615185207,0.1790904998779297,,,,JJA
6,16,AdaBoostRegressor,-0.5507695523592375,-0.444633233186362,3.303460703094056,26.929733753204346,,,,JJA
6,16,RANSACRegressor,-0.5581225262622573,-0.4514829617271978,3.3112831210975924,0.8189043998718262,,,,JJA
6,16,Lasso,-0.7221705563006411,-0.6043033699378595,3.481237011182851,0.3838105201721191,,,,JJA
6,16,LassoLars,-0.722174520179103,-0.6043070625242595,3.481241017520208,0.1076607704162597,,,,JJA
6,16,PassiveAggressiveRegressor,-1.332222020786395,-1.1726022627097596,4.051169907219912,0.3521833419799804,,,,JJA
6,16,LarsCV,-1.948062296195341,-1.746293774022276,4.554742615621485,0.5613436698913574,,,,JJA
6,16,DummyRegressor,-3.383970859636868,-3.083927226657919,5.5543001060513975,0.0956761837005615,,,,JJA
6,16,QuantileRegressor,-7.471179104305019,-6.8914025876605685,7.720891406625416,148.7652988433838,,,,JJA
6,16,Lars,-56451603514753.13,-52587995669636.88,19931209.47197873,0.1199917793273925,,,,JJA
6,16,CatBoostRegressor,0.4012418256304924,0.4435901444464104,2.281998802404313,13.66701889038086,0.438,0.0647,0.3988,MAM
6,16,HistGradientBoostingRegressor,0.3815630864025712,0.4253032217454149,2.319195642922671,2.983196973800659,0.4193,0.0721,0.3735,MAM
6,16,LGBMRegressor,0.3813003525681225,0.4250590702646797,2.319688228704747,29.957444190979004,0.4193,0.0648,0.3796,MAM
6,16,ExtraTreesRegressor,0.3584222786514026,0.4037990919491423,2.362187253872975,65.4355936050415,0.3958,0.1048,0.3041,MAM
6,16,XGBRegressor,0.347335291479794,0.3934962531825984,2.3825100939056103,3.502169609069824,0.3859,0.1082,0.3025,MAM
6,16,GradientBoostingRegressor,0.3250758295031708,0.3728111342927304,2.4227978250073594,81.89944767951965,,,,MAM
6,16,RandomForestRegressor,0.3136908547622851,0.3622313836985478,2.443146881180616,208.8296415805817,,,,MAM
6,16,MLPRegressor,0.2534990773527112,0.3062967850448573,2.5480318881353528,47.3485848903656,,,,MAM
6,16,BaggingRegressor,0.2483784550516254,0.3015383285646735,2.5567560638760263,20.959434747695923,,,,MAM
6,16,KNeighborsRegressor,0.2407609894974101,0.2944596228531925,2.5696793920837933,0.5181703567504883,,,,MAM
6,16,SGDRegressor,0.1839242574347929,0.2416427775376366,2.6641269683669155,0.6761782169342041,,,,MAM
6,16,LassoCV,0.1656988091339927,0.2247063589791327,2.6937117218213995,3.767836570739746,,,,MAM
6,16,TransformedTargetRegressor,0.1655385348772072,0.224557420426167,2.6939704484757065,0.257394790649414,,,,MAM
6,16,LinearRegression,0.1655385348772072,0.224557420426167,2.6939704484757065,0.2586300373077392,,,,MAM
6,16,RidgeCV,0.1655185847641113,0.2245388813230346,2.694002651696672,0.2466902732849121,,,,MAM
6,16,Ridge,0.1655185847391337,0.2245388812998237,2.69400265173699,0.1382369995117187,,,,MAM
6,16,BayesianRidge,0.1653051547898526,0.224340546592535,2.694347143584693,0.3380374908447265,,,,MAM
6,16,ElasticNetCV,0.1651741088415221,0.2242187691199213,2.6945586396908925,3.695059299468994,,,,MAM
6,16,PoissonRegressor,0.1630884186045946,0.2222805933201832,2.6979225200456085,0.3440203666687011,,,,MAM
6,16,HuberRegressor,0.110357843559231,0.1732794892014072,2.781617189353609,2.136202573776245,,,,MAM
6,16,LinearSVR,0.0946330606205185,0.1586668716571813,2.80609261116686,13.293591976165771,,,,MAM
6,16,OrthogonalMatchingPursuit,0.0285861085765944,0.0972912168108628,2.906643971462971,0.1525444984436035,,,,MAM
6,16,OrthogonalMatchingPursuitCV,0.0285861085765944,0.0972912168108628,2.906643971462971,0.3421640396118164,,,,MAM
6,16,GammaRegressor,0.0150370670952946,0.0847004572417963,2.92684435466391,0.1418044567108154,,,,MAM
6,16,TweedieRegressor,-0.1214777042694787,-0.0421590454213427,3.123093643212833,0.1763224601745605,,,,MAM
6,16,DecisionTreeRegressor,-0.3023561788038809,-0.2102445433678501,3.36553856801506,3.4972379207611084,,,,MAM
6,16,ExtraTreeRegressor,-0.3124346616648923,-0.2196102062229745,3.3785358391016382,0.7585899829864502,,,,MAM
6,16,RANSACRegressor,-0.4299735944899177,-0.3288359728756995,3.5265796197713595,0.8019611835479736,,,,MAM
6,16,LassoLarsIC,-0.442335403957331,-0.340323469689229,3.541790073113199,0.3029804229736328,,,,MAM
6,16,ElasticNet,-0.4584396672983546,-0.3552887281574102,3.561507952065273,0.1631288528442382,,,,MAM
6,16,LassoLarsCV,-0.4802734732899436,-0.3755782963971381,3.588067980326309,0.3594357967376709,,,,MAM
6,16,LarsCV,-0.7210236467381415,-0.5993009526662887,3.8688607901769423,0.5405914783477783,,,,MAM
6,16,LassoLars,-0.7619540456913683,-0.6373364707505249,3.914596225294188,0.1255548000335693,,,,MAM
6,16,Lasso,-0.7722492398687115,-0.6469035175990188,3.9260161680336503,0.1518077850341797,,,,MAM
6,16,AdaBoostRegressor,-0.942701738525964,-0.8053004367834597,4.110481981622097,26.207958936691284,,,,MAM
6,16,PassiveAggressiveRegressor,-1.6121669565437555,-1.4274164448825075,4.766396314855002,0.419156551361084,,,,MAM
6,16,DummyRegressor,-3.6087355132404735,-3.2827738659385943,6.331120465378953,0.0747318267822265,,,,MAM
6,16,QuantileRegressor,-7.537199838375566,-6.9333900266240525,8.616827683163942,148.21118450164795,,,,MAM
6,16,Lars,-2.511321088907329e+16,-2.3337030944070068e+16,467348449.540364,0.1259510517120361,,,,MAM
6,16,CatBoostRegressor,0.4508009781825971,0.4844826899124548,2.4987510444378422,14.007102251052856,0.4824,0.0936,0.4135,SON
6,16,LGBMRegressor,0.4397939520435027,0.4741507113730323,2.523666761018362,31.92085576057434,0.4756,0.1137,0.4099,SON
6,16,ExtraTreesRegressor,0.4386920944142199,0.4731164293394125,2.526147415673699,76.55261516571045,0.4752,0.1457,0.3857,SON
6,16,RandomForestRegressor,0.4308883010364476,0.4657912331704984,2.54364715671658,210.06101250648496,0.4631,0.1289,0.3614,SON
6,16,XGBRegressor,0.423753387794657,0.4590938955278636,2.559542255481884,3.662530422210693,0.4618,0.1003,0.3912,SON
6,16,HistGradientBoostingRegressor,0.4187648167086112,0.4544112674726486,2.570597368892756,3.304362773895264,,,,SON
6,16,GradientBoostingRegressor,0.3901289176723517,0.4275315734880166,2.6331592884193697,83.20864248275757,,,,SON
6,16,BaggingRegressor,0.3619246867797238,0.4010570739618871,2.6933579926544757,21.877647399902344,,,,SON
6,16,MLPRegressor,0.3618460804273625,0.4009832884420387,2.69352388884492,48.07657909393311,,,,SON
6,16,PoissonRegressor,0.3149177695621293,0.3569330341204996,2.7908048087921844,0.2709860801696777,,,,SON
6,16,ElasticNetCV,0.3052914339613622,0.3478970700386892,2.810343709779405,4.6153724193573,,,,SON
6,16,LassoCV,0.3036830896210287,0.3463873635113914,2.813594992073627,2.8704984188079834,,,,SON
6,16,KNeighborsRegressor,0.3021535747392171,0.3449516519272718,2.816683438390932,0.6314065456390381,,,,SON
6,16,BayesianRidge,0.298075770988531,0.3411239349483485,2.8249009713151367,0.4014520645141601,,,,SON
6,16,RidgeCV,0.2978208898877198,0.3408846853971611,2.8254138105140965,0.2616307735443115,,,,SON
6,16,Ridge,0.2975827860900089,0.3406611842173677,2.8258928084847827,0.1185884475708007,,,,SON
6,16,LinearRegression,0.2975556580025823,0.3406357198627305,2.825947377425777,0.2661640644073486,,,,SON
6,16,TransformedTargetRegressor,0.2975556580025823,0.3406357198627305,2.825947377425777,0.2688527107238769,,,,SON
6,16,LassoLarsIC,0.2938190939158261,0.3371283147318913,2.8334535439749957,0.3123018741607666,,,,SON
6,16,LassoLarsCV,0.2938190939158261,0.3371283147318913,2.8334535439749957,0.3505158424377441,,,,SON
6,16,SGDRegressor,0.2626741054028892,0.3078934106933423,2.8952618935694234,0.5818121433258057,,,,SON
6,16,HuberRegressor,0.2419425005869178,0.2884332501250284,2.935683185776658,2.49124813079834,,,,SON
6,16,GammaRegressor,0.2381049485343802,0.2848310504982001,2.943104532520172,0.1610589027404785,,,,SON
6,16,LarsCV,0.221626429451636,0.269363139059372,2.974761497243164,0.5956025123596191,,,,SON
6,16,TweedieRegressor,0.188308578702339,0.2380886317972551,3.037760908783868,0.1471734046936035,,,,SON
6,16,OrthogonalMatchingPursuitCV,0.1874611722210146,0.2372931957304583,3.039346207515813,0.285285472869873,,,,SON
6,16,OrthogonalMatchingPursuit,0.1874611722210146,0.2372931957304583,3.039346207515813,0.1000652313232421,,,,SON
6,16,LinearSVR,0.1719374269661276,0.2227215029954622,3.068242554411312,16.485548734664917,,,,SON
6,16,ElasticNet,-0.0161108641094172,0.046205986159644,3.398823861281341,0.1851351261138916,,,,SON
6,16,DecisionTreeRegressor,-0.042555349347467,0.0213833092155802,3.4427673183807586,3.4767954349517822,,,,SON
6,16,PassiveAggressiveRegressor,-0.0759354424718019,-0.0099496231719982,3.4974476129999648,0.3686349391937256,,,,SON
6,16,Lasso,-0.2833008924081628,-0.2045976008805754,3.819639354131107,0.1944050788879394,,,,SON
6,16,LassoLars,-0.2833277532035605,-0.2046228143358806,3.8196793283939336,0.1135840415954589,,,,SON
6,16,AdaBoostRegressor,-0.3072270476785463,-0.2270563939878689,3.855082031446601,30.34429335594177,,,,SON
6,16,RANSACRegressor,-0.336693498366643,-0.2547157028961164,3.898288968859168,0.8535935878753662,,,,SON
6,16,ExtraTreeRegressor,-0.3843510532078231,-0.2994504775426074,3.9671738158425054,0.9517667293548584,,,,SON
6,16,DummyRegressor,-1.5331575920366198,-1.3778021008725343,5.366476297836965,0.0903165340423584,,,,SON
6,16,QuantileRegressor,-3.221113619463556,-2.962237826787767,6.927421804277643,149.45282411575317,,,,SON
6,16,Lars,-2.4497029099249965e+37,-2.2994655934730377e+37,1.6688404590891248e+19,0.130624771118164,,,,SON
7,9,CatBoostRegressor,0.3153203431709586,0.3309255775146403,2.330027146440296,12.386666297912598,0.2755,0.19,-0.0457,
7,9,LGBMRegressor,0.3127298674668044,0.3283941439917774,2.3344307973026366,24.323542594909668,0.2693,0.1785,-0.0573,
7,9,GradientBoostingRegressor,0.3109000186269729,0.3266060011084093,2.337536429101884,179.29986262321472,0.273,0.1776,-0.0205,
7,9,HistGradientBoostingRegressor,0.3074988905388532,0.3232823916091927,2.3432979116953163,5.571775674819946,0.2634,0.1792,-0.0453,
7,9,ExtraTreesRegressor,0.2990848596415493,0.3150601334958729,2.3574907062861628,170.64642596244812,0.2582,0.1874,-0.0615,
7,9,XGBRegressor,0.2881478227671399,0.3043723738151822,2.375812579817598,4.884297609329224,,,,
7,9,RandomForestRegressor,0.2790028124832546,0.2954357968141206,2.3910246532346995,523.5166845321655,,,,
7,9,MLPRegressor,0.2514699787706669,0.2685304920750391,2.436250158319941,104.85641956329346,,,,
7,9,PoissonRegressor,0.2479194726975531,0.2650609092172669,2.442021261475169,1.1074833869934082,,,,
7,9,KNeighborsRegressor,0.2254202017374517,0.243074442153692,2.478279883824886,2.515878915786743,,,,
7,9,GammaRegressor,0.2184941138135773,0.2363062137836381,2.489335287199534,0.6694948673248291,,,,
7,9,BaggingRegressor,0.2144556567602705,0.232359801335535,2.4957588598676037,52.33469915390015,,,,
7,9,HuberRegressor,0.2069691857260243,0.2250439621197331,2.507623320743892,6.917311668395996,,,,
7,9,BayesianRidge,0.201591269761325,0.2197886197382748,2.5161116424289265,1.3164474964141846,,,,
7,9,RidgeCV,0.2015563533588241,0.2197544991512156,2.51616665974213,0.7016985416412354,,,,
7,9,Ridge,0.2015330461217666,0.2197317231332362,2.516203383977518,0.3122429847717285,,,,
7,9,LinearRegression,0.2015304362449551,0.2197291727407965,2.5162074962175223,0.8369624614715576,,,,
7,9,TransformedTargetRegressor,0.2015304362449551,0.2197291727407965,2.5162074962175223,0.9728381633758544,,,,
7,9,ElasticNetCV,0.2009803416675624,0.2191916159315494,2.517074100184694,13.0160174369812,,,,
7,9,LassoCV,0.2004258862615352,0.2186497976857736,2.517947272266354,11.249871492385864,,,,
7,9,LinearSVR,0.1978134907193449,0.2160969439223228,2.522057279089192,25.73810148239136,,,,
7,9,SGDRegressor,0.1936859674597317,0.2120634952669172,2.5285373767615145,1.2775490283966064,,,,
7,9,LassoLarsIC,0.1753048931779159,0.1941013628490745,2.557195771404546,0.9701969623565674,,,,
7,9,LassoLarsCV,0.1753048927678091,0.1941013624483148,2.557195772040371,1.3291733264923096,,,,
7,9,TweedieRegressor,0.1732025231559552,0.1920469100925714,2.5604531872170417,0.3884739875793457,,,,
7,9,ElasticNet,0.0800202087676932,0.1009884091376602,2.7008869873928605,0.5047285556793213,,,,
7,9,OrthogonalMatchingPursuitCV,0.06098191602868,0.0823840376006759,2.7286902984484502,1.0935697555541992,,,,
7,9,OrthogonalMatchingPursuit,0.06098191602868,0.0823840376006759,2.7286902984484502,0.3570923805236816,,,,
7,9,QuantileRegressor,-0.0943109930186969,-0.0693694319242537,2.945694132806499,330.823881149292,,,,
7,9,Lasso,-0.0984388027615639,-0.0734031605333802,2.95124457514688,0.3532257080078125,,,,
7,9,LassoLars,-0.0984398154923711,-0.0734041501820037,2.9512459356303244,0.3704729080200195,,,,
7,9,RANSACRegressor,-0.397561867488674,-0.3657086055516103,3.328915642630852,1.7988002300262451,,,,
7,9,DecisionTreeRegressor,-0.4146046975196618,-0.3823629950120912,3.349151679283255,8.777923345565796,,,,
7,9,PassiveAggressiveRegressor,-0.4553077359493551,-0.4221383288621905,3.396993279597882,0.8480517864227295,,,,
7,9,ExtraTreeRegressor,-0.525547176760935,-0.4907768707378939,3.478004102872224,3.4344139099121094,,,,
7,9,DummyRegressor,-0.5561212524776307,-0.5206541014240096,3.512683217148245,0.2789158821105957,,,,
7,9,AdaBoostRegressor,-0.898044620002441,-0.8547843437630693,3.879452847328933,66.9623966217041,,,,
7,9,LarsCV,-1.5788746049656876e+18,-1.5428888589835638e+18,3538270963.665968,1.8811023235321045,,,,
7,9,Lars,-1.579094562838099e+18,-1.543103803571134e+18,3538517418.7824187,0.3650350570678711,,,,
7,9,GradientBoostingRegressor,-0.0504880314862075,0.053121746961747,2.9159867074879173,47.91587805747986,0.0474,0.0568,-0.0176,DJF
7,9,HistGradientBoostingRegressor,-0.0591732251530521,0.0452931751360159,2.92801624833599,2.4214956760406494,0.0377,0.1041,-0.0679,DJF
7,9,LGBMRegressor,-0.0667721287597997,0.0384437524329475,2.9385008169991096,53.03569436073303,0.032,0.0897,-0.0659,DJF
7,9,CatBoostRegressor,-0.0791899879623576,0.0272506683846145,2.9555542771778627,12.530427932739258,0.0212,0.0767,-0.0649,DJF
7,9,ExtraTreesRegressor,-0.0950118377228581,0.0129893298333688,2.977140924233642,45.16976737976074,0.0051,0.0742,-0.0685,DJF
7,9,RandomForestRegressor,-0.1091589979612654,0.0002375059472426,2.996311001831926,120.53104162216188,,,,DJF
7,9,PoissonRegressor,-0.1094276369609659,-4.637151117314886e-06,2.9966738340585546,0.3087718486785888,,,,DJF
7,9,KNeighborsRegressor,-0.1246400477098377,-0.0137166457439359,3.01714899785889,0.3082072734832763,,,,DJF
7,9,BayesianRidge,-0.1630911653096622,-0.0483753243476134,3.0682932454073923,0.3571450710296631,,,,DJF
7,9,Ridge,-0.1635768964328323,-0.0488131477435667,3.0689338701491606,0.1218252182006836,,,,DJF
7,9,RidgeCV,-0.1635768964425541,-0.0488131477523297,3.068933870161981,0.2589693069458008,,,,DJF
7,9,LinearRegression,-0.1636197253777236,-0.0488517524637563,3.0689903502969367,0.2347111701965332,,,,DJF
7,9,TransformedTargetRegressor,-0.1636197253777236,-0.0488517524637563,3.0689903502969367,0.2833054065704345,,,,DJF
7,9,SGDRegressor,-0.1651273616063142,-0.0502106903245955,3.0709778652885613,0.4371073246002197,,,,DJF
7,9,ElasticNetCV,-0.1667606205558247,-0.0516828607201818,3.07312953803414,3.54841947555542,,,,DJF
7,9,LassoCV,-0.1684697976622142,-0.0532234614544342,3.0753796141736887,2.2415876388549805,,,,DJF
7,9,XGBRegressor,-0.1735774600460142,-0.0578273543976404,3.0820938965439275,3.019086599349976,,,,DJF
7,9,HuberRegressor,-0.2068752129325202,-0.0878409453556141,3.1255119911570506,2.181884288787842,,,,DJF
7,9,LinearSVR,-0.2326899292118998,-0.1111095526320959,3.158762034301785,11.641385316848757,,,,DJF
7,9,BaggingRegressor,-0.2380207875474183,-0.1159146276797278,3.16558481531963,12.000154733657835,,,,DJF
7,9,OrthogonalMatchingPursuit,-0.282592584663264,-0.1560903023403119,3.222065374982244,0.1152510643005371,,,,DJF
7,9,OrthogonalMatchingPursuitCV,-0.282592584663264,-0.1560903023403119,3.222065374982244,0.3656842708587646,,,,DJF
7,9,MLPRegressor,-0.2867075899179483,-0.1597994440630274,3.2272299917141725,45.13987731933594,,,,DJF
7,9,LarsCV,-0.2901611983181582,-0.1629124225936276,3.231558138933337,0.5710902214050293,,,,DJF
7,9,GammaRegressor,-0.3843452707493184,-0.2478071070589749,3.347435335702732,0.1514256000518798,,,,DJF
7,9,TweedieRegressor,-0.5174087853228551,-0.3677465489622449,3.504622805007254,0.1779911518096923,,,,DJF
7,9,LassoLarsIC,-0.5655250153748206,-0.4111170686529206,3.559754038009327,0.267042875289917,,,,DJF
7,9,LassoLarsCV,-0.5655250153748206,-0.4111170686529206,3.559754038009327,0.3476696014404297,,,,DJF
7,9,RANSACRegressor,-0.6863133090470346,-0.5199919963739026,3.6945293360513647,0.890178918838501,,,,DJF
7,9,ElasticNet,-0.7510596285614197,-0.5783523775252251,3.764787372863494,0.1502954959869384,,,,DJF
7,9,Lasso,-0.7850419651786844,-0.6089830316268143,3.8011429356606574,0.1186623573303222,,,,DJF
7,9,LassoLars,-0.7850451439210113,-0.60898589684935,3.8011463201325055,0.1126637458801269,,,,DJF
7,9,AdaBoostRegressor,-0.8664429443969126,-0.6823554211139296,3.886846097628085,22.75836992263794,,,,DJF
7,9,DecisionTreeRegressor,-1.027631673364275,-0.8276460836625934,4.051207788021205,1.9734811782836916,,,,DJF
7,9,PassiveAggressiveRegressor,-1.0644166042764835,-0.860802911799899,4.087790756680837,0.3427562713623047,,,,DJF
7,9,ExtraTreeRegressor,-1.0965202929112108,-0.8897402092268176,4.119452701618932,0.5626461505889893,,,,DJF
7,9,DummyRegressor,-2.836961150991551,-2.458521147058138,5.572931264277481,0.0922014713287353,,,,DJF
7,9,QuantileRegressor,-5.696843087688748,-5.036332536574242,7.362495581407578,59.47516846656799,,,,DJF
7,9,Lars,-3557338526281143.5,-3206477740127387.0,169688567.5295117,0.1244494915008544,,,,DJF
7,9,GradientBoostingRegressor,0.510089331021922,0.5527417713682601,1.4596242565265838,46.63202929496765,0.5085,0.0464,0.4688,JJA
7,9,ExtraTreesRegressor,0.497547784299209,0.5412921126310795,1.4781891362853443,47.60469770431519,0.4951,0.0818,0.4334,JJA
7,9,LGBMRegressor,0.4925274958335549,0.5367088988565102,1.4855554996562514,110.55285382270812,0.4912,0.0704,0.4326,JJA
7,9,HistGradientBoostingRegressor,0.4924060077268306,0.5365979877070823,1.4857333088216766,2.963642120361328,0.4904,0.0895,0.4289,JJA
7,9,CatBoostRegressor,0.4903022624123165,0.5346773979701318,1.4888089683818442,14.941017150878906,0.4887,0.073,0.4327,JJA
7,9,RandomForestRegressor,0.4788236097122718,0.5241980959283739,1.5054799991291077,120.07133030891418,,,,JJA
7,9,BaggingRegressor,0.436063215284365,0.4851604927928603,1.5660219148151022,12.066222906112673,,,,JJA
7,9,XGBRegressor,0.4295342346802379,0.4791999361349208,1.575061139989442,2.98699951171875,,,,JJA
7,9,KNeighborsRegressor,0.4015371716260227,0.4536403441084004,1.613248290967382,0.3548071384429931,,,,JJA
7,9,MLPRegressor,0.3970083709698789,0.4495058283945086,1.619340824738035,45.59717011451721,,,,JJA
7,9,AdaBoostRegressor,0.2310637669278631,0.2980086384891616,1.8286381930144333,19.47168016433716,,,,JJA
7,9,PoissonRegressor,0.1280757512232074,0.2039869312859995,1.947251294593737,0.2990779876708984,,,,JJA
7,9,GammaRegressor,0.1191819698415243,0.1958674573522983,1.9571572516692664,0.1623225212097168,,,,JJA
7,9,LassoLarsIC,0.0344729126688427,0.118533312049548,2.049108026158953,0.3344032764434814,,,,JJA
7,9,LassoLarsCV,0.0337032772292686,0.1178306823556201,2.049924550121273,0.4073638916015625,,,,JJA
7,9,ElasticNetCV,0.0325964837682132,0.1168202481801704,2.051098202957154,3.836170911788941,,,,JJA
7,9,LassoCV,0.0272599803429105,0.1119483496480017,2.056747675446688,2.741513729095459,,,,JJA
7,9,SGDRegressor,0.0223863137837405,0.1074989926320726,2.0618936435191624,0.5487091541290283,,,,JJA
7,9,BayesianRidge,0.0198085086010405,0.1051456154701155,2.0646102896792105,0.3620707988739013,,,,JJA
7,9,RidgeCV,0.0195640384205556,0.1049224292714866,2.064867741507192,0.2723498344421386,,,,JJA
7,9,Ridge,0.0195640384168501,0.1049224292681038,2.064867741511093,0.1182377338409423,,,,JJA
7,9,LinearRegression,0.0195396798877698,0.1049001914332118,2.06489339174757,0.2451298236846923,,,,JJA
7,9,TransformedTargetRegressor,0.0195396798877698,0.1049001914332118,2.06489339174757,0.2792112827301025,,,,JJA
7,9,HuberRegressor,-0.0709794804817842,0.022261780213123,2.1581081176565715,2.499236583709717,,,,JJA
7,9,RANSACRegressor,-0.0747863461503055,0.0187863466221515,2.1619402825363343,0.9037365913391112,,,,JJA
7,9,DecisionTreeRegressor,-0.0791742305382379,0.0147804787710161,2.1663489176146675,2.0252885818481445,,,,JJA
7,9,TweedieRegressor,-0.0909692899031622,0.004012316956605,2.178155525284602,0.2548232078552246,,,,JJA
7,9,ExtraTreeRegressor,-0.1079486181965856,-0.0114887626824935,2.195039973005455,0.5764482021331787,,,,JJA
7,9,LinearSVR,-0.1489695207753065,-0.04893831703187,2.2353054520123816,9.566380977630615,,,,JJA
7,9,OrthogonalMatchingPursuitCV,-0.1594921292119477,-0.0585448096191301,2.245517922895286,0.3673365116119385,,,,JJA
7,9,OrthogonalMatchingPursuit,-0.1594921292119477,-0.0585448096191301,2.245517922895286,0.1150119304656982,,,,JJA
7,9,ElasticNet,-0.2606769309715755,-0.150920293692309,2.341448048582989,0.1629037857055664,,,,JJA
7,9,Lasso,-0.5269239170617286,-0.3939873728919048,2.5768629553854208,0.1646921634674072,,,,JJA
7,9,LassoLars,-0.5269804255278234,-0.3940389616366466,2.576910637271897,0.1182055473327636,,,,JJA
7,9,LarsCV,-0.8699158097066022,-0.707117819018724,2.8516331195266647,0.5990912914276123,,,,JJA
7,9,PassiveAggressiveRegressor,-2.71384933262844,-2.3905154124963386,4.018784918068973,0.3170874118804931,,,,JJA
7,9,DummyRegressor,-4.816661020606058,-4.310252805994648,5.029438486926442,0.0896081924438476,,,,JJA
7,9,QuantileRegressor,-11.676116175813606,-10.572512349140595,7.424645606693113,61.68783187866211,,,,JJA
7,9,Lars,-888076259372.1912,-810758858314.3076,1965204.51621659,0.1304175853729248,,,,JJA
7,9,GradientBoostingRegressor,0.2700526381182073,0.334697422934307,2.12641294593089,49.26358461380005,0.2884,0.0988,0.1875,MAM
7,9,ExtraTreesRegressor,0.2574465710905251,0.323207760366641,2.1446957439182697,46.909085512161255,0.2661,0.0869,0.2148,MAM
7,9,LGBMRegressor,0.2412617760455854,0.308456305104279,2.1679427921599657,89.55410695075989,0.2485,0.063,0.2119,MAM
7,9,CatBoostRegressor,0.2391548699444187,0.3065359884733263,2.1709507369423653,12.822083711624146,0.2458,0.0498,0.2169,MAM
7,9,RandomForestRegressor,0.2133700063075181,0.2830346551954132,2.2074307439241503,119.76766920089722,0.2207,0.084,0.1665,MAM
7,9,HistGradientBoostingRegressor,0.1410598376492818,0.217128339112076,2.306658440810588,4.36437201499939,,,,MAM
7,9,BaggingRegressor,0.1371450757127965,0.2135602719596337,2.311908953878334,11.83747148513794,,,,MAM
7,9,KNeighborsRegressor,0.0908078831129854,0.17132674217309,2.373174465123568,0.4435582160949707,,,,MAM
7,9,MLPRegressor,0.086707873574939,0.1675898331107378,2.3785193713340957,45.63180279731751,,,,MAM
7,9,XGBRegressor,0.0618293237511488,0.1449145496920064,2.41069775361972,2.944147825241089,,,,MAM
7,9,PoissonRegressor,-0.0165590445792829,0.0734683246823511,2.509389869347984,0.3087873458862304,,,,MAM
7,9,GammaRegressor,-0.0825871121000225,0.0132877612962893,2.5896034340959546,0.3185932636260986,,,,MAM
7,9,ElasticNetCV,-0.1294846835541181,-0.0294565196969267,2.645099473162092,2.465102434158325,,,,MAM
7,9,LassoCV,-0.1332182823965109,-0.032859467719329,2.649467656582435,1.6741108894348145,,,,MAM
7,9,SGDRegressor,-0.1402995792521548,-0.0393136386541779,2.6577328111622425,0.5512888431549072,,,,MAM
7,9,BayesianRidge,-0.1436130625645346,-0.0423336769499633,2.661591431028315,0.3502390384674072,,,,MAM
7,9,RidgeCV,-0.1437969507497671,-0.0425012798346586,2.661805408797939,0.2565076351165771,,,,MAM
7,9,Ridge,-0.1443047756076194,-0.0429641312733652,2.662396239604853,0.1199684143066406,,,,MAM
7,9,LinearRegression,-0.144361763545177,-0.0430160723087038,2.662462534260314,0.2737445831298828,,,,MAM
7,9,TransformedTargetRegressor,-0.144361763545177,-0.0430160723087038,2.662462534260314,0.2419679164886474,,,,MAM
7,9,LassoLarsCV,-0.206069798598367,-0.0992591891284009,2.7333047568858064,0.3592286109924316,,,,MAM
7,9,LinearSVR,-0.2061923719159304,-0.0993709072444088,2.7334436467413,10.823872804641724,,,,MAM
7,9,HuberRegressor,-0.2158016607739405,-0.1081291889710822,2.7443102148631344,2.7840847969055176,,,,MAM
7,9,LarsCV,-0.235239126710965,-0.1258452557107319,2.7661603752131345,0.6361727714538574,,,,MAM
7,9,TweedieRegressor,-0.2632274007300197,-0.1513548633959958,2.7973229260763697,0.1459839344024658,,,,MAM
7,9,LassoLarsIC,-0.2967059897604338,-0.1818685589329414,2.8341484502386383,0.3620781898498535,,,,MAM
7,9,OrthogonalMatchingPursuit,-0.3407227100251033,-0.2219871194693745,2.8818496471135284,0.1149125099182128,,,,MAM
7,9,OrthogonalMatchingPursuitCV,-0.3407227100251033,-0.2219871194693745,2.8818496471135284,0.3513381481170654,,,,MAM
7,9,RANSACRegressor,-0.556247463528506,-0.4184248099318854,3.10485386560223,0.9680628776550292,,,,MAM
7,9,ElasticNet,-0.6195463251370608,-0.4761178682983542,3.1673679910701678,0.1563787460327148,,,,MAM
7,9,DecisionTreeRegressor,-0.7027442960843826,-0.5519477532577213,3.247704844038772,1.9774610996246336,,,,MAM
7,9,ExtraTreeRegressor,-0.7229224932998044,-0.5703389514577553,3.266891466299401,0.5537624359130859,,,,MAM
7,9,AdaBoostRegressor,-0.8167927176920435,-0.6558959456455156,3.354706469446441,20.539746046066284,,,,MAM
7,9,PassiveAggressiveRegressor,-0.9544957560898936,-0.7814038810118218,3.479518916423619,0.2776215076446533,,,,MAM
7,9,LassoLars,-1.1193895266257958,-0.9316945131976808,3.6233244777323192,0.1520469188690185,,,,MAM
7,9,Lasso,-1.119417815309459,-0.9317202966104664,3.62334865892616,0.2197339534759521,,,,MAM
7,9,DummyRegressor,-5.041420584816115,-4.506387027489226,6.117463284513223,0.0892236232757568,,,,MAM
7,9,QuantileRegressor,-10.943141846806592,-9.88544662790121,8.601241292444653,61.03350234031677,,,,MAM
7,9,Lars,-324642443079810.0,-295891820814439.25,44844014.56806776,0.2131855487823486,,,,MAM
7,9,HistGradientBoostingRegressor,0.192368561524976,0.2663500673394821,2.614899249499849,2.4893832206726074,0.277,0.1383,0.1325,SON
7,9,ExtraTreesRegressor,0.1884722376697822,0.2628106586465961,2.621199298687779,45.25122714042664,0.2745,0.1365,0.1351,SON
7,9,LGBMRegressor,0.184248160793839,0.2589735201104339,2.6280122367945458,38.6113338470459,0.2749,0.1758,0.0973,SON
7,9,CatBoostRegressor,0.1738507171994153,0.2495285140971789,2.644707320646193,9.107375621795654,0.2681,0.1706,0.1058,SON
7,9,GradientBoostingRegressor,0.166177933019504,0.242558580376496,2.6569601730087964,47.93964242935181,0.263,0.1392,0.1538,SON
7,9,RandomForestRegressor,0.1621356109074072,0.2388865473128356,2.663392782352553,118.50075960159302,,,,SON
7,9,XGBRegressor,0.1072356578294227,0.1890155975702391,2.74926605683241,2.5696115493774414,,,,SON
7,9,KNeighborsRegressor,0.0704916226139537,0.1556374281760343,2.805272190378424,0.3382589817047119,,,,SON
7,9,BaggingRegressor,0.0683132085581258,0.1536585634993662,2.808557512069548,11.76879620552063,,,,SON
7,9,PoissonRegressor,0.063644209318958,0.1494172588469925,2.8155860357251314,0.3329229354858398,,,,SON
7,9,LinearRegression,0.0335012527790435,0.1220354891656961,2.860546421649317,0.2337875366210937,,,,SON
7,9,TransformedTargetRegressor,0.0335012527790435,0.1220354891656961,2.860546421649317,0.2574443817138672,,,,SON
7,9,Ridge,0.0334736117890448,0.1220103801747812,2.86058732587705,0.1167061328887939,,,,SON
7,9,RidgeCV,0.0334736117864997,0.1220103801724693,2.8605873258808163,0.2773158550262451,,,,SON
7,9,BayesianRidge,0.0332011768023349,0.1217629010647165,2.8609904546329195,0.3610074520111084,,,,SON
7,9,LassoCV,0.0289340647259573,0.117886669483885,2.8672972092684064,2.929906845092773,,,,SON
7,9,ElasticNetCV,0.0262028196897643,0.1154056148326867,2.8713266948540124,3.3175151348114014,,,,SON
7,9,SGDRegressor,0.019347290846111,0.1091780733640246,2.881416033861368,0.5038774013519287,,,,SON
7,9,LassoLarsIC,0.0187334631178341,0.108620474129941,2.882317686584777,0.3219270706176758,,,,SON
7,9,LassoLarsCV,0.0105754439602877,0.101209754437208,2.894274342426344,0.4436330795288086,,,,SON
7,9,LarsCV,-0.0112366090162208,0.0813957521150361,2.9260028453013125,0.5762486457824707,,,,SON
7,9,OrthogonalMatchingPursuitCV,-0.0178688636570896,0.07537103225043,2.9355823447248457,0.3555121421813965,,,,SON
7,9,OrthogonalMatchingPursuit,-0.0178688636570896,0.07537103225043,2.9355823447248457,0.1118805408477783,,,,SON
7,9,MLPRegressor,-0.0259084914859317,0.0680678588791917,2.94715287725971,45.15855288505554,,,,SON
7,9,HuberRegressor,-0.0417960873720868,0.0536356152879516,2.9698855499794283,2.289484739303589,,,,SON
7,9,GammaRegressor,-0.0892277611795753,0.0105488276307675,3.036740650951744,0.1460108757019043,,,,SON
7,9,LinearSVR,-0.1309301244789331,-0.0273334718549087,3.094327225743556,9.4488627910614,,,,SON
7,9,TweedieRegressor,-0.1945980586655611,-0.0851692288641357,3.1802353054633814,0.1543116569519043,,,,SON
7,9,DecisionTreeRegressor,-0.3632606994942162,-0.2383818567924558,3.3973305912325524,1.995748519897461,,,,SON
7,9,ElasticNet,-0.4702773939888145,-0.3355954953028162,3.5281577277693064,0.1274893283843994,,,,SON
7,9,ExtraTreeRegressor,-0.5425138243410788,-0.4012148480655599,3.613789775138117,0.5432770252227783,,,,SON
7,9,Lasso,-0.574030449794851,-0.4298444543937958,3.65052155445816,0.1134746074676513,,,,SON
7,9,LassoLars,-0.5740304497948516,-0.4298444543937965,3.65052155445816,0.1165831089019775,,,,SON
7,9,AdaBoostRegressor,-0.6780859310917502,-0.5243681358772385,3.769254399749419,20.35508894920349,,,,SON
7,9,PassiveAggressiveRegressor,-0.7998279596677018,-0.6349582229042481,3.9035868771825535,0.3242383003234863,,,,SON
7,9,RANSACRegressor,-1.0456471650603447,-0.8582596384899313,4.161632404179724,0.8593199253082275,,,,SON
7,9,DummyRegressor,-2.114148283685146,-1.8288827920498656,5.1347345444522015,0.0869252681732177,,,,SON
7,9,QuantileRegressor,-4.328680402201538,-3.840557006580023,6.716734611114135,60.70888018608093,,,,SON
7,9,Lars,-3720779256387.5527,-3379944515344.326,5612615.676159043,0.1245896816253662,,,,SON
8,15,CatBoostRegressor,0.4505129000921168,0.4580602238604052,2.134588783674469,45.16360640525818,0.3959,0.1569,0.1163,
8,15,HistGradientBoostingRegressor,0.4416652594673639,0.4493341074868888,2.1517053422252514,3.8560149669647217,0.3855,0.1538,0.1148,
8,15,ExtraTreesRegressor,0.4396397765052067,0.4473364449698432,2.155604702881948,125.26519870758057,0.3846,0.1676,0.0764,
8,15,LGBMRegressor,0.4389042526408879,0.4466110236843553,2.1570189527678623,12.391885042190552,0.3798,0.1486,0.1089,
8,15,XGBRegressor,0.4259249518475099,0.4338099963852777,2.1818244687071946,6.191082715988159,0.3695,0.1684,0.0805,
8,15,GradientBoostingRegressor,0.4242077873487431,0.4321164175110648,2.1850851521820114,154.15594005584717,,,,
8,15,RandomForestRegressor,0.4138660908735752,0.4219167664663075,2.204620776947465,437.2929890155792,,,,
8,15,MLPRegressor,0.3834286386307431,0.3918973791913281,2.261138406972494,63.07434153556824,,,,
8,15,BaggingRegressor,0.360699218724038,0.3694801527667448,2.3024387726727693,43.35336828231812,,,,
8,15,KNeighborsRegressor,0.3402702704311373,0.3493318004824456,2.3389368708723457,3.092603921890259,,,,
8,15,PoissonRegressor,0.3380184806645491,0.3471109395337121,2.342925100727812,0.3700592517852783,,,,
8,15,BayesianRidge,0.3076009921630385,0.3171112417937636,2.3961482861404413,0.5653641223907471,,,,
8,15,RidgeCV,0.3075787727245559,0.3170893275440584,2.3961867326443427,0.489736795425415,,,,
8,15,Ridge,0.3075629095583587,0.3170736822618685,2.396214180452973,0.2676739692687988,,,,
8,15,LinearRegression,0.3075610782150419,0.3170718760724469,2.396217349179768,0.4058918952941894,,,,
8,15,TransformedTargetRegressor,0.3075610782150419,0.3170718760724469,2.396217349179768,0.440598726272583,,,,
8,15,ElasticNetCV,0.3074445418088926,0.3169569403189574,2.396418980544815,5.028955698013306,,,,
8,15,LassoCV,0.3073189497628504,0.3168330733067411,2.3966362609919267,4.526801586151123,,,,
8,15,HuberRegressor,0.3044774762166828,0.3140306280122569,2.4015468969564897,4.37208890914917,,,,
8,15,SGDRegressor,0.3031248744142548,0.3126966044871609,2.4038809399254477,1.3989529609680176,,,,
8,15,LassoLarsIC,0.3017379272543643,0.3113287073454909,2.406271898131456,0.5138959884643555,,,,
8,15,LinearSVR,0.2985228262072605,0.3081577664043374,2.4118052949761166,18.902241945266724,,,,
8,15,LassoLarsCV,0.2938951550407086,0.3035936572988293,2.419747602477113,0.8037421703338623,,,,
8,15,GammaRegressor,0.2882313770253645,0.2980076724954472,2.429432807674005,0.2384009361267089,,,,
8,15,TweedieRegressor,0.2521914332711075,0.2624627451376623,2.4901797120538864,0.2850515842437744,,,,
8,15,OrthogonalMatchingPursuitCV,0.2390753286753809,0.2495267930659518,2.5119228999987047,0.5793371200561523,,,,
8,15,OrthogonalMatchingPursuit,0.2390753286753809,0.2495267930659518,2.5119228999987047,0.1992919445037841,,,,
8,15,ElasticNet,0.0984008729351678,0.1107845313000415,2.7342751394131204,0.252936840057373,,,,
8,15,QuantileRegressor,-0.1090338176971501,-0.0938009991404551,3.032549280751579,247.28232598304749,,,,
8,15,Lasso,-0.133678690791529,-0.1181073695902719,3.066058693268237,0.2087585926055908,,,,
8,15,LassoLars,-0.1336796960541619,-0.1181083610454059,3.0660600526452706,0.1910624504089355,,,,
8,15,ExtraTreeRegressor,-0.1746428705751339,-0.1585088975340409,3.1209613907456344,1.4675931930541992,,,,
8,15,DecisionTreeRegressor,-0.1974897283906551,-0.181041948832447,3.1511666458966765,7.233115911483765,,,,
8,15,RANSACRegressor,-0.2119140039295537,-0.1952681038374271,3.17008841074046,1.0894396305084229,,,,
8,15,PassiveAggressiveRegressor,-0.3356344982692123,-0.3172892705173269,3.327969109644653,0.7487664222717285,,,,
8,15,DummyRegressor,-0.5940122637552587,-0.5721181616968118,3.635643589075056,0.1503925323486328,,,,
8,15,AdaBoostRegressor,-0.8197510431923889,-0.7947563703366369,3.8845566652307855,50.087257623672485,,,,
8,15,LarsCV,-1.9534092270460096e+28,-1.9265787302227911e+28,402468680526677.06,1.057518482208252,,,,
8,15,Lars,-1.9534092412888053e+28,-1.9265787442699584e+28,402468681993927.0,0.209317922592163,,,,
8,15,CatBoostRegressor,0.1489495025831253,0.197008824790196,2.731392416139433,7.9260413646698,0.2006,0.0635,0.1273,DJF
8,15,HistGradientBoostingRegressor,0.1220411856593796,0.1716200363515558,2.774236657188479,1.9112894535064695,0.1755,0.0714,0.0933,DJF
8,15,LGBMRegressor,0.1158976541094515,0.1658234336420943,2.783926119996409,2.6991798877716064,0.1704,0.075,0.0839,DJF
8,15,GradientBoostingRegressor,0.1100158013164044,0.1602737325361839,2.793171372633556,42.311840295791626,0.1604,0.0448,0.1108,DJF
8,15,ExtraTreesRegressor,0.1073489197905979,0.1577574513788936,2.797353180086803,33.920939445495605,0.1616,0.0619,0.0906,DJF
8,15,RandomForestRegressor,0.0844266166737435,0.1361295842027556,2.833042004430502,97.92229127883913,,,,DJF
8,15,BaggingRegressor,0.0624617430612529,0.1154050799236763,2.866823352807826,9.812331438064575,,,,DJF
8,15,XGBRegressor,0.0614170893035423,0.1144194183781659,2.868420089783412,2.0525307655334477,,,,DJF
8,15,KNeighborsRegressor,0.055146843121255,0.1085032566861724,2.8779854469079336,0.357527494430542,,,,DJF
8,15,PoissonRegressor,-0.0196282276732904,0.0379507781247308,2.9896982645071373,0.1654102802276611,,,,DJF
8,15,LinearRegression,-0.020481507863066,0.0371456831692011,2.990948973707896,0.1311159133911132,,,,DJF
8,15,TransformedTargetRegressor,-0.020481507863066,0.0371456831692011,2.990948973707896,0.1561853885650634,,,,DJF
8,15,Ridge,-0.020483979026707,0.0371433515536246,2.9909525950963407,0.0689990520477294,,,,DJF
8,15,RidgeCV,-0.0204839790330186,0.0371433515476695,2.99095259510559,0.1531882286071777,,,,DJF
8,15,BayesianRidge,-0.0205337964157796,0.0370963473818173,2.9910255994912003,0.1820971965789795,,,,DJF
8,15,SGDRegressor,-0.0219966203051855,0.0357161300179308,2.9931684863531167,0.3180198669433594,,,,DJF
8,15,LassoCV,-0.023339545127619,0.0344490409501759,2.9951343835906736,1.2732040882110596,,,,DJF
8,15,ElasticNetCV,-0.0263368162281532,0.0316210275117895,2.999517418529345,1.8860151767730715,,,,DJF
8,15,MLPRegressor,-0.0619468899208308,-0.0019781243723604,3.0511097728145526,26.75741124153137,,,,DJF
8,15,HuberRegressor,-0.0738936857853831,-0.0132502776469143,3.0682241130475902,1.247262954711914,,,,DJF
8,15,OrthogonalMatchingPursuit,-0.0957100923228213,-0.0338346988740032,3.099233267870224,0.0755195617675781,,,,DJF
8,15,OrthogonalMatchingPursuitCV,-0.0957100923228213,-0.0338346988740032,3.099233267870224,0.1687688827514648,,,,DJF
8,15,LarsCV,-0.1157104118240621,-0.0527055885681151,3.127390965729401,0.3537497520446777,,,,DJF
8,15,LinearSVR,-0.1389575260296192,-0.0746399245597111,3.1598043936312044,7.7025134563446045,,,,DJF
8,15,GammaRegressor,-0.3218994840289384,-0.2472510425778924,3.404126189524641,0.0767250061035156,,,,DJF
8,15,PassiveAggressiveRegressor,-0.4458333210633896,-0.364186262932751,3.5601274771018727,0.179762601852417,,,,DJF
8,15,TweedieRegressor,-0.4581849480246363,-0.3758403862538333,3.575302065267224,0.0894043445587158,,,,DJF
8,15,AdaBoostRegressor,-0.524748285156518,-0.4386448525829733,3.655994309467274,17.069440841674805,,,,DJF
8,15,ExtraTreeRegressor,-0.559210875371362,-0.4711613200562732,3.6970801165648055,0.401780366897583,,,,DJF
8,15,LassoLarsCV,-0.6463524508963587,-0.5533819595516232,3.798987298625686,0.1822278499603271,,,,DJF
8,15,LassoLarsIC,-0.6463524508963587,-0.5533819595516232,3.798987298625686,0.1458878517150879,,,,DJF
8,15,ElasticNet,-0.7748302627830763,-0.6746045538259142,3.944435392231096,0.07991623878479,,,,DJF
8,15,DecisionTreeRegressor,-0.7922894847269752,-0.6910778432365108,3.9637888593254336,1.602759838104248,,,,DJF
8,15,Lasso,-0.847978662414792,-0.7436222203019567,4.024898293109301,0.0724296569824218,,,,DJF
8,15,LassoLars,-0.8479818204298495,-0.7436251999820462,4.024901732186883,0.0731911659240722,,,,DJF
8,15,RANSACRegressor,-0.9355256650280936,-0.8262253921794482,4.1191338220383615,0.4911670684814453,,,,DJF
8,15,DummyRegressor,-2.626973126467715,-2.42215582050248,5.638694989098832,0.0481011867523193,,,,DJF
8,15,QuantileRegressor,-5.288528495588416,-4.933411592308128,7.424734884619332,46.729586362838745,,,,DJF
8,15,Lars,-4.452782193889692e+22,-4.201330964117097e+22,624772866939.2012,0.088998794555664,,,,DJF
8,15,ExtraTreesRegressor,0.596267077013199,0.6180904782557288,1.4688967688526158,33.78167152404785,0.5629,0.057,0.5243,JJA
8,15,CatBoostRegressor,0.5729685399437741,0.5960513215684349,1.5106857345169895,5.119418621063232,0.5349,0.0693,0.4687,JJA
8,15,LGBMRegressor,0.5639645566218117,0.5875340400476597,1.5265291041230222,0.7410547733306885,0.5206,0.0988,0.4106,JJA
8,15,RandomForestRegressor,0.5498613919646409,0.5741932086152008,1.551019736960699,96.71776700019836,0.5083,0.0969,0.4163,JJA
8,15,GradientBoostingRegressor,0.5399247924784685,0.5647937226147675,1.5680453100022105,41.27876448631287,0.5002,0.0711,0.4401,JJA
8,15,HistGradientBoostingRegressor,0.5387697326879564,0.5637010984886074,1.5700124348292572,1.895085334777832,,,,JJA
8,15,XGBRegressor,0.5145792654218619,0.5408182240477073,1.6106580742572638,1.7239277362823486,,,,JJA
8,15,BaggingRegressor,0.5010339088229443,0.528005048886569,1.6329756501700106,9.723955869674684,,,,JJA
8,15,KNeighborsRegressor,0.4737534826182469,0.5021992403145579,1.6770221928528524,0.3822066783905029,,,,JJA
8,15,MLPRegressor,0.405789347165025,0.4379088419128615,1.7820275307405469,25.79084944725037,,,,JJA
8,15,AdaBoostRegressor,0.311147355739957,0.3483826338080674,1.918701245273468,12.612794160842896,,,,JJA
8,15,PoissonRegressor,0.2847468022579327,0.3234091372710174,1.9551230530476251,0.1330695152282714,,,,JJA
8,15,GammaRegressor,0.2581453968689603,0.2982456456868544,1.9911482223350447,0.0716221332550048,,,,JJA
8,15,ElasticNetCV,0.2028964012968778,0.2459830823078573,2.0639614310013727,1.7820069789886477,,,,JJA
8,15,LassoCV,0.1949210901027126,0.2384388690160795,2.0742610743126697,1.4559810161590576,,,,JJA
8,15,BayesianRidge,0.1877233575817884,0.231630203117908,2.0835128100972926,0.1796321868896484,,,,JJA
8,15,RidgeCV,0.1871790639800071,0.2311153307918987,2.0842107575207467,0.1265289783477783,,,,JJA
8,15,Ridge,0.1871790639769701,0.2311153307890258,2.0842107575246405,0.0637807846069336,,,,JJA
8,15,LinearRegression,0.1871226561103064,0.2310619719962358,2.084283075939233,0.1425437927246093,,,,JJA
8,15,TransformedTargetRegressor,0.1871226561103064,0.2310619719962358,2.084283075939233,0.1345937252044677,,,,JJA
8,15,LassoLarsCV,0.1681211889213675,0.2130876111418341,2.108503002191759,0.2708525657653808,,,,JJA
8,15,LassoLarsIC,0.1681211889213675,0.2130876111418341,2.108503002191759,0.1816799640655517,,,,JJA
8,15,SGDRegressor,0.1418363428822371,0.1882235675913054,2.141555094408958,0.2653095722198486,,,,JJA
8,15,TweedieRegressor,0.1342098809279425,0.1810093468237293,2.1510499979395905,0.0847370624542236,,,,JJA
8,15,LarsCV,0.0984747565520846,0.1472058507925124,2.194992994079763,0.3327922821044922,,,,JJA
8,15,HuberRegressor,0.0877162971192475,0.1370289297073963,2.208051257383312,1.4554204940795898,,,,JJA
8,15,DecisionTreeRegressor,0.0862562044512802,0.1356477609674272,2.209817522910733,1.5939719676971436,,,,JJA
8,15,ExtraTreeRegressor,0.0645462522175035,0.115111319665206,2.2359153224870423,0.3902144432067871,,,,JJA
8,15,OrthogonalMatchingPursuit,0.0240141239917807,0.0767701172895223,2.2838414925634845,0.0592792034149169,,,,JJA
8,15,OrthogonalMatchingPursuitCV,0.0240141239917807,0.0767701172895223,2.2838414925634845,0.1570792198181152,,,,JJA
8,15,LinearSVR,0.0145648470563675,0.0678316120803477,2.29487068256181,6.845484256744385,,,,JJA
8,15,ElasticNet,-0.2979382883720445,-0.2277794619735555,2.633729780639815,0.0842604637145996,,,,JJA
8,15,PassiveAggressiveRegressor,-0.419815112206646,-0.3430683493846651,2.754609809292484,0.1626248359680175,,,,JJA
8,15,RANSACRegressor,-0.511651298678182,-0.4299404176685506,2.842300577124456,0.4499499797821045,,,,JJA
8,15,Lasso,-0.916997165269254,-0.8133756968763215,3.2007733900200868,0.0880026817321777,,,,JJA
8,15,LassoLars,-0.9170414535688194,-0.813417591213748,3.200810363468604,0.0701828002929687,,,,JJA
8,15,DummyRegressor,-4.901798200113813,-4.582782081188742,5.616119889826479,0.046309471130371,,,,JJA
8,15,QuantileRegressor,-11.018380170059531,-10.368737998704963,8.014328897358235,47.37721824645996,,,,JJA
8,15,Lars,-119556633467509.31,-113094112739535.8,25277320.27777283,0.074000597000122,,,,JJA
8,15,ExtraTreesRegressor,0.4147545770055708,0.4465086617498051,1.898659793483372,34.39320635795593,0.4118,0.1103,0.2916,MAM
8,15,HistGradientBoostingRegressor,0.398810793966369,0.4314299520932879,1.924348510589495,2.027942180633545,0.3971,0.1089,0.2741,MAM
8,15,CatBoostRegressor,0.3764122309445831,0.4102466841261882,1.9598685101463,5.326641321182251,0.3713,0.0971,0.2676,MAM
8,15,LGBMRegressor,0.3406323098605608,0.3764081001318793,2.0153105201897263,0.8468842506408691,0.3328,0.0911,0.2427,MAM
8,15,XGBRegressor,0.3351195853570267,0.3711944835139928,2.02371761011927,1.7343738079071045,0.3285,0.0924,0.2318,MAM
8,15,RandomForestRegressor,0.3317521462392215,0.3680097539790679,2.0288359282150523,96.28267860412598,,,,MAM
8,15,GradientBoostingRegressor,0.3289962252758799,0.3654033630152443,2.0330151848405302,42.415937423706055,,,,MAM
8,15,BaggingRegressor,0.2510343421062467,0.2916715141999545,2.1478754450456163,9.622958660125732,,,,MAM
8,15,KNeighborsRegressor,0.1713064828357401,0.2162695071279984,2.259306290417045,0.3820254802703857,,,,MAM
8,15,MLPRegressor,0.1483403219988772,0.1945494379115229,2.290399202461181,26.895079135894772,,,,MAM
8,15,PoissonRegressor,0.0443188577437431,0.0961719415737736,2.426244975639377,0.16754150390625,,,,MAM
8,15,BayesianRidge,0.0022264750355571,0.0563633957570642,2.479100476746371,0.1977627277374267,,,,MAM
8,15,RidgeCV,0.0021361968502007,0.0562780158605892,2.479212628263952,0.1328709125518798,,,,MAM
8,15,Ridge,0.0018712602977989,0.0560274541625754,2.479541726509697,0.0662012100219726,,,,MAM
8,15,LinearRegression,0.0018399644366667,0.0559978563436449,2.479580598642216,0.1458606719970703,,,,MAM
8,15,TransformedTargetRegressor,0.0018399644366667,0.0559978563436449,2.479580598642216,0.1313662528991699,,,,MAM
8,15,ElasticNetCV,-0.0001030277251046,0.05416028651469,2.481992768645856,1.2792770862579346,,,,MAM
8,15,LassoCV,-0.0041088990004192,0.0503717646981717,2.4869585606893194,1.3253271579742432,,,,MAM
8,15,GammaRegressor,-0.0118056717244197,0.0430926013457824,2.496471977720891,0.084031343460083,,,,MAM
8,15,SGDRegressor,-0.0200384098484014,0.0353065528562593,2.5066078970694927,0.214104413986206,,,,MAM
8,15,HuberRegressor,-0.0508411750689947,0.0061750755752912,2.5441732468325258,1.5177490711212158,,,,MAM
8,15,LinearSVR,-0.0593083695158365,-0.0018327081705913,2.5544025708002365,8.243491411209106,,,,MAM
8,15,OrthogonalMatchingPursuit,-0.1440880740543217,-0.0820124588833262,2.654653667906111,0.0647728443145752,,,,MAM
8,15,OrthogonalMatchingPursuitCV,-0.1440880740543217,-0.0820124588833262,2.654653667906111,0.1764953136444091,,,,MAM
8,15,TweedieRegressor,-0.1785233163534934,-0.1145793233034169,2.694307936536511,0.0769529342651367,,,,MAM
8,15,DecisionTreeRegressor,-0.4319905727626982,-0.3542940232231999,2.96994372455964,1.6137022972106934,,,,MAM
8,15,AdaBoostRegressor,-0.4772981872879611,-0.3971433496958487,3.01656177342988,13.818650484085085,,,,MAM
8,15,ExtraTreeRegressor,-0.5338581392860533,-0.4506344874182342,3.0737655471024814,0.3882558345794678,,,,MAM
8,15,LarsCV,-0.5611245746360423,-0.4764215080393617,3.1009654032538627,0.3391962051391601,,,,MAM
8,15,RANSACRegressor,-0.5997888473090616,-0.5129879452696853,3.1391312419567607,0.5084681510925293,,,,MAM
8,15,ElasticNet,-0.6195494681087741,-0.5316763997562257,3.1584590437543025,0.0781857967376709,,,,MAM
8,15,PassiveAggressiveRegressor,-0.6662132724400591,-0.5758083322624523,3.2036379939391315,0.1878130435943603,,,,MAM
8,15,LassoLarsIC,-0.8578571833809479,-0.7570540807408361,3.3828621728932093,0.1541049480438232,,,,MAM
8,15,LassoLarsCV,-0.8578571833809479,-0.7570540807408361,3.3828621728932093,0.1904752254486084,,,,MAM
8,15,LassoLars,-1.192428125160276,-1.0734719646391455,3.6748602081550734,0.0647921562194824,,,,MAM
8,15,Lasso,-1.192457323822541,-1.073499579048447,3.674884678887684,0.0862889289855957,,,,MAM
8,15,DummyRegressor,-5.1624431055449165,-4.828082967188297,6.161048139148095,0.0517866611480712,,,,MAM
8,15,QuantileRegressor,-11.161021728389372,-10.501192365583016,8.654922293890879,47.58758473396301,,,,MAM
8,15,Lars,-1848055517946622.5,-1747784231366247.8,106692931.43458886,0.0796756744384765,,,,MAM
8,15,HistGradientBoostingRegressor,0.360218622169164,0.3955169050839687,2.2872501971028045,2.410876750946045,0.3901,0.1104,0.2967,SON
8,15,ExtraTreesRegressor,0.3599229491930036,0.3952375450995965,2.2877786588395232,38.59003973007202,0.3905,0.0965,0.3112,SON
8,15,LGBMRegressor,0.3588794956134433,0.3942516613727016,2.2896426678056363,101.7793424129486,0.3881,0.1159,0.285,SON
8,15,CatBoostRegressor,0.3537589628221048,0.389413640735368,2.2987679987435152,15.859122276306152,0.3851,0.1046,0.3055,SON
8,15,RandomForestRegressor,0.3320072961735369,0.3688620660398245,2.3371346578411103,102.44260740280151,0.364,0.0873,0.289,SON
8,15,GradientBoostingRegressor,0.3317156577706263,0.3685865180315572,2.3376447860481444,44.97840666770935,,,,SON
8,15,XGBRegressor,0.3125786528812238,0.3505053478946734,2.370878965063979,3.22613525390625,,,,SON
8,15,BaggingRegressor,0.2434468682361814,0.2851877306783231,2.487239424353473,10.0591721534729,,,,SON
8,15,KNeighborsRegressor,0.2278846335305479,0.2704841020254142,2.512690363217101,0.3754806518554687,,,,SON
8,15,PoissonRegressor,0.1898718490361448,0.2345685746065644,2.5737996534525567,0.1591324806213379,,,,SON
8,15,BayesianRidge,0.1783028721090209,0.2236378860616266,2.592111988836705,0.2143623828887939,,,,SON
8,15,Ridge,0.1781975088257205,0.223538335924991,2.592278172133463,0.0944099426269531,,,,SON
8,15,RidgeCV,0.1781975088249562,0.2235383359242689,2.592278172134668,0.2032248973846435,,,,SON
8,15,LinearRegression,0.1781845482733004,0.2235260904375321,2.5922986133130856,0.1459944248199463,,,,SON
8,15,TransformedTargetRegressor,0.1781845482733004,0.2235260904375321,2.5922986133130856,0.1791491508483886,,,,SON
8,15,SGDRegressor,0.1774292208635546,0.222812436264186,2.593489625537293,0.3789784908294678,,,,SON
8,15,LassoCV,0.1762443062391328,0.2216928962397323,2.595356916457089,1.6291265487670898,,,,SON
8,15,MLPRegressor,0.174568618870333,0.2201096605878318,2.5979953184675035,26.645500421524048,,,,SON
8,15,ElasticNetCV,0.173690713976646,0.2192801918262104,2.5993765275734275,2.4765465259552,,,,SON
8,15,LassoLarsCV,0.1633378752837372,0.2094985442335999,2.615609649037336,0.2447500228881836,,,,SON
8,15,LassoLarsIC,0.1625150212294663,0.2087210890237026,2.616895554072634,0.1869583129882812,,,,SON
8,15,OrthogonalMatchingPursuit,0.124797365821254,0.1730844077069778,2.675174920513616,0.0689461231231689,,,,SON
8,15,OrthogonalMatchingPursuitCV,0.124797365821254,0.1730844077069778,2.675174920513616,0.182051420211792,,,,SON
8,15,HuberRegressor,0.1150511250907225,0.1638758906029584,2.690029031033479,1.394139051437378,,,,SON
8,15,LinearSVR,0.0309940274727823,0.0844564259570426,2.814887893357821,6.047744274139404,,,,SON
8,15,GammaRegressor,0.0085408127662948,0.0632420093033268,2.8473135638097857,0.0978515148162841,,,,SON
8,15,LarsCV,-0.0624763322548667,-0.0038569484063224,2.9475250756891187,0.3427698612213135,,,,SON
8,15,TweedieRegressor,-0.0878413825877002,-0.0278225476863098,2.9825014545544057,0.1732869148254394,,,,SON
8,15,DecisionTreeRegressor,-0.2210478044410422,-0.1536796497132606,3.1598335777216806,1.7646632194519043,,,,SON
8,15,ExtraTreeRegressor,-0.3058649783212497,-0.2338172553793878,3.2677363834886526,0.4318079948425293,,,,SON
8,15,AdaBoostRegressor,-0.4276003219891007,-0.3488361662931505,3.416655528311284,17.06105351448059,,,,SON
8,15,ElasticNet,-0.4643464215605628,-0.3835548948537732,3.460348113901809,0.1013967990875244,,,,SON
8,15,Lasso,-0.7019357597984386,-0.6080358558095593,3.73052073279685,0.0662848949432373,,,,SON
8,15,LassoLars,-0.701935759798439,-0.6080358558095598,3.73052073279685,0.0743730068206787,,,,SON
8,15,RANSACRegressor,-0.973489543628986,-0.8646073619115249,4.017124493966684,0.5027265548706055,,,,SON
8,15,PassiveAggressiveRegressor,-1.7601546233102527,-1.607870230300032,4.750776309938155,0.1514370441436767,,,,SON
8,15,DummyRegressor,-2.050740914050021,-1.882424173964503,4.994598006554469,0.0577285289764404,,,,SON
8,15,QuantileRegressor,-4.301753365178016,-4.009242834685437,6.584270075775655,47.73858141899109,,,,SON
8,15,Lars,-2.002361457196565e+16,-1.8918863423167548e+16,404640282.1168852,0.0838215351104736,,,,SON
9,37,CatBoostRegressor,0.369190375225907,0.3724818571567129,2.4364531822191475,13.828493356704712,0.3349,0.1263,0.1158,
9,37,ExtraTreesRegressor,0.3475875681407131,0.3509917706870312,2.477821568854908,261.77738881111145,0.3107,0.1267,0.1126,
9,37,XGBRegressor,0.3454567196796618,0.3488720407139221,2.4818646847560237,5.720094680786133,0.3076,0.1269,0.0971,
9,37,HistGradientBoostingRegressor,0.3396613907274634,0.343106951028501,2.4928276917759367,5.6910014152526855,0.3028,0.1063,0.1255,
9,37,LGBMRegressor,0.3335408361561356,0.337018332708598,2.504353820884561,3.249149799346924,0.296,0.109,0.1104,
9,37,KNeighborsRegressor,0.3330166926686828,0.3364969241331541,2.505338414415014,11.745540618896484,,,,
9,37,GradientBoostingRegressor,0.3214657232776979,0.3250062261862636,2.526939305259833,318.6625807285309,,,,
9,37,MLPRegressor,0.3164828999326917,0.3200494025602857,2.5362006359039717,127.57958817481996,,,,
9,37,RandomForestRegressor,0.3043170396371237,0.3079470221289476,2.5586718911392525,1107.0909452438354,,,,
9,37,PoissonRegressor,0.2790145366785626,0.282776544313982,2.604786721365483,0.6309499740600586,,,,
9,37,BaggingRegressor,0.2471649265293181,0.25109312125541,2.66169836030338,99.83573126792908,,,,
9,37,GammaRegressor,0.2390063791990914,0.2429771441556688,2.676082038724394,0.3952410221099853,,,,
9,37,LarsCV,0.1959228411576189,0.2001184103679828,2.7507921591557856,1.7205746173858645,,,,
9,37,LassoLarsCV,0.1908762845053263,0.1950981859867613,2.759410930858229,1.1496994495391846,,,,
9,37,ElasticNetCV,0.1854095223156796,0.189659948645596,2.768717078131264,9.798402547836304,,,,
9,37,LassoLarsIC,0.1848122630929107,0.1890658058431582,2.769731906350608,0.8197858333587646,,,,
9,37,LassoCV,0.1837565465714205,0.1880155979120858,2.771524809695851,6.9114649295806885,,,,
9,37,BayesianRidge,0.183149780420106,0.1874119977870094,2.772554744470983,0.9294521808624268,,,,
9,37,RidgeCV,0.1830446303804409,0.1873073964064675,2.7727331889721567,0.9438176155090332,,,,
9,37,Ridge,0.1830446303751937,0.1873073964012477,2.772733188981061,0.5209050178527832,,,,
9,37,TransformedTargetRegressor,0.1830379426718226,0.187300743593436,2.7727445379358726,0.8817200660705566,,,,
9,37,LinearRegression,0.1830379426718226,0.187300743593436,2.7727445379358726,0.6468474864959717,,,,
9,37,SGDRegressor,0.1791591213356036,0.1834421614384844,2.77931904467553,1.2987167835235596,,,,
9,37,TweedieRegressor,0.1712996613103816,0.1756237110453969,2.792593180987984,0.5516855716705322,,,,
9,37,HuberRegressor,0.149631971237892,0.154069080139342,2.828866006194565,7.834023952484131,,,,
9,37,LinearSVR,0.123084478969269,0.1276601092053318,2.872683590063968,40.58864450454712,,,,
9,37,OrthogonalMatchingPursuit,0.0964398125804399,0.1011544711929367,2.915999589181163,0.3088490962982178,,,,
9,37,OrthogonalMatchingPursuitCV,0.0964398125804399,0.1011544711929367,2.915999589181163,1.0320203304290771,,,,
9,37,ElasticNet,0.0498220627973199,0.0547799667171801,2.9902767633670377,0.3793349266052246,,,,
9,37,RANSACRegressor,-0.0915452369687674,-0.0858496970102158,3.205012919412385,3.5564544200897217,,,,
9,37,QuantileRegressor,-0.0951254219407291,-0.0894112010463112,3.210264715305281,1313.2543787956238,,,,
9,37,Lasso,-0.1277502615886516,-0.12186580855766,3.257732220911256,0.3660817146301269,,,,
9,37,LassoLars,-0.1277573619373313,-0.1218728718576509,3.2577424762838563,0.3046038150787353,,,,
9,37,DecisionTreeRegressor,-0.2368836959755695,-0.2304297989899775,3.4117197336867044,16.418028831481934,,,,
9,37,ExtraTreeRegressor,-0.2758353598378062,-0.2691782181762578,3.4650238822784023,2.893487930297852,,,,
9,37,DummyRegressor,-0.6232378471353601,-0.6147680048352215,3.908408913697552,0.2580773830413818,,,,
9,37,AdaBoostRegressor,-0.9659281432280762,-0.9556701878853446,4.301230680785828,91.46660590171814,,,,
9,37,PassiveAggressiveRegressor,-3.501454363951429,-3.477966365164791,6.5085664148467535,0.7489993572235107,,,,
9,37,Lars,-5242949402940960.0,-5215592380241616.0,222124645.8239397,0.324819803237915,,,,
9,37,HistGradientBoostingRegressor,0.1892781813730967,0.2072801851369196,2.932206593423612,2.6305103302001958,0.1939,0.0705,0.1126,DJF
9,37,LGBMRegressor,0.1872062039915428,0.2052542158234407,2.9359511509008933,22.26200771331787,0.1901,0.0603,0.121,DJF
9,37,CatBoostRegressor,0.1813985678888668,0.1995755377487555,2.946421571507761,15.102400541305542,0.1874,0.0738,0.1024,DJF
9,37,GradientBoostingRegressor,0.1799879931799441,0.1981962847221112,2.948959045002162,85.01411485671997,0.1823,0.0562,0.1183,DJF
9,37,ExtraTreesRegressor,0.1592846056935386,0.1779526140595176,2.98595415387331,71.904536485672,0.1613,0.0576,0.096,DJF
9,37,XGBRegressor,0.1513043472798266,0.1701495565533169,3.0000923544543205,3.274491786956787,,,,DJF
9,37,KNeighborsRegressor,0.146424499344838,0.1653780651949915,3.008704988666341,1.2150499820709229,,,,DJF
9,37,RandomForestRegressor,0.1385319377925663,0.1576607572494511,3.022582934462314,213.3940153121948,,,,DJF
9,37,BaggingRegressor,0.0928567109827415,0.112999744669529,3.1016770842586414,22.110858917236328,,,,DJF
9,37,PoissonRegressor,0.0685972472560845,0.0892789601140521,3.1428770667043,0.263345718383789,,,,DJF
9,37,MLPRegressor,0.0528850270662514,0.0739156283351347,3.16927545079529,53.39432001113892,,,,DJF
9,37,ElasticNetCV,-0.0364685747515212,-0.0134538849342884,3.315405891675323,3.9884324073791504,,,,DJF
9,37,LassoLarsCV,-0.0373020495344462,-0.0142688524859604,3.316738663342984,0.4522151947021484,,,,DJF
9,37,LassoLarsIC,-0.0373020495344462,-0.0142688524859604,3.316738663342984,0.3220374584197998,,,,DJF
9,37,LassoCV,-0.0380858328828384,-0.015035231996854,3.317991487271128,0.6949069499969482,,,,DJF
9,37,BayesianRidge,-0.0451343820913561,-0.021927268815467,3.329236926022484,0.3069093227386474,,,,DJF
9,37,RidgeCV,-0.0452573245776026,-0.0220474813750615,3.329432734636073,0.226172924041748,,,,DJF
9,37,Ridge,-0.0452573245793632,-0.022047481376783,3.329432734638878,0.118525743484497,,,,DJF
9,37,LinearRegression,-0.0452726605629638,-0.0220624768262718,3.32945715921708,0.2140374183654785,,,,DJF
9,37,TransformedTargetRegressor,-0.0452726605629638,-0.0220624768262718,3.32945715921708,0.2490239143371582,,,,DJF
9,37,SGDRegressor,-0.0459352007820808,-0.0227103054004764,3.3305121709477667,0.5105555057525635,,,,DJF
9,37,OrthogonalMatchingPursuit,-0.1017202523159315,-0.0772566549719471,3.418175065761397,0.1009941101074218,,,,DJF
9,37,OrthogonalMatchingPursuitCV,-0.1017202523159315,-0.0772566549719471,3.418175065761397,0.290496826171875,,,,DJF
9,37,GammaRegressor,-0.1450061653376433,-0.119581408257688,3.48467715317022,0.1450624465942382,,,,DJF
9,37,HuberRegressor,-0.1493174904208767,-0.1237970007621351,3.491231467398885,2.9040329456329346,,,,DJF
9,37,LinearSVR,-0.1700777259670274,-0.1440962571785116,3.5226215808289845,16.43394923210144,,,,DJF
9,37,LarsCV,-0.2415492551614519,-0.2139807676101459,3.6286126665726335,0.4997634887695312,,,,DJF
9,37,TweedieRegressor,-0.2606801816885078,-0.232686893665039,3.656462285067711,0.1824226379394531,,,,DJF
9,37,RANSACRegressor,-0.3876273912440702,-0.3568152520539993,3.8361454681284464,0.743410587310791,,,,DJF
9,37,ElasticNet,-0.5437559937172247,-0.5094770332022729,4.046205758069233,0.1157221794128418,,,,DJF
9,37,ExtraTreeRegressor,-0.5781589456788201,-0.5431160707650327,4.091042640335046,0.8235721588134766,,,,DJF
9,37,PassiveAggressiveRegressor,-0.585317468210232,-0.5501156389589725,4.100310618701372,0.2700321674346924,,,,DJF
9,37,DecisionTreeRegressor,-0.595295375664165,-0.5598719878913341,4.1131939519042025,3.616607904434204,,,,DJF
9,37,LassoLars,-0.7087445915016124,-0.6708020742769956,4.256936891519818,0.1039159297943115,,,,DJF
9,37,Lasso,-0.7087525470667289,-0.6708098531895168,4.256946801221766,0.1085326671600341,,,,DJF
9,37,AdaBoostRegressor,-0.8241705107935162,-0.7836649715978676,4.398365852154171,30.50012278556824,,,,DJF
9,37,DummyRegressor,-2.1373866216659936,-2.0677212389488293,5.7682311504373,0.0715680122375488,,,,DJF
9,37,QuantileRegressor,-4.484257004059835,-4.362479579349508,7.626364083082178,207.7239480018616,,,,DJF
9,37,Lars,-314864505374.01044,-307872967856.9183,1827344.742817756,0.1121976375579834,,,,DJF
9,37,CatBoostRegressor,0.471723771329059,0.482375255246372,2.1969590375862604,13.198752880096436,0.4717,0.0165,0.455,JJA
9,37,ExtraTreesRegressor,0.4676468581187804,0.4783805436820028,2.2054201384266,64.86178612709045,0.4691,0.0361,0.4301,JJA
9,37,KNeighborsRegressor,0.4431947520421201,0.4544214584919253,2.255501317480604,1.342278242111206,0.439,0.035,0.4028,JJA
9,37,HistGradientBoostingRegressor,0.4379738775442191,0.4493058510072469,2.266050979481134,2.5585134029388428,0.438,0.0394,0.4022,JJA
9,37,LGBMRegressor,0.436396594027008,0.4477603698106871,2.269228501437494,1.4886581897735596,0.4376,0.042,0.3942,JJA
9,37,MLPRegressor,0.4320004432017491,0.4434528573289159,2.2780613908417653,53.79615616798401,,,,JJA
9,37,XGBRegressor,0.4284792892238288,0.4400026993809713,2.2851115826987045,3.03757381439209,,,,JJA
9,37,GradientBoostingRegressor,0.4230945034715451,0.4347264855380899,2.2958513408595627,84.89840173721313,,,,JJA
9,37,RandomForestRegressor,0.4080139671893339,0.4199500138360293,2.325664990542368,231.19729351997373,,,,JJA
9,37,BaggingRegressor,0.3870617046917062,0.3994202058705434,2.366463461216846,22.36940884590149,,,,JJA
9,37,PoissonRegressor,0.3281303111969622,0.3416770293652584,2.477615728693011,0.2210228443145752,,,,JJA
9,37,GammaRegressor,0.2556071281777841,0.2706161107366331,2.607909570003065,0.141768217086792,,,,JJA
9,37,ElasticNetCV,0.2332504914252455,0.2487102445164238,2.64678203562827,3.631998300552368,,,,JJA
9,37,LassoCV,0.229108167500776,0.2446514410955605,2.6539219557811653,3.1979992389678955,,,,JJA
9,37,LassoLarsCV,0.2269252004795692,0.2425124886198821,2.6576769109434664,0.3588285446166992,,,,JJA
9,37,LassoLarsIC,0.2269252004795692,0.2425124886198821,2.6576769109434664,0.2763307094573974,,,,JJA
9,37,BayesianRidge,0.2249163872952487,0.2405441785666215,2.6611276202119227,0.3025007247924804,,,,JJA
9,37,Ridge,0.2247709098329604,0.2404016343251859,2.661377345482088,0.1143939495086669,,,,JJA
9,37,RidgeCV,0.2247709098224772,0.2404016343149141,2.661377345500082,0.2349050045013427,,,,JJA
9,37,TransformedTargetRegressor,0.2247438287568035,0.2403750992770944,2.661423830020704,0.2812855243682861,,,,JJA
9,37,LinearRegression,0.2247438287568035,0.2403750992770944,2.661423830020704,0.2158412933349609,,,,JJA
9,37,SGDRegressor,0.2198888222836323,0.235617982923828,2.6697443464154293,0.5900466442108154,,,,JJA
9,37,OrthogonalMatchingPursuit,0.1479532708338534,0.1651328476157673,2.79012160463384,0.0928857326507568,,,,JJA
9,37,OrthogonalMatchingPursuitCV,0.1479532708338534,0.1651328476157673,2.79012160463384,0.2720086574554443,,,,JJA
9,37,TweedieRegressor,0.1268765065342125,0.1444810481428259,2.824419896586678,0.1706316471099853,,,,JJA
9,37,RANSACRegressor,0.112426867753799,0.1303227533349924,2.8476951709073024,0.8390069007873535,,,,JJA
9,37,HuberRegressor,0.0845700445857263,0.1030275993995267,2.892037932770882,2.855015277862549,,,,JJA
9,37,LinearSVR,0.0587685672863839,0.0777463499764002,2.93251090805643,12.988028526306152,,,,JJA
9,37,DecisionTreeRegressor,-0.0373527161464366,-0.0164368672534946,3.078609813179413,3.675148487091065,,,,JJA
9,37,ExtraTreeRegressor,-0.0487459765255737,-0.0276004085517649,3.095469854860108,0.7124290466308594,,,,JJA
9,37,ElasticNet,-0.1325832997198832,-0.1097473435529099,3.21681808662125,0.1853983402252197,,,,JJA
9,37,LassoLars,-0.6104685759707242,-0.5779971543823508,3.835902437088928,0.095912218093872,,,,JJA
9,37,Lasso,-0.6104750207924063,-0.5780034692589195,3.835910112396237,0.1917428970336914,,,,JJA
9,37,AdaBoostRegressor,-0.7002653194900856,-0.6659833516050715,3.941393294992908,28.196264505386356,,,,JJA
9,37,PassiveAggressiveRegressor,-0.7145377639991801,-0.6799680248594724,3.957901235930054,0.2823820114135742,,,,JJA
9,37,LarsCV,-0.8304174747192434,-0.7935112858055551,4.089465058392341,0.4696111679077148,,,,JJA
9,37,DummyRegressor,-3.043467669039876,-2.9619403761020355,6.07810799945789,0.0798792839050293,,,,JJA
9,37,QuantileRegressor,-6.902183064620154,-6.742853586486673,8.496987285586599,213.4013795852661,,,,JJA
9,37,Lars,-48059352273.40719,-47090345170.59813,662644.1706521658,0.1029472351074218,,,,JJA
9,37,CatBoostRegressor,0.3377015454959944,0.3518246326290765,2.3165269401169324,11.881882429122925,0.3178,0.1239,0.2047,MAM
9,37,LGBMRegressor,0.3240299365856889,0.3384445619559155,2.3403144591135128,4.954344749450684,0.3054,0.1125,0.2042,MAM
9,37,HistGradientBoostingRegressor,0.319732529091988,0.3342387939037189,2.3477418227779503,2.930149793624878,0.3026,0.104,0.201,MAM
9,37,ExtraTreesRegressor,0.3152882100938802,0.3298892471401387,2.355398463330061,71.43341875076294,0.2978,0.1103,0.1853,MAM
9,37,KNeighborsRegressor,0.2975969871182994,0.3125752780776174,2.385633184699399,1.263864278793335,0.2815,0.1132,0.1544,MAM
9,37,XGBRegressor,0.29096852163796,0.306088160346017,2.3968631734117403,2.89890718460083,,,,MAM
9,37,GradientBoostingRegressor,0.2575336282484484,0.2733662444810852,2.4527251169047397,86.83415508270264,,,,MAM
9,37,RandomForestRegressor,0.2085939393606729,0.2254701628759896,2.5322709352848523,230.920686006546,,,,MAM
9,37,MLPRegressor,0.1958834812869314,0.2130307471180743,2.552524835078163,52.57242679595947,,,,MAM
9,37,PoissonRegressor,0.138511930498007,0.1568826076254345,2.642014021311696,0.2449839115142822,,,,MAM
9,37,BaggingRegressor,0.1291982829865116,0.1477675676366309,2.6562571887856343,24.91300058364868,,,,MAM
9,37,GammaRegressor,-0.0062882718545487,0.0151701761423496,2.8554311302933137,0.1338081359863281,,,,MAM
9,37,LassoLarsCV,-0.012549086209846,0.0090428696128105,2.864300161207591,0.3455615043640136,,,,MAM
9,37,ElasticNetCV,-0.0146244515799531,0.0070117600698998,2.867234056734685,3.0061819553375244,,,,MAM
9,37,LassoLarsIC,-0.0157578624187171,0.0059025184858346,2.8688350664011195,0.2790641784667969,,,,MAM
9,37,LassoCV,-0.022236461511865,-0.0004379286625659,2.877969374495685,1.571624517440796,,,,MAM
9,37,SGDRegressor,-0.025465738320396,-0.003598343227144,2.882511587504992,0.6151840686798096,,,,MAM
9,37,BayesianRidge,-0.0319399704207263,-0.0099345165060307,2.891596574680922,0.3246288299560547,,,,MAM
9,37,Ridge,-0.0321896336321081,-0.010178855810548,2.891946343876775,0.1141133308410644,,,,MAM
9,37,RidgeCV,-0.0321896336403413,-0.0101788558186055,2.8919463438883084,0.2390816211700439,,,,MAM
9,37,TransformedTargetRegressor,-0.0322262459280351,-0.0102146873728918,2.8919976328323127,0.2405288219451904,,,,MAM
9,37,LinearRegression,-0.0322262459280351,-0.0102146873728918,2.8919976328323127,0.2149832248687744,,,,MAM
9,37,LarsCV,-0.0583519963349488,-0.0357833230124302,2.928367316657367,0.4936685562133789,,,,MAM
9,37,TweedieRegressor,-0.1809153504896021,-0.1557330927350539,3.0932845212591698,0.1374933719635009,,,,MAM
9,37,HuberRegressor,-0.189718796999436,-0.1643488114293021,3.1047929675987764,2.364065170288086,,,,MAM
9,37,LinearSVR,-0.2401890718633665,-0.2137428402523633,3.1699647616657707,12.966389417648315,,,,MAM
9,37,OrthogonalMatchingPursuit,-0.258639442351332,-0.2317997684964776,3.1934575903126614,0.0981502532958984,,,,MAM
9,37,OrthogonalMatchingPursuitCV,-0.258639442351332,-0.2317997684964776,3.1934575903126614,0.2755653858184814,,,,MAM
9,37,ExtraTreeRegressor,-0.3123197923542655,-0.2843354196777996,3.2608462627091885,0.7407028675079346,,,,MAM
9,37,DecisionTreeRegressor,-0.4101805881701894,-0.3801093971766611,3.380242442372136,3.850965023040772,,,,MAM
9,37,RANSACRegressor,-0.4504028861733067,-0.4194739806320129,3.428110497988352,0.7814939022064209,,,,MAM
9,37,ElasticNet,-0.480998646723467,-0.4494173063331799,3.4640792192792493,0.1394069194793701,,,,MAM
9,37,AdaBoostRegressor,-0.7083873898195727,-0.6719571312263384,3.7205201668970087,28.042218685150143,,,,MAM
9,37,Lasso,-0.9050364669202652,-0.8644127936638286,3.9288199929569863,0.128831148147583,,,,MAM
9,37,LassoLars,-0.9050641642838446,-0.864439900399004,3.9288485534496975,0.1014237403869628,,,,MAM
9,37,PassiveAggressiveRegressor,-0.930546902481308,-0.8893792356494956,3.955038022488981,0.307405948638916,,,,MAM
9,37,DummyRegressor,-3.7216629396918224,-3.620976524591773,6.185260213233147,0.0857412815093994,,,,MAM
9,37,QuantileRegressor,-8.324953852421675,-8.126105229306061,8.692282450659519,209.35805559158325,,,,MAM
9,37,Lars,-107697204348579.31,-105400630967408.69,29540150.208585188,0.1094355583190918,,,,MAM
9,37,CatBoostRegressor,0.3460607997283946,0.3591212532727118,2.291348320352928,6.378195285797119,0.3462,0.0875,0.2909,SON
9,37,ExtraTreesRegressor,0.3224084779573689,0.3359413149428033,2.3324181351267246,69.6464319229126,0.3227,0.0805,0.2721,SON
9,37,KNeighborsRegressor,0.3113862860135988,0.3251392578766768,2.351312006761156,1.6031479835510254,0.31,0.0776,0.2397,SON
9,37,HistGradientBoostingRegressor,0.2993528787915693,0.3133461814926487,2.3717674182572783,2.887129068374634,0.2975,0.0817,0.2239,SON
9,37,XGBRegressor,0.2964093770782198,0.3104614673047584,2.3767442348963903,2.752962827682495,0.29,0.1132,0.1933,SON
9,37,LGBMRegressor,0.2956781785359138,0.3097448722371937,2.3779789163872684,0.9552822113037108,,,,SON
9,37,GradientBoostingRegressor,0.2698219905968787,0.2844050832864294,2.4212342149605672,88.89190077781677,,,,SON
9,37,RandomForestRegressor,0.2527141745749137,0.2676389440385541,2.449434328090443,220.5046887397766,,,,SON
9,37,MLPRegressor,0.2156996507722549,0.2313636731639793,2.509363819448702,55.03064584732056,,,,SON
9,37,BaggingRegressor,0.1698584433106115,0.1864380048842958,2.581656786447268,22.84434461593628,,,,SON
9,37,PoissonRegressor,0.1368333312456416,0.1540724693391939,2.6325083573218198,0.2522726058959961,,,,SON
9,37,ElasticNetCV,0.0374798466235508,0.0567032694485184,2.7798882863882906,4.23067831993103,,,,SON
9,37,LassoLarsIC,0.0333001029556085,0.0526070034922344,2.785917580227113,0.6078400611877441,,,,SON
9,37,LassoCV,0.0332147650942776,0.0525233699960386,2.7860405444491176,3.7848498821258554,,,,SON
9,37,BayesianRidge,0.029365514129974,0.0487509961533065,2.7915813385704404,0.7623310089111328,,,,SON
9,37,RidgeCV,0.0291020862502883,0.0484928294471115,2.7919601271233643,0.4516277313232422,,,,SON
9,37,Ridge,0.0291020862490635,0.0484928294459111,2.791960127125125,0.2244505882263183,,,,SON
9,37,LinearRegression,0.0290714429100946,0.0484627981147633,2.792004186497534,0.3055846691131592,,,,SON
9,37,TransformedTargetRegressor,0.0290714429100946,0.0484627981147633,2.792004186497534,0.4069604873657226,,,,SON
9,37,LassoLarsCV,0.0239055751031699,0.0434001028603945,2.7994218232484847,1.7095305919647217,,,,SON
9,37,SGDRegressor,0.0148172624123938,0.0344933016704503,2.812424188772916,0.7509860992431641,,,,SON
9,37,OrthogonalMatchingPursuit,-0.0648362001450195,-0.0435693243887946,2.9239088597974865,0.1202871799468994,,,,SON
9,37,OrthogonalMatchingPursuitCV,-0.0648362001450195,-0.0435693243887946,2.9239088597974865,0.3824901580810547,,,,SON
9,37,HuberRegressor,-0.096448517435147,-0.0745502814527352,2.966993193983537,2.993904829025269,,,,SON
9,37,LinearSVR,-0.1270218554749747,-0.1045130097279272,3.008074560309409,17.932122945785522,,,,SON
9,37,RANSACRegressor,-0.2198279486814831,-0.1954655825024907,3.1294766651515014,0.8249938488006592,,,,SON
9,37,GammaRegressor,-0.2566135219254621,-0.2315164754118843,3.176313000114173,0.3121960163116455,,,,SON
9,37,TweedieRegressor,-0.4304192536277718,-0.401850964399747,3.3888636957357416,0.2674951553344726,,,,SON
9,37,DecisionTreeRegressor,-0.4467692062489863,-0.4178743762713437,3.408176330469792,3.9114503860473633,,,,SON
9,37,LarsCV,-0.4763711722535206,-0.4468851327235801,3.442866683286292,2.4045298099517822,,,,SON
9,37,ExtraTreeRegressor,-0.4935158974877542,-0.4636874440340746,3.462799551743021,0.9477441310882568,,,,SON
9,37,AdaBoostRegressor,-0.7363291922284039,-0.701651279139049,3.733691759137528,32.428162574768066,,,,SON
9,37,ElasticNet,-0.8646174692351509,-0.8273773866330474,3.8691654594719966,0.2506272792816162,,,,SON
9,37,PassiveAggressiveRegressor,-1.0979727513602304,-1.0560721042587824,4.104141723811669,0.2849154472351074,,,,SON
9,37,LassoLars,-1.1975119159538612,-1.1536232757263316,4.200374827329353,0.1426303386688232,,,,SON
9,37,Lasso,-1.197537961528143,-1.153648801119207,4.200399719310512,0.3468105792999267,,,,SON
9,37,DummyRegressor,-3.2475683604442382,-3.162736056118618,5.839727960984599,0.356722354888916,,,,SON
9,37,QuantileRegressor,-6.436347558527032,-6.2878290543798565,7.726846194053125,220.78435468673703,,,,SON
9,37,Lars,-1.0811653921727668e+16,-1.0595723902968568e+16,294624253.77534986,0.3288860321044922,,,,SON
