cluster_id,n_stations,Model,Adjusted R-Squared,R-Squared,RMSE,Time Taken,R2_deploy_mean,R2_deploy_std,R2_deploy_min,season
1,4,CatBoostRegressor,0.5166582879043526,0.5358840224399087,2.2154394388411265,5.39522385597229,0.4949,0.1337,0.2366,
1,4,ExtraTreesRegressor,0.5145370136056927,0.5338471254162129,2.220295640566865,38.778233766555786,0.4908,0.1522,0.2234,
1,4,HistGradientBoostingRegressor,0.5060276082237806,0.5256761960334417,2.2396702592894178,1.601609468460083,0.4859,0.1373,0.1751,
1,4,LGBMRegressor,0.5038911275841627,0.5236246975267326,2.244508433923058,1.7366573810577393,0.4825,0.1383,0.2063,
1,4,GradientBoostingRegressor,0.5017181452714821,0.5215381492627769,2.249418594153767,53.16101336479187,0.4816,0.1131,0.3209,
1,4,HuberRegressor,0.4974879319209031,0.5174761998068127,2.258946745754221,0.7930071353912354,,,,
1,4,RandomForestRegressor,0.4962287617655363,0.5162671152752114,2.261775154160485,129.93780708312988,,,,
1,4,LinearSVR,0.4959044449925154,0.5159556987506637,2.2625030774158867,3.02986478805542,,,,
1,4,MLPRegressor,0.493490419908524,0.5136376955995318,2.267913972145869,13.463541269302368,,,,
1,4,ElasticNetCV,0.4879250195006448,0.5082936684109471,2.2803395684158065,0.5749855041503906,,,,
1,4,LassoLarsIC,0.487629518736875,0.5080099216901186,2.280997426078333,0.1386339664459228,,,,
1,4,LassoLarsCV,0.4872780751422725,0.5076724573592233,2.2817795793699336,0.1597163677215576,,,,
1,4,LassoCV,0.4872404311718408,0.5076363107414186,2.281863341797779,0.5063991546630859,,,,
1,4,BayesianRidge,0.4849628777284189,0.5054493508404079,2.286925468165133,0.1215114593505859,,,,
1,4,RidgeCV,0.4847274877576053,0.5052233239040229,2.2874480109123385,0.0943427085876464,,,,
1,4,Ridge,0.4846562787078134,0.5051549473146904,2.2876060645327096,0.0462279319763183,,,,
1,4,LinearRegression,0.4846479026054284,0.5051469043859522,2.2876246551781017,0.1009421348571777,,,,
1,4,TransformedTargetRegressor,0.4846479026054284,0.5051469043859522,2.2876246551781017,0.0824942588806152,,,,
1,4,XGBRegressor,0.4830186140274918,0.5035824235183731,2.291237970711412,1.6838321685791016,,,,
1,4,SGDRegressor,0.4787595793855967,0.4994927991867279,2.300656536152603,0.1668756008148193,,,,
1,4,PoissonRegressor,0.4758703588045883,0.4967185022436241,2.307023961063919,0.0877876281738281,,,,
1,4,TweedieRegressor,0.4511092379903955,0.4729422969119219,2.3608897431441567,0.0515739917755126,,,,
1,4,GammaRegressor,0.449621343221894,0.4715135856757335,2.3640874451540315,0.0601050853729248,,,,
1,4,BaggingRegressor,0.4271019795975258,0.449889967848008,2.4119672434060124,13.22727394104004,,,,
1,4,KNeighborsRegressor,0.4066713193336937,0.4302719716700366,2.4545982238902653,0.3229107856750488,,,,
1,4,OrthogonalMatchingPursuitCV,0.4008554966735436,0.4246874831980431,2.466598904642034,0.1276981830596923,,,,
1,4,OrthogonalMatchingPursuit,0.4008554966735436,0.4246874831980431,2.466598904642034,0.0445730686187744,,,,
1,4,ElasticNet,0.3611186372104796,0.3865312245649824,2.5470815748260955,0.0805361270904541,,,,
1,4,RANSACRegressor,0.3252868582557402,0.3521247152546395,2.6175339858487487,0.309985876083374,,,,
1,4,LassoLars,0.2680242435477924,0.2971398179495899,2.7263467657689304,0.0445249080657959,,,,
1,4,Lasso,0.2680229855531055,0.2971386099937705,2.7263491085570912,0.0549721717834472,,,,
1,4,LarsCV,0.2162082859903541,0.2473849277897607,2.8211948253933072,0.2652509212493896,,,,
1,4,ExtraTreeRegressor,-0.0314030251019881,0.0096227756173511,3.2362863766754253,0.4276068210601806,,,,
1,4,DummyRegressor,-0.0452604430914558,-0.0036834401213141,3.257954406247541,0.0415060520172119,,,,
1,4,DecisionTreeRegressor,-0.0808543771747822,-0.0378615652424987,3.312961107087001,2.1975317001342773,,,,
1,4,QuantileRegressor,-0.0910529888902813,-0.047654509918372,3.3285544544032137,38.77038383483887,,,,
1,4,AdaBoostRegressor,-0.7764191051478639,-0.7057590290882492,4.247226893241432,12.74557328224182,,,,
1,4,PassiveAggressiveRegressor,-1.522454533330979,-1.4221196356339338,5.061094169217462,0.1034281253814697,,,,
1,4,Lars,-282312285310436.94,-271082836418116.7,53542375.24568465,0.0605764389038085,,,,
10,31,CatBoostRegressor,0.4203103988193993,0.4238424466299064,2.2275331208640345,8.913949966430664,0.3769,0.169,0.1846,
10,31,LGBMRegressor,0.4091403371599692,0.4127404441382569,2.248891932386288,1.2159318923950195,0.3636,0.1586,0.1784,
10,31,XGBRegressor,0.4082705440592347,0.4118759506854905,2.250546598854452,4.114044427871704,0.3628,0.1619,0.1852,
10,31,HistGradientBoostingRegressor,0.4070961174051212,0.4107086798110975,2.2527788620285865,4.929853200912476,0.3615,0.1598,0.1821,
10,31,MLPRegressor,0.4002505304890972,0.4039048030451764,2.265746676196517,81.87008333206177,0.3548,0.1744,0.1663,
10,31,GammaRegressor,0.3995839920687266,0.4032423258423324,2.2670053582994263,0.1972441673278808,,,,
10,31,GradientBoostingRegressor,0.3989286865120924,0.4025910130614041,2.26824214751031,264.6551992893219,,,,
10,31,ExtraTreesRegressor,0.3975338923259345,0.401204717353986,2.270872365959763,207.15666365623477,,,,
10,31,TweedieRegressor,0.3956464768192117,0.3993288018669193,2.27442669709628,0.2276372909545898,,,,
10,31,LinearSVR,0.3851595558298659,0.3889057776703467,2.294075089703909,29.692224979400635,,,,
10,31,HuberRegressor,0.3842946285444366,0.3880461203854807,2.295688118602317,5.701203107833862,,,,
10,31,PoissonRegressor,0.3841060385337629,0.3878586794534395,2.2960396753040757,0.3555390834808349,,,,
10,31,RandomForestRegressor,0.3774330283368521,0.3812263278969588,2.308444585549592,785.2283856868744,,,,
10,31,KNeighborsRegressor,0.3669144755478147,0.3707718646331995,2.3278640158829997,7.326597452163696,,,,
10,31,LassoLarsIC,0.3620321283738063,0.3659192655926938,2.336823004376297,0.5022938251495361,,,,
10,31,LassoLarsCV,0.3620321283738063,0.3659192655926938,2.336823004376297,0.963188409805298,,,,
10,31,ElasticNetCV,0.3583738686495128,0.3622832956390347,2.3435133768796725,4.38707447052002,,,,
10,31,LassoCV,0.3577030325935285,0.3616165469860639,2.344738157548588,2.94413423538208,,,,
10,31,BayesianRidge,0.3576221932836841,0.3615362002300047,2.3448857069379927,0.5487282276153564,,,,
10,31,RidgeCV,0.3575619340803041,0.3614763081858543,2.344995687100492,0.4743275642395019,,,,
10,31,Ridge,0.3575407623010506,0.3614552654062178,2.3450343268734426,0.2024986743927002,,,,
10,31,LinearRegression,0.3575384059414105,0.3614529234038732,2.345038627332406,0.3877444267272949,,,,
10,31,TransformedTargetRegressor,0.3575384059414105,0.3614529234038732,2.345038627332406,0.3571255207061767,,,,
10,31,SGDRegressor,0.3473757773596543,0.3513522157017708,2.3635130782823603,0.7791790962219238,,,,
10,31,BaggingRegressor,0.332589661938191,0.3366561920578621,2.390137468520729,78.17997789382935,,,,
10,31,OrthogonalMatchingPursuitCV,0.3282317161335403,0.3323247992100114,2.397928134121996,0.7427117824554443,,,,
10,31,OrthogonalMatchingPursuit,0.3282317161335403,0.3323247992100114,2.397928134121996,0.2409884929656982,,,,
10,31,LarsCV,0.3217749152469517,0.3259073396008719,2.409424596850624,1.108940362930298,,,,
10,31,ElasticNet,0.2911185651492585,0.2954377785951689,2.4632768004933547,0.2419595718383789,,,,
10,31,RANSACRegressor,0.1910012963151794,0.1959305241195658,2.631481542477891,0.919408082962036,,,,
10,31,Lasso,0.1766052394006586,0.1816221823567422,2.6547917838761954,0.214658498764038,,,,
10,31,LassoLars,0.1766052394006586,0.1816221823567422,2.6547917838761954,0.2576241493225097,,,,
10,31,PassiveAggressiveRegressor,0.1258092448059142,0.1311356876756163,2.7354546552442325,0.3864762783050537,,,,
10,31,DummyRegressor,-0.007123071794828,-0.0009866725332241,2.936078669373835,0.162302017211914,,,,
10,31,QuantileRegressor,-0.0292472272195134,-0.0229760255143811,2.968152892742992,674.501127243042,,,,
10,31,DecisionTreeRegressor,-0.158311641740066,-0.1512540507642046,3.148756854800657,12.947120904922484,,,,
10,31,ExtraTreeRegressor,-0.1843739393185821,-0.1771575508053637,3.183983706702808,2.146629095077514,,,,
10,31,AdaBoostRegressor,-0.9257446709525994,-0.914011111760264,4.05999751424645,66.06731152534485,,,,
10,31,Lars,-1955650241737769.2,-1943734467950591.2,129381448.29335389,0.2182939052581787,,,,
10,31,CatBoostRegressor,0.1802050473877414,0.2015519237234648,2.729988800646465,4.7022764682769775,0.1992,0.0192,0.1785,DJF
10,31,GammaRegressor,0.1747933387588036,0.1962811321305478,2.7389847101244382,0.0433459281921386,0.1951,0.0288,0.167,DJF
10,31,TweedieRegressor,0.1740051638939787,0.1955134807775068,2.740292433250524,0.0513787269592285,0.1943,0.0241,0.1696,DJF
10,31,LGBMRegressor,0.1646598517993357,0.1864115139498326,2.755750677661903,0.4912214279174804,0.1844,0.0161,0.1659,DJF
10,31,GradientBoostingRegressor,0.1613687303113238,0.1832060909199371,2.7611739742072583,57.109381675720215,0.1812,0.0152,0.1638,DJF
10,31,LinearSVR,0.1481642442517928,0.1703454402671641,2.782826806412008,1.9254601001739504,,,,DJF
10,31,HistGradientBoostingRegressor,0.14755909751828,0.1697560511233315,2.783815095271493,1.894636392593384,,,,DJF
10,31,HuberRegressor,0.1416828504498726,0.1640328173408535,2.793393642373314,0.5606098175048828,,,,DJF
10,31,XGBRegressor,0.1381639160660013,0.1606055135005548,2.7991139722670946,1.8103294372558596,,,,DJF
10,31,ExtraTreesRegressor,0.1229940814886454,0.1458306906047473,2.823641183046034,43.95786261558533,,,,DJF
10,31,PoissonRegressor,0.1178451198315538,0.1408158042397773,2.8319179475986145,0.0788476467132568,,,,DJF
10,31,RandomForestRegressor,0.11739406635673,0.1403764958759927,2.8326418472343438,153.67273545265198,,,,DJF
10,31,SGDRegressor,0.1061169934449089,0.1293930699061424,2.850680768769022,0.1475248336791992,,,,DJF
10,31,LassoLarsIC,0.1014835655339727,0.1248802931559752,2.858059447829067,0.0961568355560302,,,,DJF
10,31,LassoLarsCV,0.1009279639911001,0.1243391590813273,2.858942958010992,0.1153597831726074,,,,DJF
10,31,TransformedTargetRegressor,0.0956710559959923,0.1192191372240546,2.867288949439499,0.0689146518707275,,,,DJF
10,31,LinearRegression,0.0956710559959923,0.1192191372240546,2.867288949439499,0.0718750953674316,,,,DJF
10,31,RidgeCV,0.0956624052669325,0.1192107117538145,2.8673026635203565,0.0761117935180664,,,,DJF
10,31,Ridge,0.0956624052669264,0.1192107117538086,2.8673026635203662,0.0346565246582031,,,,DJF
10,31,BayesianRidge,0.0954563020846849,0.1190099753515523,2.8676293814075597,0.0953779220581054,,,,DJF
10,31,LassoCV,0.0946267376834788,0.1182020122161611,2.8689440431993587,0.9640018939971924,,,,DJF
10,31,ElasticNetCV,0.0942689636763649,0.1178535543892234,2.869510843803039,0.9597134590148926,,,,DJF
10,31,MLPRegressor,0.0879157869260242,0.1116658098338435,2.879557232506793,18.61929488182068,,,,DJF
10,31,LarsCV,0.0824212788911347,0.1063143748724984,2.888217613632794,0.1786959171295166,,,,DJF
10,31,ElasticNet,0.0785214325222329,0.1025160777238011,2.894348783678317,0.0340595245361328,,,,DJF
10,31,KNeighborsRegressor,0.0668427829155227,0.091141531830011,2.9126322573690397,0.4228048324584961,,,,DJF
10,31,BaggingRegressor,0.066578652879766,0.0908842795521521,2.913044438305633,15.35925316810608,,,,DJF
10,31,OrthogonalMatchingPursuitCV,0.0582386012509055,0.0827613969241345,2.9260294175985626,0.113976240158081,,,,DJF
10,31,OrthogonalMatchingPursuit,0.0582386012509055,0.0827613969241345,2.9260294175985626,0.0372669696807861,,,,DJF
10,31,Lasso,0.0344937221582132,0.0596348175611285,2.9626871672045567,0.0388894081115722,,,,DJF
10,31,LassoLars,0.0344937221582132,0.0596348175611285,2.9626871672045567,0.0328977108001709,,,,DJF
10,31,DummyRegressor,-0.0334026174357751,-0.0064935497364424,3.0650885375370387,0.0244691371917724,,,,DJF
10,31,QuantileRegressor,-0.0343473238341971,-0.0074136566534985,3.0664892245666806,40.91280174255371,,,,DJF
10,31,RANSACRegressor,-0.1752362382803347,-0.1446339241725325,3.268668159838031,0.2190799713134765,,,,DJF
10,31,PassiveAggressiveRegressor,-0.4426363235470318,-0.4050711017826733,3.621484884239372,0.114621877670288,,,,DJF
10,31,DecisionTreeRegressor,-0.4697849273266836,-0.431512775267469,3.6554019574213226,2.5827057361602783,,,,DJF
10,31,ExtraTreeRegressor,-0.6876506437770531,-0.6437054237243844,3.916963459074648,0.4564001560211181,,,,DJF
10,31,AdaBoostRegressor,-0.8666321917832034,-0.818026419772403,4.119434682083398,14.598718404769896,,,,DJF
10,31,Lars,-2274298584.943645,-2215077470.5540667,143791.09336908645,0.0391798019409179,,,,DJF
10,31,CatBoostRegressor,0.5800328553700649,0.5899287326928868,1.6704034305959297,4.098067045211792,0.579,0.1119,0.4504,JJA
10,31,ExtraTreesRegressor,0.5676659160663353,0.5778532012189681,1.6948195039078486,44.46919107437134,0.5668,0.1023,0.4495,JJA
10,31,HistGradientBoostingRegressor,0.5547555707453014,0.5652470682515096,1.7199386768302023,2.0279645919799805,0.5537,0.1174,0.4184,JJA
10,31,LGBMRegressor,0.5517066478074564,0.5622699884750773,1.7258174856508046,0.4658215045928955,0.5507,0.1143,0.419,JJA
10,31,XGBRegressor,0.5514423427937729,0.5620119114009474,1.7263261648433517,1.7060351371765137,0.5504,0.1123,0.4234,JJA
10,31,PoissonRegressor,0.5510982135700269,0.5616758910510142,1.7269882484954449,0.0761501789093017,,,,JJA
10,31,GammaRegressor,0.5459265616151734,0.5566261010893094,1.736907796212617,0.0433743000030517,,,,JJA
10,31,LinearSVR,0.5356010080243307,0.546543853225907,1.7565452810066378,3.039296388626098,,,,JJA
10,31,TweedieRegressor,0.5354226509064763,0.5463696988181468,1.7568825580939231,0.0392417907714843,,,,JJA
10,31,HuberRegressor,0.5348200583036526,0.5457813053795897,1.7580215948541662,0.5163726806640625,,,,JJA
10,31,GradientBoostingRegressor,0.5334658958223932,0.5444590516463386,1.7605785804879943,56.95517683029175,,,,JJA
10,31,RandomForestRegressor,0.5252867354262227,0.5364726205360637,1.7759445389346766,156.92877960205078,,,,JJA
10,31,ElasticNetCV,0.5217215103168771,0.532991404451618,1.782600976495137,1.037550687789917,,,,JJA
10,31,MLPRegressor,0.5213260427570676,0.532605255474243,1.7833378015963954,19.193329334259037,,,,JJA
10,31,LassoCV,0.5208777707130814,0.5321675462688293,1.784172642718589,0.7783699035644531,,,,JJA
10,31,BayesianRidge,0.5203739671149278,0.5316756140245802,1.7851104372646704,0.0999436378479003,,,,JJA
10,31,RidgeCV,0.5199511298083251,0.5312627402262357,1.7858971387266611,0.0748379230499267,,,,JJA
10,31,Ridge,0.519819047659796,0.5311337703895983,1.7861428104930894,0.035454511642456,,,,JJA
10,31,LinearRegression,0.5198041441852763,0.5311192180924442,1.7861705287180498,0.0698871612548828,,,,JJA
10,31,TransformedTargetRegressor,0.5198041441852763,0.5311192180924442,1.7861705287180498,0.0746800899505615,,,,JJA
10,31,LassoLarsIC,0.5168212550048024,0.5282066160898484,1.7917096230454626,0.0875954627990722,,,,JJA
10,31,LassoLarsCV,0.5168212550048024,0.5282066160898484,1.7917096230454626,0.1599578857421875,,,,JJA
10,31,SGDRegressor,0.5113328136788031,0.5228475014093977,1.8018569292181823,0.1226718425750732,,,,JJA
10,31,BaggingRegressor,0.4915830928518648,0.5035631522596548,1.8379077441572136,15.618522644042969,,,,JJA
10,31,KNeighborsRegressor,0.4870684766383808,0.4991549160065546,1.846049792045368,0.4796082973480224,,,,JJA
10,31,OrthogonalMatchingPursuitCV,0.4762072622761281,0.488549629390746,1.8654922617340293,0.0958063602447509,,,,JJA
10,31,OrthogonalMatchingPursuit,0.4762072622761281,0.488549629390746,1.8654922617340293,0.0369307994842529,,,,JJA
10,31,RANSACRegressor,0.4457276039682353,0.4587881771694798,1.9190016169701931,0.2300753593444824,,,,JJA
10,31,ElasticNet,0.4361971773201925,0.4494823203101673,1.9354294202790343,0.0420894622802734,,,,JJA
10,31,PassiveAggressiveRegressor,0.3738286591364658,0.3885834199587979,2.0396718813368304,0.1029436588287353,,,,JJA
10,31,LarsCV,0.2617542374913659,0.2791498590138926,2.2146963858151123,0.172131061553955,,,,JJA
10,31,Lasso,0.2429180768635925,0.2607575434277824,2.2427721464042016,0.0320734977722168,,,,JJA
10,31,LassoLars,0.2429179907038757,0.2607574592982863,2.2427722740235527,0.0344378948211669,,,,JJA
10,31,ExtraTreeRegressor,0.1929246098938153,0.2119420953159122,2.315638533575959,0.4846172332763672,,,,JJA
10,31,DecisionTreeRegressor,0.0868817122720375,0.1083979348435522,2.463072729889898,2.621253967285156,,,,JJA
10,31,DummyRegressor,-0.0257730808086467,-0.0016023219801668,2.610594173536532,0.0269591808319091,,,,JJA
10,31,QuantileRegressor,-0.0674924905186005,-0.0423386782161778,2.663153074368926,44.72522592544556,,,,JJA
10,31,AdaBoostRegressor,-0.3535763207090945,-0.3216813846692357,2.9988523919165813,13.865969181060793,,,,JJA
10,31,Lars,-7.462585691306204e+19,-7.286741381920319e+19,22266829365.10276,0.0447390079498291,,,,JJA
10,31,GammaRegressor,0.3808062821355376,0.395698282944936,2.0512072540840287,0.0450279712677001,0.3493,0.0223,0.3266,MAM
10,31,TweedieRegressor,0.3746452749923326,0.3896854519228967,2.06138680021856,0.0500497817993164,0.3424,0.0239,0.3169,MAM
10,31,LinearSVR,0.3653805890682414,0.3806435875590052,2.076600473885996,2.4278717041015625,0.3333,0.0381,0.2991,MAM
10,31,HuberRegressor,0.3617975309492993,0.3771467042555819,2.082454460727401,0.5826315879821777,0.3289,0.0371,0.2925,MAM
10,31,CatBoostRegressor,0.3566697826592616,0.37214228155733,2.090803644088262,4.58889102935791,0.3204,0.067,0.2486,MAM
10,31,PoissonRegressor,0.3564379256282926,0.3719160008347006,2.0911803742979997,0.0613214969635009,,,,MAM
10,31,ExtraTreesRegressor,0.3561044097251463,0.3715905062001111,2.091722164750531,43.67148423194885,,,,MAM
10,31,GradientBoostingRegressor,0.3526653371042924,0.3682341454524169,2.0973007125730376,57.37317895889282,,,,MAM
10,31,LGBMRegressor,0.351521790859342,0.367118102218421,2.099152383913277,0.5334155559539795,,,,MAM
10,31,HistGradientBoostingRegressor,0.348777864992421,0.3644401695052615,2.10358880002586,1.934338092803955,,,,MAM
10,31,RandomForestRegressor,0.3296745294563319,0.345796281279534,2.134219746561549,158.31936478614807,,,,MAM
10,31,LassoLarsCV,0.3251801829031939,0.3414100266055221,2.141362470103608,0.1328141689300537,,,,MAM
10,31,LassoLarsIC,0.324989864005794,0.3412242849980597,2.1416644121948902,0.0893123149871826,,,,MAM
10,31,ElasticNetCV,0.3203318170995661,0.3366782670680576,2.1490412066820768,1.0923378467559814,,,,MAM
10,31,BayesianRidge,0.3194598398722816,0.3358272614449735,2.150419316171674,0.1008901596069336,,,,MAM
10,31,RidgeCV,0.3191097644419237,0.3354856055502825,2.1509723417121034,0.0758752822875976,,,,MAM
10,31,Ridge,0.3190231795862752,0.3354011031152129,2.15110910069288,0.0354673862457275,,,,MAM
10,31,TransformedTargetRegressor,0.3190136192585403,0.3353917727194108,2.1511242004989235,0.0688121318817138,,,,MAM
10,31,LinearRegression,0.3190136192585403,0.3353917727194108,2.1511242004989235,0.0808453559875488,,,,MAM
10,31,LassoCV,0.3189354348654132,0.3353154687104221,2.1512476827871585,0.7603411674499512,,,,MAM
10,31,SGDRegressor,0.3073676722557337,0.3240259181128742,2.169440042491469,0.1156702041625976,,,,MAM
10,31,MLPRegressor,0.3050600468482275,0.3217737925569409,2.1730509713281942,19.54360556602478,,,,MAM
10,31,OrthogonalMatchingPursuit,0.3040969365769126,0.3208338456972146,2.174556254680472,0.037665843963623,,,,MAM
10,31,OrthogonalMatchingPursuitCV,0.3040969365769126,0.3208338456972146,2.174556254680472,0.0917425155639648,,,,MAM
10,31,KNeighborsRegressor,0.3007504415191799,0.3175678359636553,2.179778543845884,0.4746336936950683,,,,MAM
10,31,XGBRegressor,0.2923742522665077,0.3093930993638955,2.192795273269301,1.7598662376403809,,,,MAM
10,31,LarsCV,0.2735430867899399,0.2910148353354982,2.221780769743056,0.1927590370178222,,,,MAM
10,31,BaggingRegressor,0.2700121960395619,0.2875688647424078,2.227173626341832,15.577211380004885,,,,MAM
10,31,ElasticNet,0.2528732588731327,0.2708421298622598,2.253167163606629,0.0366284847259521,,,,MAM
10,31,RANSACRegressor,0.1861580530484567,0.2057314669624811,2.3516154683203983,0.222792387008667,,,,MAM
10,31,Lasso,0.1346208442714848,0.1554337606750819,2.4249315726437186,0.0388946533203125,,,,MAM
10,31,LassoLars,0.1346208442714846,0.1554337606750818,2.424931572643719,0.0341219902038574,,,,MAM
10,31,QuantileRegressor,-0.0265277750173125,-0.0018391323270228,2.6410804187212245,42.716712474823,,,,MAM
10,31,DummyRegressor,-0.0429433775024501,-0.017859929182771,2.6621139324534893,0.0254158973693847,,,,MAM
10,31,PassiveAggressiveRegressor,-0.1319994970978288,-0.1047741927372483,2.7734439277622687,0.0973834991455078,,,,MAM
10,31,DecisionTreeRegressor,-0.3380764983478788,-0.3058949116787526,3.015343162983694,2.635972738265991,,,,MAM
10,31,ExtraTreeRegressor,-0.35155543812898,-0.3190496744271438,3.0304924413280485,0.4602785110473633,,,,MAM
10,31,AdaBoostRegressor,-0.5907847766568182,-0.5525253959524139,3.287774222632637,11.18603014945984,,,,MAM
10,31,Lars,-770975218.193932,-752432776.2133186,72379.65063955188,0.0402398109436035,,,,MAM
10,31,GammaRegressor,0.3456256225627154,0.3613372230319341,2.3864995603775228,0.0459773540496826,0.3686,0.1221,0.2868,SON
10,31,CatBoostRegressor,0.3403986983825989,0.3562357978738339,2.396011883931502,4.948591709136963,0.3662,0.153,0.2718,SON
10,31,LGBMRegressor,0.3367386956398355,0.3526636721977669,2.4026501961439477,0.4663684368133545,0.3607,0.1363,0.2722,SON
10,31,TweedieRegressor,0.3359291769132662,0.3518735901044809,2.404115981351846,0.0487756729125976,0.3582,0.1156,0.2851,SON
10,31,GradientBoostingRegressor,0.3349699334420172,0.3509373781740328,2.405851715165051,58.959200382232666,0.3589,0.1306,0.2776,SON
10,31,PoissonRegressor,0.3347075217644718,0.3506812670296045,2.406326326277118,0.0704548358917236,,,,SON
10,31,LinearSVR,0.3334753140567722,0.349478644763918,2.4085537091794325,1.890228509902954,,,,SON
10,31,HuberRegressor,0.3316474520336622,0.3476946699081699,2.4118540292940627,0.5540828704833984,,,,SON
10,31,HistGradientBoostingRegressor,0.3279693005825324,0.344104831276212,2.4184815140710407,1.8597898483276367,,,,SON
10,31,ExtraTreesRegressor,0.3228421534563012,0.3391007875140058,2.4276896868378683,44.704975605010986,,,,SON
10,31,KNeighborsRegressor,0.3087624679554248,0.3253591568040098,2.452798496240141,0.4791274070739746,,,,SON
10,31,ElasticNetCV,0.3081040768640201,0.3247165737548165,2.4539663410447727,0.9934017658233644,,,,SON
10,31,BayesianRidge,0.3080765754890637,0.3246897326908848,2.4540151105024406,0.0984835624694824,,,,SON
10,31,RidgeCV,0.3078650984249519,0.3244833332142433,2.454390100165057,0.0734219551086425,,,,SON
10,31,Ridge,0.3077837718265611,0.3244039592763867,2.4545342926731544,0.0361607074737548,,,,SON
10,31,LinearRegression,0.3077745492342366,0.324394958119514,2.454550643845524,0.0701043605804443,,,,SON
10,31,TransformedTargetRegressor,0.3077745492342366,0.324394958119514,2.454550643845524,0.07127046585083,,,,SON
10,31,LassoCV,0.3075441527460285,0.3241700934762207,2.4549590893884834,0.7265386581420898,,,,SON
10,31,RandomForestRegressor,0.3023543733953698,0.319104921296155,2.464141561466664,156.52330803871155,,,,SON
10,31,XGBRegressor,0.2936162934099474,0.3105766435681752,2.479525348030232,1.8008286952972412,,,,SON
10,31,SGDRegressor,0.2921972270882439,0.3091916491842718,2.482014678903641,0.1791186332702636,,,,SON
10,31,MLPRegressor,0.2814445673777721,0.2986971620110775,2.50079650878596,19.92861032485962,,,,SON
10,31,LassoLarsIC,0.2792489353676287,0.2965542473659628,2.504614335874603,0.0903515815734863,,,,SON
10,31,LassoLarsCV,0.2767493513900012,0.294114678673392,2.5089536117166045,0.1261053085327148,,,,SON
10,31,OrthogonalMatchingPursuitCV,0.2607100857624295,0.2784605175701554,2.536621133920681,0.104379653930664,,,,SON
10,31,OrthogonalMatchingPursuit,0.2607100857624295,0.2784605175701554,2.536621133920681,0.0398440361022949,,,,SON
10,31,BaggingRegressor,0.2286509737682193,0.2471711483660337,2.591037410605624,15.777320146560667,,,,SON
10,31,ElasticNet,0.2255541347489044,0.2441486647907377,2.5962334942352023,0.0468401908874511,,,,SON
10,31,LarsCV,0.1389391778404616,0.1596133424837192,2.737569354362211,0.1915621757507324,,,,SON
10,31,Lasso,0.1206236811044074,0.1417376028302073,2.766531368455825,0.0372867584228515,,,,SON
10,31,LassoLars,0.1206236811044074,0.1417376028302073,2.766531368455825,0.034553050994873,,,,SON
10,31,RANSACRegressor,0.1022573874998268,0.1238122859465453,2.795272396108307,0.2258474826812744,,,,SON
10,31,DummyRegressor,-0.0274300407775238,-0.0027613329745252,2.9903659964200573,0.0252025127410888,,,,SON
10,31,QuantileRegressor,-0.0816948485150113,-0.0557232367351647,3.0683196155482064,45.11648726463318,,,,SON
10,31,ExtraTreeRegressor,-0.3352426882703276,-0.303183365089448,3.40901035183928,0.4923272132873535,,,,SON
10,31,DecisionTreeRegressor,-0.3358952955353136,-0.3038203031825282,3.409843336422858,2.659554958343506,,,,SON
10,31,PassiveAggressiveRegressor,-0.4859801481722572,-0.450301602070396,3.5962901171966477,0.0783748626708984,,,,SON
10,31,AdaBoostRegressor,-0.522439966309562,-0.4858860159811522,3.6401418185786,14.69359850883484,,,,SON
10,31,Lars,-598831941377.5886,-584453920881.1356,2282972.5751787857,0.0412588119506835,,,,SON
11,16,CatBoostRegressor,0.5960425665797786,0.600581414146298,1.8151798476547367,10.541021823883057,0.5582,0.1309,0.3087,
11,16,HistGradientBoostingRegressor,0.5838889505704636,0.5885643556202338,1.8422835884958175,3.766511917114258,0.5433,0.1295,0.2751,
11,16,LGBMRegressor,0.5826101033768176,0.5872998774961793,1.8451123907890636,3.367115020751953,0.5421,0.1338,0.2638,
11,16,ExtraTreesRegressor,0.577836504519652,0.5825799145812289,1.8556334720992,135.0544400215149,0.5361,0.1354,0.2769,
11,16,MLPRegressor,0.5749468364290462,0.5797227146714166,1.8619734568272808,66.70931506156921,0.5311,0.1288,0.2993,
11,16,XGBRegressor,0.5697262462505357,0.5745607828095185,1.8733731304116732,3.4979147911071777,,,,
11,16,GradientBoostingRegressor,0.5636624238576258,0.5685650932524839,1.88652761421363,176.73518824577332,,,,
11,16,RandomForestRegressor,0.5568861795596021,0.5618649865308425,1.9011198963421625,510.26303791999817,,,,
11,16,HuberRegressor,0.5513340895887046,0.5563752795933259,1.912993065691441,3.0390818119049072,,,,
11,16,LinearSVR,0.5509275590367634,0.5559733168003953,1.913859538967838,22.28941059112549,,,,
11,16,PoissonRegressor,0.5486877382224498,0.5537586625120852,1.918626443118553,0.3234226703643799,,,,
11,16,TweedieRegressor,0.5414821394487852,0.5466340255223945,1.9338820745089853,0.1737067699432373,,,,
11,16,GammaRegressor,0.5403695422159975,0.54553392938211,1.9362269430221728,0.1945927143096923,,,,
11,16,ElasticNetCV,0.5356453161536454,0.5408627845114696,1.9461520788286075,3.1936404705047607,,,,
11,16,LassoCV,0.5341098723785861,0.5393445929136582,1.9493670145868076,1.4779775142669678,,,,
11,16,LassoLarsCV,0.5339527677938736,0.5391892535489986,1.9496956636213807,0.5181190967559814,,,,
11,16,LassoLarsIC,0.5338877049008326,0.5391249216996996,1.9498317532756264,0.411149263381958,,,,
11,16,BayesianRidge,0.5326273808309039,0.537878758574377,1.9524660551384967,0.4069333076477051,,,,
11,16,RidgeCV,0.5325204417816061,0.5377730210874307,1.952689413239712,0.344109296798706,,,,
11,16,Ridge,0.5324841096653588,0.5377370971972086,1.9527652924510164,0.1622960567474365,,,,
11,16,LinearRegression,0.5324800564954573,0.537733089568542,1.952773757267418,0.3243772983551025,,,,
11,16,TransformedTargetRegressor,0.5324800564954573,0.537733089568542,1.952773757267418,0.2876124382019043,,,,
11,16,KNeighborsRegressor,0.5309105431313487,0.5361812111860527,1.9560488437734456,2.8414440155029297,,,,
11,16,SGDRegressor,0.5214237147050546,0.526800976337582,1.9757293269907168,0.4769959449768066,,,,
11,16,BaggingRegressor,0.5161799946795365,0.521616174514598,1.986523788907237,51.28662705421448,,,,
11,16,OrthogonalMatchingPursuitCV,0.5150632067562075,0.5205119347701828,1.9888151854885776,0.4972579479217529,,,,
11,16,OrthogonalMatchingPursuit,0.5150632067562075,0.5205119347701828,1.9888151854885776,0.1508584022521972,,,,
11,16,ElasticNet,0.4294368376796325,0.4358476597281759,2.157266122907326,0.2240262031555175,,,,
11,16,RANSACRegressor,0.3352867475411147,0.34275543577099,2.328461320132305,0.92905855178833,,,,
11,16,PassiveAggressiveRegressor,0.3350860069195904,0.342556950662067,2.328812886380398,0.3306193351745605,,,,
11,16,Lasso,0.2839071845309909,0.2919531712216541,2.4167766564620954,0.1305718421936035,,,,
11,16,LassoLars,0.2839052777784123,0.2919512858932617,2.4167798740562083,0.1226012706756591,,,,
11,16,DecisionTreeRegressor,0.1448315690839625,0.154440203139199,2.64105648286512,8.559480428695679,,,,
11,16,LarsCV,0.0783636161150258,0.0887190811024976,2.741774070132308,0.917278289794922,,,,
11,16,ExtraTreeRegressor,0.0627851207944344,0.0733156250551712,2.764849184495872,1.533341646194458,,,,
11,16,QuantileRegressor,-0.0121606290109339,-0.0007880376737323,2.8732709321309158,272.07381439208984,,,,
11,16,DummyRegressor,-0.0262081534151119,-0.0146777247250544,2.893140931585805,0.1452105045318603,,,,
11,16,AdaBoostRegressor,-0.642901288210459,-0.6244417231743862,3.660644832507947,46.22234964370728,,,,
11,16,Lars,-2403937300955.6763,-2376926769484.253,4428059.290763223,0.1630139350891113,,,,
11,16,ExtraTreesRegressor,0.4546459614243826,0.4787991705920673,2.154099780268788,28.27900242805481,0.4679,0.2077,0.2934,DJF
11,16,CatBoostRegressor,0.4532727888068827,0.4774868144774403,2.1568100299177453,4.567534923553467,0.4665,0.2096,0.288,DJF
11,16,RandomForestRegressor,0.4356673765268545,0.4606611290816091,2.1912610955029064,100.62574481964111,0.4495,0.2092,0.2728,DJF
11,16,HistGradientBoostingRegressor,0.434170327718523,0.4592303831342528,2.1941656344194067,1.94915771484375,0.4483,0.2111,0.2775,DJF
11,16,GradientBoostingRegressor,0.4307392744145306,0.455951287901999,2.200808023149674,39.09841322898865,0.445,0.2073,0.2763,DJF
11,16,LGBMRegressor,0.4271014905628607,0.4524746180204496,2.207828808016313,0.898120641708374,,,,DJF
11,16,GammaRegressor,0.4099425512676288,0.4360756317476173,2.240648324210277,0.0525054931640625,,,,DJF
11,16,TweedieRegressor,0.4061956359574825,0.4324946637355894,2.24775122038736,0.0561308860778808,,,,DJF
11,16,PoissonRegressor,0.4044464191869155,0.4308229181040451,2.251059475655085,0.0738246440887451,,,,DJF
11,16,HuberRegressor,0.4008200807277824,0.4273571867095357,2.257902449296552,0.6524214744567871,,,,DJF
11,16,LinearSVR,0.3993835896792546,0.4259843164766769,2.2606074089343013,1.9391288757324217,,,,DJF
11,16,KNeighborsRegressor,0.3921765367491309,0.4190964570329689,2.274129961269879,0.2055180072784423,,,,DJF
11,16,LassoLarsIC,0.3905704215548811,0.4175614751456905,2.27713256419069,0.0796473026275634,,,,DJF
11,16,LassoLarsCV,0.3905704215548811,0.4175614751456905,2.27713256419069,0.1261348724365234,,,,DJF
11,16,XGBRegressor,0.3839690525794543,0.4112524744931848,2.2894323478203424,1.729856252670288,,,,DJF
11,16,ElasticNetCV,0.3836249422633637,0.4109236044941239,2.290071688510667,0.5177741050720215,,,,DJF
11,16,BayesianRidge,0.3829592814386795,0.4102874251511855,2.291307948508324,0.0887904167175293,,,,DJF
11,16,RidgeCV,0.3826840854859737,0.4100244173642173,2.291818845410524,0.0692982673645019,,,,DJF
11,16,Ridge,0.3826142641951564,0.4099576883916414,2.291948449412229,0.041285753250122,,,,DJF
11,16,LinearRegression,0.3826069271884617,0.4099506763339611,2.2919620681194504,0.0622155666351318,,,,DJF
11,16,TransformedTargetRegressor,0.3826069271884617,0.4099506763339611,2.2919620681194504,0.0676231384277343,,,,DJF
11,16,LassoCV,0.3805405078540625,0.4079757767369829,2.295794471309067,0.295989990234375,,,,DJF
11,16,BaggingRegressor,0.3801688448703589,0.4076205743516251,2.2964830828223928,10.056579828262327,,,,DJF
11,16,SGDRegressor,0.3786919947865993,0.4062091325466334,2.299217330181281,0.1056208610534668,,,,DJF
11,16,MLPRegressor,0.3678550778624858,0.3958521723161287,2.3191822393777954,15.499261856079102,,,,DJF
11,16,OrthogonalMatchingPursuitCV,0.3397712897049093,0.3690121882960672,2.370138650759984,0.082122802734375,,,,DJF
11,16,OrthogonalMatchingPursuit,0.3397712897049093,0.3690121882960672,2.370138650759984,0.0361099243164062,,,,DJF
11,16,LarsCV,0.3184918569170017,0.348675201249349,2.4080310043148243,0.1913115978240966,,,,DJF
11,16,ElasticNet,0.3070132424085544,0.3377049636072432,2.42822551071449,0.0430324077606201,,,,DJF
11,16,Lasso,0.1820771083594851,0.2183021315323751,2.6380482297562136,0.0409560203552246,,,,DJF
11,16,LassoLars,0.1820765738418064,0.2183016206879735,2.6380490917465065,0.0331349372863769,,,,DJF
11,16,RANSACRegressor,0.1554095318338886,0.1928156364846022,2.6807087845503488,0.277031660079956,,,,DJF
11,16,AdaBoostRegressor,0.0293841582066166,0.0723718062114519,2.8737582911931363,10.416418075561523,,,,DJF
11,16,DecisionTreeRegressor,0.0012720582675213,0.045504764311617,2.915077798520748,1.703925848007202,,,,DJF
11,16,DummyRegressor,-0.0493415840363959,-0.002867248146672,2.9880302612600222,0.0277988910675048,,,,DJF
11,16,QuantileRegressor,-0.0593678729594324,-0.0124494823155414,3.002271396854833,17.749377965927124,,,,DJF
11,16,PassiveAggressiveRegressor,-0.0607451406776551,-0.0137657521627938,3.0042223661614367,0.0641486644744873,,,,DJF
11,16,ExtraTreeRegressor,-0.1251059201410169,-0.0752760542140253,3.0940209822348197,0.3108787536621094,,,,DJF
11,16,Lars,-4180704308.826672,-3995544910.48936,188604.1634920528,0.045623779296875,,,,DJF
11,16,CatBoostRegressor,0.6681132787809261,0.6834435406200567,1.433010589250016,5.588257551193237,0.6688,0.0436,0.6231,JJA
11,16,LGBMRegressor,0.6579952043076605,0.6737928326338058,1.4546903547071657,1.4034829139709473,0.6587,0.0437,0.6152,JJA
11,16,ExtraTreesRegressor,0.6533175048231914,0.669331201926172,1.4646046819855272,30.136749982833862,0.6542,0.0409,0.6083,JJA
11,16,HistGradientBoostingRegressor,0.6466491667532492,0.6629708827135935,1.4786232173162484,2.9192702770233154,0.6475,0.055,0.5885,JJA
11,16,MLPRegressor,0.6389037534396169,0.6555832397069927,1.4947410042005975,15.85606575012207,0.6397,0.0248,0.6114,JJA
11,16,GradientBoostingRegressor,0.6379397517751737,0.6546637664824793,1.4967348942141312,38.44968152046204,,,,JJA
11,16,RandomForestRegressor,0.6205047078164245,0.6380340689626675,1.532348888402858,98.91391944885254,,,,JJA
11,16,XGBRegressor,0.6199712674164419,0.6375252688404798,1.5334254890491257,1.6564373970031738,,,,JJA
11,16,PoissonRegressor,0.6174644997973285,0.6351342919460743,1.538474611584613,0.0811612606048584,,,,JJA
11,16,LinearSVR,0.6168798618805409,0.6345766591842761,1.53964980603194,3.255438327789306,,,,JJA
11,16,HuberRegressor,0.615118465505643,0.6328966239061116,1.5431850204866289,0.7345099449157715,,,,JJA
11,16,LassoLarsCV,0.6098147648611074,0.6278379078132281,1.553781252285981,0.1562485694885254,,,,JJA
11,16,ElasticNetCV,0.6093915284035575,0.6274342211758405,1.5546237221953318,0.6841709613800049,,,,JJA
11,16,LassoLarsIC,0.6090512569126734,0.6271096672497702,1.555300715929996,0.0947201251983642,,,,JJA
11,16,LassoCV,0.6083477239310972,0.626438631334604,1.55669950994273,0.4905250072479248,,,,JJA
11,16,BayesianRidge,0.6057183878530433,0.6239307475713387,1.5619161775325152,0.0925099849700927,,,,JJA
11,16,RidgeCV,0.6053729371150494,0.6236012536340463,1.5626002659429823,0.0719959735870361,,,,JJA
11,16,Ridge,0.6051878547691584,0.6234247204726899,1.5629666572118597,0.0385434627532959,,,,JJA
11,16,TransformedTargetRegressor,0.6051667071339494,0.623404549673143,1.5630085158609794,0.0653614997863769,,,,JJA
11,16,LinearRegression,0.6051667071339494,0.623404549673143,1.5630085158609794,0.0722756385803222,,,,JJA
11,16,OrthogonalMatchingPursuitCV,0.6037837919298773,0.6220855130481893,1.5657433648472885,0.109473705291748,,,,JJA
11,16,OrthogonalMatchingPursuit,0.6037837919298773,0.6220855130481893,1.5657433648472885,0.0394842624664306,,,,JJA
11,16,SGDRegressor,0.5963469012677027,0.6149921416467472,1.5803693806052053,0.1349821090698242,,,,JJA
11,16,TweedieRegressor,0.5956461874445443,0.6143237946695532,1.58174049172042,0.0474195480346679,,,,JJA
11,16,GammaRegressor,0.5915833223702527,0.6104485984033934,1.5896671339443864,0.0557613372802734,,,,JJA
11,16,BaggingRegressor,0.5906788963306875,0.6095859489312959,1.5914262948128834,10.173181772232056,,,,JJA
11,16,KNeighborsRegressor,0.5712708959738853,0.5910744283316556,1.6287181815709424,0.2169380187988281,,,,JJA
11,16,ElasticNet,0.4779148351239189,0.5020306004382922,1.79731888554552,0.0505037307739257,,,,JJA
11,16,RANSACRegressor,0.4656612402211864,0.4903430143762856,1.8182885350841416,0.2941939830780029,,,,JJA
11,16,LarsCV,0.3393493180643623,0.3698655975378885,2.021810301934971,0.2010500431060791,,,,JJA
11,16,Lasso,0.2887873525572971,0.3216391523176164,2.0977522561043727,0.0537984371185302,,,,JJA
11,16,LassoLars,0.2887838438904101,0.3216358057204317,2.0977574305798456,0.0384199619293212,,,,JJA
11,16,ExtraTreeRegressor,0.2849015977870907,0.317932885409567,2.10347505035106,0.3241486549377441,,,,JJA
11,16,AdaBoostRegressor,0.2213699174888627,0.2573358127102036,2.194926847653865,9.640846014022827,,,,JJA
11,16,DecisionTreeRegressor,0.1929360898063057,0.2302153790129836,2.2346444074014022,1.7145204544067385,,,,JJA
11,16,PassiveAggressiveRegressor,0.094065497623604,0.135911742871136,2.367570180033121,0.0811097621917724,,,,JJA
11,16,QuantileRegressor,-0.0499719385803096,-0.0014724243995336,2.5488443042778024,18.17478919029236,,,,JJA
11,16,DummyRegressor,-0.0662890870579289,-0.0170358634255936,2.568573180106026,0.0305564403533935,,,,JJA
11,16,Lars,-18461339710728.457,-17608587390216.645,10687744.628107904,0.0546381473541259,,,,JJA
11,16,CatBoostRegressor,0.4887154445392424,0.5113597488603483,1.7267075682180335,6.403640031814575,0.4854,0.0602,0.42,MAM
11,16,HistGradientBoostingRegressor,0.4837923522029271,0.5066546955785551,1.7350007735415802,1.6514134407043457,0.4812,0.0599,0.4122,MAM
11,16,LGBMRegressor,0.4751103452920545,0.4983572064562759,1.7495302745582466,2.889957427978516,0.4726,0.0652,0.3985,MAM
11,16,TweedieRegressor,0.4696653631160302,0.4931533773369986,1.7585813039552622,0.0569767951965332,0.4664,0.0563,0.4014,MAM
11,16,HuberRegressor,0.4681116254881765,0.4916684532637585,1.7611555046580298,0.626781702041626,0.4636,0.0518,0.4072,MAM
11,16,LinearSVR,0.4665842091780291,0.490208684762219,1.7636824344781847,2.3101131916046143,,,,MAM
11,16,ExtraTreesRegressor,0.465462921909426,0.4891370582351159,1.765535169731548,28.33857774734497,,,,MAM
11,16,GammaRegressor,0.4625570437744916,0.486359878665598,1.7703276121710187,0.0478010177612304,,,,MAM
11,16,PoissonRegressor,0.4604588413402104,0.4843546036118561,1.7737799668079146,0.0760836601257324,,,,MAM
11,16,RandomForestRegressor,0.4564792666433024,0.480551280474951,1.7803095162365683,105.33371257781982,,,,MAM
11,16,GradientBoostingRegressor,0.4527702505064375,0.4770065331180405,1.786373654591288,38.62826013565064,,,,MAM
11,16,ElasticNetCV,0.4475653889271185,0.4720321898837263,1.794848909767567,0.4169723987579345,,,,MAM
11,16,LassoCV,0.44604771700461,0.47058173420021,1.7973126615309334,0.271496057510376,,,,MAM
11,16,SGDRegressor,0.4428750572477153,0.4675495885118026,1.8024522018493143,0.110912799835205,,,,MAM
11,16,BayesianRidge,0.4425714273582642,0.4672594060999728,1.8029432979888156,0.0821874141693115,,,,MAM
11,16,XGBRegressor,0.4422771918308288,0.4669782019828434,1.80341907193788,2.0755794048309326,,,,MAM
11,16,RidgeCV,0.4418946473913279,0.466612600070966,1.8040374523136191,0.0833160877227783,,,,MAM
11,16,Ridge,0.4417260927687311,0.4664515105715145,1.8043098524035752,0.0740482807159423,,,,MAM
11,16,LinearRegression,0.441707414063699,0.466433659128477,1.8043400364128817,0.0627391338348388,,,,MAM
11,16,TransformedTargetRegressor,0.441707414063699,0.466433659128477,1.8043400364128817,0.0664570331573486,,,,MAM
11,16,BaggingRegressor,0.4225622972682961,0.4481364612587445,1.8350167125679608,10.108206272125244,,,,MAM
11,16,MLPRegressor,0.4155491290619053,0.4414338995696532,1.846126517932291,15.748446702957152,,,,MAM
11,16,OrthogonalMatchingPursuit,0.412139508111253,0.438175287472293,1.8515037345313303,0.0361914634704589,,,,MAM
11,16,OrthogonalMatchingPursuitCV,0.412139508111253,0.438175287472293,1.8515037345313303,0.0821549892425537,,,,MAM
11,16,LassoLarsCV,0.4013829172338687,0.4278950957246764,1.8683662283479812,0.1089518070220947,,,,MAM
11,16,LassoLarsIC,0.4013829172338687,0.4278950957246764,1.8683662283479812,0.0848321914672851,,,,MAM
11,16,LarsCV,0.3988026041475587,0.4254290622389256,1.8723886543601629,0.171191930770874,,,,MAM
11,16,KNeighborsRegressor,0.3872609171210184,0.414398545500274,1.8902761144393367,0.2111735343933105,,,,MAM
11,16,ElasticNet,0.3245591178179317,0.3544737489635244,1.9846371988902176,0.0447392463684082,,,,MAM
11,16,RANSACRegressor,0.3009320122934539,0.3318930653620422,2.0190504138783982,0.2610878944396972,,,,MAM
11,16,Lasso,0.145552108292474,0.1833947888109891,2.232185315440367,0.0427181720733642,,,,MAM
11,16,LassoLars,0.1455515036575237,0.183394210954743,2.232186105223472,0.0370943546295166,,,,MAM
11,16,QuantileRegressor,-0.0463768417031802,-3.381141795766318e-05,2.470196574771413,17.80191135406494,,,,MAM
11,16,DummyRegressor,-0.0744613447172308,-0.0268744786341832,2.5031268191400597,0.0284464359283447,,,,MAM
11,16,DecisionTreeRegressor,-0.0777819535936814,-0.0300480209170381,2.506991775809238,1.6894731521606443,,,,MAM
11,16,PassiveAggressiveRegressor,-0.1524353767693151,-0.1013951153273176,2.5923625941179647,0.0967364311218261,,,,MAM
11,16,ExtraTreeRegressor,-0.2501079855680479,-0.1947418976291366,2.6999841844487333,0.3123691082000732,,,,MAM
11,16,AdaBoostRegressor,-0.8578091227827329,-0.7755285322632179,3.291455600208286,9.739587783813477,,,,MAM
11,16,Lars,-4382844622983.6143,-4188732623364.249,5055516.042420487,0.045569896697998,,,,MAM
11,16,ExtraTreesRegressor,0.5625215180453668,0.5822808472620182,1.9098674695867224,29.56020784378052,0.5814,0.11,0.4811,SON
11,16,CatBoostRegressor,0.5572109164494963,0.5772101064355333,1.921424552604628,6.3585898876190186,0.5758,0.1157,0.4612,SON
11,16,LGBMRegressor,0.5497245151772088,0.5700618389766534,1.9375995929404048,2.0184266567230225,0.5677,0.1098,0.4553,SON
11,16,HistGradientBoostingRegressor,0.5437826960280989,0.5643883904230264,1.9503419411889176,1.9487619400024412,0.5627,0.1131,0.4521,SON
11,16,RandomForestRegressor,0.5343856687472535,0.555415793058986,1.9703258394736505,103.51174116134644,0.5523,0.1021,0.4495,SON
11,16,GradientBoostingRegressor,0.5334645586070101,0.5545362861501166,1.9722737932755656,39.94355583190918,,,,SON
11,16,LinearSVR,0.529390363864974,0.550646108127808,1.9808668817103856,2.739908456802368,,,,SON
11,16,HuberRegressor,0.5282550308362448,0.5495620540076664,1.9832548362681373,0.7847788333892822,,,,SON
11,16,PoissonRegressor,0.5219152522139208,0.5435086203785852,1.9965368376351016,0.0920555591583252,,,,SON
11,16,XGBRegressor,0.5164876333350812,0.5383261475188375,2.007838033026506,1.8583190441131592,,,,SON
11,16,TweedieRegressor,0.5158566284974319,0.5377236428996873,2.0091477641841338,0.0547282695770263,,,,SON
11,16,GammaRegressor,0.5109108807116449,0.5330012767492331,2.019383874390987,0.0550649166107177,,,,SON
11,16,KNeighborsRegressor,0.5003565235381626,0.5229236219203535,2.0410563455089523,0.2142770290374755,,,,SON
11,16,ElasticNetCV,0.4918407777935968,0.5147925017759779,2.0583763774791803,0.7640430927276611,,,,SON
11,16,LassoCV,0.4907682525565288,0.513768418645497,2.060547445981537,0.6682345867156982,,,,SON
11,16,LassoLarsIC,0.4898754320047946,0.5129159235861946,2.062353002538851,0.0845117568969726,,,,SON
11,16,BayesianRidge,0.4898705184395573,0.5129112319490227,2.062362934898763,0.088792085647583,,,,SON
11,16,BaggingRegressor,0.4895736241920785,0.512627747346636,2.062962992972033,10.414228677749634,,,,SON
11,16,MLPRegressor,0.4891769330045759,0.5122489732729905,2.0637644800597683,16.234809637069702,,,,SON
11,16,RidgeCV,0.4891694231308812,0.512241802593274,2.0637796502376826,0.0806152820587158,,,,SON
11,16,Ridge,0.4888743431221261,0.5119600502869746,2.064375632767176,0.0384676456451416,,,,SON
11,16,LinearRegression,0.4888409713288053,0.5119281857775043,2.0644430240158456,0.0650663375854492,,,,SON
11,16,TransformedTargetRegressor,0.4888409713288053,0.5119281857775043,2.0644430240158456,0.0738391876220703,,,,SON
11,16,OrthogonalMatchingPursuit,0.48829202450727,0.5114040329090812,2.065551255773672,0.0388166904449462,,,,SON
11,16,OrthogonalMatchingPursuitCV,0.48829202450727,0.5114040329090812,2.065551255773672,0.1011650562286377,,,,SON
11,16,LassoLarsCV,0.485213128959356,0.5084641999968494,2.0717560437071763,0.1194474697113037,,,,SON
11,16,SGDRegressor,0.4664941989100406,0.4905907366771782,2.1090868133421186,0.1298718452453613,,,,SON
11,16,RANSACRegressor,0.3722267516282515,0.4005810108653272,2.287843355470243,0.2812139987945556,,,,SON
11,16,ElasticNet,0.367225166896111,0.3958053297225149,2.296939108564964,0.0460531711578369,,,,SON
11,16,Lasso,0.1663099268852997,0.2039647083175803,2.6364964959113637,0.0382742881774902,,,,SON
11,16,LassoLars,0.1663082266396778,0.2039630848659365,2.6364991843740686,0.0388848781585693,,,,SON
11,16,LarsCV,0.1493990051144887,0.1878175920467187,2.663102157700726,0.1795315742492675,,,,SON
11,16,DecisionTreeRegressor,0.1241021415560205,0.1636632968106218,2.702412341296408,1.7254436016082764,,,,SON
11,16,ExtraTreeRegressor,0.0896539620094445,0.130771017608067,2.755041445242514,0.3383159637451172,,,,SON
11,16,AdaBoostRegressor,0.0021424925278816,0.0472121263835955,2.8844243147705098,10.55927276611328,,,,SON
11,16,QuantileRegressor,-0.0474531352254687,-0.0001434452826385,2.9552361035209094,19.057623386383057,,,,SON
11,16,DummyRegressor,-0.0746706403873558,-0.0261316336503674,2.9933849819592218,0.0304241180419921,,,,SON
11,16,PassiveAggressiveRegressor,-0.1979231931683502,-0.1438173120189081,3.1603804748813737,0.0966808795928955,,,,SON
11,16,Lars,-213243569409780.53,-203612124515677.88,42166043.748272,0.046161413192749,,,,SON
12,19,CatBoostRegressor,0.549980882617261,0.5538994725486414,1.810769762470071,5.967062473297119,0.5069,0.159,0.2034,
12,19,HistGradientBoostingRegressor,0.5312814346230245,0.5353628520117333,1.8480079271417904,3.2744898796081543,0.4861,0.1562,0.1946,
12,19,LGBMRegressor,0.5309866827742004,0.5350706667463774,1.8485888921244056,0.8604443073272705,0.4859,0.1527,0.2104,
12,19,XGBRegressor,0.5203402440150154,0.5245169329993027,1.8694523199998565,3.579716682434082,0.4721,0.1784,0.1715,
12,19,ExtraTreesRegressor,0.5181717169960733,0.5223672886629269,1.873673422760244,142.87067294120789,0.4712,0.1696,0.1582,
12,19,MLPRegressor,0.508307195799917,0.5125886638474888,1.8927562033532008,88.17777800559998,,,,
12,19,GradientBoostingRegressor,0.5023591951417913,0.5066924560456896,1.9041701107002216,152.42829823493958,,,,
12,19,RandomForestRegressor,0.50140428920606,0.5057458650562363,1.9059961586141512,460.5209867954254,,,,
12,19,KNeighborsRegressor,0.4966372622477802,0.5010203474986017,1.9150860090013224,3.5176401138305664,,,,
12,19,HuberRegressor,0.4880116555722229,0.492469849222144,1.9314247355605791,4.8244569301605225,,,,
12,19,LinearSVR,0.4868684583772062,0.4913366065398246,1.9335798316687745,23.773004055023197,,,,
12,19,PoissonRegressor,0.4850250582525586,0.4895092580202953,1.937049863768109,0.4088389873504638,,,,
12,19,GammaRegressor,0.4761187828697387,0.4806805349895715,1.9537282932964024,0.3431806564331054,,,,
12,19,TweedieRegressor,0.4758536445223449,0.4804177053628928,1.95422262555062,0.2856190204620361,,,,
12,19,ElasticNetCV,0.4714219764441292,0.4760246265117559,1.9624667321972908,10.596724033355711,,,,
12,19,SGDRegressor,0.4713817198613566,0.4759847204675135,1.962541461657063,0.6211402416229248,,,,
12,19,BayesianRidge,0.4710777377244974,0.4756833852878497,1.9631056606535,0.914149045944214,,,,
12,19,RidgeCV,0.4709840954422014,0.475590558405812,1.963279430573786,0.5092005729675293,,,,
12,19,Ridge,0.4709527100484731,0.4755594463037798,1.9633376683162649,0.2341597080230713,,,,
12,19,TransformedTargetRegressor,0.4709492233615622,0.4755559899775706,1.9633441379954415,0.4931936264038086,,,,
12,19,LinearRegression,0.4709492233615622,0.4755559899775706,1.9633441379954415,0.4583427906036377,,,,
12,19,LassoCV,0.4707286706924598,0.4753373577945878,1.963753338481192,7.367756366729736,,,,
12,19,LassoLarsIC,0.4703595450258351,0.4749714463294598,1.96443800188409,0.6441450119018555,,,,
12,19,LassoLarsCV,0.4703595450258351,0.4749714463294598,1.96443800188409,0.7980575561523438,,,,
12,19,OrthogonalMatchingPursuitCV,0.4582966130978814,0.4630135536804388,1.986682779845454,0.648273229598999,,,,
12,19,OrthogonalMatchingPursuit,0.4582966130978814,0.4630135536804388,1.986682779845454,0.1794526576995849,,,,
12,19,BaggingRegressor,0.456225972958827,0.4609609438634019,1.9904761671334008,47.24847221374512,,,,
12,19,ElasticNet,0.3808901173128952,0.3862810832941303,2.123888044467982,0.5306129455566406,,,,
12,19,RANSACRegressor,0.3236570468267938,0.3295463759332517,2.219888884985964,1.191260576248169,,,,
12,19,LarsCV,0.3045948003851534,0.3106501160554935,2.250954512167143,1.2895686626434326,,,,
12,19,Lasso,0.2381834455890851,0.2448170452837723,2.355987352971201,0.2569868564605713,,,,
12,19,LassoLars,0.2381819056174418,0.2448155187215979,2.355989734221557,0.1947124004364013,,,,
12,19,DecisionTreeRegressor,-0.0040151651218311,0.0047274050602563,2.7046924472392506,8.032312393188477,,,,
12,19,DummyRegressor,-0.0088521503042064,-6.746155270320742e-05,2.711199738571851,0.3282985687255859,,,,
12,19,ExtraTreeRegressor,-0.0092572781649611,-0.0004690617189784,2.711744056340196,1.775012731552124,,,,
12,19,QuantileRegressor,-0.0314434954605533,-0.0224620901380279,2.7413877808551907,270.5925621986389,,,,
12,19,AdaBoostRegressor,-0.3299316620071157,-0.318351138827402,3.1128802546858294,39.13898229598999,,,,
12,19,PassiveAggressiveRegressor,-2.059024990593259,-2.032388201032639,4.721057222622533,0.354053258895874,,,,
12,19,Lars,-34699692106186.6,-34397540800037.395,15900491.997290768,0.2325711250305175,,,,
12,19,CatBoostRegressor,0.3736047235734555,0.3962025278496029,2.054228987487269,3.7252838611602783,0.4054,0.1759,0.2148,DJF
12,19,LGBMRegressor,0.3629319529482954,0.3859147875571227,2.071655454491048,0.3221900463104248,0.3938,0.171,0.2055,DJF
12,19,HistGradientBoostingRegressor,0.3558046567785635,0.3790446153631344,2.083211703617526,1.1367740631103516,0.3874,0.1965,0.1691,DJF
12,19,ExtraTreesRegressor,0.348005665033136,0.3715269796490291,2.095784033419834,28.841007232666016,0.3815,0.1866,0.1797,DJF
12,19,GradientBoostingRegressor,0.3431809775104598,0.3668763473091331,2.103524028555228,32.22590494155884,0.3742,0.1575,0.2011,DJF
12,19,XGBRegressor,0.3321963318206634,0.3562879831410572,2.1210407696087112,1.6807968616485596,,,,DJF
12,19,RandomForestRegressor,0.3308135417901671,0.3549550785736863,2.123235604301263,92.19944071769714,,,,DJF
12,19,GammaRegressor,0.3059928956848424,0.3310298608405159,2.1622533287238217,0.0651299953460693,,,,DJF
12,19,TweedieRegressor,0.3028794826724869,0.3280287671583528,2.16709798689542,0.0658402442932128,,,,DJF
12,19,LinearSVR,0.3002411189947084,0.3254855849550259,2.1711949779469686,2.139853000640869,,,,DJF
12,19,PoissonRegressor,0.2975644666460233,0.3229054953809452,2.1753435407332766,0.1154851913452148,,,,DJF
12,19,HuberRegressor,0.2968150898782836,0.3221831530915354,2.176503588377068,0.825054407119751,,,,DJF
12,19,KNeighborsRegressor,0.2941387771914081,0.3196033909256421,2.18064152715565,0.2451090812683105,,,,DJF
12,19,MLPRegressor,0.2900512588466384,0.3156633336857153,2.1869462689268397,18.092706441879272,,,,DJF
12,19,LassoLarsIC,0.2762860018552039,0.3023946714085288,2.208045928484632,0.1047618389129638,,,,DJF
12,19,LassoLarsCV,0.2762860018552039,0.3023946714085288,2.208045928484632,0.1766817569732666,,,,DJF
12,19,BaggingRegressor,0.2692444511177169,0.2956071512989131,2.2187617849416643,9.41849970817566,,,,DJF
12,19,BayesianRidge,0.2670831271117009,0.293523799108304,2.2220405301509385,0.1249160766601562,,,,DJF
12,19,RidgeCV,0.2667416962339997,0.2931946856736591,2.222558041030922,0.1009948253631591,,,,DJF
12,19,Ridge,0.2666632752794249,0.293119093829471,2.222676887597251,0.0592074394226074,,,,DJF
12,19,LinearRegression,0.2666553331447659,0.2931114382148598,2.2226889235084184,0.0850360393524169,,,,DJF
12,19,TransformedTargetRegressor,0.2666553331447659,0.2931114382148598,2.2226889235084184,0.0941503047943115,,,,DJF
12,19,ElasticNetCV,0.2652852778184862,0.2917908089351611,2.224764199962632,1.0006530284881592,,,,DJF
12,19,LassoCV,0.26464080144224,0.2911695826560325,2.225739744372972,0.886676549911499,,,,DJF
12,19,SGDRegressor,0.2543448917336433,0.2812451076647713,2.241267094301266,0.15183687210083,,,,DJF
12,19,ElasticNet,0.2184424001204511,0.246637832521169,2.29459007905612,0.0682413578033447,,,,DJF
12,19,OrthogonalMatchingPursuitCV,0.2131030071137292,0.2414910631862086,2.302414751402348,0.1508271694183349,,,,DJF
12,19,OrthogonalMatchingPursuit,0.2131030071137292,0.2414910631862086,2.302414751402348,0.0587401390075683,,,,DJF
12,19,Lasso,0.097548215274732,0.1301050201667195,2.465679476958718,0.0537259578704834,,,,DJF
12,19,LassoLars,0.0975475325595227,0.1301043620811095,2.465680409616058,0.0474357604980468,,,,DJF
12,19,PassiveAggressiveRegressor,0.0071479701132188,0.0429660496724255,2.5862284226338383,0.162900686264038,,,,DJF
12,19,QuantileRegressor,-0.0461738948286585,-0.0084321783696499,2.654767887475172,18.458411931991577,,,,DJF
12,19,LarsCV,-0.046698564286733,-0.0089379198789205,2.6554335038910017,0.2429103851318359,,,,DJF
12,19,DummyRegressor,-0.046698564286733,-0.0089379198789205,2.6554335038910017,0.0411210060119628,,,,DJF
12,19,RANSACRegressor,-0.131780919469957,-0.0909508483245218,2.761250453704843,0.3412809371948242,,,,DJF
12,19,AdaBoostRegressor,-0.2912048814907633,-0.2446234395635649,2.9493220374092264,9.567875623703005,,,,DJF
12,19,DecisionTreeRegressor,-0.3217154144049956,-0.2740332760372204,2.98396409926972,1.5650322437286377,,,,DJF
12,19,ExtraTreeRegressor,-0.3519770695401012,-0.3032032132339077,3.0179308123881494,0.3325390815734863,,,,DJF
12,19,Lars,-817127571691.4625,-787648918788.6332,2346224.4089654586,0.0607779026031494,,,,DJF
12,19,CatBoostRegressor,0.6494254313808634,0.6614996008136675,1.6336026222361395,3.8251895904541016,0.6474,0.0242,0.6195,JJA
12,19,LGBMRegressor,0.6388240242863003,0.6512633177096724,1.6581188062555674,0.3733336925506592,0.6373,0.0162,0.6192,JJA
12,19,ExtraTreesRegressor,0.6343032571606987,0.6468982507207229,1.6684637056517877,29.67298150062561,0.6328,0.0154,0.6151,JJA
12,19,XGBRegressor,0.6338476011586398,0.6464582880069525,1.669502830074739,1.7737231254577637,0.6322,0.0198,0.6106,JJA
12,19,HistGradientBoostingRegressor,0.6291839623406152,0.6419552699820563,1.6801013167562102,1.3137669563293457,0.6279,0.0137,0.613,JJA
12,19,GradientBoostingRegressor,0.6162193696145097,0.6294371919299012,1.709219125071516,32.54996299743652,,,,JJA
12,19,RandomForestRegressor,0.6012026791755591,0.6149376926420201,1.7423376995922146,91.83395266532898,,,,JJA
12,19,LassoLarsIC,0.6002953566397955,0.6140616192812043,1.7443186107282194,0.1208782196044921,,,,JJA
12,19,LassoLarsCV,0.5990705127094808,0.6128789603080061,1.7469891874022447,0.2123887538909912,,,,JJA
12,19,HuberRegressor,0.5972510325465796,0.6111221450208062,1.750948754075417,0.8673052787780762,,,,JJA
12,19,LinearSVR,0.5964844626504051,0.6103819766255876,1.75261429097468,3.1085236072540283,,,,JJA
12,19,MLPRegressor,0.5930014863448578,0.6070189578121346,1.7601619534085688,18.640320301055908,,,,JJA
12,19,PoissonRegressor,0.5905837102820921,0.604684452586576,1.7653823360163683,0.1117112636566162,,,,JJA
12,19,ElasticNetCV,0.5895958631230414,0.6037306279580786,1.7675108263706365,1.0449349880218506,,,,JJA
12,19,LassoCV,0.5893042035420266,0.6034490134502468,1.7681387682751792,0.762570858001709,,,,JJA
12,19,OrthogonalMatchingPursuit,0.5887914288575686,0.6029538992836221,1.769242229744102,0.058185338973999,,,,JJA
12,19,OrthogonalMatchingPursuitCV,0.5887914288575686,0.6029538992836221,1.769242229744102,0.1657717227935791,,,,JJA
12,19,BayesianRidge,0.5880822382858255,0.602269134006495,1.7707672336839837,0.1362416744232177,,,,JJA
12,19,RidgeCV,0.5877737200850386,0.6019712415080916,1.7714302442596916,0.10211181640625,,,,JJA
12,19,Ridge,0.58762265426071,0.6018253785550541,1.771754796660866,0.05718994140625,,,,JJA
12,19,TransformedTargetRegressor,0.587606123205198,0.6018094168470733,1.771790308654526,0.0970425605773925,,,,JJA
12,19,LinearRegression,0.587606123205198,0.6018094168470733,1.771790308654526,0.095104694366455,,,,JJA
12,19,SGDRegressor,0.5869525940397242,0.6011783959368455,1.7731936494003702,0.1058886051177978,,,,JJA
12,19,KNeighborsRegressor,0.5818583023446473,0.5962595571883664,1.784094920678364,0.2608511447906494,,,,JJA
12,19,TweedieRegressor,0.5702078603289549,0.58501036906687,1.8087787701046103,0.0682170391082763,,,,JJA
12,19,GammaRegressor,0.5667022684244555,0.5816255135602899,1.8161404251411477,0.0698521137237548,,,,JJA
12,19,BaggingRegressor,0.5618197938804161,0.5769111967497915,1.8263440554002008,9.208992719650269,,,,JJA
12,19,RANSACRegressor,0.4944048517043745,0.51181809850368,1.9618132644324693,0.3552136421203613,,,,JJA
12,19,ElasticNet,0.4534594100248474,0.4722828623684025,2.0397053186622114,0.0793597698211669,,,,JJA
12,19,LarsCV,0.2811290809999454,0.3058877773038747,2.33927713178335,0.3200626373291015,,,,JJA
12,19,AdaBoostRegressor,0.27563087027038,0.3005789309317627,2.34820595250306,9.079368114471436,,,,JJA
12,19,Lasso,0.2614907797372372,0.2869258404955317,2.371014329138712,0.0618619918823242,,,,JJA
12,19,LassoLars,0.2614873846403165,0.2869225623294414,2.371019779181836,0.0573346614837646,,,,JJA
12,19,DecisionTreeRegressor,0.2193024936990685,0.2461905649130582,2.437797423945074,1.566094160079956,,,,JJA
12,19,ExtraTreeRegressor,0.2144047747799525,0.2414615287603408,2.445432249907752,0.3484504222869873,,,,JJA
12,19,PassiveAggressiveRegressor,0.150089973368391,0.1793617990590263,2.5435641433172944,0.1445434093475341,,,,JJA
12,19,DummyRegressor,-0.0476523141754157,-0.011570029034631,2.8240007390486874,0.0487697124481201,,,,JJA
12,19,QuantileRegressor,-0.1060951607988234,-0.0680000404571117,2.9016996934746904,18.90932559967041,,,,JJA
12,19,Lars,-2.1381646666606045e+17,-2.0645239500444992e+17,1275782944.6494625,0.0695688724517822,,,,JJA
12,19,CatBoostRegressor,0.4075519473240143,0.4283459984339474,1.82946423470972,3.625392198562622,0.3737,0.1445,0.2654,MAM
12,19,LGBMRegressor,0.3878798088293659,0.4093643229283352,1.8595897258747085,0.3622543811798095,0.3533,0.1557,0.2513,MAM
12,19,HistGradientBoostingRegressor,0.3860634483274271,0.4076117139957379,1.8623466871818368,1.143498420715332,0.3518,0.144,0.2454,MAM
12,19,ExtraTreesRegressor,0.3689921849975041,0.3911396267802272,1.8880615780375225,28.32955288887024,0.3292,0.1778,0.1816,MAM
12,19,GammaRegressor,0.3676971492905945,0.3898900449127842,1.8899980468473097,0.0639126300811767,0.3338,0.1397,0.2359,MAM
12,19,TweedieRegressor,0.3666627340603865,0.3888919361284642,1.891543385309986,0.0670065879821777,,,,MAM
12,19,GradientBoostingRegressor,0.3651388826472478,0.3874215696479294,1.893817607488553,32.21089744567871,,,,MAM
12,19,XGBRegressor,0.3572070807353306,0.3797681622612457,1.9056113353923112,1.8737013339996336,,,,MAM
12,19,PoissonRegressor,0.3503833209185484,0.3731839063296585,1.9156994253372397,0.102738618850708,,,,MAM
12,19,HuberRegressor,0.3425435434097864,0.365619293425576,1.9272243881831512,0.7210664749145508,,,,MAM
12,19,LinearSVR,0.3405109961120546,0.36365808553423,1.9302011266703232,2.7528772354125977,,,,MAM
12,19,RandomForestRegressor,0.3350833238758841,0.3584209165723586,1.9381277422375365,93.054039478302,,,,MAM
12,19,KNeighborsRegressor,0.3325477632485331,0.3559743503758937,1.941819606610095,0.2493083477020263,,,,MAM
12,19,MLPRegressor,0.3216082857297156,0.3454188323512712,1.957668049570028,19.580973625183105,,,,MAM
12,19,LassoLarsIC,0.3197159658177271,0.3435929300716616,1.960396528098022,0.1134591102600097,,,,MAM
12,19,LassoLarsCV,0.3196969062398646,0.3435745394568151,1.9604239902069975,0.1724655628204345,,,,MAM
12,19,ElasticNetCV,0.3156421265595367,0.3396620765509816,1.9662576237407088,0.7107901573181152,,,,MAM
12,19,LassoCV,0.3132572967554877,0.3373609507486756,1.96968062205845,0.4549882411956787,,,,MAM
12,19,OrthogonalMatchingPursuit,0.3119182332598651,0.3360688864028378,1.9716000039065027,0.0595972537994384,,,,MAM
12,19,OrthogonalMatchingPursuitCV,0.3119182332598651,0.3360688864028378,1.9716000039065027,0.1623904705047607,,,,MAM
12,19,BayesianRidge,0.3117583175383995,0.3359145834868671,1.9718290984236533,0.1305985450744629,,,,MAM
12,19,RidgeCV,0.3107373619200939,0.3349294619019626,1.973291087729974,0.1131706237792968,,,,MAM
12,19,Ridge,0.310479586592832,0.3346807341077388,1.9736600459311788,0.0619459152221679,,,,MAM
12,19,TransformedTargetRegressor,0.3104508593395543,0.3346530151385971,1.9737011594648668,0.1014962196350097,,,,MAM
12,19,LinearRegression,0.3104508593395543,0.3346530151385971,1.9737011594648668,0.0910806655883789,,,,MAM
12,19,SGDRegressor,0.3097812367354978,0.3340068952983529,1.9746592595676835,0.1322274208068847,,,,MAM
12,19,ElasticNet,0.2521003553223497,0.2783505275801244,2.055514046487984,0.05686616897583,,,,MAM
12,19,BaggingRegressor,0.251070651842523,0.2773569651707103,2.0569285691198758,9.275277376174929,,,,MAM
12,19,LarsCV,0.1945268910333328,0.2227978068037147,2.1331643076812123,0.2459385395050048,,,,MAM
12,19,Lasso,0.0918219654692983,0.1236976723462995,2.265083843433318,0.0513467788696289,,,,MAM
12,19,LassoLars,0.0918212593402326,0.1236969910013205,2.2650847240102348,0.0500369071960449,,,,MAM
12,19,DummyRegressor,-0.0379883676081151,-0.0015565098780272,2.4215588542809168,0.0379087924957275,,,,MAM
12,19,RANSACRegressor,-0.0709651188283928,-0.0333758258645884,2.45972439583982,0.3621547222137451,,,,MAM
12,19,QuantileRegressor,-0.0832811518078808,-0.0452595842875303,2.4738273057069966,18.45038652420044,,,,MAM
12,19,PassiveAggressiveRegressor,-0.121168711168152,-0.081817346305723,2.516716347342129,0.1461215019226074,,,,MAM
12,19,ExtraTreeRegressor,-0.3769084681153183,-0.3285810157245712,2.7890180240474494,0.3247103691101074,,,,MAM
12,19,DecisionTreeRegressor,-0.3807765863108914,-0.3323133686879105,2.792932839535145,1.5541083812713623,,,,MAM
12,19,AdaBoostRegressor,-1.0272762506970912,-0.956121850272378,3.3841940051300536,9.088987827301024,,,,MAM
12,19,Lars,-1904199005156476.8,-1837364434162684.0,103718195.53813024,0.0589997768402099,,,,MAM
12,19,CatBoostRegressor,0.5367468709523151,0.5524270540614113,1.7908230401141048,3.91809344291687,0.5577,0.085,0.4661,SON
12,19,LGBMRegressor,0.5242111756873746,0.5403156667715906,1.814891267065968,0.3732531070709228,0.5458,0.0897,0.4511,SON
12,19,HistGradientBoostingRegressor,0.5219179036081951,0.5381000173221695,1.819259839965769,1.1930739879608154,0.5434,0.087,0.45,SON
12,19,ExtraTreesRegressor,0.5081012953235152,0.5247510733321611,1.8453609745547064,31.3951518535614,0.5311,0.0989,0.423,SON
12,19,LinearSVR,0.5007710816762692,0.5176689726171555,1.8590597992132776,2.43524169921875,0.5232,0.0894,0.4253,SON
12,19,HuberRegressor,0.4999065725174588,0.5168337253479249,1.8606687595364808,0.8641984462738037,,,,SON
12,19,GradientBoostingRegressor,0.496020737359702,0.5130794178647478,1.8678836726208443,33.62786841392517,,,,SON
12,19,PoissonRegressor,0.4938463600823136,0.5109786388681261,1.8719087514337915,0.1079699993133544,,,,SON
12,19,XGBRegressor,0.4923602777938388,0.5095428574647125,1.8746547275013097,1.9066994190216064,,,,SON
12,19,RandomForestRegressor,0.4891740349326792,0.5064644624913712,1.8805287377573248,94.57945251464844,,,,SON
12,19,GammaRegressor,0.4850669072407345,0.5024963527794983,1.8880734883892536,0.0694222450256347,,,,SON
12,19,KNeighborsRegressor,0.4834998188361321,0.5009823071534365,1.89094427920611,0.2479944229125976,,,,SON
12,19,TweedieRegressor,0.4814925389045354,0.4990429695948214,1.8946151142005037,0.0716784000396728,,,,SON
12,19,LassoLarsIC,0.480274475151494,0.4978661348405467,1.8968391981589587,0.1193041801452636,,,,SON
12,19,LassoLarsCV,0.480274475151494,0.4978661348405467,1.8968391981589587,0.1941003799438476,,,,SON
12,19,ElasticNetCV,0.4777368290225695,0.4954143829095728,1.9014643753276357,1.144697904586792,,,,SON
12,19,BayesianRidge,0.4773543047838366,0.4950448063440037,1.902160598148221,0.1378564834594726,,,,SON
12,19,LassoCV,0.4771495838625343,0.4948470148125554,1.9025331009238675,0.9366054534912108,,,,SON
12,19,RidgeCV,0.4768842544528605,0.4945906662676984,1.9030157762198223,0.1054372787475586,,,,SON
12,19,Ridge,0.4766795611543705,0.494392901424086,1.903388061398786,0.0600996017456054,,,,SON
12,19,TransformedTargetRegressor,0.4766561138304794,0.4943702477447684,1.9034307014842489,0.1020169258117675,,,,SON
12,19,LinearRegression,0.4766561138304794,0.4943702477447684,1.9034307014842489,0.1020617485046386,,,,SON
12,19,SGDRegressor,0.4743367940927533,0.4921294322974523,1.9076437860047315,0.1504619121551513,,,,SON
12,19,OrthogonalMatchingPursuit,0.458959926335736,0.4772730404680775,1.9353441732635823,0.0613999366760253,,,,SON
12,19,OrthogonalMatchingPursuitCV,0.458959926335736,0.4772730404680775,1.9353441732635823,0.1744282245635986,,,,SON
12,19,MLPRegressor,0.4567359429016466,0.4751243343830043,1.9393177784596485,20.635932683944706,,,,SON
12,19,BaggingRegressor,0.4358070841987209,0.4549038752917571,1.9763201875403504,9.47903060913086,,,,SON
12,19,ElasticNet,0.3695300276768478,0.3908701633196149,2.089179213064347,0.0730817317962646,,,,SON
12,19,RANSACRegressor,0.2930108788112914,0.3169410331508142,2.2123297427754025,0.4074220657348633,,,,SON
12,19,Lasso,0.1965746102771105,0.2237689376014601,2.3583934964752906,0.0660369396209716,,,,SON
12,19,LassoLars,0.1965732276272844,0.2237676017515391,2.3583955258055784,0.0582680702209472,,,,SON
12,19,LarsCV,0.192806097471,0.2201279813452001,2.363918115554044,0.3157262802124023,,,,SON
12,19,DummyRegressor,-0.0416738991730558,-0.0064153408281246,2.685402467778388,0.0468273162841796,,,,SON
12,19,QuantileRegressor,-0.0425357802522561,-0.0072480489729338,2.686513189196547,19.718058347702023,,,,SON
12,19,AdaBoostRegressor,-0.081630728525458,-0.0450197121798814,2.7364215435908643,9.966960906982422,,,,SON
12,19,DecisionTreeRegressor,-0.1380046610306902,-0.099485500888915,2.806826143000781,1.5901789665222168,,,,SON
12,19,ExtraTreeRegressor,-0.1419180578856587,-0.1032664371615004,2.811648090562403,0.3499252796173095,,,,SON
12,19,PassiveAggressiveRegressor,-0.2154880066279421,-0.1743461916767588,2.9008069781627968,0.1294238567352295,,,,SON
12,19,Lars,-72696386499.56555,-70235760590.69843,709414.2444988632,0.0677571296691894,,,,SON
13,10,CatBoostRegressor,0.2789310627466198,0.2909735266855131,1.9708364093286772,7.014913320541382,0.2105,0.2213,-0.1903,
13,10,HistGradientBoostingRegressor,0.2787628500346147,0.2908081232687275,1.9710662766742444,2.2559192180633545,0.2091,0.21,-0.1338,
13,10,LGBMRegressor,0.2753108234744325,0.2874137484852609,1.9757776610880664,2.691563606262207,0.2045,0.2058,-0.1465,
13,10,TweedieRegressor,0.2750157540106759,0.2871236069322673,1.9761798558097416,0.1234643459320068,0.2088,0.1763,-0.0036,
13,10,GammaRegressor,0.2734761011423163,0.2856096675750407,1.978277154682375,0.0925416946411132,0.2068,0.1875,0.0054,
13,10,ExtraTreesRegressor,0.2633299813795476,0.2756329966333906,1.9920428716715968,78.79220986366272,,,,
13,10,GradientBoostingRegressor,0.2560199637181569,0.2684450624782112,2.001902049985954,107.0311131477356,,,,
13,10,RandomForestRegressor,0.2461301085261108,0.2587203762712066,2.015163937301467,309.6657109260559,,,,
13,10,KNeighborsRegressor,0.2407506828523248,0.2534307915770296,2.0223410077749446,1.1999764442443848,,,,
13,10,HuberRegressor,0.2377376787505188,0.2504681072038504,2.0263497624729387,1.623276948928833,,,,
13,10,LinearSVR,0.2372273126810594,0.249966264681405,2.0270280113422285,10.844431638717651,,,,
13,10,PoissonRegressor,0.2361512795900276,0.2489082022572906,2.028457257935339,0.1603562831878662,,,,
13,10,LassoLarsIC,0.229946781451889,0.2428073245099735,2.036678850183557,0.217484712600708,,,,
13,10,LassoLarsCV,0.229946781451889,0.2428073245099735,2.036678850183557,0.2784852981567383,,,,
13,10,XGBRegressor,0.2159915996564158,0.2290852061080959,2.055050702440696,2.5299313068389893,,,,
13,10,MLPRegressor,0.2143680999223888,0.2274888201991025,2.057177368965489,29.145766258239743,,,,
13,10,ElasticNetCV,0.2033728844731711,0.2166772341904372,2.0715228382932027,1.9704012870788572,,,,
13,10,BayesianRidge,0.2033728100831047,0.2166771610427481,2.0715229350139364,0.2060825824737548,,,,
13,10,RidgeCV,0.2032872804122527,0.2165930597900733,2.071634136289552,0.2062563896179199,,,,
13,10,Ridge,0.2032767679384595,0.2165827228835247,2.0716478036549604,0.0937752723693847,,,,
13,10,LinearRegression,0.2032759604770732,0.2165819289074297,2.0716488534393247,0.1694426536560058,,,,
13,10,TransformedTargetRegressor,0.2032759604770732,0.2165819289074297,2.0716488534393247,0.1717393398284912,,,,
13,10,LassoCV,0.2024245103353814,0.2157446987065748,2.072755531917288,1.8769376277923584,,,,
13,10,BaggingRegressor,0.2012173605163969,0.2145577093152734,2.074323521691364,30.93708729743957,,,,
13,10,OrthogonalMatchingPursuit,0.1972196989991094,0.210626812142107,2.0795077191857816,0.0793206691741943,,,,
13,10,OrthogonalMatchingPursuitCV,0.1972196989991094,0.210626812142107,2.0795077191857816,0.1917598247528076,,,,
13,10,SGDRegressor,0.1920897902434161,0.205582577221478,2.086141350440204,0.3381145000457763,,,,
13,10,ElasticNet,0.1746450538615482,0.1884291827598464,2.108543487054197,0.0881826877593994,,,,
13,10,LarsCV,0.0946802872784492,0.1097998957241358,2.208325929182078,0.7166533470153809,,,,
13,10,Lasso,0.056066894575075,0.0718313794884125,2.254928585889421,0.0839643478393554,,,,
13,10,LassoLars,0.0560667288887514,0.0718312165691912,2.254928783790527,0.0722379684448242,,,,
13,10,DummyRegressor,-0.0424070736204094,-0.0249979897656296,2.36963173903175,0.0631816387176513,,,,
13,10,QuantileRegressor,-0.0728961613431691,-0.0549778838170744,2.404036344150253,119.40864682197572,,,,
13,10,RANSACRegressor,-0.1432794293119714,-0.1241856914066734,2.481637699311211,0.6943702697753906,,,,
13,10,PassiveAggressiveRegressor,-0.2412543972332566,-0.220524394115092,2.585786021167997,0.1755311489105224,,,,
13,10,DecisionTreeRegressor,-0.3855110897645222,-0.362371877307277,2.7319150234536944,5.1659629344940186,,,,
13,10,ExtraTreeRegressor,-0.406229121355339,-0.3827439001665742,2.7522648712468984,0.8192422389984131,,,,
13,10,AdaBoostRegressor,-0.5655476050506938,-0.5394016298125193,2.903991376495132,25.996213912963867,,,,
13,10,Lars,-30206237473011.18,-29701767641202.89,12755882.18800545,0.0963454246520996,,,,
13,10,HistGradientBoostingRegressor,0.0412441225225929,0.1042765158515574,2.2981084845942163,1.1183676719665527,0.0997,0.1532,-0.0654,DJF
13,10,GradientBoostingRegressor,0.0394126504170444,0.1025654519467197,2.3003024286256357,23.338775157928467,0.0955,0.1101,-0.0186,DJF
13,10,CatBoostRegressor,0.0373798167907261,0.1006662648217856,2.3027351385656285,6.117356538772583,0.0961,0.148,-0.0676,DJF
13,10,ExtraTreesRegressor,0.0338307483929823,0.097350526180295,2.306976191102406,16.98459005355835,0.093,0.1458,-0.074,DJF
13,10,LGBMRegressor,0.0321623018290472,0.0957917698748884,2.3089672533405747,0.678358793258667,0.0908,0.1417,-0.0657,DJF
13,10,RandomForestRegressor,0.0105072808683766,0.0755604354133622,2.33465551342365,57.912251234054565,,,,DJF
13,10,TweedieRegressor,0.0063575399353126,0.0716835148184582,2.339545938072688,0.0344159603118896,,,,DJF
13,10,LinearSVR,0.0020899495457188,0.0676964926551698,2.344564607676079,0.6782631874084473,,,,DJF
13,10,GammaRegressor,-0.0049165591025865,0.0611506195235349,2.3527810187460263,0.0330474376678466,,,,DJF
13,10,HuberRegressor,-0.0066148213638004,0.0595640077224011,2.3547682247934563,0.2836678028106689,,,,DJF
13,10,PoissonRegressor,-0.0346898091499465,0.0333347803789426,2.387380225553894,0.0423264503479003,,,,DJF
13,10,LinearRegression,-0.0464387753334718,0.0223582375777253,2.400896389018913,0.0595762729644775,,,,DJF
13,10,TransformedTargetRegressor,-0.0464387753334718,0.0223582375777253,2.400896389018913,0.0479533672332763,,,,DJF
13,10,Ridge,-0.04647738008387,0.0223221708559,2.400940675007352,0.0257527828216552,,,,DJF
13,10,RidgeCV,-0.0467977566715245,0.022022857088887,2.40130816805196,0.0409164428710937,,,,DJF
13,10,BayesianRidge,-0.0474854399398374,0.0213803848312936,2.4020967961895545,0.0491368770599365,,,,DJF
13,10,LassoLarsCV,-0.0477257837943783,0.0211558421298195,2.4023723590126487,0.1045911312103271,,,,DJF
13,10,LassoLarsIC,-0.0477257837943783,0.0211558421298195,2.4023723590126487,0.0718779563903808,,,,DJF
13,10,LarsCV,-0.0481429043188625,0.0207661447540038,2.402850527593042,0.2107899188995361,,,,DJF
13,10,LassoCV,-0.0511366322894664,0.0179692362693567,2.4062796170728293,0.5237646102905273,,,,DJF
13,10,ElasticNetCV,-0.0514098560303575,0.0177139753349602,2.4065923309393056,0.482473611831665,,,,DJF
13,10,SGDRegressor,-0.0555493154987416,0.0138466602606912,2.4113251215721823,0.0582818984985351,,,,DJF
13,10,ElasticNet,-0.0603913783461851,0.0093229337250174,2.4168494624595342,0.0214350223541259,,,,DJF
13,10,BaggingRegressor,-0.0627594988936648,0.0071105027637041,2.419546673654134,5.782696485519409,,,,DJF
13,10,OrthogonalMatchingPursuitCV,-0.0711180787439362,-0.0006985510756498,2.4290428787831084,0.0649590492248535,,,,DJF
13,10,OrthogonalMatchingPursuit,-0.0711180787439362,-0.0006985510756498,2.4290428787831084,0.0403473377227783,,,,DJF
13,10,XGBRegressor,-0.0831349966467067,-0.011925429393117,2.442630640783107,1.412581205368042,,,,DJF
13,10,KNeighborsRegressor,-0.0865768982624277,-0.0151410468195691,2.4465085627206453,0.0969064235687255,,,,DJF
13,10,MLPRegressor,-0.0883750890812247,-0.0168210174807288,2.448532105939861,8.709978103637695,,,,DJF
13,10,LassoLars,-0.1159408828745292,-0.0425745272530202,2.4793457866498767,0.0414769649505615,,,,DJF
13,10,Lasso,-0.1159411648373132,-0.0425747906784585,2.4793460998757864,0.0377018451690673,,,,DJF
13,10,DummyRegressor,-0.1293990538775438,-0.0551479050067018,2.4942513519244787,0.0180809497833251,,,,DJF
13,10,QuantileRegressor,-0.1972645735063003,-0.1185516776702459,2.568097881333692,7.689599990844727,,,,DJF
13,10,RANSACRegressor,-0.5125440319186731,-0.4131034208236739,2.886493073266106,0.1928801536560058,,,,DJF
13,10,AdaBoostRegressor,-0.5141609719165203,-0.4146140568078216,2.888035520730709,5.104462623596191,,,,DJF
13,10,ExtraTreeRegressor,-0.7256440453644224,-0.6121933987833703,3.0831319733311706,0.1907007694244384,,,,DJF
13,10,DecisionTreeRegressor,-0.8456806645896575,-0.7243383371598875,3.188561425334886,0.993532657623291,,,,DJF
13,10,PassiveAggressiveRegressor,-1.3021687512482707,-1.1508150963219137,3.56110749842958,0.0463254451751709,,,,DJF
13,10,Lars,-1.1426969684780444e+19,-1.0675715622459238e+19,7933814537.582236,0.0563642978668212,,,,DJF
13,10,CatBoostRegressor,0.4693608804520578,0.5047368217552539,1.7080196145731503,4.464891672134399,0.5089,0.0637,0.4353,JJA
13,10,LGBMRegressor,0.4539269867623874,0.4903318543115615,1.7326808642618656,0.522085428237915,0.4925,0.0579,0.4268,JJA
13,10,HistGradientBoostingRegressor,0.4524724940836802,0.4889743278114348,1.7349868706484493,1.193704605102539,0.491,0.0571,0.4264,JJA
13,10,ExtraTreesRegressor,0.4472048525025706,0.4840578623357325,1.7433128563035585,17.055148601531982,0.4875,0.0641,0.4138,JJA
13,10,GammaRegressor,0.4430455028466282,0.480175802656853,1.749859096103753,0.0284821987152099,0.4912,0.1096,0.3661,JJA
13,10,RandomForestRegressor,0.4372119583667655,0.4747311611423145,1.7589992418827036,58.946784019470215,,,,JJA
13,10,GradientBoostingRegressor,0.4334468169761868,0.4712170291777743,1.7648734256167284,23.16096353530884,,,,JJA
13,10,LassoLarsIC,0.4317366623839563,0.4696208848916926,1.767535075292853,0.0569255352020263,,,,JJA
13,10,LassoLarsCV,0.4317366623839563,0.4696208848916926,1.767535075292853,0.1001856327056884,,,,JJA
13,10,PoissonRegressor,0.4311006623687139,0.4690272848774662,1.7685239108367454,0.0480570793151855,,,,JJA
13,10,TweedieRegressor,0.4256965476845432,0.4639834445055737,1.77690387875957,0.0277442932128906,,,,JJA
13,10,OrthogonalMatchingPursuitCV,0.4187274346598674,0.4574789390158762,1.7876526407507949,0.058868408203125,,,,JJA
13,10,OrthogonalMatchingPursuit,0.4187274346598674,0.4574789390158762,1.7876526407507949,0.0241224765777587,,,,JJA
13,10,LinearSVR,0.4184618767311071,0.4572310849490333,1.788060944146665,1.384446620941162,,,,JJA
13,10,HuberRegressor,0.4134993846003959,0.4525994256270361,1.795673849170824,0.2444691658020019,,,,JJA
13,10,ElasticNetCV,0.4008536054810181,0.4407966984489502,1.8149292377171864,0.4641201496124267,,,,JJA
13,10,LarsCV,0.400323633073337,0.4403020575351145,1.8157317542789724,0.1350495815277099,,,,JJA
13,10,LassoCV,0.3997442468256108,0.4397612970372367,1.8166086906440624,0.4476876258850097,,,,JJA
13,10,BayesianRidge,0.3980062887696779,0.4381392028516994,1.8192366602152532,0.0530304908752441,,,,JJA
13,10,KNeighborsRegressor,0.3979149293026731,0.4380539340158282,1.8193747000179543,0.0980489253997802,,,,JJA
13,10,RidgeCV,0.3971387646496528,0.4373295136730093,1.8205470256486085,0.0420875549316406,,,,JJA
13,10,Ridge,0.3965665115895554,0.4367954108169184,1.8214108782509024,0.0259008407592773,,,,JJA
13,10,LinearRegression,0.3964999976305867,0.4367333311218809,1.821511258750566,0.0484893321990966,,,,JJA
13,10,TransformedTargetRegressor,0.3964999976305867,0.4367333311218809,1.821511258750566,0.0426909923553466,,,,JJA
13,10,BaggingRegressor,0.3932559021678903,0.4337055086900309,1.8264004356662504,5.940561771392822,,,,JJA
13,10,SGDRegressor,0.3932388257833665,0.4336895707311421,1.8264261368612065,0.0619037151336669,,,,JJA
13,10,XGBRegressor,0.3921962154709099,0.4327164677728492,1.8279946563049327,1.3144214153289795,,,,JJA
13,10,MLPRegressor,0.3597422094551348,0.4024260621581258,1.8761633919946457,8.217952966690063,,,,JJA
13,10,ElasticNet,0.3040960434515067,0.3504896405547396,1.955995605477626,0.0279970169067382,,,,JJA
13,10,RANSACRegressor,0.2366834554040172,0.2875712250437494,2.048545241771184,0.2018885612487793,,,,JJA
13,10,AdaBoostRegressor,0.1349928746417785,0.1926600163323266,2.180735855853831,6.38847279548645,,,,JJA
13,10,LassoLars,0.1103576959812555,0.1696671829158385,2.211571247038404,0.0247886180877685,,,,JJA
13,10,Lasso,0.1103563697177667,0.1696659450699156,2.211572895524032,0.0245997905731201,,,,JJA
13,10,DecisionTreeRegressor,-0.008990524715305,0.0582755102657152,2.355248662388378,1.043057918548584,,,,JJA
13,10,PassiveAggressiveRegressor,-0.1007361191867768,-0.0273537112409918,2.459998434014377,0.0647628307342529,,,,JJA
13,10,DummyRegressor,-0.1108826006135019,-0.0368237605726018,2.471310441993162,0.0203528404235839,,,,JJA
13,10,ExtraTreeRegressor,-0.1330510562521982,-0.0575143191687184,2.495847017837552,0.1882519721984863,,,,JJA
13,10,QuantileRegressor,-0.1422412761565739,-0.0660918577461355,2.505948530473676,8.16712236404419,,,,JJA
13,10,Lars,-8818411696.768661,-8230517583.584084,220185.3435428046,0.0312023162841796,,,,JJA
13,10,TweedieRegressor,0.1229468425619597,0.1779435752065893,1.912116126685288,0.0288150310516357,0.1241,0.187,-0.0203,MAM
13,10,GammaRegressor,0.116241473647038,0.171658674969501,1.9194115973703632,0.036179780960083,0.1178,0.1954,-0.0312,MAM
13,10,ElasticNet,0.0546912901174997,0.1139680739055113,1.9851262665317544,0.0285158157348632,0.0525,0.1305,-0.0507,MAM
13,10,KNeighborsRegressor,0.051477012421464,0.1109553515765537,1.988498356621326,0.1052682399749755,0.0566,0.2483,-0.0926,MAM
13,10,ExtraTreesRegressor,0.0397482480118069,0.0999620542420897,2.0007547666477605,17.25560450553894,0.0431,0.261,-0.1715,MAM
13,10,HistGradientBoostingRegressor,0.0355778154150125,0.0960531339203418,2.0050947602271125,1.2565546035766602,,,,MAM
13,10,LassoLarsCV,0.0262127952049335,0.0872753592019839,2.014806475651337,0.0754830837249755,,,,MAM
13,10,GradientBoostingRegressor,0.0231977380212602,0.084449365010026,2.017923204738217,23.80468988418579,,,,MAM
13,10,CatBoostRegressor,0.0198118158077461,0.0812757613511548,2.021417576399807,4.856238603591919,,,,MAM
13,10,LassoLarsIC,0.0168830485630123,0.0785306461778729,2.024435285597522,0.0503575801849365,,,,MAM
13,10,LinearSVR,0.0129674299060001,0.0748605613640398,2.028462802002952,0.9123826026916504,,,,MAM
13,10,RandomForestRegressor,0.0097091613010422,0.071806606632,2.031808097497139,60.69614291191101,,,,MAM
13,10,HuberRegressor,0.009041048861926,0.0711803890323002,2.032493374654262,0.3027429580688476,,,,MAM
13,10,PoissonRegressor,0.0061610596654749,0.0684809932178049,2.0354447139226064,0.0360348224639892,,,,MAM
13,10,LGBMRegressor,0.0020162845822561,0.0645961215226427,2.0396846780078435,0.9009287357330322,,,,MAM
13,10,OrthogonalMatchingPursuit,-0.0225036765309074,0.0416137157268062,2.0645896471815632,0.0232989788055419,,,,MAM
13,10,OrthogonalMatchingPursuitCV,-0.0225036765309074,0.0416137157268062,2.0645896471815632,0.0576095581054687,,,,MAM
13,10,Lasso,-0.0272399832528791,0.0371744051359151,2.069365782707766,0.0260617733001709,,,,MAM
13,10,LassoLars,-0.0272400717941492,0.0371743221467381,2.069365871890564,0.0237767696380615,,,,MAM
13,10,LarsCV,-0.050207941191225,0.0156466821838021,2.0923722668800604,0.1272270679473877,,,,MAM
13,10,XGBRegressor,-0.0524994876533415,0.0134988300542936,2.0946537938946173,1.494206190109253,,,,MAM
13,10,BayesianRidge,-0.0555931775917881,0.0105991338743635,2.0977300207660727,0.0501339435577392,,,,MAM
13,10,SGDRegressor,-0.0557729936726927,0.0104305933892914,2.09790868312229,0.0536010265350341,,,,MAM
13,10,ElasticNetCV,-0.0561430766001296,0.0100837169820567,2.098276343672954,0.4947948455810547,,,,MAM
13,10,LassoCV,-0.0578622535276405,0.0084723432282181,2.099983423692625,0.2881214618682861,,,,MAM
13,10,RidgeCV,-0.058728910502342,0.0076600310803131,2.100843456591226,0.0484824180603027,,,,MAM
13,10,Ridge,-0.0593505578074353,0.0070773649593676,2.101460135709899,0.0347206592559814,,,,MAM
13,10,LinearRegression,-0.0594181799366966,0.0070139831616441,2.1015272064921766,0.0416920185089111,,,,MAM
13,10,TransformedTargetRegressor,-0.0594181799366966,0.0070139831616441,2.1015272064921766,0.0437378883361816,,,,MAM
13,10,BaggingRegressor,-0.0652058684452299,0.001589219015032,2.1072597956004016,6.176427364349365,,,,MAM
13,10,MLPRegressor,-0.0875224746478806,-0.0193279960395977,2.129219458962293,9.24741268157959,,,,MAM
13,10,DummyRegressor,-0.0923701741202713,-0.023871714356954,2.1339597467808886,0.0207240581512451,,,,MAM
13,10,QuantileRegressor,-0.1503731774309729,-0.0782375656448721,2.1898818273099616,8.014140129089355,,,,MAM
13,10,RANSACRegressor,-0.2350830696306791,-0.1576356164195145,2.26907781863152,0.2063770294189453,,,,MAM
13,10,AdaBoostRegressor,-0.3518372100773943,-0.2670685401385477,2.3739059248488377,4.26980996131897,,,,MAM
13,10,DecisionTreeRegressor,-0.7833027540878008,-0.671478488979985,2.7265523857222904,1.0726876258850098,,,,MAM
13,10,PassiveAggressiveRegressor,-0.8674278163734062,-0.7503283823433906,2.790122156822062,0.049325942993164,,,,MAM
13,10,ExtraTreeRegressor,-1.0430315310278797,-0.914920642943623,2.918359843443604,0.1957745552062988,,,,MAM
13,10,Lars,-3044045210233.7266,-2853164487479.734,3562270.17909457,0.0315308570861816,,,,MAM
13,10,TweedieRegressor,0.1159006112902271,0.1805908104641129,1.7876309020314725,0.0409810543060302,0.1887,0.1272,0.0736,SON
13,10,HistGradientBoostingRegressor,0.1102099211750458,0.175316512308579,1.7933749033187496,1.5456938743591309,0.1787,0.0992,0.1039,SON
13,10,CatBoostRegressor,0.108991666468707,0.174187398190509,1.7946021816145528,5.718287467956543,0.1748,0.0838,0.1192,SON
13,10,GammaRegressor,0.103514747313647,0.1691112292175265,1.8001093315994223,0.0314383506774902,0.1774,0.1296,0.062,SON
13,10,GradientBoostingRegressor,0.1025754109709105,0.1682406248023072,1.8010521610603374,23.60153865814209,0.1739,0.1144,0.0877,SON
13,10,LGBMRegressor,0.1016723519039249,0.167403643228028,1.8019581132387876,1.296992540359497,,,,SON
13,10,ExtraTreesRegressor,0.0858884158243323,0.1527746293006007,1.8177197028003844,17.601606130599976,,,,SON
13,10,RandomForestRegressor,0.0747026742212503,0.1424073565953052,1.828807364278979,64.98464155197144,,,,SON
13,10,LinearSVR,0.0609117815595995,0.1296255536406044,1.8423854890690676,0.914865255355835,,,,SON
13,10,HuberRegressor,0.0507102826542131,0.1201705058746366,1.8523655553017675,0.3892028331756592,,,,SON
13,10,LassoLarsCV,0.0413793345820365,0.1115223101004241,1.861447114031667,0.0973680019378662,,,,SON
13,10,LassoLarsIC,0.0413793345820365,0.1115223101004241,1.861447114031667,0.0536367893218994,,,,SON
13,10,PoissonRegressor,0.0321205742108156,0.1029410200002681,1.870414830972637,0.0599849224090576,,,,SON
13,10,XGBRegressor,0.0146400981025249,0.0867396031194134,1.8872296495474443,1.543931245803833,,,,SON
13,10,KNeighborsRegressor,0.0135720103054156,0.0857496680879462,1.888252210446584,0.0970404148101806,,,,SON
13,10,OrthogonalMatchingPursuitCV,0.0053821551535806,0.0781590706301479,1.8960746496644771,0.0824718475341796,,,,SON
13,10,OrthogonalMatchingPursuit,0.0053821551535806,0.0781590706301479,1.8960746496644771,0.0266377925872802,,,,SON
13,10,ElasticNetCV,0.0004535822220047,0.0735911249862483,1.900766599553808,0.4927461147308349,,,,SON
13,10,BayesianRidge,-0.0001153277620002,0.0730638425620485,1.9013074505091256,0.0528235435485839,,,,SON
13,10,ElasticNet,-0.0006375948918289,0.072579790100256,1.901803823654686,0.0269544124603271,,,,SON
13,10,LassoCV,-0.0010344828812822,0.0722119426953969,1.902180947335251,0.6866228580474854,,,,SON
13,10,RidgeCV,-0.0025546848319735,0.0708029750337807,1.9036247548229024,0.0637633800506591,,,,SON
13,10,Ridge,-0.0036660564500672,0.0697729232901815,1.9046795843322424,0.0300540924072265,,,,SON
13,10,TransformedTargetRegressor,-0.0038072506637689,0.0696420603604092,1.9048135533337065,0.0512101650238037,,,,SON
13,10,LinearRegression,-0.0038072506637689,0.0696420603604092,1.9048135533337065,0.04854416847229,,,,SON
13,10,SGDRegressor,-0.0107867352484976,0.0631732697696851,1.9114241787331927,0.0854783058166503,,,,SON
13,10,BaggingRegressor,-0.0310563027890253,0.0443868413174886,1.9304941907482709,6.5627851486206055,,,,SON
13,10,LarsCV,-0.0350570678975978,0.0406788151192996,1.9342359728560965,0.1415700912475586,,,,SON
13,10,MLPRegressor,-0.0565643474381916,0.0207452389597248,1.954228237433461,9.335058212280272,,,,SON
13,10,Lasso,-0.0747264421426392,0.0039120780141392,1.9709530336473235,0.0306031703948974,,,,SON
13,10,LassoLars,-0.0747264956631046,0.0039120284098055,1.9709530827232171,0.0327053070068359,,,,SON
13,10,RANSACRegressor,-0.0774924506869894,0.0013484603388879,1.9734877110781683,0.2384905815124511,,,,SON
13,10,DummyRegressor,-0.0941363237902679,-0.0140775683909799,1.9886713931535167,0.0251300334930419,,,,SON
13,10,QuantileRegressor,-0.1152635762576861,-0.033658924336392,2.0077797407035183,8.124619960784912,,,,SON
13,10,AdaBoostRegressor,-0.4014572930042543,-0.2989116374185772,2.250698089768244,6.459238052368164,,,,SON
13,10,PassiveAggressiveRegressor,-0.5070172159508091,-0.3967476635641644,2.3339224161618093,0.061957836151123,,,,SON
13,10,DecisionTreeRegressor,-0.764473162687584,-0.6353653702958095,2.5254271027456032,1.0952973365783691,,,,SON
13,10,ExtraTreeRegressor,-0.9208921140442016,-0.7803390325287722,2.6349889310330443,0.1994259357452392,,,,SON
13,10,Lars,-2.2840124686013533e+17,-2.1168896050451568e+17,908607973.3742964,0.0410363674163818,,,,SON
14,11,GradientBoostingRegressor,0.2671520281047846,0.2780501064763023,2.1051435909944387,123.5710198879242,0.1922,0.1517,0.0567,
14,11,HistGradientBoostingRegressor,0.2646534069108547,0.2755886419241814,2.1087292464159737,3.084505558013916,0.1891,0.1627,0.0279,
14,11,CatBoostRegressor,0.264232385317554,0.2751738812833508,2.10933283492226,6.536991357803345,0.1863,0.1653,-0.0006,
14,11,LGBMRegressor,0.263410209229454,0.2743639316593839,2.110511032206656,0.9184556007385254,0.1881,0.1649,0.0375,
14,11,ExtraTreesRegressor,0.2631027281183952,0.2740610230563683,2.110951490773918,89.19518423080444,0.1854,0.1601,0.0186,
14,11,RandomForestRegressor,0.2505372881419674,0.2616824419577533,2.128873197192244,343.8380038738251,,,,
14,11,TweedieRegressor,0.2477861481134884,0.2589722137428991,2.132776969309834,0.1033079624176025,,,,
14,11,GammaRegressor,0.2381260478404301,0.2494557674525082,2.1464280833568674,0.1004941463470459,,,,
14,11,XGBRegressor,0.2348990965847631,0.2462768037318199,2.150968926354094,2.966840505599976,,,,
14,11,PoissonRegressor,0.2162553918904757,0.2279103469288902,2.177018211638514,0.1194355487823486,,,,
14,11,LassoLarsCV,0.2048478761847039,0.216672470773139,2.192804383535736,0.2807037830352783,,,,
14,11,LassoLarsIC,0.2047746021133181,0.2166002863500884,2.192905415777671,0.2250378131866455,,,,
14,11,KNeighborsRegressor,0.2038177895906967,0.2156577024509446,2.194224267395789,1.6496927738189695,,,,
14,11,BaggingRegressor,0.2035357028180062,0.2153798105506891,2.1946129389959284,35.609140396118164,,,,
14,11,HuberRegressor,0.2006266150756948,0.2125139834400792,2.198617200428166,1.8983559608459477,,,,
14,11,ElasticNetCV,0.1994988140797512,0.2114029538129769,2.200167620257454,1.997786283493042,,,,
14,11,MLPRegressor,0.1992004488940995,0.2111090255737332,2.200577608571404,40.16221332550049,,,,
14,11,LassoCV,0.1988451149163829,0.2107589757172611,2.2010657789704147,1.8113300800323489,,,,
14,11,BayesianRidge,0.1982730075579883,0.2101953760863459,2.201851532901528,0.2248470783233642,,,,
14,11,RidgeCV,0.1980694904939579,0.2099948854957435,2.2021309833434914,0.1758453845977783,,,,
14,11,Ridge,0.1980170221703757,0.2099431974211685,2.2022030221484674,0.0844182968139648,,,,
14,11,LinearRegression,0.1980112022963159,0.2099374640936313,2.2022110126678087,0.1774377822875976,,,,
14,11,TransformedTargetRegressor,0.1980112022963159,0.2099374640936313,2.2022110126678087,0.1682336330413818,,,,
14,11,LinearSVR,0.1967797820291801,0.2087243561028395,2.203901065632184,8.997458219528198,,,,
14,11,OrthogonalMatchingPursuit,0.1909773714959551,0.2030082323946587,2.2118471598076246,0.0694525241851806,,,,
14,11,OrthogonalMatchingPursuitCV,0.1909773714959551,0.2030082323946587,2.2118471598076246,0.2120387554168701,,,,
14,11,SGDRegressor,0.1816511899339922,0.1938207391575148,2.2245593998636126,0.2688918113708496,,,,
14,11,LarsCV,0.1721990147405478,0.1845091259223347,2.2373696808991523,0.5338649749755859,,,,
14,11,ElasticNet,0.1569286957997228,0.1694658897312165,2.257911589631697,0.0884549617767334,,,,
14,11,LassoLars,0.0661500459561599,0.080037196329366,2.376365999442953,0.0762598514556884,,,,
14,11,Lasso,0.066149962078104,0.0800371136986488,2.3763661061651065,0.0708556175231933,,,,
14,11,DummyRegressor,-0.0185370541418148,-0.0033905339002069,2.481779515860618,0.0607428550720214,,,,
14,11,QuantileRegressor,-0.0323484775941076,-0.0169965696309288,2.4985493965729964,131.36703324317932,,,,
14,11,RANSACRegressor,-0.0579629383007209,-0.0422301213210338,2.529356272087545,0.4313967227935791,,,,
14,11,PassiveAggressiveRegressor,-0.1003962919678997,-0.0840324545971276,2.5795820023091256,0.1783814430236816,,,,
14,11,DecisionTreeRegressor,-0.3661529557725356,-0.3458370887026074,2.874249352005932,6.0521557331085205,,,,
14,11,AdaBoostRegressor,-0.3923684974258303,-0.3716627827497876,2.901695748744696,33.37032699584961,,,,
14,11,ExtraTreeRegressor,-0.4711506032444668,-0.449273331033422,2.9826572266110967,0.8968772888183594,,,,
14,11,Lars,-1378934221076.016,-1358428285620.3962,2887663.303677556,0.1044843196868896,,,,
14,11,ExtraTreesRegressor,0.0982592793992821,0.155560529203341,2.469017618631667,19.07039713859558,0.1429,0.052,0.0829,DJF
14,11,CatBoostRegressor,0.0936128939186331,0.1512093989873487,2.475370480044381,3.823318719863892,0.1393,0.0637,0.068,DJF
14,11,GradientBoostingRegressor,0.075632685990305,0.1343717460778776,2.499802155505034,26.328213930130005,0.1225,0.0616,0.0555,DJF
14,11,TweedieRegressor,0.0650208501721857,0.1244342409639197,2.5141102065092578,0.0357036590576171,0.1109,0.0646,0.0365,DJF
14,11,HistGradientBoostingRegressor,0.0632122709461683,0.1227405881770138,2.5165406193997044,1.1715984344482422,0.1118,0.0573,0.0641,DJF
14,11,RandomForestRegressor,0.0605769494470498,0.120272728579177,2.520077832696994,65.49612998962402,,,,DJF
14,11,LGBMRegressor,0.0528108034355273,0.1130000834847747,2.5304730481956645,0.4402456283569336,,,,DJF
14,11,GammaRegressor,0.0523520247327536,0.1125704579437157,2.5310858014896214,0.0300650596618652,,,,DJF
14,11,XGBRegressor,0.0088572228376259,0.0718395397810544,2.588519603192498,1.6273889541625977,,,,DJF
14,11,PoissonRegressor,0.0064822172565599,0.0696154542870794,2.5916190910753865,0.0485877990722656,,,,DJF
14,11,LinearSVR,-0.0001505863224942,0.0634041332097045,2.600255627884444,0.7763054370880127,,,,DJF
14,11,HuberRegressor,-0.0009516260266433,0.0626539956941132,2.601296716663517,0.2505714893341064,,,,DJF
14,11,LassoLarsCV,-0.0054218786597632,0.0584678059373454,2.60709894472822,0.0870792865753173,,,,DJF
14,11,LassoLarsIC,-0.0054218786597632,0.0584678059373454,2.60709894472822,0.0541028976440429,,,,DJF
14,11,LarsCV,-0.0056240498988859,0.0582784817000399,2.6073610505872407,0.1270124912261963,,,,DJF
14,11,ElasticNet,-0.011573759583606,0.0527068472126766,2.615062817190301,0.0299313068389892,,,,DJF
14,11,BayesianRidge,-0.013081169220467,0.0512952261480574,2.6170105265900463,0.0592708587646484,,,,DJF
14,11,ElasticNetCV,-0.0134206159474428,0.0509773496144349,2.6174489224880766,0.5444471836090088,,,,DJF
14,11,RidgeCV,-0.0141099266633075,0.050331841251752,2.6183389423199968,0.0396361351013183,,,,DJF
14,11,LassoCV,-0.0142703911436856,0.0501815735109297,2.618546086421345,0.5514452457427979,,,,DJF
14,11,Ridge,-0.0144896812007251,0.0499762182735683,2.6188291421487384,0.0296251773834228,,,,DJF
14,11,TransformedTargetRegressor,-0.0145330380146728,0.0499356165748883,2.6188851027350597,0.0420472621917724,,,,DJF
14,11,LinearRegression,-0.0145330380146728,0.0499356165748883,2.6188851027350597,0.0426588058471679,,,,DJF
14,11,BaggingRegressor,-0.0145559437427451,0.0499141663947537,2.618914666647312,6.631969451904297,,,,DJF
14,11,SGDRegressor,-0.0168777812961891,0.0477398703580838,2.621909681105734,0.0700197219848632,,,,DJF
14,11,OrthogonalMatchingPursuit,-0.0243495761760628,0.0407428718083692,2.6315246598469364,0.0255491733551025,,,,DJF
14,11,OrthogonalMatchingPursuitCV,-0.0243495761760628,0.0407428718083692,2.6315246598469364,0.0485293865203857,,,,DJF
14,11,KNeighborsRegressor,-0.0344839278275808,0.0312525090577838,2.6445100505712555,0.1012983322143554,,,,DJF
14,11,MLPRegressor,-0.048011098577396,0.0185849244091275,2.6617440322312937,9.617923974990845,,,,DJF
14,11,LassoLars,-0.053676433599993,0.0132795939531837,2.668928759184728,0.0287206172943115,,,,DJF
14,11,Lasso,-0.0536766490883802,0.0132793921580386,2.668929032097316,0.02447509765625,,,,DJF
14,11,DummyRegressor,-0.0739922809782522,-0.005745279845855,2.69453561390612,0.0194983482360839,,,,DJF
14,11,QuantileRegressor,-0.1004619649565707,-0.0305329437720396,2.727538355155042,8.691911220550537,,,,DJF
14,11,RANSACRegressor,-0.2370234198165131,-0.1584165804301796,2.891827005198764,0.2106928825378418,,,,DJF
14,11,AdaBoostRegressor,-0.2544898491961,-0.1747731029261137,2.912171342529544,5.116747140884399,,,,DJF
14,11,PassiveAggressiveRegressor,-0.5816911827480353,-0.4811823784931435,3.2699732120241825,0.0618491172790527,,,,DJF
14,11,DecisionTreeRegressor,-0.7360018769732477,-0.6256873764297972,3.425771904303,1.1267287731170654,,,,DJF
14,11,ExtraTreeRegressor,-0.7959350692018066,-0.6818121049381467,3.4844052832834644,0.2107021808624267,,,,DJF
14,11,Lars,-229311343131633.6,-214739719320593.3,39372783.350428745,0.0369298458099365,,,,DJF
14,11,GradientBoostingRegressor,0.3948827732738479,0.4300066856194596,1.558757063991333,26.35223627090454,0.4145,0.1205,0.2841,JJA
14,11,ExtraTreesRegressor,0.3841273954091703,0.4198756015819578,1.572548755687157,19.208826541900635,0.4048,0.113,0.2843,JJA
14,11,CatBoostRegressor,0.3810393824274254,0.4169668317162612,1.5764862413247174,4.052206039428711,0.4019,0.1359,0.2581,JJA
14,11,LGBMRegressor,0.3787071354924247,0.4147699596033533,1.5794535530580502,0.4702494144439697,0.3993,0.1205,0.27,JJA
14,11,HistGradientBoostingRegressor,0.3734870478373419,0.4098528709262131,1.5860749392875686,1.730022430419922,0.3947,0.1148,0.2727,JJA
14,11,RandomForestRegressor,0.3702302309462593,0.4067850953414357,1.5901920608647988,66.86825704574585,,,,JJA
14,11,TweedieRegressor,0.3656941501656705,0.4025123104921031,1.5959086717259197,0.0274229049682617,,,,JJA
14,11,LinearSVR,0.3526085618065455,0.3901862725774487,1.6122862566040534,1.6210927963256836,,,,JJA
14,11,GammaRegressor,0.3521298926598275,0.3897353876887377,1.6128821936517248,0.0319752693176269,,,,JJA
14,11,HuberRegressor,0.3512147342075402,0.3888733494317461,1.614020941891294,0.2766010761260986,,,,JJA
14,11,LarsCV,0.3510599248772348,0.3887275259790653,1.6142134945051596,0.1221895217895507,,,,JJA
14,11,PoissonRegressor,0.3468725282118949,0.3847831859429764,1.6194131142641597,0.0459184646606445,,,,JJA
14,11,LassoLarsIC,0.3462779890793931,0.3842231567193876,1.6201500190034126,0.0555853843688964,,,,JJA
14,11,LassoLarsCV,0.3459918850432377,0.3839536595366547,1.6205045127686295,0.0768661499023437,,,,JJA
14,11,OrthogonalMatchingPursuit,0.3438490432581235,0.3819351985883547,1.6231571136887906,0.0252013206481933,,,,JJA
14,11,OrthogonalMatchingPursuitCV,0.3438490432581235,0.3819351985883547,1.6231571136887906,0.0501565933227539,,,,JJA
14,11,ElasticNetCV,0.3406837707800271,0.3789536537388239,1.6270674587691394,0.5025007724761963,,,,JJA
14,11,LassoCV,0.3401227235596747,0.3784251723958239,1.6277595906449942,0.4811313152313232,,,,JJA
14,11,BayesianRidge,0.339916668501008,0.3782310777631694,1.6280137151088514,0.0547127723693847,,,,JJA
14,11,RidgeCV,0.3396699263989646,0.3779986577586989,1.6283179660835378,0.0401318073272705,,,,JJA
14,11,Ridge,0.3395324697056743,0.377869179712575,1.6284874355393764,0.0244700908660888,,,,JJA
14,11,LinearRegression,0.3395178067728442,0.3778553678868441,1.6285055123321466,0.0420775413513183,,,,JJA
14,11,TransformedTargetRegressor,0.3395178067728442,0.3778553678868441,1.6285055123321466,0.0429508686065673,,,,JJA
14,11,SGDRegressor,0.335856991050906,0.3744070435051814,1.633012386722453,0.0806717872619628,,,,JJA
14,11,BaggingRegressor,0.3212019500332079,0.3606026515078588,1.650931177794778,6.692558288574219,,,,JJA
14,11,XGBRegressor,0.315717803640244,0.3554368313311871,1.6575868647089138,1.6126842498779297,,,,JJA
14,11,KNeighborsRegressor,0.272369687952248,0.3146048486311908,1.70928337145925,0.1244802474975586,,,,JJA
14,11,ElasticNet,0.2700977774733569,0.3124648107564717,1.7119497751152029,0.0276358127593994,,,,JJA
14,11,MLPRegressor,0.2649475212465896,0.3076135001559016,1.7179789945073625,9.947589635849,,,,JJA
14,11,RANSACRegressor,0.2354511401387763,0.2798292307824522,1.7521097192734647,0.3109622001647949,,,,JJA
14,11,Lasso,0.1216878971654017,0.1726693532362491,1.877946042377516,0.0248241424560546,,,,JJA
14,11,LassoLars,0.1216876037968983,0.1726690768962637,1.8779463560075864,0.0264961719512939,,,,JJA
14,11,PassiveAggressiveRegressor,-0.0827872587903617,-0.0199370818544648,2.085116114256342,0.0500221252441406,,,,JJA
14,11,DummyRegressor,-0.0858617750245498,-0.0228331383887052,2.088074303417999,0.0203208923339843,,,,JJA
14,11,AdaBoostRegressor,-0.1047464794152794,-0.0406216837669384,2.106153350847812,7.218499898910522,,,,JJA
14,11,QuantileRegressor,-0.116681531238024,-0.0518639678158576,2.1174996291740857,9.20568585395813,,,,JJA
14,11,ExtraTreeRegressor,-0.1441882614270422,-0.0777740751731304,2.143420698069209,0.2170119285583496,,,,JJA
14,11,DecisionTreeRegressor,-0.1510465757515953,-0.0842342999696799,2.149834979117332,1.1636300086975098,,,,JJA
14,11,Lars,-1.5938498811016993e+19,-1.501335173135511e+19,7999859938.398305,0.0336918830871582,,,,JJA
14,11,TweedieRegressor,0.0909211392486093,0.1447295453366979,2.150092197846587,0.0282225608825683,0.0798,0.0611,0.0133,MAM
14,11,GradientBoostingRegressor,0.0894545944506869,0.1433498053710512,2.1518257855385614,26.614489793777462,0.0715,0.0385,0.0432,MAM
14,11,GammaRegressor,0.0803184797931586,0.1347544576247162,2.1625941991866093,0.032813549041748,0.0722,0.0727,-0.0072,MAM
14,11,HistGradientBoostingRegressor,0.0739818721150535,0.1287929139524802,2.170031549709488,1.6192684173583984,0.0488,0.028,0.0203,MAM
14,11,ExtraTreesRegressor,0.0700012705840543,0.1250479243501072,2.174690620434504,19.30814743041992,0.0451,0.0169,0.0353,MAM
14,11,LarsCV,0.0574588083051501,0.1132478508042222,2.1893060304168666,0.1161069869995117,,,,MAM
14,11,LGBMRegressor,0.0571741711375254,0.1129800613194164,2.1896365787437904,0.4585227966308594,,,,MAM
14,11,LassoLarsIC,0.0557448166377508,0.1116353103570116,2.191295730143888,0.056004524230957,,,,MAM
14,11,LassoLarsCV,0.0557448166377508,0.1116353103570116,2.191295730143888,0.0823702812194824,,,,MAM
14,11,CatBoostRegressor,0.0550918631254332,0.1110210051834293,2.1920532409321813,3.87009334564209,,,,MAM
14,11,ElasticNet,0.0524192171881972,0.1085065532424783,2.195151132198033,0.0300502777099609,,,,MAM
14,11,PoissonRegressor,0.0486835016431185,0.1049919548168902,2.199473926588885,0.0441803932189941,,,,MAM
14,11,RandomForestRegressor,0.0467500722847616,0.103172965202486,2.201707867124446,68.67735815048218,,,,MAM
14,11,KNeighborsRegressor,0.0436753003367214,0.1002801891018375,2.2052558869598227,0.1097481250762939,,,,MAM
14,11,SGDRegressor,0.0227541492181736,0.0805973615697459,2.229247156315255,0.0792634487152099,,,,MAM
14,11,ElasticNetCV,0.0223790305618581,0.0802444461983836,2.2296749667608364,0.5348954200744629,,,,MAM
14,11,LassoCV,0.0215915240259024,0.0795035521988241,2.230572825031475,0.2923429012298584,,,,MAM
14,11,BayesianRidge,0.0210225676378793,0.0789682723571325,2.2312212833407976,0.0538125038146972,,,,MAM
14,11,RidgeCV,0.0193978416860224,0.0774397139849806,2.2330720003098103,0.0397322177886962,,,,MAM
14,11,Ridge,0.0190377271177789,0.0771009146092499,2.233481997338808,0.0246427059173584,,,,MAM
14,11,TransformedTargetRegressor,0.0189971725319995,0.0770627604506661,2.2335281647621685,0.0420758724212646,,,,MAM
14,11,LinearRegression,0.0189971725319995,0.0770627604506661,2.2335281647621685,0.0457143783569335,,,,MAM
14,11,HuberRegressor,0.0178025982954215,0.0759388931003653,2.234887642724913,0.2432823181152343,,,,MAM
14,11,XGBRegressor,0.0128507956539958,0.0712801878115474,2.2405142149342976,1.6518301963806152,,,,MAM
14,11,LinearSVR,0.0122947370172009,0.0707570423027872,2.241145164073966,1.0690195560455322,,,,MAM
14,11,OrthogonalMatchingPursuitCV,0.0051114793910949,0.0639989619193478,2.2492799586630454,0.0578134059906005,,,,MAM
14,11,OrthogonalMatchingPursuit,0.0051114793910949,0.0639989619193478,2.2492799586630454,0.0241167545318603,,,,MAM
14,11,BaggingRegressor,-0.0008447917916774,0.0583952426134375,2.256002987880956,6.89818000793457,,,,MAM
14,11,LassoLars,-0.0177366478513096,0.0425032160402008,2.2749612857127794,0.0231695175170898,,,,MAM
14,11,Lasso,-0.0177366617888383,0.0425032029276348,2.2749613012901584,0.0227384567260742,,,,MAM
14,11,DummyRegressor,-0.0650149403591213,-0.0019766728612293,2.3272023878434847,0.0198345184326171,,,,MAM
14,11,QuantileRegressor,-0.0679912462756819,-0.0047768111378689,2.330451935583824,8.996990203857422,,,,MAM
14,11,MLPRegressor,-0.1118445885554857,-0.0460344727219834,2.377816558614528,9.727633476257324,,,,MAM
14,11,RANSACRegressor,-0.2165973969983841,-0.1445869591698192,2.487309022274075,0.2228240966796875,,,,MAM
14,11,AdaBoostRegressor,-0.2214088937430518,-0.1491136632722793,2.492222673227948,6.634022951126099,,,,MAM
14,11,DecisionTreeRegressor,-0.6433796413867345,-0.5461079492174263,2.890847985399578,1.2043027877807615,,,,MAM
14,11,PassiveAggressiveRegressor,-0.6865757735818694,-0.5867473010022572,2.92859443371047,0.0703442096710205,,,,MAM
14,11,ExtraTreeRegressor,-0.7093033144448269,-0.6081295980135131,2.94826061668578,0.2201619148254394,,,,MAM
14,11,Lars,-15887101460.916813,-14946743430.460676,284235.709101708,0.0315349102020263,,,,MAM
14,11,GradientBoostingRegressor,0.1347495181687752,0.1846678151974997,2.127087684162857,26.67077875137329,0.185,0.1556,0.0583,SON
14,11,ExtraTreesRegressor,0.1198820479937742,0.1706580836864412,2.145284563983324,19.94511103630066,0.17,0.1714,0.0247,SON
14,11,LGBMRegressor,0.1169492417949171,0.1678944778452105,2.1488559438911405,0.4467322826385498,0.1666,0.1787,0.0118,SON
14,11,HistGradientBoostingRegressor,0.1053684021011754,0.1569817635184154,2.1629007175051305,1.3653430938720703,0.1579,0.1698,0.0209,SON
14,11,RandomForestRegressor,0.0993209115400505,0.1512831666435091,2.1701987447021,72.49009370803833,0.1499,0.1778,-0.0041,SON
14,11,TweedieRegressor,0.0881872380682692,0.1407918204874075,2.183570917120444,0.0287268161773681,,,,SON
14,11,GammaRegressor,0.0795797889792933,0.1326809549997187,2.193853087210284,0.0313148498535156,,,,SON
14,11,CatBoostRegressor,0.0782148864659191,0.1313947968621162,2.1954791305504,4.008533000946045,,,,SON
14,11,PoissonRegressor,0.0404933321973435,0.0958494861090353,2.2399507350582804,0.0473358631134033,,,,SON
14,11,KNeighborsRegressor,0.025830515236826,0.0820326008962399,2.2570008823239127,0.1207072734832763,,,,SON
14,11,HuberRegressor,0.0258046368723222,0.0820082155143037,2.257030860220236,0.2668671607971191,,,,SON
14,11,LinearSVR,0.0249222497051696,0.0811767352991021,2.258052792973236,1.0112683773040771,,,,SON
14,11,XGBRegressor,0.022207208114483,0.0786183307232629,2.261194309398829,1.5678505897521973,,,,SON
14,11,LarsCV,0.0180562332387329,0.0747068351672676,2.2659888938365613,0.1128296852111816,,,,SON
14,11,LassoLarsIC,0.0169219172738642,0.0736379605080644,2.2672973218719825,0.0567269325256347,,,,SON
14,11,LassoLarsCV,0.0169219172738641,0.0736379605080643,2.2672973218719825,0.0816597938537597,,,,SON
14,11,BaggingRegressor,0.0152980567638273,0.0721077842582219,2.2691691240738647,7.28454065322876,,,,SON
14,11,LassoCV,0.0135880398221979,0.070496422140148,2.271138570011132,0.5588831901550293,,,,SON
14,11,ElasticNetCV,0.0135312549357139,0.0704429133048074,2.271203940513058,0.5681955814361572,,,,SON
14,11,BayesianRidge,0.0123624788891731,0.0693415666455671,2.272549012500634,0.0558822154998779,,,,SON
14,11,RidgeCV,0.0118983388763611,0.0689042039411865,2.273082941705851,0.0394501686096191,,,,SON
14,11,Ridge,0.0118173641501972,0.0688279008338398,2.2731760791355216,0.0262782573699951,,,,SON
14,11,TransformedTargetRegressor,0.0118105185613083,0.0688214501827714,2.273183952782252,0.0443248748779296,,,,SON
14,11,LinearRegression,0.0118105185613083,0.0688214501827714,2.273183952782252,0.0415201187133789,,,,SON
14,11,ElasticNet,0.0013082006546456,0.0589250352322623,2.285231543032067,0.0334746837615966,,,,SON
14,11,OrthogonalMatchingPursuitCV,-0.0084319070312997,0.0497468568358907,2.29634828273754,0.0467164516448974,,,,SON
14,11,OrthogonalMatchingPursuit,-0.0084319070312997,0.0497468568358907,2.29634828273754,0.0233261585235595,,,,SON
14,11,SGDRegressor,-0.0128738632500164,0.0455611673220999,2.301400220577411,0.0614879131317138,,,,SON
14,11,MLPRegressor,-0.0404134681066841,0.0196103858225477,2.3324774345244763,9.8587167263031,,,,SON
14,11,Lasso,-0.0492287533267643,0.0113036747497797,2.3423379776676785,0.022933006286621,,,,SON
14,11,LassoLars,-0.0492287687505288,0.0113036602158479,2.342337994883976,0.0257833003997802,,,,SON
14,11,DummyRegressor,-0.0664837162191294,-0.0049558095141795,2.361519752472483,0.0198907852172851,,,,SON
14,11,QuantileRegressor,-0.077735350007003,-0.0155583105835219,2.373944339916,9.091318368911743,,,,SON
14,11,AdaBoostRegressor,-0.2132171889342491,-0.1432238895726578,2.518742356327791,7.165782690048218,,,,SON
14,11,RANSACRegressor,-0.243353790434909,-0.1716218409867411,2.549833540095792,0.228607177734375,,,,SON
14,11,DecisionTreeRegressor,-0.6275590078244382,-0.5336613727576436,2.917311739537286,1.2351865768432615,,,,SON
14,11,PassiveAggressiveRegressor,-0.6440798494447246,-0.5492290888998366,2.932080714136365,0.0491001605987548,,,,SON
14,11,ExtraTreeRegressor,-0.8019768620041843,-0.6980166584270198,3.0696515053021973,0.2258887290954589,,,,SON
14,11,Lars,-6.895509736284562e+25,-6.497691866883529e+25,18988805939315.047,0.0342252254486084,,,,SON
1,4,ExtraTreesRegressor,0.3463146947274808,0.4501031693807776,2.3680732932538686,8.45687460899353,0.4352,0.056,0.3886,DJF
1,4,RandomForestRegressor,0.3446033903523969,0.4486635762853033,2.371170995872433,24.967256784439087,0.4311,0.0424,0.3849,DJF
1,4,CatBoostRegressor,0.3391265520517426,0.4440563195532765,2.38105775921619,3.9067885875701904,0.4275,0.0582,0.3709,DJF
1,4,LinearSVR,0.3319699617670656,0.4380360124057209,2.393915266812896,0.3765733242034912,0.4297,0.0944,0.3539,DJF
1,4,HuberRegressor,0.3318621274390032,0.4379452994055124,2.3941084735646294,0.1309711933135986,0.429,0.0892,0.3588,DJF
1,4,GradientBoostingRegressor,0.3280230464005502,0.4347157660528306,2.4009768248643257,11.209080934524536,,,,DJF
1,4,HistGradientBoostingRegressor,0.3242613594646468,0.431551338602572,2.407687708772046,0.9746384620666504,,,,DJF
1,4,LGBMRegressor,0.3157019101326955,0.4243509104737438,2.422888578529771,1.913321018218994,,,,DJF
1,4,SGDRegressor,0.301423505192042,0.4123395503286815,2.448035791842855,0.0483379364013671,,,,DJF
1,4,LassoLarsIC,0.3002122192669616,0.4113205855671933,2.4501572395564395,0.036123514175415,,,,DJF
1,4,LassoLarsCV,0.2959931538846581,0.4077713996467039,2.4575322177259,0.0566246509552001,,,,DJF
1,4,ElasticNetCV,0.2928827063014344,0.4051548114290618,2.4629551767281903,0.3185145854949951,,,,DJF
1,4,LassoCV,0.291510639574339,0.4040005937366305,2.465343536607029,0.2699587345123291,,,,DJF
1,4,BayesianRidge,0.2911301986326686,0.403680557067036,2.466005361465135,0.0331652164459228,,,,DJF
1,4,RidgeCV,0.288248346780138,0.4012562694362164,2.4710129480930974,0.0258071422576904,,,,DJF
1,4,LarsCV,0.2881287970944093,0.4011557011769125,2.471220461778849,0.0822346210479736,,,,DJF
1,4,PoissonRegressor,0.2873556409952059,0.4005053024527916,2.472562081347652,0.030475378036499,,,,DJF
1,4,Ridge,0.2863594302599256,0.3996672644526393,2.4742896840644284,0.017545461654663,,,,DJF
1,4,LinearRegression,0.2860977132599066,0.3994471014052696,2.4747433468328857,0.0264325141906738,,,,DJF
1,4,TransformedTargetRegressor,0.2860977132599066,0.3994471014052696,2.4747433468328857,0.0272192955017089,,,,DJF
1,4,GammaRegressor,0.272098780451206,0.3876708403795661,2.498889213003247,0.0207829475402832,,,,DJF
1,4,BaggingRegressor,0.2660143086137854,0.3825524267447442,2.5093114925546143,2.528596878051758,,,,DJF
1,4,TweedieRegressor,0.2624375025035447,0.3795435257829261,2.51541815980621,0.0201208591461181,,,,DJF
1,4,OrthogonalMatchingPursuitCV,0.258389947653165,0.3761386189171471,2.522310703230636,0.0324158668518066,,,,DJF
1,4,OrthogonalMatchingPursuit,0.258389947653165,0.3761386189171471,2.522310703230636,0.0186872482299804,,,,DJF
1,4,MLPRegressor,0.2274711337388772,0.3501289203040137,2.574353231312309,4.822725057601929,,,,DJF
1,4,XGBRegressor,0.2184321997115959,0.3425251373618438,2.5893699767802603,1.1120686531066897,,,,DJF
1,4,KNeighborsRegressor,0.2053732678163908,0.3315396291937327,2.610912782065988,0.0328502655029296,,,,DJF
1,4,ElasticNet,0.1309743751896099,0.2689533741149364,2.730404997221294,0.0196037292480468,,,,DJF
1,4,RANSACRegressor,0.0602129211397741,0.2094270255827626,2.839393041179043,0.1633484363555908,,,,DJF
1,4,Lasso,0.0036508492714809,0.1618455612255912,2.9235905962071724,0.0178074836730957,,,,DJF
1,4,LassoLars,0.0036505729371488,0.1618453287660695,2.923591001631515,0.0166797637939453,,,,DJF
1,4,DummyRegressor,-0.1939859520756657,-0.0044115808547382,3.200445141295212,0.0171890258789062,,,,DJF
1,4,QuantileRegressor,-0.239390493513959,-0.0426070446830519,3.2607301499987877,2.643218517303467,,,,DJF
1,4,ExtraTreeRegressor,-0.5442605117400592,-0.299071516839827,3.6397458702497354,0.0988993644714355,,,,DJF
1,4,PassiveAggressiveRegressor,-0.5991610996032568,-0.3452552982734918,3.703879824801873,0.0256297588348388,,,,DJF
1,4,DecisionTreeRegressor,-0.6930624924055693,-0.424247556285465,3.811073048076851,0.4393098354339599,,,,DJF
1,4,AdaBoostRegressor,-0.7443460379556606,-0.4673885890323384,3.868361928253513,2.688239812850952,,,,DJF
1,4,Lars,-16536531056.259932,-13910953701.764624,376645.6745052384,0.0246076583862304,,,,DJF
1,4,ExtraTreesRegressor,0.6024495905535238,0.6683227688629689,1.9328194911856733,8.615516662597656,0.6647,0.0392,0.6402,JJA
1,4,CatBoostRegressor,0.5649212817536801,0.6370128135561226,2.021990515840637,3.5773801803588867,0.6299,0.0357,0.5919,JJA
1,4,LGBMRegressor,0.5519096593592747,0.6261571867328832,2.0520029699515208,2.433177947998047,0.6197,0.0249,0.5928,JJA
1,4,MLPRegressor,0.5489912826731411,0.6237223782767195,2.0586743908957263,4.972666501998901,0.613,0.0428,0.5731,JJA
1,4,RandomForestRegressor,0.5452157573950611,0.620572448756926,2.067273313721044,24.435523748397827,0.6143,0.0271,0.5863,JJA
1,4,HistGradientBoostingRegressor,0.542267587782376,0.6181127839928544,2.073963109011953,1.0017776489257812,,,,JJA
1,4,LassoLarsIC,0.5376526769299144,0.6142625531362949,2.0843918563376618,0.038032054901123,,,,JJA
1,4,ElasticNetCV,0.5364994748529555,0.6133004339616227,2.086989717189966,0.2149529457092285,,,,JJA
1,4,LinearRegression,0.5361641500400771,0.6130206716904132,2.0877445091169258,0.0258152484893798,,,,JJA
1,4,TransformedTargetRegressor,0.5361641500400771,0.6130206716904132,2.0877445091169258,0.0283472537994384,,,,JJA
1,4,LassoLarsCV,0.5361565680376374,0.6130143460081452,2.0877615725018237,0.0637345314025878,,,,JJA
1,4,Ridge,0.5361560060446591,0.6130138771360963,2.0877628372680226,0.0195651054382324,,,,JJA
1,4,RidgeCV,0.5360994372662067,0.6129666816726782,2.087890141484881,0.0262012481689453,,,,JJA
1,4,BayesianRidge,0.5360205402900997,0.6129008577420308,2.0880676808418874,0.0351908206939697,,,,JJA
1,4,LassoCV,0.5359823627394826,0.612869006122766,2.0881535851509416,0.1952416896820068,,,,JJA
1,4,HuberRegressor,0.534425309193532,0.6115699527283247,2.091654145997607,0.1346285343170166,,,,JJA
1,4,GradientBoostingRegressor,0.5321952455764274,0.6097094054663798,2.096657585374009,11.20693850517273,,,,JJA
1,4,LinearSVR,0.5310331629409389,0.608739877221074,2.0992601434857647,0.3362710475921631,,,,JJA
1,4,SGDRegressor,0.5291331654608307,0.6071547049048209,2.103508372715313,0.0369379520416259,,,,JJA
1,4,XGBRegressor,0.5235708771564231,0.6025140748368996,2.115896130963244,1.0762453079223633,,,,JJA
1,4,PoissonRegressor,0.5169259223079739,0.5969701735534549,2.1306006769645927,0.0302395820617675,,,,JJA
1,4,BaggingRegressor,0.4784212725542539,0.5648456547182292,2.213885364195062,2.4529922008514404,,,,JJA
1,4,TweedieRegressor,0.4748679767211934,0.5618811317412282,2.22141369762868,0.0210251808166503,,,,JJA
1,4,GammaRegressor,0.473953132609974,0.5611178751716934,2.2233478425810307,0.0213344097137451,,,,JJA
1,4,OrthogonalMatchingPursuit,0.4727840301345249,0.5601424902575833,2.225817089170559,0.018557071685791,,,,JJA
1,4,OrthogonalMatchingPursuitCV,0.4727840301345249,0.5601424902575833,2.225817089170559,0.0328176021575927,,,,JJA
1,4,KNeighborsRegressor,0.4597070243156311,0.5492323138912387,2.2532524640320863,0.0329768657684326,,,,JJA
1,4,RANSACRegressor,0.4451777279847785,0.5371104881733472,2.283348162089484,0.1715350151062011,,,,JJA
1,4,ElasticNet,0.355721061372455,0.4624765831799261,2.4605498111105613,0.019275426864624,,,,JJA
1,4,Lasso,0.2583709757826036,0.3812571803767651,2.639906546269917,0.0481414794921875,,,,JJA
1,4,LassoLars,0.2583521778952357,0.381241497255618,2.6399400025869206,0.0208606719970703,,,,JJA
1,4,PassiveAggressiveRegressor,0.2488492196875843,0.3733131571230718,2.6567993440012434,0.0327925682067871,,,,JJA
1,4,AdaBoostRegressor,0.1465879826028159,0.287996369206419,2.831878205070273,2.705559015274048,,,,JJA
1,4,ExtraTreeRegressor,0.1243389703305427,0.2694339665257725,2.868555158202849,0.0980875492095947,,,,JJA
1,4,DecisionTreeRegressor,-0.1048485790341693,0.0782222610964923,3.2221560879436715,0.4256680011749267,,,,JJA
1,4,DummyRegressor,-0.206722126631659,-0.0067710765793203,3.367431980201962,0.0141005516052246,,,,JJA
1,4,QuantileRegressor,-0.2600256568172698,-0.0512423357748734,3.4410017078785637,2.7237231731414795,,,,JJA
1,4,LarsCV,-33906891174747.93,-28288598160327.324,17850039.446337484,0.0894637107849121,,,,JJA
1,4,Lars,-565639932851474.9,-471914711419689.7,72906327.98307301,0.0247273445129394,,,,JJA
1,4,CatBoostRegressor,0.465967775094123,0.548910109752529,1.7734529192795516,3.5291049480438232,0.5231,0.1432,0.3582,MAM
1,4,LGBMRegressor,0.4637328456563907,0.5470222946961338,1.7771600026177137,1.9463694095611568,0.522,0.1306,0.3781,MAM
1,4,HistGradientBoostingRegressor,0.4602884300874831,0.5441128428531874,1.7828581698570805,1.0008752346038818,0.5185,0.1398,0.3668,MAM
1,4,HuberRegressor,0.4598086927104974,0.5437076150960605,1.7836503649562996,0.1354973316192627,0.5189,0.1229,0.3785,MAM
1,4,LinearSVR,0.4572279932296808,0.5415277327008202,1.7879058768025675,0.4080939292907715,0.5164,0.1265,0.3715,MAM
1,4,ElasticNetCV,0.4442162761085709,0.5305369089745422,1.809209433476,0.1914594173431396,,,,MAM
1,4,LassoCV,0.443500828303954,0.5299325797662826,1.810373536137008,0.172950267791748,,,,MAM
1,4,GradientBoostingRegressor,0.4410611026683269,0.5278717760958619,1.814337589129378,11.6736581325531,,,,MAM
1,4,BayesianRidge,0.4389901281882983,0.5261224516031947,1.8176957135891283,0.0348176956176757,,,,MAM
1,4,RandomForestRegressor,0.4380498943959129,0.525328248672297,1.8192182745439816,26.219135999679565,,,,MAM
1,4,RidgeCV,0.4372329978281229,0.5246382270482782,1.820540076478044,0.0262215137481689,,,,MAM
1,4,SGDRegressor,0.4372064785809875,0.5246158265942946,1.8205829705916543,0.0425875186920166,,,,MAM
1,4,Ridge,0.4365304175379695,0.5240447668576854,1.8216761386558789,0.018308401107788,,,,MAM
1,4,LinearRegression,0.4364345711328554,0.5239638066789787,1.8218310659938477,0.0281822681427001,,,,MAM
1,4,TransformedTargetRegressor,0.4364345711328554,0.5239638066789787,1.8218310659938477,0.027672529220581,,,,MAM
1,4,PoissonRegressor,0.4327499892038668,0.5208514895182527,1.8277769148186127,0.0321273803710937,,,,MAM
1,4,ExtraTreesRegressor,0.4314312843670344,0.519737597149266,1.8299002281842291,8.754390478134155,,,,MAM
1,4,LassoLarsIC,0.4309277157861564,0.5193122394923937,1.8307103996660743,0.0351130962371826,,,,MAM
1,4,LassoLarsCV,0.4286894921813703,0.5174216418970703,1.8343070588514376,0.0541808605194091,,,,MAM
1,4,XGBRegressor,0.3944152958757367,0.4884706858895868,1.8885277902933195,1.0934240818023682,,,,MAM
1,4,OrthogonalMatchingPursuitCV,0.3813052659815845,0.4773968186765428,1.9088602800912475,0.0328309535980224,,,,MAM
1,4,OrthogonalMatchingPursuit,0.3813052659815845,0.4773968186765428,1.9088602800912475,0.0192222595214843,,,,MAM
1,4,TweedieRegressor,0.3794611113793844,0.475839085906292,1.911703050502409,0.1356887817382812,,,,MAM
1,4,MLPRegressor,0.3761642069593929,0.47305423476134,1.9167747333580676,5.007120370864868,,,,MAM
1,4,GammaRegressor,0.3705414102370346,0.4683047334427267,1.9253935543876957,0.0260517597198486,,,,MAM
1,4,KNeighborsRegressor,0.3650265589269854,0.463646412172658,1.9338095990084936,0.0329327583312988,,,,MAM
1,4,BaggingRegressor,0.3495816967182292,0.4506003432769784,1.95718693704044,2.608222484588623,,,,MAM
1,4,ElasticNet,0.2902232960087001,0.4004610947212453,2.0445456033774523,0.0197498798370361,,,,MAM
1,4,RANSACRegressor,0.2741751114076614,0.3869054074560627,2.0675301882015886,0.1741786003112793,,,,MAM
1,4,LassoLars,0.1951934618902063,0.3201906626320544,2.177116550434304,0.0202686786651611,,,,MAM
1,4,Lasso,0.1951719018420438,0.3201724511472305,2.1771457117427064,0.040787935256958,,,,MAM
1,4,PassiveAggressiveRegressor,-0.0249278360128186,0.1342571412425782,2.456872252726915,0.0403568744659423,,,,MAM
1,4,LarsCV,-0.1802008254347478,0.0031001202049814,2.6364156950878663,0.0833418369293212,,,,MAM
1,4,DummyRegressor,-0.1887200342587336,-0.0040959417444343,2.6459139894221857,0.0139088630676269,,,,MAM
1,4,QuantileRegressor,-0.2425856902557024,-0.0495955421778413,2.7051982969991237,2.867918968200684,,,,MAM
1,4,DecisionTreeRegressor,-0.476918380396347,-0.2475332368470506,2.9492675951541067,0.4461917877197265,,,,MAM
1,4,AdaBoostRegressor,-0.5397692599596093,-0.3006225356607055,3.0113674649491817,2.8183722496032715,,,,MAM
1,4,ExtraTreeRegressor,-0.7688433803472876,-0.494118386669371,3.2276067994992688,0.1018083095550537,,,,MAM
1,4,Lars,-12370510576345.088,-10449205118983.434,8535515.274356019,0.0255460739135742,,,,MAM
1,4,ExtraTreesRegressor,0.3302613133856381,0.4363032720995787,2.623618191113635,8.892879247665405,0.3759,0.143,0.2263,SON
1,4,HuberRegressor,0.3191907660053142,0.4269855613878062,2.6452130656899318,0.1492002010345459,0.3902,0.0238,0.3629,SON
1,4,LinearSVR,0.3127865809383945,0.4215953722898153,2.657625339900348,0.3836526870727539,0.3884,0.0177,0.3713,SON
1,4,MLPRegressor,0.3055620895092781,0.415514758670309,2.671558270612282,5.095584392547607,0.3536,0.1229,0.2382,SON
1,4,GradientBoostingRegressor,0.3045187949583012,0.4146366524232369,2.673564336293824,11.607707500457764,0.3564,0.1105,0.249,SON
1,4,CatBoostRegressor,0.3020136165007737,0.4125281272214846,2.6783752032936934,3.611019372940064,,,,SON
1,4,ElasticNetCV,0.3008748956772041,0.4115697038616468,2.680559113155196,0.1773896217346191,,,,SON
1,4,PoissonRegressor,0.2991819993655419,0.4101448494659977,2.683802570477288,0.03255295753479,,,,SON
1,4,RandomForestRegressor,0.2971844779347876,0.4084636022617796,2.687624631652423,26.578794240951535,,,,SON
1,4,LassoCV,0.2967024941906474,0.4080579326104615,2.6885460465377693,0.1506998538970947,,,,SON
1,4,BayesianRidge,0.2895034350660843,0.4019987245139542,2.7022711937900463,0.0335931777954101,,,,SON
1,4,RidgeCV,0.2874313367375881,0.4002547084208033,2.7062087885148465,0.0269117355346679,,,,SON
1,4,Ridge,0.2868407279819356,0.3997576127181291,2.7073300696186,0.0181412696838378,,,,SON
1,4,LinearRegression,0.286769599376966,0.3996977461422797,2.707465077194936,0.0301399230957031,,,,SON
1,4,TransformedTargetRegressor,0.286769599376966,0.3996977461422797,2.707465077194936,0.0274209976196289,,,,SON
1,4,GammaRegressor,0.285972395346809,0.3990267660835642,2.7089777716023247,0.0220715999603271,,,,SON
1,4,TweedieRegressor,0.285665023215196,0.3987680612061233,2.709560784552663,0.0203981399536132,,,,SON
1,4,LassoLarsCV,0.284436328376401,0.3977339097168041,2.7118900789861757,0.0607051849365234,,,,SON
1,4,LassoLarsIC,0.284436328376401,0.3977339097168041,2.7118900789861757,0.0323188304901123,,,,SON
1,4,SGDRegressor,0.2777275709313557,0.3920873722005576,2.724573065273676,0.0515837669372558,,,,SON
1,4,LGBMRegressor,0.2742689295900564,0.3891763490716308,2.7310886586761205,1.6282906532287598,,,,SON
1,4,RANSACRegressor,0.2685597983822968,0.3843711636384331,2.741809984627845,0.1688988208770752,,,,SON
1,4,HistGradientBoostingRegressor,0.2526096889566482,0.3709464882051789,2.771543326439696,0.9644317626953124,,,,SON
1,4,BaggingRegressor,0.2071241515253059,0.3326628275337991,2.8546346628197004,2.6708638668060303,,,,SON
1,4,ElasticNet,0.195218360322546,0.3226421199381428,2.8759873422277344,0.0208594799041748,,,,SON
1,4,OrthogonalMatchingPursuitCV,0.1903307754282253,0.3185284026520896,2.8847073192009938,0.0313386917114257,,,,SON
1,4,OrthogonalMatchingPursuit,0.1903307754282253,0.3185284026520896,2.8847073192009938,0.0165522098541259,,,,SON
1,4,XGBRegressor,0.1817635890938048,0.3113176874872857,2.8999288400060563,1.073261260986328,,,,SON
1,4,KNeighborsRegressor,0.1421097049039738,0.2779423349608445,2.9693665907291584,0.0396184921264648,,,,SON
1,4,LarsCV,0.1187871139353936,0.2583124875622896,3.009458508180377,0.0847885608673095,,,,SON
1,4,LassoLars,0.0823178961587988,0.2276175626003223,3.071100803249511,0.0172414779663085,,,,SON
1,4,Lasso,0.0823168613202833,0.2276166916112384,3.071102534836346,0.0176281929016113,,,,SON
1,4,PassiveAggressiveRegressor,0.0162576952225401,0.1720168934789713,3.1797180666569456,0.0278666019439697,,,,SON
1,4,DummyRegressor,-0.1895682781468834,-0.0012199674402937,3.496573224948729,0.0143146514892578,,,,SON
1,4,QuantileRegressor,-0.2267262190712695,-0.0324945677183186,3.5507636414823684,2.8661720752716064,,,,SON
1,4,ExtraTreeRegressor,-0.5628572780260561,-0.3154048756719305,4.007814389076086,0.1050727367401123,,,,SON
1,4,AdaBoostRegressor,-0.8056236546914073,-0.5197332426986012,4.307859775496164,2.835433959960937,,,,SON
1,4,DecisionTreeRegressor,-0.8266562687187557,-0.5374356928382862,4.332876955866787,0.4718496799468994,,,,SON
1,4,Lars,-4.493084398224663e+22,-3.781679368505758e+22,679548140834.7185,0.0238904953002929,,,,SON
2,15,CatBoostRegressor,0.5487090921703075,0.5535819055338786,2.1828771056627336,5.226686477661133,0.5056,0.1758,0.2347,
2,15,HistGradientBoostingRegressor,0.5446158671379953,0.5495328770969145,2.1927541475098424,2.3152072429656982,0.5046,0.1678,0.2185,
2,15,LGBMRegressor,0.5404163214307699,0.545378675982474,2.202841717112729,0.717700719833374,0.5006,0.1679,0.2402,
2,15,ExtraTreesRegressor,0.5398657232509813,0.5448340228862709,2.2041608649032884,68.7770848274231,0.4996,0.1522,0.2557,
2,15,GradientBoostingRegressor,0.53329316231492,0.5383324291738042,2.2198471716013493,87.7847318649292,0.4933,0.1529,0.2434,
2,15,HuberRegressor,0.5269128949200579,0.5320210527131165,2.234969235115207,1.7975506782531738,,,,
2,15,LinearSVR,0.5260858359256677,0.5312029238878266,2.236921987811306,8.619700908660889,,,,
2,15,RandomForestRegressor,0.5251531036045656,0.5302802627435199,2.2391222004189704,231.9088146686554,,,,
2,15,XGBRegressor,0.5237249545506936,0.5288675341283807,2.242486863281953,2.225841760635376,,,,
2,15,ElasticNetCV,0.5136438704093473,0.5188953004882765,2.2660954086269123,0.8152031898498535,,,,
2,15,LassoLarsCV,0.5127885813231199,0.5180492463855526,2.268087071940743,0.2650742530822754,,,,
2,15,LassoLarsIC,0.5127885813231199,0.5180492463855526,2.268087071940743,0.1744511127471923,,,,
2,15,TweedieRegressor,0.512437676779071,0.517702130733152,2.2689036977178487,0.0681519508361816,,,,
2,15,LassoCV,0.5121770491261154,0.5174443172071557,2.2695100407565065,0.603062629699707,,,,
2,15,LinearRegression,0.5117795711237662,0.5170511309733485,2.270434450562177,0.123786449432373,,,,
2,15,TransformedTargetRegressor,0.5117795711237662,0.5170511309733485,2.270434450562177,0.1146750450134277,,,,
2,15,Ridge,0.5117699700662502,0.5170416335832466,2.2704567749706697,0.0722296237945556,,,,
2,15,RidgeCV,0.5116873051803985,0.5169598612714608,2.27064897853735,0.1707487106323242,,,,
2,15,BayesianRidge,0.5113667958570044,0.5166428126473341,2.271394038819111,0.169849157333374,,,,
2,15,MLPRegressor,0.508660408522347,0.5139656475286409,2.2776756254375674,31.017099380493164,,,,
2,15,GammaRegressor,0.5079127810815703,0.5132260925948021,2.279407834230639,0.0737881660461425,,,,
2,15,LarsCV,0.5067136921412966,0.5120399508167931,2.2821833073706377,0.4375722408294678,,,,
2,15,SGDRegressor,0.5013727710459063,0.506756698314401,2.294504899352454,0.2936742305755615,,,,
2,15,PoissonRegressor,0.4997648980156173,0.5051661862923951,2.298201351341576,0.1233327388763427,,,,
2,15,BaggingRegressor,0.4797904626043883,0.4854074248380594,2.343635938638676,23.440123081207275,,,,
2,15,OrthogonalMatchingPursuitCV,0.4735529207836245,0.4792372328721515,2.357644685352169,0.2200183868408203,,,,
2,15,OrthogonalMatchingPursuit,0.4735529207836245,0.4792372328721515,2.357644685352169,0.0682015419006347,,,,
2,15,KNeighborsRegressor,0.4509759505677825,0.4569040374815231,2.4076684308117,1.5771698951721191,,,,
2,15,ElasticNet,0.4248694688883767,0.4310794405256873,2.4642468240016573,0.0885019302368164,,,,
2,15,RANSACRegressor,0.3692262084450871,0.3760369881606829,2.580701737012145,0.3798964023590088,,,,
2,15,LassoLars,0.3105090632089803,0.3179538412724559,2.6981449360928536,0.0598535537719726,,,,
2,15,Lasso,0.3105089668375691,0.3179537459416151,2.6981451246551766,0.0673065185546875,,,,
2,15,PassiveAggressiveRegressor,0.2265481540487207,0.2348994999890926,2.85770657579124,0.1778767108917236,,,,
2,15,DecisionTreeRegressor,0.0730371962676946,0.0830460767020082,3.128471102534581,4.037832736968994,,,,
2,15,ExtraTreeRegressor,0.0600846420140404,0.0702333776467738,3.150252515131273,0.7758324146270752,,,,
2,15,QuantileRegressor,-0.010917002379414,-1.6265249669356052e-06,3.267072292379886,96.9749846458435,,,,
2,15,DummyRegressor,-0.0344276590295338,-0.0232584268710409,3.304844700866925,0.0447278022766113,,,,
2,15,AdaBoostRegressor,-0.1344371996171549,-0.1221881144915293,3.460917314348767,20.389782905578613,,,,
2,15,Lars,-2615089079569890.0,-2586852656471673.0,166166792.79396066,0.1021952629089355,,,,
2,15,HuberRegressor,0.3858422988087132,0.4120059676935439,2.670114027523316,0.1861886978149414,0.4039,0.1552,0.2277,DJF
2,15,LinearSVR,0.3840788184357768,0.4103176131660913,2.6739447361534885,0.608137845993042,0.4022,0.1594,0.2216,DJF
2,15,ExtraTreesRegressor,0.3711742396561792,0.3979627810161178,2.701811336793631,14.43448543548584,0.39,0.1024,0.2721,DJF
2,15,TweedieRegressor,0.3696112789232728,0.3964664038121918,2.705166959739828,0.0219683647155761,0.3858,0.0907,0.283,DJF
2,15,RandomForestRegressor,0.3635995946064864,0.3907108226389455,2.7180352273997683,45.72527074813843,0.3832,0.1058,0.2622,DJF
2,15,GradientBoostingRegressor,0.3612185898325466,0.3884312508038059,2.7231150583461936,18.6633141040802,,,,DJF
2,15,CatBoostRegressor,0.3604541179451677,0.3876993461044543,2.7247440369037284,3.2724056243896484,,,,DJF
2,15,GammaRegressor,0.3584812285055142,0.3858105035243376,2.7289434849444127,0.0215554237365722,,,,DJF
2,15,LGBMRegressor,0.3551560898522589,0.3826270187598981,2.7360067135958657,0.4053709506988525,,,,DJF
2,15,LassoLarsIC,0.3536879635202986,0.3812214359263846,2.739119497756779,0.0404558181762695,,,,DJF
2,15,ElasticNetCV,0.3512254992680179,0.3788638748597391,2.744332592236129,0.1930642127990722,,,,DJF
2,15,LassoCV,0.3486664958997666,0.3764138873300456,2.749739590264529,0.1584610939025879,,,,DJF
2,15,BayesianRidge,0.346086374082864,0.3739436810165537,2.7551804672789046,0.0406198501586914,,,,DJF
2,15,RidgeCV,0.3460376747173751,0.3738970562877112,2.755283059607005,0.0319199562072753,,,,DJF
2,15,Ridge,0.3460064275018759,0.3738671402316167,2.7553488844196803,0.019195556640625,,,,DJF
2,15,LinearRegression,0.3460018184027724,0.3738627274842687,2.755358593730468,0.0373380184173584,,,,DJF
2,15,TransformedTargetRegressor,0.3460018184027724,0.3738627274842687,2.755358593730468,0.0314247608184814,,,,DJF
2,15,PoissonRegressor,0.3367223754568578,0.3649785971302204,2.7748373445371874,0.0339720249176025,,,,DJF
2,15,HistGradientBoostingRegressor,0.3350069830999758,0.36333628202621,2.7784232194342,1.161133050918579,,,,DJF
2,15,SGDRegressor,0.3290916701741293,0.357672966736218,2.790753315329186,0.0426573753356933,,,,DJF
2,15,LassoLarsCV,0.3241460371864886,0.352938022149396,2.801020514856364,0.0556881427764892,,,,DJF
2,15,OrthogonalMatchingPursuitCV,0.3222318993414309,0.3511054282932534,2.804984202891508,0.0407073497772216,,,,DJF
2,15,OrthogonalMatchingPursuit,0.3222318993414309,0.3511054282932534,2.804984202891508,0.0283126831054687,,,,DJF
2,15,XGBRegressor,0.3017369621459027,0.3314835938033643,2.84707812221264,1.285191535949707,,,,DJF
2,15,LarsCV,0.2965041231173853,0.3264736784105908,2.8577263253570178,0.0975105762481689,,,,DJF
2,15,BaggingRegressor,0.2734106467365387,0.3043640048352063,2.9042525026165413,4.411954879760742,,,,DJF
2,15,ElasticNet,0.2603794036947032,0.2918879044341665,2.9301803768514216,0.0214247703552246,,,,DJF
2,15,MLPRegressor,0.2557554315632594,0.2874609176625825,2.9393255803724463,7.006365776062012,,,,DJF
2,15,KNeighborsRegressor,0.2487269999904791,0.2807319035783286,2.9531720392407297,0.1031537055969238,,,,DJF
2,15,RANSACRegressor,0.1293922030906069,0.1664808760531148,3.179077632739733,0.161750316619873,,,,DJF
2,15,Lasso,0.0986590052626658,0.13705694001605,3.2347030600502484,0.0218605995178222,,,,DJF
2,15,LassoLars,0.0986582447653098,0.1370562119165634,3.2347044246739705,0.0204806327819824,,,,DJF
2,15,QuantileRegressor,-0.0463743871539219,-0.0017978998087997,3.4852457608385192,6.316943883895874,,,,DJF
2,15,DummyRegressor,-0.0647072208025683,-0.0193497383020104,3.5156445328501404,0.0143749713897705,,,,DJF
2,15,DecisionTreeRegressor,-0.1699346700793709,-0.1200944038652271,3.685281465128791,0.7856686115264893,,,,DJF
2,15,ExtraTreeRegressor,-0.188240230762491,-0.1376201312457032,3.714000719478496,0.1578738689422607,,,,DJF
2,15,AdaBoostRegressor,-0.4770583307805118,-0.4141343211732702,4.14084219931677,4.820410251617432,,,,DJF
2,15,PassiveAggressiveRegressor,-1.2389930921380472,-1.143609978347413,5.098192552082352,0.0345814228057861,,,,DJF
2,15,Lars,-9.652768212124688e+24,-9.241551629096956e+24,10585607727478.88,0.0265400409698486,,,,DJF
2,15,CatBoostRegressor,0.7161896118603861,0.7284729771785015,1.473148770579251,3.215611696243286,0.7159,0.0442,0.6673,JJA
2,15,LGBMRegressor,0.7099212982304268,0.7224759573047365,1.489328105917487,0.4213690757751465,0.7095,0.0378,0.6662,JJA
2,15,HistGradientBoostingRegressor,0.7076994762855412,0.7203502962185132,1.4950208881488645,1.131761074066162,0.7073,0.0426,0.659,JJA
2,15,GradientBoostingRegressor,0.6860196253845321,0.6996087532152699,1.5494719387498157,17.7284517288208,0.6854,0.0378,0.6427,JJA
2,15,ExtraTreesRegressor,0.6826436120546726,0.6963788543575455,1.557779864980607,14.756456136703491,0.6824,0.023,0.6573,JJA
2,15,HuberRegressor,0.6730202964657667,0.6871720376210069,1.5812220492540126,0.1891241073608398,,,,JJA
2,15,LinearRegression,0.6714446482444371,0.6856645837418305,1.5850272632260751,0.153799295425415,,,,JJA
2,15,TransformedTargetRegressor,0.6714446482444371,0.6856645837418305,1.5850272632260751,0.030259370803833,,,,JJA
2,15,Ridge,0.6714195197044194,0.685640542769604,1.5850878750214272,0.0178854465484619,,,,JJA
2,15,LinearSVR,0.671403199591873,0.6856249289945027,1.5851272390324669,0.6121261119842529,,,,JJA
2,15,RidgeCV,0.6712080031200056,0.6854381806615089,1.585597975977959,0.0305826663970947,,,,JJA
2,15,BayesianRidge,0.670492223864801,0.6847533804629076,1.5873229588413165,0.041853904724121,,,,JJA
2,15,LassoLarsIC,0.6701155517577071,0.6843930107932505,1.5882299624906056,0.0541927814483642,,,,JJA
2,15,LassoCV,0.6688311402652628,0.6831641888642606,1.5913188608097408,0.2015514373779297,,,,JJA
2,15,ElasticNetCV,0.6686484828582766,0.6829894369031348,1.5917576492099923,0.2788646221160888,,,,JJA
2,15,LassoLarsCV,0.6668189503579085,0.6812390869027827,1.5961459852002546,0.0667636394500732,,,,JJA
2,15,RandomForestRegressor,0.6656234636549311,0.6800953410821664,1.5990069862840277,43.85022020339966,,,,JJA
2,15,SGDRegressor,0.6650923842596486,0.6795872468998916,1.6002763079162383,0.0568094253540039,,,,JJA
2,15,XGBRegressor,0.6638144612971093,0.67836463267605,1.6033265262867389,1.1235604286193848,,,,JJA
2,15,PoissonRegressor,0.649133775904019,0.6643193300220683,1.6379598250285197,0.03110933303833,,,,JJA
2,15,TweedieRegressor,0.6461019989796388,0.6614187689554631,1.6450212734046514,0.020676851272583,,,,JJA
2,15,MLPRegressor,0.6411446513724358,0.656675976256089,1.656502805157201,6.510238885879517,,,,JJA
2,15,GammaRegressor,0.6327704596924354,0.6486642211180476,1.6757192872560298,0.0209357738494873,,,,JJA
2,15,BaggingRegressor,0.6184074804675973,0.6349228742514599,1.7081751126503386,4.471740484237671,,,,JJA
2,15,OrthogonalMatchingPursuit,0.6151104501080005,0.6317685399666519,1.7155387165126748,0.0165610313415527,,,,JJA
2,15,OrthogonalMatchingPursuitCV,0.6151104501080005,0.6317685399666519,1.7155387165126748,0.0449540615081787,,,,JJA
2,15,RANSACRegressor,0.6087121521379019,0.625647161498676,1.7297392650460524,0.1447992324829101,,,,JJA
2,15,LarsCV,0.5742187724576462,0.5926466615767914,1.804370502421832,0.0936846733093261,,,,JJA
2,15,KNeighborsRegressor,0.5525504795686375,0.5719161763526828,1.8497135897722556,0.1031880378723144,,,,JJA
2,15,ElasticNet,0.5508286176021064,0.5702688368858422,1.853269178901688,0.0230412483215332,,,,JJA
2,15,Lasso,0.4507267801165947,0.4744994251684961,2.049399738606259,0.0490059852600097,,,,JJA
2,15,LassoLars,0.4507088437888097,0.4744822651282462,2.049433199554347,0.0177133083343505,,,,JJA
2,15,AdaBoostRegressor,0.3180415370109783,0.347556823564034,2.283554733501119,4.115667819976807,,,,JJA
2,15,DecisionTreeRegressor,0.2850138205382087,0.315958552678924,2.33819801438554,0.8078804016113281,,,,JJA
2,15,ExtraTreeRegressor,0.2712305216650845,0.3027717974927916,2.3606279867132858,0.1536283493041992,,,,JJA
2,15,QuantileRegressor,-0.045713910654562,-0.0004552220385332,2.827736296844466,5.725466966629028,,,,JJA
2,15,DummyRegressor,-0.0870731836134504,-0.0400244581267634,2.88311426630533,0.0140941143035888,,,,JJA
2,15,PassiveAggressiveRegressor,-0.1171028171542938,-0.0687544036555884,2.922664990560349,0.0440857410430908,,,,JJA
2,15,Lars,-4.709942267021161e+20,-4.506095107400655e+20,60012297799.05778,0.0240683555603027,,,,JJA
2,15,LinearSVR,0.4582664773228087,0.4815361162019345,1.9504000911458672,0.6955342292785645,0.472,0.06,0.4037,MAM
2,15,HuberRegressor,0.4574032229460427,0.4807099420809904,1.9519534574564517,0.1949422359466552,0.4715,0.0593,0.4034,MAM
2,15,GammaRegressor,0.4294974721785279,0.4540028558151699,2.0015186433311136,0.0346407890319824,0.4469,0.074,0.372,MAM
2,15,SGDRegressor,0.4255409769042768,0.4502163079641533,2.008447023397667,0.0718333721160888,0.4396,0.0778,0.35,MAM
2,15,PoissonRegressor,0.4227973682846934,0.4475905483960517,2.0132374685108707,0.037935733795166,0.4392,0.0763,0.3567,MAM
2,15,TweedieRegressor,0.4199330109426115,0.4448492267498994,2.018226613313563,0.0208292007446289,,,,MAM
2,15,ElasticNetCV,0.4197285074790713,0.4446535075346047,2.018582346331736,0.2383582592010498,,,,MAM
2,15,LassoLarsCV,0.4190957887198218,0.4440479665969657,2.0196825614599345,0.0586788654327392,,,,MAM
2,15,LassoCV,0.4188157162486061,0.4437799243675432,2.020169379519713,0.1589291095733642,,,,MAM
2,15,LassoLarsIC,0.4184696202354425,0.443448694573483,2.0207707967716457,0.0407881736755371,,,,MAM
2,15,BayesianRidge,0.4165038850926028,0.4415673956801851,2.024183300313587,0.0424435138702392,,,,MAM
2,15,RidgeCV,0.4159438402010424,0.4410314069746224,2.0251544821265286,0.0413007736206054,,,,MAM
2,15,Ridge,0.4158925182883823,0.440982289545023,2.0252434568908417,0.0200679302215576,,,,MAM
2,15,LinearRegression,0.4158873773313034,0.4409773694127772,2.0252523693488254,0.0309104919433593,,,,MAM
2,15,TransformedTargetRegressor,0.4158873773313034,0.4409773694127772,2.0252523693488254,0.0308375358581542,,,,MAM
2,15,GradientBoostingRegressor,0.3996919297216993,0.4254775815723874,2.0531370688390087,18.58895206451416,,,,MAM
2,15,ExtraTreesRegressor,0.3896323463176389,0.4158500978322542,2.070268185874908,14.818869829177856,,,,MAM
2,15,RandomForestRegressor,0.3831412783177775,0.4096378473727035,2.081247398420893,46.00457620620728,,,,MAM
2,15,OrthogonalMatchingPursuitCV,0.3709485601763608,0.3979688556322367,2.101715531169713,0.0404338836669921,,,,MAM
2,15,OrthogonalMatchingPursuit,0.3709485601763608,0.3979688556322367,2.101715531169713,0.0203559398651123,,,,MAM
2,15,ElasticNet,0.356584440793777,0.3842217330882418,2.125575974869537,0.0236072540283203,,,,MAM
2,15,CatBoostRegressor,0.3510296405504881,0.3789055339104143,2.134731625147002,3.340359926223755,,,,MAM
2,15,LGBMRegressor,0.3248260448692609,0.3538274883074312,2.177402382119167,0.3992037773132324,,,,MAM
2,15,BaggingRegressor,0.3133054820749995,0.3428017801320643,2.1959004280155865,4.662800312042236,,,,MAM
2,15,HistGradientBoostingRegressor,0.3097844608458588,0.3394320009602417,2.2015229617249084,1.1248996257781982,,,,MAM
2,15,XGBRegressor,0.264227826473409,0.2958322077025089,2.273016209074134,1.1947922706604004,,,,MAM
2,15,KNeighborsRegressor,0.2507696312557907,0.2829520962282247,2.2937101659323056,0.1105184555053711,,,,MAM
2,15,Lasso,0.24854432662264,0.280822377400718,2.2971139384332107,0.0181095600128173,,,,MAM
2,15,LassoLars,0.2485442971860348,0.2808223492285338,2.297113983425376,0.0192999839782714,,,,MAM
2,15,LarsCV,0.2484599487962402,0.2807416239421439,2.2972429014894,0.0956261157989502,,,,MAM
2,15,MLPRegressor,0.2287515563407512,0.2618797863999654,2.3271694311106605,6.9610209465026855,,,,MAM
2,15,RANSACRegressor,0.173493551661542,0.2089953358026814,2.409095277762811,0.1514637470245361,,,,MAM
2,15,QuantileRegressor,-0.0448819874711923,-9.351048557704189e-08,2.708722245786614,6.076965808868408,,,,MAM
2,15,DummyRegressor,-0.07961793661693,-0.0332439935972126,2.753378385671368,0.0144925117492675,,,,MAM
2,15,AdaBoostRegressor,-0.110898241212034,-0.0631806829987062,2.792981073919106,4.503809928894043,,,,MAM
2,15,PassiveAggressiveRegressor,-0.2615069862850814,-0.2073201752690681,2.9762930019130573,0.0350263118743896,,,,MAM
2,15,DecisionTreeRegressor,-0.3857827825978395,-0.326257825093637,3.119452908088714,0.7801268100738525,,,,MAM
2,15,ExtraTreeRegressor,-0.3973771285733074,-0.3373541471651096,3.132475396301419,0.161306619644165,,,,MAM
2,15,Lars,-5727588668206.215,-5481565643271.919,6341861.65428253,0.0247027873992919,,,,MAM
2,15,CatBoostRegressor,0.5542959348531726,0.5739289578155908,2.356962661878776,3.5152602195739746,0.473,0.1927,0.2702,SON
2,15,ExtraTreesRegressor,0.5425894657731064,0.5627381523657903,2.3877149914319507,14.929080963134766,0.4743,0.1948,0.2542,SON
2,15,LGBMRegressor,0.5327988921689233,0.5533788482325797,2.413133434892912,0.399632453918457,0.4521,0.2192,0.2078,SON
2,15,HistGradientBoostingRegressor,0.5306091206168508,0.551285534932801,2.4187820020223625,1.1091020107269287,0.4485,0.2245,0.1979,SON
2,15,RandomForestRegressor,0.5140815895796866,0.5354860326971193,2.460996986971778,47.18381357192993,0.4401,0.19,0.2312,SON
2,15,HuberRegressor,0.5083862674847709,0.530041586459553,2.47537732242369,0.1994402408599853,,,,SON
2,15,LinearSVR,0.5032322524387498,0.5251146029882021,2.488319258961261,0.6157805919647217,,,,SON
2,15,LassoLarsIC,0.5030590952699222,0.5249490732989905,2.488752894981125,0.0395302772521972,,,,SON
2,15,LassoCV,0.5025204090592285,0.5244341159244711,2.490101439376282,0.1391572952270507,,,,SON
2,15,LinearRegression,0.5017953402034134,0.5237409859595228,2.4919154209375947,0.0301804542541503,,,,SON
2,15,TransformedTargetRegressor,0.5017953402034134,0.5237409859595228,2.4919154209375947,0.0301716327667236,,,,SON
2,15,Ridge,0.5017593975524577,0.523706626562898,2.492005308124579,0.0194907188415527,,,,SON
2,15,GradientBoostingRegressor,0.5016115822080557,0.5235653224044551,2.4923749380830755,18.68612575531006,,,,SON
2,15,RidgeCV,0.501499517692136,0.5234581942698393,2.4926551322869583,0.0318365097045898,,,,SON
2,15,GammaRegressor,0.5011843437770366,0.5231569035952042,2.493442990843066,0.0216267108917236,,,,SON
2,15,BayesianRidge,0.501097565144041,0.5230739475140485,2.493659872732749,0.0416622161865234,,,,SON
2,15,ElasticNetCV,0.50062709788289,0.522624204081248,2.4948353619658934,0.3077096939086914,,,,SON
2,15,TweedieRegressor,0.5003982271115497,0.5224054149435757,2.495407008407012,0.01997971534729,,,,SON
2,15,PoissonRegressor,0.499487796212313,0.5215350880329452,2.497679680048213,0.031076431274414,,,,SON
2,15,SGDRegressor,0.497986669279602,0.5201000849295732,2.5014223732163456,0.0387861728668212,,,,SON
2,15,XGBRegressor,0.4976948082913547,0.5198210802599735,2.502149407221407,1.3385300636291504,,,,SON
2,15,MLPRegressor,0.4968747224208268,0.5190371187284102,2.504191134595736,6.838197231292725,,,,SON
2,15,BaggingRegressor,0.4904356417621758,0.5128816760894988,2.520164715460121,4.728229999542236,,,,SON
2,15,LassoLarsCV,0.4856868591705928,0.5083420748021819,2.531880567079663,0.0711121559143066,,,,SON
2,15,KNeighborsRegressor,0.4633444100069812,0.4869837984378947,2.586290078598372,0.104649543762207,,,,SON
2,15,OrthogonalMatchingPursuitCV,0.4468710499352901,0.4712360809659612,2.6256848588872983,0.0374715328216552,,,,SON
2,15,OrthogonalMatchingPursuit,0.4468710499352901,0.4712360809659612,2.6256848588872983,0.0168681144714355,,,,SON
2,15,ElasticNet,0.3898934561315971,0.4167683193468203,2.7576061987274687,0.0227930545806884,,,,SON
2,15,LarsCV,0.3831714729462342,0.4103424358844604,2.772755851123005,0.0896611213684082,,,,SON
2,15,RANSACRegressor,0.3686253509335003,0.3964370626775424,2.8052590694158983,0.1495294570922851,,,,SON
2,15,Lasso,0.2882070459183176,0.3195611404953313,2.9785592761687023,0.0357568264007568,,,,SON
2,15,LassoLars,0.2882055587082728,0.3195597187960846,2.9785623878467087,0.0183746814727783,,,,SON
2,15,AdaBoostRegressor,0.1671599415402019,0.2038460955836397,3.221886284340037,4.336323499679565,,,,SON
2,15,ExtraTreeRegressor,0.1650246149994686,0.2018048290219031,3.226013952723395,0.1620795726776123,,,,SON
2,15,DecisionTreeRegressor,0.104367642640163,0.1438197634821342,3.341137068603578,0.8093903064727783,,,,SON
2,15,PassiveAggressiveRegressor,0.0179943658971086,0.061251182855273,3.4985363836932137,0.0468418598175048,,,,SON
2,15,QuantileRegressor,-0.0470344055923253,-0.0009131064279028,3.612516850102985,6.276000738143921,,,,SON
2,15,DummyRegressor,-0.0602494824609465,-0.0135460663092665,3.635242939595519,0.0144927501678466,,,,SON
2,15,Lars,-6.085529971016163e+18,-5.81746566781066e+18,8709206898.039547,0.0245804786682128,,,,SON
3,8,CatBoostRegressor,0.6638872369922675,0.6710013949913171,2.1305098667533025,6.7558674812316895,0.6236,0.1201,0.4481,
3,8,ExtraTreesRegressor,0.6508754973279998,0.6582650616251791,2.171356898747231,142.4269995689392,0.6138,0.1257,0.4404,
3,8,LGBMRegressor,0.6503889083579698,0.6577887717904227,2.1728695259377204,1.310570240020752,0.6103,0.1174,0.42,
3,8,HistGradientBoostingRegressor,0.649596672613522,0.6570133044965629,2.1753300468462697,3.77871036529541,0.6077,0.1198,0.4276,
3,8,MLPRegressor,0.6475184200436256,0.6549790401912354,2.181771483523256,63.30878496170044,0.5967,0.1354,0.408,
3,8,RandomForestRegressor,0.6413924204071219,0.648982703376596,2.200649006905949,518.0882608890533,,,,
3,8,XGBRegressor,0.6411113223336866,0.6487075550210166,2.2015113381215503,3.611013889312744,,,,
3,8,GradientBoostingRegressor,0.6364487027210871,0.6441436243493448,2.2157660161725787,194.7809736728668,,,,
3,8,TweedieRegressor,0.6356187954559906,0.6433312828897109,2.218293626560857,0.1897971630096435,,,,
3,8,LinearSVR,0.6343693734633156,0.6421083061453026,2.222093511146608,20.830442905426025,,,,
3,8,HuberRegressor,0.6332729973047533,0.6410351358690418,2.2254225905172023,3.617302656173706,,,,
3,8,GammaRegressor,0.6202841843867857,0.6283212439820152,2.264489915849935,0.2234623432159423,,,,
3,8,LassoLarsCV,0.6184235576057264,0.6264999992011492,2.2700311938062647,0.5569534301757812,,,,
3,8,ElasticNetCV,0.6174257488325556,0.6255233100343917,2.272997281280684,4.370640993118286,,,,
3,8,LassoLarsIC,0.6167144079269937,0.6248270253603994,2.275109453037237,0.4345960617065429,,,,
3,8,LassoCV,0.6165879889123946,0.6247032821288794,2.275484621565409,2.9935481548309326,,,,
3,8,BayesianRidge,0.6159312209361392,0.6240604152943419,2.2774326904127675,0.5134458541870117,,,,
3,8,RidgeCV,0.6159062854727666,0.6240360076146353,2.2775066197723173,0.3548769950866699,,,,
3,8,Ridge,0.6158979350145659,0.624027833902115,2.2775313769080694,0.1755609512329101,,,,
3,8,LinearRegression,0.6158970599441835,0.6240269773534599,2.277533971269438,0.3264229297637939,,,,
3,8,TransformedTargetRegressor,0.6158970599441835,0.6240269773534599,2.277533971269438,0.3232779502868652,,,,
3,8,PoissonRegressor,0.6156393453769077,0.6237747175690785,2.2782979009342057,0.3336000442504883,,,,
3,8,SGDRegressor,0.6125518858860479,0.6207526072022362,2.287430057164195,0.5789437294006348,,,,
3,8,BaggingRegressor,0.604080296016752,0.6124603268845741,2.312302271889427,51.80466413497925,,,,
3,8,LarsCV,0.5908487505955351,0.599508840167037,2.350623040248507,0.953162431716919,,,,
3,8,KNeighborsRegressor,0.5618392879810934,0.5711133914289499,2.4325275333375846,1.7061779499053955,,,,
3,8,ElasticNet,0.5610199277952495,0.5703113738092378,2.4348008833275565,0.2865667343139648,,,,
3,8,OrthogonalMatchingPursuitCV,0.5309804868337773,0.54090774723128,2.51672929056835,0.5409672260284424,,,,
3,8,OrthogonalMatchingPursuit,0.5309804868337773,0.54090774723128,2.51672929056835,0.1651422977447509,,,,
3,8,RANSACRegressor,0.5047013938327624,0.5151848771419092,2.586274398465776,0.887749433517456,,,,
3,8,LassoLars,0.4063628681524299,0.4189277833085054,2.8314022764726485,0.164813756942749,,,,
3,8,Lasso,0.4063595157320608,0.4189245018454186,2.83141027128695,0.2260377407073974,,,,
3,8,ExtraTreeRegressor,0.2482069855531764,0.2641194258886643,3.186325878781178,1.7313928604125977,,,,
3,8,DecisionTreeRegressor,0.2210667610495956,0.2375536509939598,3.243330201252693,8.859577417373657,,,,
3,8,QuantileRegressor,-0.021635397480832,-1.1477073699861506e-05,3.714402934671835,325.5038101673126,,,,
3,8,DummyRegressor,-0.054399932507553,-0.0320825184143742,3.77349459763301,0.1730124950408935,,,,
3,8,PassiveAggressiveRegressor,-0.1067323472928205,-0.0833072660467415,3.866004450346603,0.4090845584869385,,,,
3,8,AdaBoostRegressor,-0.4191730950106689,-0.3891348973071382,4.377828380827315,48.351240396499634,,,,
3,8,Lars,-1.0348847744894816e+16,-1.0129804179555416e+16,373841100.609898,0.1890935897827148,,,,
3,8,TweedieRegressor,0.4761441408916458,0.5215928227320966,2.450885627517193,0.0396392345428466,0.5008,0.135,0.3782,DJF
3,8,ExtraTreesRegressor,0.4742736566877993,0.5198846179797254,2.455257305182179,28.892329692840576,0.5047,0.0799,0.4253,DJF
3,8,GammaRegressor,0.4711858070866868,0.5170646640061066,2.4624572158780245,0.0393064022064209,0.4951,0.1451,0.3674,DJF
3,8,GradientBoostingRegressor,0.4651882570101598,0.5115874493243469,2.476381834007804,41.84083294868469,0.4952,0.09,0.4085,DJF
3,8,PoissonRegressor,0.4615087508527821,0.5082271697285681,2.48488598859964,0.0612123012542724,0.4887,0.1193,0.3848,DJF
3,8,CatBoostRegressor,0.4605363824801424,0.5073391620823218,2.487128490006832,4.029552936553955,,,,DJF
3,8,HuberRegressor,0.456745510244372,0.5038771783053626,2.495851859285769,0.6177177429199219,,,,DJF
3,8,LassoLarsIC,0.4551012644706736,0.5023755839914827,2.4996260511640545,0.0898373126983642,,,,DJF
3,8,LassoLarsCV,0.4551012644706736,0.5023755839914827,2.4996260511640545,0.1181302070617675,,,,DJF
3,8,SGDRegressor,0.4542735465537267,0.5016196772180153,2.501523835115928,0.1234006881713867,,,,DJF
3,8,LinearSVR,0.4538838493427847,0.5012637893541413,2.502416830945206,2.036296129226685,,,,DJF
3,8,ElasticNetCV,0.4503776549658871,0.4980617853569745,2.5104370315151603,0.7496061325073242,,,,DJF
3,8,LassoCV,0.4501179417540315,0.4978246043415812,2.5110300902463125,0.5191507339477539,,,,DJF
3,8,BayesianRidge,0.4499272752873077,0.4976504797144362,2.5114653906284303,0.0811295509338378,,,,DJF
3,8,RidgeCV,0.4494654613008391,0.4972287317815882,2.5125194208138484,0.0660696029663086,,,,DJF
3,8,Ridge,0.4493100207357506,0.4970867769276261,2.5128740941792302,0.0333049297332763,,,,DJF
3,8,LinearRegression,0.4492918328913781,0.4970701670240895,2.5129155906539355,0.0638618469238281,,,,DJF
3,8,TransformedTargetRegressor,0.4492918328913781,0.4970701670240895,2.5129155906539355,0.0614211559295654,,,,DJF
3,8,LGBMRegressor,0.4417867058875316,0.4902161697603029,2.5299808260252354,0.5884909629821777,,,,DJF
3,8,RandomForestRegressor,0.4415789132099657,0.4900264047579595,2.5304516698596404,101.03765487670898,,,,DJF
3,8,LarsCV,0.4384117786734991,0.4871340444506841,2.5376173641276525,0.176121711730957,,,,DJF
3,8,HistGradientBoostingRegressor,0.4320752588615185,0.4813472683666836,2.551893446340876,1.5163569450378418,,,,DJF
3,8,MLPRegressor,0.4319297113566596,0.481214348270922,2.5522204244622517,14.996546268463137,,,,DJF
3,8,XGBRegressor,0.4160048497541567,0.4666710956658966,2.587746694318572,1.6258256435394287,,,,DJF
3,8,BaggingRegressor,0.413440267290655,0.4643290112243424,2.593422443337156,10.166893720626833,,,,DJF
3,8,KNeighborsRegressor,0.3842707475112429,0.4376901803755643,2.657125306344626,0.1229503154754638,,,,DJF
3,8,OrthogonalMatchingPursuit,0.3588051834418648,0.4144339574811551,2.7115158262673043,0.0349166393280029,,,,DJF
3,8,OrthogonalMatchingPursuitCV,0.3588051834418648,0.4144339574811551,2.7115158262673043,0.0880794525146484,,,,DJF
3,8,ElasticNet,0.3238136803857583,0.3824782469276331,2.7845199398409406,0.0367860794067382,,,,DJF
3,8,RANSACRegressor,0.2541503624116632,0.3188587784581399,2.924440459491244,0.2323946952819824,,,,DJF
3,8,DecisionTreeRegressor,0.1401781246232014,0.2147745430348872,3.139940273956204,1.7396838665008545,,,,DJF
3,8,Lasso,0.1082985235900159,0.1856607521370008,3.1976202461591723,0.0347764492034912,,,,DJF
3,8,LassoLars,0.1082985230217007,0.1856607516179915,3.1976202471781545,0.0397889614105224,,,,DJF
3,8,ExtraTreeRegressor,0.0089338740450594,0.0949167799498259,3.371075338251908,0.3165817260742187,,,,DJF
3,8,DummyRegressor,-0.0976809810186882,-0.0024483844919527,3.5477679980297454,0.0255329608917236,,,,DJF
3,8,QuantileRegressor,-0.1157033662211173,-0.0189071837635774,3.576774115024433,20.93853497505188,,,,DJF
3,8,AdaBoostRegressor,-0.1672484550049862,-0.0659803242054668,3.658464086179997,10.107845783233644,,,,DJF
3,8,PassiveAggressiveRegressor,-0.5040746456324003,-0.373584151262466,4.152903478461727,0.0726244449615478,,,,DJF
3,8,Lars,-407211438923574.8,-371882592624269.1,68332471.17077655,0.0417718887329101,,,,DJF
3,8,CatBoostRegressor,0.7745052409520093,0.792506923397017,1.822670001355516,3.8247365951538086,0.7804,0.0219,0.7668,JJA
3,8,LGBMRegressor,0.7685189551265772,0.7869985343391613,1.8467050488418035,0.4247450828552246,0.776,0.0159,0.764,JJA
3,8,LinearSVR,0.7602751027322138,0.7794128046149362,1.8793011958480976,1.5117478370666504,0.7648,0.0302,0.7414,JJA
3,8,HistGradientBoostingRegressor,0.7596911446436347,0.778875465029227,1.881588746361494,1.40185284614563,0.7692,0.0076,0.7615,JJA
3,8,HuberRegressor,0.757374652732076,0.7767439031442213,1.8906359189810649,0.5017085075378418,0.7618,0.0315,0.7365,JJA
3,8,ExtraTreesRegressor,0.7551744523348932,0.7747193489972337,1.8991890028460745,28.762454509735107,,,,JJA
3,8,TweedieRegressor,0.7548723884836523,0.7744413994870583,1.900360243980076,0.0399684906005859,,,,JJA
3,8,RandomForestRegressor,0.7503464720924402,0.770276795748926,1.917823664936432,103.39399480819702,,,,JJA
3,8,LassoCV,0.7485439933493739,0.7686182123677012,1.92473448113804,0.3589966297149658,,,,JJA
3,8,GradientBoostingRegressor,0.7477104196085248,0.767851184429693,1.927922077834763,41.14603805541992,,,,JJA
3,8,ElasticNetCV,0.7464493641366134,0.7666908014534385,1.932734377604852,0.725578784942627,,,,JJA
3,8,MLPRegressor,0.7464321095951634,0.7666749243753814,1.9328001393766217,15.228525161743164,,,,JJA
3,8,BayesianRidge,0.7441157869579094,0.7645435182511855,1.9416080584478008,0.0773060321807861,,,,JJA
3,8,RidgeCV,0.7439896885381163,0.7644274865119642,1.942086406739299,0.0642099380493164,,,,JJA
3,8,Ridge,0.7439455681833447,0.7643868883703886,1.942253747361965,0.0334870815277099,,,,JJA
3,8,LinearRegression,0.7439407671927061,0.764382470652112,1.942271955791875,0.0643534660339355,,,,JJA
3,8,TransformedTargetRegressor,0.7439407671927061,0.764382470652112,1.942271955791875,0.0670843124389648,,,,JJA
3,8,SGDRegressor,0.73794929979402,0.75886931367601,1.9648639372538352,0.0916054248809814,,,,JJA
3,8,XGBRegressor,0.7304555918766147,0.7519738429452882,1.9927599339996729,1.5699095726013184,,,,JJA
3,8,BaggingRegressor,0.7286876274924772,0.7503470185750105,1.999284592327686,10.36700177192688,,,,JJA
3,8,GammaRegressor,0.7202720564880418,0.7426032788692486,2.0300547262126214,0.0402157306671142,,,,JJA
3,8,PoissonRegressor,0.7160273132972585,0.7386974017315111,2.0453993081335216,0.0644023418426513,,,,JJA
3,8,ElasticNet,0.7032750375288028,0.7269631647849069,2.09082103780651,0.043058156967163,,,,JJA
3,8,LassoLarsIC,0.6810540730101154,0.706516142811829,2.16769586796235,0.0820155143737793,,,,JJA
3,8,OrthogonalMatchingPursuitCV,0.6783996217928958,0.7040736015657318,2.1766975825140484,0.0840580463409423,,,,JJA
3,8,OrthogonalMatchingPursuit,0.6783996217928958,0.7040736015657318,2.1766975825140484,0.0387370586395263,,,,JJA
3,8,RANSACRegressor,0.6668744862957777,0.6934685399108207,2.215357233344664,0.2442595958709716,,,,JJA
3,8,KNeighborsRegressor,0.6202424615511155,0.6505592398306483,2.3653369783138767,0.1338791847229004,,,,JJA
3,8,Lasso,0.5712866382762377,0.6055116545483028,2.51317846240225,0.0891938209533691,,,,JJA
3,8,LassoLars,0.5712554931041841,0.6054829957555308,2.513269749449788,0.0423400402069091,,,,JJA
3,8,LassoLarsCV,0.5030785318595388,0.5427487330976428,2.7057252800437737,0.1018586158752441,,,,JJA
3,8,DecisionTreeRegressor,0.4548299852637946,0.4983519612301303,2.834038853610908,1.7337768077850342,,,,JJA
3,8,ExtraTreeRegressor,0.3903680586669338,0.4390361548237752,2.9969098303867154,0.3227229118347168,,,,JJA
3,8,AdaBoostRegressor,0.1863816266570456,0.2513343539407269,3.462184384206841,9.70180320739746,,,,JJA
3,8,PassiveAggressiveRegressor,0.0965685725846952,0.168691249563228,3.64827373509673,0.0798408985137939,,,,JJA
3,8,LarsCV,-0.0575248441132156,0.0268994081479233,3.947163434542505,0.1806807518005371,,,,JJA
3,8,QuantileRegressor,-0.0870885958303884,-0.000304212129643,4.001955815554483,21.63999652862549,,,,JJA
3,8,DummyRegressor,-0.1292625250243428,-0.0391113150434079,4.078845709790564,0.0280406475067138,,,,JJA
3,8,Lars,-1.0431042311739012e+16,-9598312043154804.0,392015891.7531524,0.0424447059631347,,,,JJA
3,8,CatBoostRegressor,0.4904294870250183,0.5394101265521244,2.006815276533435,4.233617067337036,0.5333,0.07,0.4756,MAM
3,8,HistGradientBoostingRegressor,0.4881052639542761,0.5373093110952647,2.0113867536142536,1.4122400283813477,0.5293,0.053,0.4773,MAM
3,8,LinearSVR,0.4832801525123261,0.5329479962000114,2.020844168909861,1.703714370727539,0.5235,0.0352,0.4857,MAM
3,8,HuberRegressor,0.4810570322871449,0.5309385654399825,2.0251867132763146,0.6751947402954102,0.5215,0.0352,0.4841,MAM
3,8,LGBMRegressor,0.47994534011822,0.5299337306970757,2.027354754753992,0.5907270908355713,0.5212,0.0509,0.4682,MAM
3,8,ExtraTreesRegressor,0.4790143866063813,0.5290922617555149,2.029168534419317,29.35806894302368,,,,MAM
3,8,GradientBoostingRegressor,0.4769684199858426,0.5272429563447076,2.0331490120083626,42.17623043060303,,,,MAM
3,8,TweedieRegressor,0.4590747190084897,0.5110692232521931,2.067635087801553,0.0403032302856445,,,,MAM
3,8,XGBRegressor,0.4576368024563259,0.5097695212758695,2.070381413068782,1.630231857299805,,,,MAM
3,8,PoissonRegressor,0.4542821357258353,0.5067373098634869,2.0767744840740887,0.0604636669158935,,,,MAM
3,8,LassoLarsIC,0.4505816084298359,0.5033924824930726,2.083803918911262,0.0797455310821533,,,,MAM
3,8,LassoLarsCV,0.4505816084298359,0.5033924824930726,2.083803918911262,0.1103913784027099,,,,MAM
3,8,GammaRegressor,0.4460898427450658,0.499332471688626,2.092304641053285,0.04292893409729,,,,MAM
3,8,ElasticNetCV,0.4409655697256439,0.4947007510504977,2.101960410706512,0.9295148849487304,,,,MAM
3,8,LassoCV,0.4398603003846536,0.4937017217642062,2.104037282083116,0.5257346630096436,,,,MAM
3,8,RandomForestRegressor,0.4395944090653561,0.4934613882951616,2.1045366029440578,107.11663222312929,,,,MAM
3,8,BayesianRidge,0.4384176548936822,0.492397745401372,2.106745024455002,0.084324836730957,,,,MAM
3,8,RidgeCV,0.4378636335117347,0.4918969773394431,2.1077839585268507,0.0657951831817627,,,,MAM
3,8,Ridge,0.4376978790347005,0.491747155417537,2.108094691738364,0.0359299182891845,,,,MAM
3,8,LinearRegression,0.4376794702167479,0.4917305160812426,2.108129199178708,0.0689656734466552,,,,MAM
3,8,TransformedTargetRegressor,0.4376794702167479,0.4917305160812426,2.108129199178708,0.0637688636779785,,,,MAM
3,8,SGDRegressor,0.430024481708596,0.4848113359119855,2.122429898798715,0.2344567775726318,,,,MAM
3,8,MLPRegressor,0.3821381506387371,0.4415279068168011,2.209789694415542,14.818480730056764,,,,MAM
3,8,ElasticNet,0.3803466225661767,0.4399085829603215,2.212991085358332,0.0797731876373291,,,,MAM
3,8,BaggingRegressor,0.3757319093142071,0.4357374424829932,2.221216148521161,10.34157371520996,,,,MAM
3,8,KNeighborsRegressor,0.3662395844185963,0.4271575333024748,2.2380398169429925,0.1197988986968994,,,,MAM
3,8,OrthogonalMatchingPursuitCV,0.3605186982444998,0.4219865468112173,2.248118394196026,0.0900681018829345,,,,MAM
3,8,OrthogonalMatchingPursuit,0.3605186982444998,0.4219865468112173,2.248118394196026,0.0336115360260009,,,,MAM
3,8,RANSACRegressor,0.3045147907073763,0.371365814197561,2.344494417999252,0.2866287231445312,,,,MAM
3,8,PassiveAggressiveRegressor,0.2495743931566862,0.3217063654839525,2.435337052601928,0.0884757041931152,,,,MAM
3,8,Lasso,0.2316010372162383,0.3054606339762289,2.4643287222042014,0.0712718963623046,,,,MAM
3,8,LassoLars,0.2315998624989327,0.3054595721744146,2.464330605918672,0.0329725742340087,,,,MAM
3,8,QuantileRegressor,-0.1323116121704093,-0.0234722160595943,2.991494677254232,22.032140493392944,,,,MAM
3,8,DecisionTreeRegressor,-0.2224346470110012,-0.1049324971296741,3.1082652929428547,1.7612810134887695,,,,MAM
3,8,DummyRegressor,-0.2723615300548625,-0.1500603374526246,3.171104242960121,0.0425074100494384,,,,MAM
3,8,ExtraTreeRegressor,-0.2902063853288119,-0.1661899199599381,3.193264164915898,0.3242607116699219,,,,MAM
3,8,AdaBoostRegressor,-0.834267107696107,-0.6579547550170548,3.807470463901145,9.938348293304443,,,,MAM
3,8,LarsCV,-285160917265437.44,-257750845959990.62,47473391.12233245,0.1862881183624267,,,,MAM
3,8,Lars,-328302654787732.3,-296745738560243.6,50938065.92859969,0.0460565090179443,,,,MAM
3,8,LGBMRegressor,0.6095381178022439,0.6401942159913239,2.2545106931909507,0.4707789421081543,0.648,0.063,0.5756,SON
3,8,HistGradientBoostingRegressor,0.6085469568082604,0.6392808734224878,2.257370340795573,1.395457744598389,0.6503,0.0742,0.5648,SON
3,8,ExtraTreesRegressor,0.6046736381759348,0.6357116583191466,2.2685108753258825,29.82321047782898,0.6545,0.1063,0.5347,SON
3,8,RandomForestRegressor,0.5950978215473005,0.6268876620043307,2.295821054953682,103.46893668174744,0.6439,0.0986,0.5309,SON
3,8,CatBoostRegressor,0.5897447672341058,0.6219548888148991,2.3109473034305825,3.818492889404297,0.6306,0.067,0.5536,SON
3,8,HuberRegressor,0.5857688780701312,0.6182911562381788,2.322118296315554,0.6080043315887451,,,,SON
3,8,LinearSVR,0.5851088296157204,0.6176829297698581,2.3239676268346647,1.6878209114074707,,,,SON
3,8,TweedieRegressor,0.5827673490865743,0.6155252844888681,2.330516174351084,0.0405418872833251,,,,SON
3,8,GradientBoostingRegressor,0.578327315177359,0.6114338482832689,2.342883600031409,42.20548439025879,,,,SON
3,8,PoissonRegressor,0.5700984674597118,0.6038510671219659,2.3656335697301274,0.0680243968963623,,,,SON
3,8,BaggingRegressor,0.5683893375329732,0.6022761250820373,2.370331348464401,10.398181200027466,,,,SON
3,8,GammaRegressor,0.565085356340886,0.5992315473719735,2.379386499747843,0.0444996356964111,,,,SON
3,8,LassoLarsIC,0.5605839729066645,0.5950835783396123,2.391668173892318,0.0804047584533691,,,,SON
3,8,LarsCV,0.5571599614084355,0.5919283941904179,2.400968253917938,0.16316819190979,,,,SON
3,8,LassoLarsCV,0.5541572742757161,0.5891614552210112,2.409094412699599,0.1244018077850341,,,,SON
3,8,SGDRegressor,0.5528872768761138,0.587991168361047,2.412523164318264,0.1614654064178466,,,,SON
3,8,ElasticNetCV,0.5524891533870743,0.5876243025013123,2.4135970192703016,0.7839195728302002,,,,SON
3,8,TransformedTargetRegressor,0.552396204593051,0.5875386513398776,2.4138476604403483,0.0637502670288086,,,,SON
3,8,LinearRegression,0.552396204593051,0.5875386513398776,2.4138476604403483,0.066746711730957,,,,SON
3,8,Ridge,0.5523814175475141,0.5875250252607258,2.4138875320643725,0.0381486415863037,,,,SON
3,8,RidgeCV,0.5522698141708582,0.5874221841326503,2.4141884369195927,0.0632283687591552,,,,SON
3,8,BayesianRidge,0.5521535116560934,0.5873150128070613,2.414501971682223,0.0869419574737548,,,,SON
3,8,LassoCV,0.5515537396559433,0.5867623303441131,2.4161182243326613,0.5860235691070557,,,,SON
3,8,XGBRegressor,0.5402887149622535,0.5763817497379443,2.446276595617824,1.681441068649292,,,,SON
3,8,KNeighborsRegressor,0.5149666702456464,0.5530477994412362,2.512747034944646,0.130448579788208,,,,SON
3,8,ElasticNet,0.5136906140217592,0.5518719294498029,2.516050210378137,0.0449151992797851,,,,SON
3,8,MLPRegressor,0.5013581638096511,0.5405077294609595,2.547753074567703,15.447406768798828,,,,SON
3,8,OrthogonalMatchingPursuitCV,0.4803910869443412,0.5211868280520169,2.600765969323568,0.0897068977355957,,,,SON
3,8,OrthogonalMatchingPursuit,0.4803910869443412,0.5211868280520169,2.600765969323568,0.0334296226501464,,,,SON
3,8,RANSACRegressor,0.407993554960913,0.4544733998193537,2.7760430401906118,0.2577276229858398,,,,SON
3,8,Lasso,0.345456132015438,0.3968459398324078,2.9189883191528865,0.0374398231506347,,,,SON
3,8,LassoLars,0.3454545783605338,0.3968445081586738,2.918991783472123,0.0384356975555419,,,,SON
3,8,ExtraTreeRegressor,0.1929424516163039,0.2563064740100652,3.241270150275992,0.3306477069854736,,,,SON
3,8,DecisionTreeRegressor,0.1284443334612051,0.1968722576935898,3.3682982776890182,1.7822034358978271,,,,SON
3,8,QuantileRegressor,-0.0852683567038838,-6.133696266985567e-05,3.75864706848349,22.105870008468628,,,,SON
3,8,DummyRegressor,-0.1247123505797338,-0.0364084883441349,3.826341339670829,0.0278325080871582,,,,SON
3,8,AdaBoostRegressor,-0.1553343261625139,-0.0646262592323991,3.878080468223815,10.294148683547974,,,,SON
3,8,PassiveAggressiveRegressor,-0.3251938143622706,-0.2211496719123402,4.153389664228343,0.0876073837280273,,,,SON
3,8,Lars,-4751506135563.267,-4378454000952.849,7864635.965246119,0.0421488285064697,,,,SON
4,28,CatBoostRegressor,0.6331520064275351,0.6355126223265676,2.41413321191709,7.203990697860718,0.6209,0.1059,0.4908,
4,28,HistGradientBoostingRegressor,0.6184855585657126,0.6209405510201893,2.46191836323373,3.426253080368042,0.6051,0.1047,0.4709,
4,28,LGBMRegressor,0.6173582541104649,0.6198205006125763,2.465552936547209,1.033336162567139,0.6035,0.104,0.4745,
4,28,ExtraTreesRegressor,0.6172805663008931,0.6197433127132717,2.465803214630816,127.0792362689972,0.6047,0.1101,0.4671,
4,28,XGBRegressor,0.6094325641821747,0.6119458113984331,2.4909566636958407,3.3378591537475586,0.5963,0.1061,0.4556,
4,28,MLPRegressor,0.6021151755142665,0.6046755091105283,2.5141827618520587,52.43067741394043,,,,
4,28,RandomForestRegressor,0.6013445465160675,0.603909839002925,2.5166163365775165,472.9951479434967,,,,
4,28,GradientBoostingRegressor,0.5924720072257664,0.5950943932709382,2.5444673323692166,175.6473903656006,,,,
4,28,PoissonRegressor,0.5813896032852367,0.5840833030608905,2.578832661091329,0.2114503383636474,,,,
4,28,HuberRegressor,0.5791740831506507,0.5818820394907288,2.5856479671232373,2.3584601879119877,,,,
4,28,LinearSVR,0.5785095648871288,0.5812217973099594,2.587688635800089,11.527604341506958,,,,
4,28,BayesianRidge,0.5701608862995535,0.5729268413098183,2.613190813507582,0.3443074226379394,,,,
4,28,ElasticNetCV,0.5701516045248376,0.5729176192620338,2.613219027456372,3.126580238342285,,,,
4,28,RidgeCV,0.5701470717139175,0.5729131156191226,2.6132328057985057,0.3623189926147461,,,,
4,28,Ridge,0.5701417459209435,0.5729078240968868,2.6132489944678072,0.155247688293457,,,,
4,28,TransformedTargetRegressor,0.5701411562230205,0.5729072381935881,2.613250786950516,0.2511742115020752,,,,
4,28,LinearRegression,0.5701411562230205,0.5729072381935881,2.613250786950516,0.2492284774780273,,,,
4,28,BaggingRegressor,0.5698391573931676,0.5726071826842705,2.614168600002747,46.66119956970215,,,,
4,28,LassoLarsIC,0.569828901013919,0.5725969923033982,2.6141997647928754,0.3604652881622314,,,,
4,28,LassoCV,0.5698020730220927,0.572570336945974,2.614281281934118,2.004176139831543,,,,
4,28,SGDRegressor,0.5684788791148274,0.5712556576077665,2.6182986713674423,0.3282954692840576,,,,
4,28,KNeighborsRegressor,0.5636677934367016,0.566475530597924,2.6328540917124483,4.515945196151733,,,,
4,28,GammaRegressor,0.5544792237596368,0.557346088090829,2.660431844350563,0.2818818092346191,,,,
4,28,LassoLarsCV,0.5523117259969437,0.5551925378752655,2.6668956096546803,0.4456651210784912,,,,
4,28,TweedieRegressor,0.5479425961404589,0.5508515227627206,2.6798775469534446,0.1457076072692871,,,,
4,28,OrthogonalMatchingPursuitCV,0.5123188737812239,0.515457034110245,2.783467346593798,0.4006409645080566,,,,
4,28,OrthogonalMatchingPursuit,0.5123188737812239,0.515457034110245,2.783467346593798,0.1271824836730957,,,,
4,28,RANSACRegressor,0.5047617780777872,0.5079485672683004,2.8049507136246445,0.5902748107910156,,,,
4,28,ElasticNet,0.4654804829212304,0.4689200417915724,2.9140697350819025,0.2179079055786132,,,,
4,28,LarsCV,0.4186058273807945,0.4223470181506403,3.039159505827191,0.8499016761779785,,,,
4,28,LassoLars,0.3651924723782254,0.3692773706706662,3.175697965168584,0.1343286037445068,,,,
4,28,Lasso,0.3651893806340919,0.3692742988214769,3.175705698562701,0.1642374992370605,,,,
4,28,PassiveAggressiveRegressor,0.2960706807397645,0.3006003681633176,3.3441263964332597,0.2677292823791504,,,,
4,28,DecisionTreeRegressor,0.2322456513786701,0.2371860440035759,3.492442778907948,7.919395446777344,,,,
4,28,ExtraTreeRegressor,0.211682791588754,0.2167555033610999,3.538903010619065,1.4816389083862305,,,,
4,28,DummyRegressor,-0.0079012690827482,-0.0014155643708815,4.001539910109996,0.1329693794250488,,,,
4,28,QuantileRegressor,-0.0239875587071756,-0.017398340955278,4.03334616053538,296.7280738353729,,,,
4,28,AdaBoostRegressor,-0.2497152509653093,-0.2416735068577205,4.4557795058608844,43.91435098648071,,,,
4,28,Lars,-20231072630999.53,-20100888487855.816,17927825.29417433,0.172539472579956,,,,
4,28,CatBoostRegressor,0.493595821278997,0.5062503755039409,2.77358870056706,4.183805704116821,0.5022,0.0431,0.4534,DJF
4,28,ExtraTreesRegressor,0.4907360018412625,0.5034620202082278,2.781409327020154,28.26895213127136,0.4983,0.0322,0.4724,DJF
4,28,LGBMRegressor,0.4834028766323288,0.4963121427576936,2.8013631451734478,0.4832463264465332,0.4924,0.0455,0.4422,DJF
4,28,HistGradientBoostingRegressor,0.4829455589649365,0.4958662530197364,2.8026028244130616,1.8365252017974851,0.4908,0.0355,0.4499,DJF
4,28,GradientBoostingRegressor,0.4765546860580206,0.4896350818908539,2.81986993454628,37.87078547477722,0.4839,0.0258,0.4564,DJF
4,28,PoissonRegressor,0.458449009851406,0.4719818491492884,2.8682242024248703,0.0525078773498535,,,,DJF
4,28,XGBRegressor,0.4578669181799087,0.4714143033897926,2.869765258625533,1.6488842964172363,,,,DJF
4,28,RandomForestRegressor,0.4568788614572542,0.4704509372559987,2.8723791925299884,92.91330814361572,,,,DJF
4,28,HuberRegressor,0.4482808374243381,0.4620677695886576,2.8950258982260717,0.4160327911376953,,,,DJF
4,28,LinearSVR,0.4449043101329117,0.4587756184724224,2.903871180596418,1.3058114051818848,,,,DJF
4,28,TransformedTargetRegressor,0.4439264901143843,0.4578222332373479,2.906427689384577,0.0495998859405517,,,,DJF
4,28,LinearRegression,0.4439264901143843,0.4578222332373479,2.906427689384577,0.0535006523132324,,,,DJF
4,28,Ridge,0.4439159493031448,0.457811955830861,2.906455236066741,0.029620885848999,,,,DJF
4,28,RidgeCV,0.4438274157421867,0.4577256346385897,2.906686593709926,0.0566005706787109,,,,DJF
4,28,BayesianRidge,0.4435981014292797,0.4575020506701963,2.9072857567815005,0.0734627246856689,,,,DJF
4,28,LassoCV,0.4422717430238998,0.4562088366879233,2.910748907776872,0.4716882705688476,,,,DJF
4,28,ElasticNetCV,0.4421286439666996,0.4560693135387723,2.91112229634485,0.6688761711120605,,,,DJF
4,28,LassoLarsIC,0.4420681744981078,0.4560103551441437,2.911280065018933,0.0605943202972412,,,,DJF
4,28,LassoLarsCV,0.4418670608714463,0.4558142671539221,2.9118047217173797,0.0838253498077392,,,,DJF
4,28,GammaRegressor,0.4343002335803194,0.4484365276118501,2.9314765113035737,0.0374374389648437,,,,DJF
4,28,SGDRegressor,0.4342393208491089,0.44837713703131,2.931634333035909,0.0914139747619628,,,,DJF
4,28,MLPRegressor,0.4309159941352296,0.4451368570612672,2.9402320612287687,12.254333019256592,,,,DJF
4,28,TweedieRegressor,0.4270265463157247,0.4413446028084925,2.950262571404017,0.0379276275634765,,,,DJF
4,28,KNeighborsRegressor,0.4192361114816604,0.4337488434612944,2.970251481782422,0.3048419952392578,,,,DJF
4,28,BaggingRegressor,0.4048459701019105,0.4197182978985746,3.0068246941673973,9.399834632873535,,,,DJF
4,28,OrthogonalMatchingPursuitCV,0.3956285496230544,0.4107312119077917,3.030019262127062,0.0728242397308349,,,,DJF
4,28,OrthogonalMatchingPursuit,0.3956285496230544,0.4107312119077917,3.030019262127062,0.0251891613006591,,,,DJF
4,28,LarsCV,0.3230709101675196,0.3399867181992826,3.2067492938364808,0.1554915904998779,,,,DJF
4,28,ElasticNet,0.3144060014283383,0.3315383372102692,3.2272077413646105,0.0339844226837158,,,,DJF
4,28,RANSACRegressor,0.275836539821272,0.2939326894180222,3.3167422476041826,0.1857490539550781,,,,DJF
4,28,Lasso,0.1788462878290692,0.1993661307022576,3.5318776400195566,0.0346086025238037,,,,DJF
4,28,LassoLars,0.1788462871722352,0.1993661300618373,3.531877641432116,0.0277366638183593,,,,DJF
4,28,PassiveAggressiveRegressor,0.0212216263972161,0.0456803582233268,3.855987358743088,0.0983622074127197,,,,DJF
4,28,DecisionTreeRegressor,0.009615497029634,0.0343642548855352,3.878781692045666,1.5902023315429688,,,,DJF
4,28,ExtraTreeRegressor,0.0092350078441701,0.0339932737595064,3.879526702070386,0.30074143409729,,,,DJF
4,28,DummyRegressor,-0.0256327412813555,-3.163792080096428e-06,3.9472020454341417,0.0220329761505126,,,,DJF
4,28,QuantileRegressor,-0.0551435315619706,-0.0287765077570463,4.003586253872873,18.55371117591858,,,,DJF
4,28,AdaBoostRegressor,-0.077193359406299,-0.0502753315736999,4.045202367345465,9.668798685073853,,,,DJF
4,28,Lars,-2.326244334830956e+19,-2.2681137223428526e+19,18798408518.146275,0.0320096015930175,,,,DJF
4,28,CatBoostRegressor,0.7669132668764137,0.7732278789429747,1.980805155877349,3.9732298851013184,0.7672,0.0312,0.734,JJA
4,28,ExtraTreesRegressor,0.755403306133373,0.7620297374786191,2.0291225232232235,28.429877042770386,0.7558,0.0322,0.7204,JJA
4,28,HistGradientBoostingRegressor,0.7495122081634291,0.7562982367445529,2.053412788395617,1.8386495113372805,0.7498,0.0338,0.7214,JJA
4,28,LGBMRegressor,0.7474204508780233,0.7542631477886472,2.0619687169493925,0.4925203323364258,0.7477,0.0335,0.7197,JJA
4,28,RandomForestRegressor,0.7368141668467136,0.7439442013000108,2.1048164748676093,94.11549496650696,0.7371,0.0347,0.7042,JJA
4,28,GradientBoostingRegressor,0.7306301020590378,0.737927670586906,2.1294012818154053,38.24152541160584,,,,JJA
4,28,XGBRegressor,0.7263769359790713,0.7337897281127181,2.1461463358988517,1.6446335315704346,,,,JJA
4,28,LinearSVR,0.7185074639386648,0.7261334499441288,2.1767894412094884,1.3068451881408691,,,,JJA
4,28,HuberRegressor,0.718259890816384,0.7258925838883736,2.177746475673134,0.45986008644104,,,,JJA
4,28,ElasticNetCV,0.7125971664624404,0.7203832698424979,2.199522976749095,0.6258318424224854,,,,JJA
4,28,LassoCV,0.7124164848524164,0.7202074831240002,2.200214255444874,0.3622291088104248,,,,JJA
4,28,BaggingRegressor,0.7122146136451668,0.7200110808610534,2.200986347666161,9.406603813171388,,,,JJA
4,28,PoissonRegressor,0.7118994327307464,0.7197044385930789,2.2021912716998315,0.0545384883880615,,,,JJA
4,28,BayesianRidge,0.711893931093523,0.719699086002111,2.2022122983846244,0.0685739517211914,,,,JJA
4,28,RidgeCV,0.7117727676092706,0.7195812049886772,2.2026753217224124,0.0588037967681884,,,,JJA
4,28,Ridge,0.7117298077617236,0.7195394089773042,2.20283946837418,0.0284223556518554,,,,JJA
4,28,TransformedTargetRegressor,0.7117251020671901,0.7195348307659402,2.2028574477692424,0.0528106689453125,,,,JJA
4,28,LinearRegression,0.7117251020671901,0.7195348307659402,2.2028574477692424,0.0484218597412109,,,,JJA
4,28,MLPRegressor,0.7107168542219422,0.7185538976199218,2.206706356671101,12.80617332458496,,,,JJA
4,28,SGDRegressor,0.7078621886368702,0.7157765685074493,2.2175675911500865,0.1261177062988281,,,,JJA
4,28,LassoLarsIC,0.6970313037121858,0.7052391058454583,2.2583011690164407,0.0653560161590576,,,,JJA
4,28,KNeighborsRegressor,0.6860242504257644,0.6945302474436976,2.298957979384111,0.2824099063873291,,,,JJA
4,28,GammaRegressor,0.6773947493794623,0.6861345304086309,2.3303368138985814,0.0320188999176025,,,,JJA
4,28,TweedieRegressor,0.6725342343691876,0.6814056928487295,2.347826133107676,0.0323286056518554,,,,JJA
4,28,OrthogonalMatchingPursuit,0.6464125733849072,0.6559917004367419,2.439671691667752,0.0314855575561523,,,,JJA
4,28,OrthogonalMatchingPursuitCV,0.6464125733849072,0.6559917004367419,2.439671691667752,0.0741033554077148,,,,JJA
4,28,RANSACRegressor,0.6250002530502179,0.6351594667270893,2.5124560163049705,0.1998555660247802,,,,JJA
4,28,ElasticNet,0.5985519372029671,0.6094276689422402,2.599546938059794,0.034492015838623,,,,JJA
4,28,LassoLarsCV,0.595062577127135,0.606032840009147,2.6108200400337864,0.0981166362762451,,,,JJA
4,28,PassiveAggressiveRegressor,0.5224877547971345,0.5354241606795316,2.8351447489211807,0.064077615737915,,,,JJA
4,28,Lasso,0.5186795830716249,0.5317191571043802,2.8464274726278247,0.0878024101257324,,,,JJA
4,28,LassoLars,0.5186761152865434,0.5317157832659479,2.8464377264842984,0.0289413928985595,,,,JJA
4,28,DecisionTreeRegressor,0.474582014874338,0.4888162473611074,2.9739622234341345,1.5983147621154783,,,,JJA
4,28,AdaBoostRegressor,0.4329502048165031,0.4483122952753716,3.089538270529609,9.292912006378174,,,,JJA
4,28,ExtraTreeRegressor,0.4226965665771902,0.4383364409617435,3.1173463043103866,0.3088834285736084,,,,JJA
4,28,LarsCV,-0.0189691957131468,0.0086359583532265,4.141555712107732,0.1521122455596923,,,,JJA
4,28,DummyRegressor,-0.02822700177991,-0.0003710421309295,4.160327145573568,0.0199494361877441,,,,JJA
4,28,QuantileRegressor,-0.0660239994653983,-0.0371440717232274,4.2361026097894605,19.534080266952515,,,,JJA
4,28,Lars,-3.431989569197285e+16,-3.339012665469032e+16,760074145.4691157,0.0323100090026855,,,,JJA
4,28,CatBoostRegressor,0.6063080974547437,0.6162506931326699,2.326880270540852,3.974853515625,0.6089,0.025,0.5845,MAM
4,28,HistGradientBoostingRegressor,0.6008126201920465,0.6108940028455926,2.3430642488070097,1.7534728050231934,0.6019,0.0335,0.5738,MAM
4,28,LGBMRegressor,0.5961170528990616,0.6063170209915532,2.356804476623964,0.4683995246887207,0.5988,0.028,0.5701,MAM
4,28,ExtraTreesRegressor,0.5796210888607182,0.5902376586147895,2.4044528022238723,28.53065133094788,0.5829,0.0223,0.5611,MAM
4,28,HuberRegressor,0.5731915230482878,0.5839704699628857,2.4227707084010985,0.3749406337738037,0.5801,0.0343,0.5434,MAM
4,28,LinearSVR,0.5723900953354955,0.5831892821170093,2.425044286674746,1.373748779296875,,,,MAM
4,28,GradientBoostingRegressor,0.5707056780345838,0.5815474043757574,2.4298158924882656,38.61528158187866,,,,MAM
4,28,RandomForestRegressor,0.5707041986625798,0.5815459623649426,2.429820079124713,94.43084025382996,,,,MAM
4,28,XGBRegressor,0.5682675031068336,0.5791708049778617,2.4367061865212247,1.731635332107544,,,,MAM
4,28,PoissonRegressor,0.5668499504260383,0.5777890522540028,2.44070325496753,0.0480425357818603,,,,MAM
4,28,ElasticNetCV,0.5561757945378939,0.5673844696426081,2.470593464545969,0.7139406204223633,,,,MAM
4,28,BayesianRidge,0.5558485555752386,0.5670654950223859,2.4715041015302037,0.0690422058105468,,,,MAM
4,28,RidgeCV,0.5555763155569505,0.5668001303612278,2.4722614324565617,0.0795633792877197,,,,MAM
4,28,LassoCV,0.5555394224644066,0.5667641689949909,2.47236404566125,0.4710166454315185,,,,MAM
4,28,Ridge,0.555488957097209,0.5667149781186797,2.4725044014366144,0.0286660194396972,,,,MAM
4,28,LinearRegression,0.5554790166623628,0.5667052887271591,2.4725320471294467,0.0467855930328369,,,,MAM
4,28,TransformedTargetRegressor,0.5554790166623628,0.5667052887271591,2.4725320471294467,0.0504078865051269,,,,MAM
4,28,SGDRegressor,0.5521068273830507,0.5634182632887512,2.4818927894753093,0.1187067031860351,,,,MAM
4,28,BaggingRegressor,0.5431126117484659,0.5546511944380261,2.5066885725286467,9.531318426132202,,,,MAM
4,28,GammaRegressor,0.5422414969239893,0.5538020794119523,2.5090770973464944,0.0342121124267578,,,,MAM
4,28,TweedieRegressor,0.535384244777931,0.5471180055433975,2.527800308311269,0.0323388576507568,,,,MAM
4,28,MLPRegressor,0.5228122807062574,0.5348635434442917,2.5617717094373424,12.602274179458618,,,,MAM
4,28,KNeighborsRegressor,0.5084412133763005,0.5208554140132305,2.600060944983063,0.3041226863861084,,,,MAM
4,28,OrthogonalMatchingPursuitCV,0.4881291091529234,0.501056287167227,2.653236801273746,0.0775105953216552,,,,MAM
4,28,OrthogonalMatchingPursuit,0.4881291091529234,0.501056287167227,2.653236801273746,0.0243253707885742,,,,MAM
4,28,ElasticNet,0.4500455805829166,0.463934549083924,2.750167492359989,0.034053087234497,,,,MAM
4,28,RANSACRegressor,0.4164344466978713,0.4311722564179516,2.8329611598054067,0.1930913925170898,,,,MAM
4,28,LassoLarsIC,0.401400348827873,0.4165178411259728,2.869221165314937,0.0609908103942871,,,,MAM
4,28,Lasso,0.349105848378103,0.3655440258891567,2.9919269160826394,0.058887243270874,,,,MAM
4,28,LassoLars,0.3491007519772215,0.3655390581966714,2.9919386292230072,0.0252387523651123,,,,MAM
4,28,PassiveAggressiveRegressor,0.3068704564446939,0.324375278767535,3.087471812206526,0.0640380382537841,,,,MAM
4,28,DecisionTreeRegressor,0.1752537818749299,0.1960825521155719,3.3678749874234217,1.598153829574585,,,,MAM
4,28,LarsCV,0.1068389965453395,0.1293955659724178,3.5047792794734023,0.144000768661499,,,,MAM
4,28,ExtraTreeRegressor,0.1015508566636118,0.1242409768099007,3.515139343731039,0.3129222393035888,,,,MAM
4,28,DummyRegressor,-0.033825037359467,-0.0077160310991704,3.770676888070735,0.0244941711425781,,,,MAM
4,28,QuantileRegressor,-0.0354633694883745,-0.0093129875385131,3.77366345511275,19.60059666633606,,,,MAM
4,28,AdaBoostRegressor,-0.1056442756395199,-0.0777214915405157,3.899451355229808,9.262356281280518,,,,MAM
4,28,LassoLarsCV,-6.012898004897871,-5.835788928123756,9.8207477784929,0.088071584701538,,,,MAM
4,28,Lars,-3.50366541943853e+17,-3.4151811797805786e+17,2195114151.0859966,0.0360116958618164,,,,MAM
4,28,CatBoostRegressor,0.5716213148009375,0.5826550179443386,2.544815026432307,4.21649980545044,0.5831,0.1217,0.4929,SON
4,28,HistGradientBoostingRegressor,0.557270648967199,0.5686739806476643,2.587089486751501,1.748197317123413,0.5677,0.1223,0.4837,SON
4,28,LGBMRegressor,0.5561643394856445,0.5675961662589469,2.5903198303656696,0.4764397144317627,0.5666,0.1185,0.485,SON
4,28,ExtraTreesRegressor,0.5503603373090115,0.5619416571343103,2.6072015184684605,28.08895993232727,0.5629,0.129,0.4654,SON
4,28,GradientBoostingRegressor,0.5405740907037221,0.5524074738170921,2.6354212019020413,38.6435329914093,0.5503,0.1245,0.4705,SON
4,28,RandomForestRegressor,0.5374003809551904,0.5493155089649302,2.644508267687608,94.07468342781068,,,,SON
4,28,XGBRegressor,0.5268549768862866,0.5390417217202141,2.674480475939722,1.7092154026031494,,,,SON
4,28,PoissonRegressor,0.5212465610701127,0.5335777612594501,2.690284732571976,0.0705084800720214,,,,SON
4,28,KNeighborsRegressor,0.5139006153107619,0.5264210242250351,2.710845893109362,0.2923176288604736,,,,SON
4,28,MLPRegressor,0.5114965133191368,0.5240788444265969,2.7175411411515427,12.852999210357666,,,,SON
4,28,HuberRegressor,0.509194560580144,0.5218361828336152,2.723936488575901,0.4500632286071777,,,,SON
4,28,LinearSVR,0.5088099928114866,0.521461520335095,2.725003441970756,1.2534239292144775,,,,SON
4,28,BaggingRegressor,0.5036115250092742,0.5163969489019409,2.739385410998417,9.515097618103027,,,,SON
4,28,LassoLarsIC,0.5003337587986947,0.5132036077586921,2.748414922585023,0.0645840167999267,,,,SON
4,28,ElasticNetCV,0.4940890657871466,0.5071197586249834,2.765536066556457,0.6862010955810547,,,,SON
4,28,LassoCV,0.4932367943917547,0.5062894390911086,2.767864535163348,0.5378055572509766,,,,SON
4,28,BayesianRidge,0.491586044276174,0.504681207166485,2.7723689445663644,0.0670604705810546,,,,SON
4,28,RidgeCV,0.4912567554560593,0.5043603998026498,2.7732666012083365,0.0510592460632324,,,,SON
4,28,Ridge,0.4910521417186955,0.5041610562790364,2.773824241437837,0.0290131568908691,,,,SON
4,28,TransformedTargetRegressor,0.4910283279493506,0.5041378558783551,2.773889134566817,0.058199405670166,,,,SON
4,28,LinearRegression,0.4910283279493506,0.5041378558783551,2.773889134566817,0.0578868389129638,,,,SON
4,28,GammaRegressor,0.4862816619791649,0.4995134492666423,2.786793751860107,0.0352973937988281,,,,SON
4,28,SGDRegressor,0.4850438163867927,0.4983074867283891,2.7901492334274742,0.1065723896026611,,,,SON
4,28,TweedieRegressor,0.4840391245147103,0.4973286725954431,2.792869731190992,0.0330779552459716,,,,SON
4,28,LarsCV,0.4809203294398708,0.4942902079857033,2.8012979528147364,0.1328282356262207,,,,SON
4,28,LassoLarsCV,0.4406490548512674,0.4550561962310585,2.90793357501196,0.10841965675354,,,,SON
4,28,OrthogonalMatchingPursuit,0.4340997378282305,0.4486755692533507,2.9249082084396134,0.024942398071289,,,,SON
4,28,OrthogonalMatchingPursuitCV,0.4340997378282305,0.4486755692533507,2.9249082084396134,0.0691533088684082,,,,SON
4,28,ElasticNet,0.4064567302567552,0.4217445596175166,2.9954942214679026,0.0400748252868652,,,,SON
4,28,RANSACRegressor,0.3754495889167711,0.3915360658402885,3.0727416204445013,0.1936202049255371,,,,SON
4,28,Lasso,0.2959594742672701,0.3140933694171868,3.262429406228213,0.028944969177246,,,,SON
4,28,LassoLars,0.2959586617061902,0.3140925777851542,3.2624312888772224,0.0249433517456054,,,,SON
4,28,PassiveAggressiveRegressor,0.2939533053634222,0.3121388731873197,3.2670742585640773,0.0687267780303955,,,,SON
4,28,ExtraTreeRegressor,0.1458323076849295,0.1678330119153673,3.593468681302923,0.3211808204650879,,,,SON
4,28,DecisionTreeRegressor,0.1103120737648448,0.1332276687921398,3.66742416417845,1.608232498168945,,,,SON
4,28,QuantileRegressor,-0.0356092586486262,-0.0089351837534741,3.9567649866894543,19.73966789245605,,,,SON
4,28,DummyRegressor,-0.0357024186521159,-0.0090259442448992,3.9569429514708014,0.0207428932189941,,,,SON
4,28,AdaBoostRegressor,-0.0578033853412136,-0.0305576587418239,3.998938913240722,9.784177780151367,,,,SON
4,28,Lars,-6034941662022959.0,-5879500326851107.0,302049994.28844625,0.03432297706604,,,,SON
5,22,CatBoostRegressor,0.4992718399765018,0.5033814879421374,2.126154811879499,19.519861698150635,0.472,0.11,0.2818,
5,22,LGBMRegressor,0.4857201995013789,0.489941070434197,2.154733724629931,19.7380952835083,0.4574,0.1128,0.2726,
5,22,HistGradientBoostingRegressor,0.4845171741489097,0.4887479187239294,2.1572524752405977,7.87599515914917,0.4559,0.1095,0.2789,
5,22,XGBRegressor,0.4809915618790106,0.4852512423646687,2.164617100337117,5.32211446762085,0.4506,0.1131,0.2473,
5,22,MLPRegressor,0.462408114804673,0.4668203160222588,2.203029070086418,58.56629967689514,0.4299,0.1164,0.2299,
5,22,ExtraTreesRegressor,0.453160758981352,0.4576488564238377,2.2218959205408555,185.8215169906616,,,,
5,22,GradientBoostingRegressor,0.4527596320190216,0.457251021648239,2.2227106928823037,231.36896896362305,,,,
5,22,LinearSVR,0.4397093374333789,0.4443078353118954,2.249057547759889,25.64659667015076,,,,
5,22,HuberRegressor,0.4386064856729312,0.4432140350345789,2.2512699331115757,5.733517169952393,,,,
5,22,RandomForestRegressor,0.4301515734975382,0.434828515226932,2.268159295801683,627.0408194065094,,,,
5,22,PoissonRegressor,0.421645883637388,0.4263926344844245,2.2850241327957206,0.4602351188659668,,,,
5,22,ElasticNetCV,0.4186496398642939,0.4234209819129239,2.2909354289495645,5.0951433181762695,,,,
5,22,LassoCV,0.4183618562032045,0.4231355601911696,2.291502395325205,4.682983875274658,,,,
5,22,BayesianRidge,0.417396623991785,0.4221782499719819,2.2934029885646767,0.5940341949462891,,,,
5,22,RidgeCV,0.4173180885582217,0.422100359105692,2.293557559698322,0.5006427764892578,,,,
5,22,Ridge,0.4172819075858356,0.4220644750829713,2.2936287665205684,0.240175724029541,,,,
5,22,LinearRegression,0.4172778338495443,0.4220604347812327,2.2936367837955904,0.4167342185974121,,,,
5,22,TransformedTargetRegressor,0.4172778338495443,0.4220604347812327,2.2936367837955904,0.4274752140045166,,,,
5,22,SGDRegressor,0.4112318630135783,0.4160640853041796,2.3055047697221265,1.1818292140960691,,,,
5,22,LassoLarsIC,0.4111239677530899,0.4159570755771465,2.3057160087708595,0.5671608448028564,,,,
5,22,LassoLarsCV,0.4066028111858291,0.4114730256944551,2.314550271118918,0.9092841148376464,,,,
5,22,TweedieRegressor,0.4005089300390201,0.4054291591229331,2.3264045295843463,0.2606124877929687,,,,
5,22,GammaRegressor,0.3969915313957411,0.4019406289782383,2.3332194136939384,0.3000414371490478,,,,
5,22,KNeighborsRegressor,0.3853444660903482,0.3903891551375549,2.3556446290129425,4.835396766662598,,,,
5,22,BaggingRegressor,0.3767057625259568,0.3818213523799554,2.3721406264684246,62.6052668094635,,,,
5,22,OrthogonalMatchingPursuitCV,0.3313404322244495,0.3368283509232553,2.456950502352994,0.7156903743743896,,,,
5,22,OrthogonalMatchingPursuit,0.3313404322244495,0.3368283509232553,2.456950502352994,0.2138006687164306,,,,
5,22,ElasticNet,0.2588712674480896,0.264953965469034,2.58666806285966,0.326540470123291,,,,
5,22,RANSACRegressor,0.1490989882019159,0.1560826250158095,2.771618143841774,1.2990477085113523,,,,
5,22,Lasso,0.1406155302527213,0.1476687937193296,2.7854003524922257,0.2764804363250732,,,,
5,22,LassoLars,0.1406144810030483,0.1476677530812089,2.785402052883389,0.2059810161590576,,,,
5,22,QuantileRegressor,-0.0432308983342828,-0.0346687440930943,3.068909604699974,424.091591835022,,,,
5,22,DecisionTreeRegressor,-0.0912252994680506,-0.0822692386948789,3.138709260975794,10.616073846817017,,,,
5,22,DummyRegressor,-0.1061027096372981,-0.0970245448497781,3.160032896824237,0.1964704990386963,,,,
5,22,ExtraTreeRegressor,-0.1285515139906843,-0.1192891041566355,3.19193890007892,1.937833547592163,,,,
5,22,AdaBoostRegressor,-0.3177140075544526,-0.3068990761749561,3.4490894442984703,60.451786279678345,,,,
5,22,PassiveAggressiveRegressor,-0.8251877666119924,-0.8102078238190646,4.059267300166424,0.4954659938812256,,,,
5,22,LarsCV,-6.751057668307835e+19,-6.695649419626259e+19,24687651866.87417,1.3698251247406006,,,,
5,22,Lars,-6.753849005981473e+19,-6.698417847833029e+19,24692755100.650776,0.2633588314056396,,,,
5,22,CatBoostRegressor,0.3342690114802952,0.3562543338126377,2.6342386005149065,9.866584062576294,0.3347,0.0571,0.2767,DJF
5,22,LGBMRegressor,0.3159802785016868,0.3385695740552232,2.670176900480913,31.06657457351685,0.3132,0.0442,0.2634,DJF
5,22,HistGradientBoostingRegressor,0.3135064719987834,0.3361774633638293,2.675000986125592,5.6430957317352295,0.3143,0.0613,0.252,DJF
5,22,GradientBoostingRegressor,0.3022271852185763,0.3252706675143706,2.6968869732057685,49.418078899383545,0.3002,0.0499,0.2448,DJF
5,22,XGBRegressor,0.2851985964268029,0.3088044365216303,2.72959630220404,2.473260402679444,0.2821,0.0381,0.241,DJF
5,22,ExtraTreesRegressor,0.2801990723074683,0.3039700183552518,2.739125454898381,38.87771725654602,,,,DJF
5,22,PoissonRegressor,0.2612285715874216,0.2856260057818115,2.7749858205713323,0.1096699237823486,,,,DJF
5,22,MLPRegressor,0.2556157298235322,0.2801985243774479,2.785507399779278,20.343633890151978,,,,DJF
5,22,LinearSVR,0.2555731898245151,0.2801573892335549,2.785586991593548,3.82420825958252,,,,DJF
5,22,HuberRegressor,0.2553650806953126,0.2799561527696852,2.785976328440213,1.3085260391235352,,,,DJF
5,22,RandomForestRegressor,0.2548741145140797,0.2794814004194663,2.78689462728293,133.42696070671082,,,,DJF
5,22,ElasticNetCV,0.2497065667735409,0.274484507500023,2.7965416739055824,0.9480466842651368,,,,DJF
5,22,LassoCV,0.2492434962105937,0.2740367295338823,2.7974045339002096,0.9861629009246826,,,,DJF
5,22,BayesianRidge,0.2489034912509532,0.2737079530114953,2.798037910865564,0.122129201889038,,,,DJF
5,22,RidgeCV,0.2483395778703553,0.2731626624945672,2.799088078821784,0.1022124290466308,,,,DJF
5,22,GammaRegressor,0.2482511143467461,0.2730771204198837,2.799252787446793,0.06602144241333,,,,DJF
5,22,Ridge,0.248112084970181,0.272942682395847,2.799511624130953,0.061293601989746,,,,DJF
5,22,TransformedTargetRegressor,0.2480856784997361,0.2729171479814946,2.7995607834341083,0.0936496257781982,,,,DJF
5,22,LinearRegression,0.2480856784997361,0.2729171479814946,2.7995607834341083,0.0949563980102539,,,,DJF
5,22,TweedieRegressor,0.2464763616436481,0.2713609777423226,2.8025551220825906,0.0672745704650878,,,,DJF
5,22,LassoLarsIC,0.2457748938449214,0.2706826754502746,2.803859291429281,0.1231391429901123,,,,DJF
5,22,LassoLarsCV,0.2449185100087114,0.2698545731196636,2.805450658873321,0.1703317165374755,,,,DJF
5,22,SGDRegressor,0.2298966562281679,0.2553288060514554,2.833219533691671,0.181307315826416,,,,DJF
5,22,KNeighborsRegressor,0.2066153420984191,0.232816341808958,2.875726780572627,0.3727269172668457,,,,DJF
5,22,BaggingRegressor,0.1914671331208376,0.2181683923399061,2.903050309618094,13.333452701568604,,,,DJF
5,22,OrthogonalMatchingPursuitCV,0.1683008671551205,0.1957671768724774,2.9443460210909835,0.1363358497619629,,,,DJF
5,22,OrthogonalMatchingPursuit,0.1683008671551205,0.1957671768724774,2.9443460210909835,0.0530381202697753,,,,DJF
5,22,ElasticNet,0.0551953063364508,0.0863968518398241,3.1381720055416475,0.0688178539276123,,,,DJF
5,22,Lasso,-0.0099848160526783,0.0233692595643567,3.24461480266847,0.0723364353179931,,,,DJF
5,22,LassoLars,-0.0099848160526783,0.0233692595643567,3.24461480266847,0.0867061614990234,,,,DJF
5,22,RANSACRegressor,-0.0283549876442743,0.0056057506498875,3.2739892737062117,0.4156146049499511,,,,DJF
5,22,QuantileRegressor,-0.0395990136457611,-0.0052669488845744,3.2918395003233107,26.6683988571167,,,,DJF
5,22,DummyRegressor,-0.0785009737424016,-0.0428841976686376,3.352864431025027,0.053267478942871,,,,DJF
5,22,AdaBoostRegressor,-0.268983984455766,-0.2270766338682928,3.636920378529848,14.469017505645752,,,,DJF
5,22,ExtraTreeRegressor,-0.3604197959966833,-0.315492838654962,3.765669443518108,0.48854660987854,,,,DJF
5,22,DecisionTreeRegressor,-0.4150080865957728,-0.3682783873281257,3.840477134514615,2.166639804840088,,,,DJF
5,22,PassiveAggressiveRegressor,-0.4803788940844866,-0.4314903674548136,3.928187100746301,0.1102759838104248,,,,DJF
5,22,LarsCV,-263230575974675.6,-254537561588489.88,52381012.61981848,0.3215034008026123,,,,DJF
5,22,Lars,-263695212735356.5,-254986854029727.7,52427221.94294287,0.0597238540649414,,,,DJF
5,22,CatBoostRegressor,0.6028238788739638,0.6160167919882902,1.6884402678901715,11.794628620147703,0.5996,0.0206,0.5826,JJA
5,22,HistGradientBoostingRegressor,0.5918005312892287,0.6053596045506004,1.711710653476243,4.155154228210449,0.589,0.0213,0.5645,JJA
5,22,LGBMRegressor,0.5877657803681371,0.6014588750761884,1.7201493513466275,16.611734628677368,0.585,0.0131,0.5712,JJA
5,22,ExtraTreesRegressor,0.5690045576882907,0.5833208398629803,1.7588567706833562,40.88480734825134,0.5661,0.0261,0.536,JJA
5,22,LinearSVR,0.5668871673758721,0.5812737824455546,1.7631719247273745,4.167410850524902,0.5641,0.0184,0.5454,JJA
5,22,HuberRegressor,0.5667276474866461,0.5811195612939077,1.763496591968654,1.2363417148590088,,,,JJA
5,22,GradientBoostingRegressor,0.5625301216071119,0.577061463721561,1.772018345674647,48.56791090965271,,,,JJA
5,22,SGDRegressor,0.5604328610306212,0.5750338673949886,1.7762608557253394,0.2424890995025634,,,,JJA
5,22,RandomForestRegressor,0.5562883834617848,0.5710270560391031,1.7846149858278213,124.8306965827942,,,,JJA
5,22,MLPRegressor,0.5562024658597645,0.5709439923434436,1.784787758426794,12.168645143508911,,,,JJA
5,22,BayesianRidge,0.5561490126980986,0.5708923147238609,1.784895239506269,0.1304094791412353,,,,JJA
5,22,RidgeCV,0.556027746461585,0.5707750765616373,1.7851390519031785,0.0977189540863037,,,,JJA
5,22,ElasticNetCV,0.555975404557913,0.5707244732876326,1.785244277873685,0.9280638694763184,,,,JJA
5,22,Ridge,0.5559644652388251,0.5707138973375355,1.785266269038952,0.0570559501647949,,,,JJA
5,22,LassoCV,0.5559594353751884,0.5707090345497888,1.7852763804149077,0.8759400844573975,,,,JJA
5,22,LinearRegression,0.5559567879591729,0.5707064750724171,1.7852817024086776,0.0994429588317871,,,,JJA
5,22,TransformedTargetRegressor,0.5559567879591729,0.5707064750724171,1.7852817024086776,0.0931839942932128,,,,JJA
5,22,XGBRegressor,0.5512703602057314,0.5661757153737228,1.794677898524859,2.22745418548584,,,,JJA
5,22,LassoLarsIC,0.5452052901628822,0.5603121074476816,1.806765704339442,0.1138744354248046,,,,JJA
5,22,LassoLarsCV,0.5452052901628822,0.5603121074476816,1.806765704339442,0.1455609798431396,,,,JJA
5,22,PoissonRegressor,0.5404134999474106,0.5556794850890175,1.816258951303624,0.0844225883483886,,,,JJA
5,22,TweedieRegressor,0.5151828952259567,0.5312869598950245,1.8654478089809816,0.0604007244110107,,,,JJA
5,22,BaggingRegressor,0.5150385386700584,0.5311473983995494,1.8657255112069184,12.615910053253174,,,,JJA
5,22,GammaRegressor,0.4994089780713858,0.5160370015270566,1.8955518318909157,0.0813534259796142,,,,JJA
5,22,OrthogonalMatchingPursuit,0.4981211774908815,0.5147919775392612,1.8979884764712525,0.049509048461914,,,,JJA
5,22,OrthogonalMatchingPursuitCV,0.4981211774908815,0.5147919775392612,1.8979884764712525,0.1235649585723877,,,,JJA
5,22,KNeighborsRegressor,0.4839214154284239,0.5010638858949622,1.9246512894302827,0.3427307605743408,,,,JJA
5,22,ElasticNet,0.369349850744702,0.3902980200381472,2.127592190475568,0.0667917728424072,,,,JJA
5,22,LarsCV,0.3558669222749312,0.3772629510804841,2.150215246527609,0.2170403003692627,,,,JJA
5,22,RANSACRegressor,0.3530757355488773,0.3745644785988271,2.154868915817478,0.3585083484649658,,,,JJA
5,22,Lasso,0.2485233399437771,0.273484977253337,2.322479473705055,0.0642545223236084,,,,JJA
5,22,LassoLars,0.248502756920951,0.273465077932318,2.3225112799628067,0.0577027797698974,,,,JJA
5,22,AdaBoostRegressor,0.222497158966661,0.2483233022876984,2.36235482143566,12.21485161781311,,,,JJA
5,22,ExtraTreeRegressor,0.0227645836034301,0.0552252005816378,2.6484619331853234,0.5172116756439209,,,,JJA
5,22,DecisionTreeRegressor,-0.0257367580006766,0.0083349175273177,2.713389222289455,2.247821569442749,,,,JJA
5,22,QuantileRegressor,-0.0530253553755843,-0.0180472404242975,2.7492456740629976,27.867031812667847,,,,JJA
5,22,DummyRegressor,-0.1179105396087658,-0.0807771475588243,2.8326809470580745,0.0409612655639648,,,,JJA
5,22,PassiveAggressiveRegressor,-0.1756189174356142,-0.1365686387096061,2.9048748000065574,0.1385445594787597,,,,JJA
5,22,Lars,-70146972217.0199,-67816915447.54022,709575.4824837191,0.0583455562591552,,,,JJA
5,22,CatBoostRegressor,0.4027247344149182,0.4212878151882823,2.075770243447539,11.209767580032349,0.4091,0.0718,0.3526,MAM
5,22,GradientBoostingRegressor,0.3848995397298147,0.4040166205560964,2.106517361894771,50.364309310913086,0.3917,0.0762,0.3329,MAM
5,22,HistGradientBoostingRegressor,0.3814440805706696,0.4006685557110577,2.112425982502246,6.363657474517822,0.3886,0.0736,0.3368,MAM
5,22,LinearSVR,0.3793195387357663,0.398610043802321,2.116050626757077,4.705349445343018,0.3876,0.071,0.3392,MAM
5,22,LGBMRegressor,0.3789844652994862,0.3982853843168958,2.116621723104067,28.29235315322876,0.3864,0.0789,0.3327,MAM
5,22,HuberRegressor,0.3765455570755546,0.3959222764030864,2.120773944230432,1.3771429061889648,,,,MAM
5,22,ExtraTreesRegressor,0.3539639629058402,0.3740425093149826,2.158839666263373,39.53374457359314,,,,MAM
5,22,XGBRegressor,0.3524728753546203,0.3725977641794767,2.1613295921250115,2.549858331680298,,,,MAM
5,22,PoissonRegressor,0.3515410623848859,0.3716949115910263,2.1628841454812147,0.1613142490386963,,,,MAM
5,22,GammaRegressor,0.3397102680452177,0.3602318136948483,2.182525310013173,0.0753045082092285,,,,MAM
5,22,TweedieRegressor,0.3370593963833377,0.3576633300835284,2.186902024485988,0.0790584087371826,,,,MAM
5,22,LassoCV,0.3365376401441706,0.3571577898234412,2.1877624374330407,1.1502904891967771,,,,MAM
5,22,ElasticNetCV,0.3360937463999982,0.3567276921225719,2.1884941832990554,0.9821515083312988,,,,MAM
5,22,LassoLarsIC,0.3353312827929383,0.355988925585088,2.1897505115420377,0.1247704029083252,,,,MAM
5,22,LinearRegression,0.335231347895337,0.3558920966248713,2.189915123071488,0.0910871028900146,,,,MAM
5,22,TransformedTargetRegressor,0.335231347895337,0.3558920966248713,2.189915123071488,0.0980365276336669,,,,MAM
5,22,Ridge,0.3352255613040948,0.3558864898786131,2.189924654294159,0.0618219375610351,,,,MAM
5,22,RidgeCV,0.3351770178572977,0.3558394551430851,2.190004609647538,0.1200571060180664,,,,MAM
5,22,BayesianRidge,0.335060159185503,0.3557262283929329,2.1901970742521746,0.1199002265930175,,,,MAM
5,22,SGDRegressor,0.3288163069453033,0.3496764326291188,2.200456132954502,0.1713669300079345,,,,MAM
5,22,RandomForestRegressor,0.3286009666621345,0.3494677850374117,2.2008090980599704,127.62427282333374,,,,MAM
5,22,MLPRegressor,0.3061289209377915,0.3276941616720041,2.237337026769969,20.486634016036987,,,,MAM
5,22,LassoLarsCV,0.2763470415571063,0.2988378914105659,2.284847337427812,0.1941866874694824,,,,MAM
5,22,OrthogonalMatchingPursuitCV,0.2669047978709203,0.289689108951268,2.299705402814112,0.1513383388519287,,,,MAM
5,22,OrthogonalMatchingPursuit,0.2669047978709203,0.289689108951268,2.299705402814112,0.0693325996398925,,,,MAM
5,22,LarsCV,0.2660360172452579,0.2888473296863814,2.301067673301635,0.2807552814483642,,,,MAM
5,22,KNeighborsRegressor,0.2521915212747655,0.275433115215517,2.3226683893458584,0.3835322856903076,,,,MAM
5,22,BaggingRegressor,0.2456000605594779,0.2690465145115552,2.3328823607271385,13.117639541625977,,,,MAM
5,22,RANSACRegressor,0.2011064212722113,0.225935720065823,2.400692204036881,0.41884446144104,,,,MAM
5,22,ElasticNet,0.1803567112351158,0.2058309028706657,2.431669012885852,0.0762727260589599,,,,MAM
5,22,Lasso,0.0536904325681236,0.083101362417424,2.612814830001513,0.0627033710479736,,,,MAM
5,22,LassoLars,0.0536902228149941,0.0831011591833394,2.6128151195716898,0.0630660057067871,,,,MAM
5,22,QuantileRegressor,-0.0573797629705608,-0.0245168150483567,2.7618972273200044,28.28706383705139,,,,MAM
5,22,PassiveAggressiveRegressor,-0.0616464814831678,-0.0286509256246396,2.767463994570432,0.0996983051300048,,,,MAM
5,22,DummyRegressor,-0.141260504193714,-0.1057905757645745,2.869355844631896,0.04164719581604,,,,MAM
5,22,ExtraTreeRegressor,-0.315655023944593,-0.2747649823061842,3.0807966342988884,0.4456534385681152,,,,MAM
5,22,DecisionTreeRegressor,-0.3580989688305636,-0.3158897860479341,3.130096498064151,2.156025648117065,,,,MAM
5,22,AdaBoostRegressor,-0.8432994993751282,-0.7860104745853886,3.646615465421825,12.54737663269043,,,,MAM
5,22,Lars,-3.265693624043011e+17,-3.164197148268501e+17,1534898763.0103,0.0745081901550293,,,,MAM
5,22,CatBoostRegressor,0.4791447327000154,0.4969651109929921,2.089150260535016,46.11802363395691,0.497,0.0235,0.4706,SON
5,22,LinearSVR,0.4605205640818367,0.478978143822134,2.126172979169469,2.6949462890625,0.485,0.0658,0.4112,SON
5,22,LGBMRegressor,0.4595591355394457,0.4780496092934982,2.1280667060808884,138.27858328819275,0.4813,0.0451,0.4364,SON
5,22,HuberRegressor,0.4556709637519172,0.4742944661925778,2.135708115658532,1.331862449645996,0.4797,0.061,0.4118,SON
5,22,HistGradientBoostingRegressor,0.4485575806864239,0.4674244581779448,2.149617715696156,4.602185010910034,0.4725,0.0589,0.4126,SON
5,22,XGBRegressor,0.4390889311237658,0.4582797660132888,2.167994381441068,3.0971221923828125,,,,SON
5,22,GradientBoostingRegressor,0.4345702627574656,0.4539156979452353,2.1767094856140665,50.37890315055847,,,,SON
5,22,SGDRegressor,0.430409311399314,0.449897108068125,2.1847039188370085,0.2996854782104492,,,,SON
5,22,ExtraTreesRegressor,0.4300879189806802,0.4495867116686161,2.185320193182376,37.73951244354248,,,,SON
5,22,PoissonRegressor,0.4282955785712132,0.4478556938301813,2.1887538482113174,0.1349310874938964,,,,SON
5,22,ElasticNetCV,0.423948455061949,0.4436573014373804,2.1970595078120247,0.9502079486846924,,,,SON
5,22,LassoCV,0.4231540124490766,0.4428900396341921,2.198573987145659,1.0000689029693604,,,,SON
5,22,BayesianRidge,0.4215273835602803,0.4413190637145804,2.2016716479078946,0.1262187957763672,,,,SON
5,22,RidgeCV,0.4211175116196465,0.4409232150036082,2.202451497821552,0.1281404495239257,,,,SON
5,22,Ridge,0.4208216083104878,0.4406374356371998,2.2030143317627857,0.0984680652618408,,,,SON
5,22,LinearRegression,0.4207871363366827,0.4406041430766642,2.203079891116745,0.1047778129577636,,,,SON
5,22,TransformedTargetRegressor,0.4207871363366827,0.4406041430766642,2.203079891116745,0.1404473781585693,,,,SON
5,22,MLPRegressor,0.4204243777561618,0.4402537958041203,2.203769672966948,19.28422451019287,,,,SON
5,22,LassoLarsIC,0.4201232316526476,0.4399629530186735,2.2043421353328387,0.1313002109527588,,,,SON
5,22,LassoLarsCV,0.4201232316526476,0.4399629530186735,2.2043421353328383,0.1542060375213623,,,,SON
5,22,RandomForestRegressor,0.4087965549185421,0.4290238036398165,2.225766621366545,153.9759075641632,,,,SON
5,22,TweedieRegressor,0.3963084882553822,0.4169629997616506,2.249151354790601,0.1246445178985595,,,,SON
5,22,GammaRegressor,0.3940605543230433,0.4147919759338395,2.253334986377834,0.0702946186065673,,,,SON
5,22,KNeighborsRegressor,0.3660339775608713,0.3877242916539267,2.304857810385444,0.3488507270812988,,,,SON
5,22,BaggingRegressor,0.3443753927471674,0.3668067268488549,2.343898331438968,12.397846221923828,,,,SON
5,22,OrthogonalMatchingPursuitCV,0.2594504014716614,0.2847873325137474,2.4910831412620533,0.1383774280548095,,,,SON
5,22,OrthogonalMatchingPursuit,0.2594504014716614,0.2847873325137474,2.4910831412620533,0.0487306118011474,,,,SON
5,22,RANSACRegressor,0.237324906741028,0.2634188325007888,2.5280224658999924,0.5976989269256592,,,,SON
5,22,LarsCV,0.1920206727503564,0.219664623322523,2.602023842817184,0.2300610542297363,,,,SON
5,22,ElasticNet,0.1847029880309915,0.2125973035665458,2.613780252652408,0.0598583221435546,,,,SON
5,22,Lasso,0.0463784147755204,0.0790053237537888,2.826826692777588,0.0661289691925048,,,,SON
5,22,LassoLars,0.0463775197972369,0.0790044593960108,2.826828019272262,0.0555124282836914,,,,SON
5,22,QuantileRegressor,-0.146355050959307,-0.1071340198040367,3.099350707009291,34.28275179862976,,,,SON
5,22,ExtraTreeRegressor,-0.1807532335782249,-0.1403553138219471,3.1455074561298826,0.4268183708190918,,,,SON
5,22,DecisionTreeRegressor,-0.2399596289021575,-0.1975360401582062,3.223405331573068,2.1236422061920166,,,,SON
5,22,DummyRegressor,-0.2663083925591318,-0.2229833155027869,3.2574734882033654,0.046344518661499,,,,SON
5,22,AdaBoostRegressor,-0.3308071255924116,-0.2852753091705824,3.339402023265217,13.292704343795776,,,,SON
5,22,PassiveAggressiveRegressor,-1.6757694842748465,-1.584221548738432,4.735169127472347,0.1146185398101806,,,,SON
5,22,Lars,-9.654539684942512e+30,-9.324222300763806e+30,8994498075476770.0,0.0587680339813232,,,,SON
6,16,CatBoostRegressor,0.4065966886554004,0.4142267334888411,2.547937693908461,9.422499656677246,0.3855,0.1523,0.0501,
6,16,MLPRegressor,0.3994052539461104,0.4071277670354566,2.5633303839542028,79.72066640853882,0.3778,0.1505,0.0646,
6,16,LGBMRegressor,0.3992575170518369,0.4069819297583664,2.563645634118146,1.3518900871276855,0.3782,0.162,0.0123,
6,16,HistGradientBoostingRegressor,0.3974508283147434,0.4051984716231259,2.567497727710439,4.451689004898071,0.3763,0.1597,0.028,
6,16,XGBRegressor,0.3823980531950267,0.390339246736169,2.5993702804427983,4.770798444747925,0.3614,0.1694,-0.0041,
6,16,ExtraTreesRegressor,0.3735687906756322,0.3816235118422212,2.617884696112116,186.92897725105288,,,,
6,16,RandomForestRegressor,0.3711664090504678,0.3792520203033719,2.6228997239048044,766.0638360977173,,,,
6,16,GradientBoostingRegressor,0.3623738795589007,0.3705725461199526,2.641173133301716,269.8637635707855,,,,
6,16,PoissonRegressor,0.3505722046104671,0.3589226184018507,2.665503500667304,0.5849390029907227,,,,
6,16,HuberRegressor,0.3502904353290175,0.358644472140713,2.6660816831559626,5.765267610549927,,,,
6,16,LinearSVR,0.3474146878594689,0.3558057013474027,2.6719754800856967,13.750657558441162,,,,
6,16,TweedieRegressor,0.346144468128041,0.3545518142405386,2.674574639126307,0.261228084564209,,,,
6,16,ElasticNetCV,0.3439286566519364,0.3523644939113183,2.67910265832545,4.874942064285278,,,,
6,16,SGDRegressor,0.3439212181434788,0.352357151048018,2.6791178460573164,0.8172211647033691,,,,
6,16,LassoCV,0.3428943455962946,0.3513434821406238,2.6812136590885656,3.0246388912200928,,,,
6,16,LassoLarsIC,0.342617302277821,0.3510700010755121,2.681778814818556,0.5024783611297607,,,,
6,16,BayesianRidge,0.3405062325685053,0.3489860757319601,2.6860813954607385,0.5503444671630859,,,,
6,16,RidgeCV,0.3403317529270767,0.3488138395688896,2.6864366948946845,0.5352647304534912,,,,
6,16,Ridge,0.3402540070391541,0.3487370933461174,2.686594996627143,0.2429752349853515,,,,
6,16,TransformedTargetRegressor,0.3402452371333736,0.3487284362047469,2.6866128528225155,0.4408938884735107,,,,
6,16,LinearRegression,0.3402452371333736,0.3487284362047469,2.6866128528225155,0.3719105720520019,,,,
6,16,GammaRegressor,0.3367028257135354,0.3452315734993076,2.6938157922913217,0.2469189167022705,,,,
6,16,BaggingRegressor,0.3186030487629767,0.3273645254650995,2.730322286471288,79.40430021286011,,,,
6,16,KNeighborsRegressor,0.310887053165901,0.3197477429853335,2.74573756680177,3.676131248474121,,,,
6,16,ElasticNet,0.2850518217864707,0.2942447038433557,2.7967336185939144,0.2499666213989257,,,,
6,16,OrthogonalMatchingPursuitCV,0.283719435170681,0.2929294492007445,2.799338419935711,1.1985468864440918,,,,
6,16,OrthogonalMatchingPursuit,0.283719435170681,0.2929294492007445,2.799338419935711,0.5081071853637695,,,,
6,16,Lasso,0.1889078874405805,0.1993369987457659,2.9788518878039416,0.244443655014038,,,,
6,16,LassoLars,0.1889055272458066,0.1993346688986352,2.9788562218773684,0.2355177402496338,,,,
6,16,RANSACRegressor,0.0766330258584405,0.0885057796428008,3.1783446545432787,0.9234862327575684,,,,
6,16,PassiveAggressiveRegressor,-0.0054112193289557,0.0075164683547236,3.316543398525074,0.7541122436523438,,,,
6,16,LarsCV,-0.0115944571753516,0.0014127352584393,3.326726069844705,1.1742196083068848,,,,
6,16,DummyRegressor,-0.0196969847471124,-0.0065856091255049,3.34002247025647,0.1646842956542968,,,,
6,16,QuantileRegressor,-0.0247482840784598,-0.0115719582962643,3.3482850281419814,572.5943112373352,,,,
6,16,DecisionTreeRegressor,-0.2274229868935333,-0.2116406475628471,3.664468115215832,12.930293798446655,,,,
6,16,ExtraTreeRegressor,-0.2889215349815841,-0.2723484405773544,3.7551480225388274,2.253500938415528,,,,
6,16,AdaBoostRegressor,-0.6279402105584255,-0.6070079768562304,4.220200127485411,74.25067281723022,,,,
6,16,LassoLarsCV,-3.185709081269714,-3.131888775013821,6.767033729775215,0.8629271984100342,,,,
6,16,Lars,-5.209120223270043e+17,-5.142140784351389e+17,2387239607.7404165,0.229759931564331,,,,
6,16,CatBoostRegressor,0.1694653643685955,0.2093814471940509,3.0934381480310376,5.0928332805633545,0.1877,0.1314,0.0584,DJF
6,16,LGBMRegressor,0.1669730653813429,0.207008929861329,3.098076122868197,0.5817251205444336,0.1847,0.1357,0.0648,DJF
6,16,HistGradientBoostingRegressor,0.1661204523584328,0.2061972940241744,3.099661176359727,2.0273277759552,0.1846,0.141,0.0534,DJF
6,16,TweedieRegressor,0.1551650709457903,0.1957684360015155,3.119956171948488,0.0463154315948486,0.1706,0.1053,0.0879,DJF
6,16,GradientBoostingRegressor,0.1538115358895339,0.1944799527987216,3.122454458788199,59.20830178260803,0.1727,0.1449,0.0366,DJF
6,16,PoissonRegressor,0.1508749246968929,0.1916844772198922,3.127867846867172,0.074678897857666,,,,DJF
6,16,GammaRegressor,0.1504657016968421,0.1912949217670614,3.1286214704026283,0.0536575317382812,,,,DJF
6,16,LassoLarsIC,0.1229404989976458,0.165092599804673,3.17890164768143,0.1250348091125488,,,,DJF
6,16,LassoLarsCV,0.122751620584556,0.1649127990218919,3.179243924103567,0.131488561630249,,,,DJF
6,16,ElasticNetCV,0.1220960789122093,0.1642887631466141,3.1804315795735407,1.1128301620483398,,,,DJF
6,16,BayesianRidge,0.121535092655367,0.1637547382866016,3.181447575418744,0.0985801219940185,,,,DJF
6,16,LassoCV,0.1212097474378539,0.1634450293906721,3.1820366558284463,0.7498817443847656,,,,DJF
6,16,RidgeCV,0.1208674648791591,0.1631191971741743,3.1826562858319054,0.0861890316009521,,,,DJF
6,16,Ridge,0.1206835810928206,0.1629441509728453,3.182989118633216,0.040823221206665,,,,DJF
6,16,LinearRegression,0.1206625213933021,0.1629241034174015,3.183027234828713,0.0761854648590087,,,,DJF
6,16,TransformedTargetRegressor,0.1206625213933021,0.1629241034174015,3.183027234828713,0.0887556076049804,,,,DJF
6,16,HuberRegressor,0.1200303548890352,0.1623223192830698,3.1841711879351817,0.5212457180023193,,,,DJF
6,16,RandomForestRegressor,0.1157359735891443,0.1582343289900034,3.1919313436556918,156.04574155807495,,,,DJF
6,16,SGDRegressor,0.1147966506968252,0.1573401506211769,3.1936262324443594,0.2081007957458496,,,,DJF
6,16,XGBRegressor,0.1129110694607966,0.1555451917548393,3.197025811940333,2.1892223358154297,,,,DJF
6,16,ExtraTreesRegressor,0.1112836087746015,0.1539959479818931,3.19995711310246,41.16406393051148,,,,DJF
6,16,LinearSVR,0.1091713634877713,0.1519852186995732,3.203757584779812,1.986940860748291,,,,DJF
6,16,MLPRegressor,0.0900281146879778,0.133762007995554,3.2379978042477515,19.629185676574707,,,,DJF
6,16,ElasticNet,0.074302580040409,0.1187922536809628,3.265856433629062,0.0409145355224609,,,,DJF
6,16,LarsCV,0.0716246960730897,0.1162430707137591,3.2705768037291247,0.1953706741333007,,,,DJF
6,16,BaggingRegressor,0.0538394513481815,0.0993125974469621,3.3017560363140315,15.436039209365845,,,,DJF
6,16,OrthogonalMatchingPursuitCV,0.0373399052993722,0.0836060312672777,3.330420317480274,0.1227552890777587,,,,DJF
6,16,OrthogonalMatchingPursuit,0.0373399052993722,0.0836060312672777,3.330420317480274,0.0391480922698974,,,,DJF
6,16,KNeighborsRegressor,0.0319618805140889,0.0784864781622315,3.339710272003652,0.2665038108825683,,,,DJF
6,16,LassoLars,-0.0283115914075748,0.021109791990597,3.442111452886885,0.0393896102905273,,,,DJF
6,16,Lasso,-0.0283115922885723,0.0211097911519408,3.442111454361385,0.0366468429565429,,,,DJF
6,16,DummyRegressor,-0.0559335887691088,-0.0051846726141009,3.4880352486337367,0.02944016456604,,,,DJF
6,16,QuantileRegressor,-0.063397120246605,-0.0122895014826449,3.5003405779655665,35.78045201301575,,,,DJF
6,16,RANSACRegressor,-0.1005019993624121,-0.0476110938281308,3.5608852658025,0.3041689395904541,,,,DJF
6,16,AdaBoostRegressor,-0.3823830715896508,-0.315944762078175,3.990954404428261,14.5722815990448,,,,DJF
6,16,PassiveAggressiveRegressor,-0.3999794291206338,-0.3326954262033688,4.016274518503508,0.107229471206665,,,,DJF
6,16,ExtraTreeRegressor,-0.5846683259414678,-0.5085080438346685,4.272988769518514,0.4353241920471191,,,,DJF
6,16,DecisionTreeRegressor,-0.6032812376819041,-0.5262264058540216,4.29800996249918,2.619904041290283,,,,DJF
6,16,Lars,-198031464172815.88,-188513931746297.7,47767186.49459235,0.0476429462432861,,,,DJF
6,16,CatBoostRegressor,0.5898017206290573,0.6120272928002966,1.7119494306092735,4.486874341964722,0.5748,0.0537,0.5137,JJA
6,16,LGBMRegressor,0.5677213517361328,0.5911432937048025,1.7574213863129076,0.5442473888397217,0.5516,0.0529,0.4907,JJA
6,16,HistGradientBoostingRegressor,0.5662001382950097,0.5897045034254131,1.7605109041517,2.0195975303649902,0.5499,0.052,0.4901,JJA
6,16,XGBRegressor,0.5657570492706748,0.5892854220763512,1.7614097794599126,2.0435330867767334,0.5497,0.0718,0.4678,JJA
6,16,RandomForestRegressor,0.5645202579436346,0.5881156432071448,1.763916380161296,158.00648307800293,0.5493,0.0335,0.5142,JJA
6,16,ExtraTreesRegressor,0.5590980306450632,0.5829872057907204,1.7748638097639708,42.61185503005981,,,,JJA
6,16,MLPRegressor,0.5360029523732055,0.5611434768168626,1.820755469775269,20.3875150680542,,,,JJA
6,16,GradientBoostingRegressor,0.5220301025489553,0.5479277110610365,1.8479673231967968,59.37020993232727,,,,JJA
6,16,LinearSVR,0.5069650379584318,0.5336789094758932,1.876864298176959,1.883585214614868,,,,JJA
6,16,HuberRegressor,0.505615653485725,0.5324026380402056,1.8794309326259289,0.5446972846984863,,,,JJA
6,16,ElasticNetCV,0.4936012102105116,0.5210391674519572,1.9021306527775128,0.9519004821777344,,,,JJA
6,16,LassoCV,0.4934903167041286,0.5209342824340379,1.902338909980516,0.6856529712677002,,,,JJA
6,16,BayesianRidge,0.4925292802086249,0.5200253173075873,1.9041427755333609,0.0987241268157959,,,,JJA
6,16,RidgeCV,0.4923016356765349,0.5198100071275211,1.9045698140532428,0.0732858180999755,,,,JJA
6,16,LassoLarsIC,0.4922048384483435,0.5197184546160664,1.904751367023824,0.0993802547454834,,,,JJA
6,16,Ridge,0.4921868644050647,0.5197014544515584,1.904785077251044,0.0389206409454345,,,,JJA
6,16,TransformedTargetRegressor,0.4921732523233333,0.5196885799065747,1.904810606244472,0.0896553993225097,,,,JJA
6,16,LinearRegression,0.4921732523233333,0.5196885799065747,1.904810606244472,0.0758934020996093,,,,JJA
6,16,BaggingRegressor,0.4915031635835071,0.5190547982562638,1.906066912027069,15.75385808944702,,,,JJA
6,16,LassoLarsCV,0.4868367724099901,0.5146412438668633,1.9147927688498187,0.1101188659667968,,,,JJA
6,16,SGDRegressor,0.4837008391803054,0.5116752233692051,1.920634493540092,0.1735396385192871,,,,JJA
6,16,PoissonRegressor,0.4733587546514166,0.5018934989336117,1.939775408403464,0.0753059387207031,,,,JJA
6,16,OrthogonalMatchingPursuit,0.4681098238240975,0.4969289683507386,1.9494181232520005,0.0390825271606445,,,,JJA
6,16,OrthogonalMatchingPursuitCV,0.4681098238240975,0.4969289683507386,1.9494181232520005,0.085416555404663,,,,JJA
6,16,TweedieRegressor,0.4568963796881026,0.4863230967582339,1.9698600095722192,0.0442245006561279,,,,JJA
6,16,KNeighborsRegressor,0.4506034762927644,0.4803711586609321,1.981239455890289,0.2387838363647461,,,,JJA
6,16,ElasticNet,0.4405523019008722,0.4708645821210721,1.9992806391041995,0.0548884868621826,,,,JJA
6,16,GammaRegressor,0.4332977806706128,0.4640031290563305,2.0122015139855667,0.0474269390106201,,,,JJA
6,16,RANSACRegressor,0.429139202318756,0.4600698729155534,2.019570994902984,0.296980619430542,,,,JJA
6,16,Lasso,0.3711358840653782,0.4052093200048016,2.119690344941938,0.0950019359588623,,,,JJA
6,16,LassoLars,0.3711282322247108,0.4052020827600638,2.119703240798956,0.0387241840362548,,,,JJA
6,16,LarsCV,0.2171557216942526,0.2595721892450393,2.3650030522697345,0.1801583766937255,,,,JJA
6,16,PassiveAggressiveRegressor,0.110568909280218,0.1587605178078107,2.520868363333299,0.102114200592041,,,,JJA
6,16,DecisionTreeRegressor,0.0565272003216782,0.1076469242586215,2.5963229166572006,2.67104434967041,,,,JJA
6,16,ExtraTreeRegressor,-0.0120837107406186,0.0427535245371524,2.689070771555659,0.4580769538879394,,,,JJA
6,16,DummyRegressor,-0.0628617853191242,-0.0052732665328218,2.7557030122501383,0.0303833484649658,,,,JJA
6,16,QuantileRegressor,-0.0923169664110774,-0.0331324919952682,2.7936265816466617,38.10372257232666,,,,JJA
6,16,AdaBoostRegressor,-0.7156702432909556,-0.6227109240251909,3.5011516646416285,13.755354166030884,,,,JJA
6,16,Lars,-13419787986853.855,-12692670196691.568,9791897.124418162,0.0530745983123779,,,,JJA
6,16,CatBoostRegressor,0.3423421430396087,0.3791658147947584,2.410492677289262,5.084230899810791,0.3717,0.0726,0.3003,MAM
6,16,LGBMRegressor,0.3330278710587545,0.3703730688481956,2.42750231723567,0.5518128871917725,0.3631,0.0694,0.2967,MAM
6,16,HistGradientBoostingRegressor,0.3188725414487935,0.3570103264560811,2.4531268406254734,2.0945634841918945,0.3494,0.0765,0.2771,MAM
6,16,LinearSVR,0.3094643085453307,0.3481288806601795,2.47001093186888,2.1140193939208984,0.3434,0.0069,0.3356,MAM
6,16,HuberRegressor,0.3080597892365264,0.3468030033951885,2.472521602817819,0.5507979393005371,0.3419,0.0066,0.3347,MAM
6,16,GradientBoostingRegressor,0.3022821351240203,0.3413488525090212,2.4828228382134787,60.73066544532776,,,,MAM
6,16,PoissonRegressor,0.2908581627956419,0.330564532855218,2.503066363259054,0.082444429397583,,,,MAM
6,16,ElasticNetCV,0.2892147174567098,0.329013107540175,2.505965129012941,1.0427000522613523,,,,MAM
6,16,LassoCV,0.2891080158906634,0.3289123804233079,2.506153217016467,0.7237412929534912,,,,MAM
6,16,TweedieRegressor,0.287453466336989,0.3273504726422853,2.509067966993645,0.0459175109863281,,,,MAM
6,16,BayesianRidge,0.2869621895396691,0.326886703484894,2.509932776815153,0.1015982627868652,,,,MAM
6,16,RidgeCV,0.286526421790085,0.3264753353047855,2.510699623035516,0.072908878326416,,,,MAM
6,16,ExtraTreesRegressor,0.2863767437903969,0.3263340380968286,2.5109629662072632,42.27561831474304,,,,MAM
6,16,Ridge,0.2863497060876621,0.3263085142929698,2.511010533342037,0.0404694080352783,,,,MAM
6,16,LinearRegression,0.2863289388591786,0.3262889098660813,2.5110470682881814,0.0788769721984863,,,,MAM
6,16,TransformedTargetRegressor,0.2863289388591786,0.3262889098660813,2.5110470682881814,0.076528787612915,,,,MAM
6,16,SGDRegressor,0.2814604235998192,0.321692993201794,2.51959743079029,0.1524558067321777,,,,MAM
6,16,GammaRegressor,0.2768894309522655,0.3173779402211465,2.527598940574264,0.0490050315856933,,,,MAM
6,16,XGBRegressor,0.2721368203260901,0.312891438441427,2.5358916004235468,2.08770751953125,,,,MAM
6,16,RandomForestRegressor,0.2715624156667926,0.3123491959290646,2.536892022429055,156.18605184555054,,,,MAM
6,16,MLPRegressor,0.2603442563331388,0.3017591653596724,2.556351839510418,20.71063446998596,,,,MAM
6,16,OrthogonalMatchingPursuitCV,0.2360344994198923,0.2788105637942205,2.5980211575666448,0.0924315452575683,,,,MAM
6,16,OrthogonalMatchingPursuit,0.2360344994198923,0.2788105637942205,2.5980211575666448,0.0409941673278808,,,,MAM
6,16,KNeighborsRegressor,0.2246586645773656,0.268071686305352,2.6172926103971728,0.2385628223419189,,,,MAM
6,16,ElasticNet,0.2068818895500517,0.2512902709799605,2.647126791061607,0.046238899230957,,,,MAM
6,16,BaggingRegressor,0.2049940317331009,0.2495081183649411,2.650275394433482,15.79417872428894,,,,MAM
6,16,LassoLarsIC,0.1854596658551929,0.2310675234644797,2.682638216786942,0.094970703125,,,,MAM
6,16,Lasso,0.0823272822115966,0.1337097428343265,2.847408126861999,0.0868422985076904,,,,MAM
6,16,LassoLars,0.082299733799553,0.1336837369168668,2.8474508659464903,0.0476565361022949,,,,MAM
6,16,RANSACRegressor,0.077751011533554,0.1293897073514198,2.8544990565789674,0.2867965698242187,,,,MAM
6,16,LassoLarsCV,0.0714159298743035,0.1234093404805557,2.864286292148568,0.1336894035339355,,,,MAM
6,16,QuantileRegressor,-0.0602478933246546,-0.000882343305494,3.0606207558577787,37.92734670639038,,,,MAM
6,16,LarsCV,-0.1088314362255671,-0.0467455895999704,3.1299584693640714,0.228304386138916,,,,MAM
6,16,DummyRegressor,-0.1152939233579071,-0.052846228238653,3.1390662241834844,0.0309405326843261,,,,MAM
6,16,PassiveAggressiveRegressor,-0.2304607558690723,-0.1615646231730634,3.297157502247963,0.132206916809082,,,,MAM
6,16,DecisionTreeRegressor,-0.362602559973872,-0.2863075246904627,3.469687889853082,2.646348237991333,,,,MAM
6,16,ExtraTreeRegressor,-0.4665871336936968,-0.3844697794495506,3.599645604625667,0.4636573791503906,,,,MAM
6,16,AdaBoostRegressor,-0.851308274650757,-0.7476495598618638,4.044316927523862,14.225674629211426,,,,MAM
6,16,Lars,-3.913353578033808e+17,-3.694236530933683e+17,1859432230.2471197,0.0501461029052734,,,,MAM
6,16,HistGradientBoostingRegressor,0.3731707285040883,0.4036045176653037,2.6876241500262994,2.058985948562622,0.4102,0.1114,0.3105,SON
6,16,LGBMRegressor,0.372893474443897,0.403340724832907,2.6882184684174937,0.5264477729797363,0.4094,0.1133,0.3121,SON
6,16,CatBoostRegressor,0.3627909982790263,0.3937287436777448,2.7097851073486487,5.114003419876099,0.3969,0.0962,0.3214,SON
6,16,ExtraTreesRegressor,0.3545328655224828,0.3858715594451561,2.727287785452949,43.0027072429657,0.3905,0.1143,0.3006,SON
6,16,GradientBoostingRegressor,0.353626586404944,0.3850092819542781,2.7292017612710517,60.83395767211914,0.3907,0.1112,0.2954,SON
6,16,XGBRegressor,0.3394069539235962,0.3714800404877827,2.759058438935086,2.032879114151001,,,,SON
6,16,RandomForestRegressor,0.3378488021376569,0.3699975400236479,2.762310440901764,154.91116189956665,,,,SON
6,16,LinearSVR,0.3237926144390887,0.3566238077755214,2.791475723872971,1.7094037532806396,,,,SON
6,16,HuberRegressor,0.322221794662764,0.3551292543767524,2.794716121568769,0.5246424674987793,,,,SON
6,16,TweedieRegressor,0.3166598991654065,0.3498373998021797,2.8061595114869333,0.0456697940826416,,,,SON
6,16,PoissonRegressor,0.312019973104979,0.3454227512421307,2.8156704014866185,0.0821871757507324,,,,SON
6,16,GammaRegressor,0.3089396384274708,0.3424919728479428,2.8219667474875734,0.0516176223754882,,,,SON
6,16,BaggingRegressor,0.3066852641903019,0.3403470528965649,2.8265659037975106,15.383265733718872,,,,SON
6,16,KNeighborsRegressor,0.3065435013359634,0.3402121729065341,2.8268548646034013,0.2620713710784912,,,,SON
6,16,LassoLarsIC,0.304173821554172,0.337957545720622,2.8316807100989645,0.1066768169403076,,,,SON
6,16,LassoLarsCV,0.3034889973759002,0.3373059710978539,2.8330738213203186,0.1342568397521972,,,,SON
6,16,MLPRegressor,0.3006110536027244,0.3345677571330862,2.8389208374577533,20.71881127357483,,,,SON
6,16,ElasticNetCV,0.2999666943927217,0.3339546828251023,2.840228309968942,1.0770094394683838,,,,SON
6,16,LassoCV,0.2979261931777914,0.3320132519417317,2.8443647361577367,0.8099055290222168,,,,SON
6,16,BayesianRidge,0.2949242544654403,0.3291570632350058,2.8504392404416263,0.0995070934295654,,,,SON
6,16,RidgeCV,0.293821378695859,0.3281077342446972,2.85266769037718,0.0707218647003173,,,,SON
6,16,Ridge,0.2938213786952396,0.3281077342441079,2.8526676903784307,0.0395808219909668,,,,SON
6,16,TransformedTargetRegressor,0.2937610589058366,0.3280503430986536,2.852789521197719,0.0784227848052978,,,,SON
6,16,LinearRegression,0.2937610589058366,0.3280503430986536,2.852789521197719,0.0769956111907959,,,,SON
6,16,LarsCV,0.2859075038179998,0.3205780934963422,2.868607537067437,0.2077038288116455,,,,SON
6,16,SGDRegressor,0.2704757195274933,0.3058955525657666,2.8994376623772364,0.1960580348968505,,,,SON
6,16,OrthogonalMatchingPursuit,0.2642628172602498,0.2999842988753824,2.9117578362418923,0.0486555099487304,,,,SON
6,16,OrthogonalMatchingPursuitCV,0.2642628172602498,0.2999842988753824,2.9117578362418923,0.0919175148010253,,,,SON
6,16,ElasticNet,0.2465284189826342,0.2831109403778555,2.9466417550995594,0.0461502075195312,,,,SON
6,16,RANSACRegressor,0.2037650888339801,0.2424238536861633,3.029106257590891,0.2959811687469482,,,,SON
6,16,Lasso,0.1393872831755018,0.1811717166158736,3.149182141782259,0.0417156219482421,,,,SON
6,16,LassoLars,0.1393844723316789,0.1811690422440249,3.149187284543788,0.0391111373901367,,,,SON
6,16,DummyRegressor,-0.0528574959903707,-0.0017392018920308,3.483202289748567,0.0306713581085205,,,,SON
6,16,QuantileRegressor,-0.0854765878083345,-0.0327745728977084,3.5367481157190928,38.67517399787903,,,,SON
6,16,DecisionTreeRegressor,-0.2002871441201736,-0.1420108517736236,3.719088197566253,2.613600254058838,,,,SON
6,16,ExtraTreeRegressor,-0.3395027721778747,-0.2744672883498178,3.928852358012939,0.4575910568237304,,,,SON
6,16,AdaBoostRegressor,-0.3887361693017199,-0.3213103075894559,4.000403271862048,14.987162351608276,,,,SON
6,16,PassiveAggressiveRegressor,-0.6093729000915746,-0.531234692846924,4.306478094529372,0.1228351593017578,,,,SON
6,16,Lars,-1841444278064.3665,-1752038550764.7705,4606522.441777462,0.0567493438720703,,,,SON
7,9,TweedieRegressor,0.3141703148162386,0.326545209420694,2.337641939084051,0.157771348953247,0.2729,0.1716,-0.0023,
7,9,GammaRegressor,0.3095322901643029,0.3219908718232567,2.3455329451662887,0.1677963733673095,0.2666,0.1718,-0.0132,
7,9,GradientBoostingRegressor,0.3055981497318026,0.3181277177803266,2.35220563156792,144.05698251724243,0.2626,0.1909,-0.0727,
7,9,HistGradientBoostingRegressor,0.3045006089781794,0.3170499807060185,2.354063793552156,2.936802625656128,0.2576,0.1977,-0.1248,
7,9,LinearSVR,0.3010163201191667,0.3136285612566176,2.359953080576984,5.609472990036011,0.266,0.1978,-0.0902,
7,9,HuberRegressor,0.2995043711015183,0.3121438933703417,2.3625040709667093,1.7878549098968506,,,,
7,9,CatBoostRegressor,0.2986924047639505,0.3113465778973645,2.363872900505445,7.244186162948608,,,,
7,9,LGBMRegressor,0.2971990687286843,0.3098801871466853,2.366388329838608,0.9759869575500488,,,,
7,9,ExtraTreesRegressor,0.2909635962245389,0.3037572255424248,2.3768628213506533,109.3680989742279,,,,
7,9,MLPRegressor,0.2730378349854425,0.2861549110873196,2.406721041570983,45.18885016441345,,,,
7,9,RandomForestRegressor,0.2726550785550594,0.2857790609932872,2.407354545469972,414.264986038208,,,,
7,9,PoissonRegressor,0.2647961704626917,0.2780619565607058,2.420325246663414,0.175410509109497,,,,
7,9,XGBRegressor,0.2605641695924702,0.2739063165798805,2.427281222959258,3.336256265640259,,,,
7,9,BayesianRidge,0.2579517261510899,0.2713410112442802,2.431565262006203,0.3707876205444336,,,,
7,9,RidgeCV,0.2579129850859,0.2713029692106559,2.431628735099637,0.3744399547576904,,,,
7,9,Ridge,0.2579028055824183,0.2712929733829254,2.4316454128529146,0.1474928855895996,,,,
7,9,LinearRegression,0.2579017782270334,0.2712919645648173,2.431647096030781,0.1723196506500244,,,,
7,9,TransformedTargetRegressor,0.2579017782270334,0.2712919645648173,2.431647096030781,0.2505364418029785,,,,
7,9,ElasticNetCV,0.2567256238804969,0.2701370323764803,2.433573296573554,2.4601199626922607,,,,
7,9,LassoCV,0.256121923147497,0.2695442246291661,2.434561391840768,2.346491813659668,,,,
7,9,SGDRegressor,0.2525480324302983,0.2660348200692578,2.440402692351902,0.4061422348022461,,,,
7,9,KNeighborsRegressor,0.2366038385052399,0.2503783181523439,2.4662939449272487,1.5018160343170166,,,,
7,9,OrthogonalMatchingPursuitCV,0.2188442218510879,0.2329391504216761,2.4948168895711498,0.2387495040893554,,,,
7,9,OrthogonalMatchingPursuit,0.2188442218510879,0.2329391504216761,2.4948168895711498,0.0838613510131836,,,,
7,9,LassoLarsCV,0.2184082449891172,0.2325110401887438,2.4955129931831057,0.4316506385803222,,,,
7,9,LassoLarsIC,0.2184072198714283,0.2325100335679553,2.4955146297111632,0.2702012062072754,,,,
7,9,BaggingRegressor,0.1977537039190213,0.2122291831455537,2.528271511417046,40.47242522239685,,,,
7,9,ElasticNet,0.1959087773749563,0.2104175458743636,2.5311769761100336,0.1790580749511718,,,,
7,9,RANSACRegressor,0.1324415957904861,0.1480955461038581,2.629173288493059,0.4787683486938476,,,,
7,9,Lasso,0.1104829156641273,0.1265330814783549,2.662238732148691,0.0774297714233398,,,,
7,9,LassoLars,0.1104828052422532,0.1265329730488983,2.662238897389689,0.0827481746673584,,,,
7,9,DummyRegressor,-0.0193136954903343,-0.0009215205479635,2.8498616714832186,0.1326088905334472,,,,
7,9,QuantileRegressor,-0.0337273451437192,-0.0150750948514772,2.8699402366644007,174.26875376701355,,,,
7,9,PassiveAggressiveRegressor,-0.4274496639395744,-0.4016932122635517,3.3724867500231523,0.2783005237579345,,,,
7,9,ExtraTreeRegressor,-0.4600822063592058,-0.4337369433764662,3.4108176754540653,1.4570269584655762,,,,
7,9,DecisionTreeRegressor,-0.4828295522322519,-0.4560738433125815,3.437284400603609,6.925546169281006,,,,
7,9,AdaBoostRegressor,-0.6910940855946115,-0.6605805170986023,3.670740944200331,39.24167108535767,,,,
7,9,LarsCV,-59729045299234.24,-58651313237804.54,21815372.714066982,0.7023317813873291,,,,
7,9,Lars,-60124806606618.84,-59039933552938.13,21887527.1072766,0.1231818199157714,,,,
7,9,TweedieRegressor,-0.0050824220832625,0.0733966163533756,2.8845987414496186,0.033052921295166,0.0684,0.0565,0.0032,DJF
7,9,GammaRegressor,-0.0052190338769342,0.0732706715079769,2.8847947735409885,0.0359663963317871,0.0679,0.0626,-0.004,DJF
7,9,LinearSVR,-0.0311019796181559,0.0494087228999738,2.9216983897143103,0.9870080947875975,0.0433,0.1108,-0.0786,DJF
7,9,HuberRegressor,-0.0323929807805996,0.0482185259378854,2.923526887847656,0.3552427291870117,0.0423,0.1064,-0.0759,DJF
7,9,GradientBoostingRegressor,-0.0365402654932081,0.0443950703055766,2.9293931356266967,39.385454416275024,0.0375,0.0836,-0.0511,DJF
7,9,LGBMRegressor,-0.075519979470437,0.0084589778306791,2.983965599671904,0.4361104965209961,,,,DJF
7,9,HistGradientBoostingRegressor,-0.0803387100316355,0.0040165043133002,2.9906427682713623,4.474277257919312,,,,DJF
7,9,ExtraTreesRegressor,-0.0809080778454967,0.0034915939862749,2.9914307394076585,24.44541358947754,,,,DJF
7,9,CatBoostRegressor,-0.0811152025041748,0.0033006420749183,2.991717336114796,4.343034029006958,,,,DJF
7,9,QuantileRegressor,-0.0887967859088547,-0.0037811464611772,3.002326958920806,14.247332334518433,,,,DJF
7,9,ElasticNet,-0.0940850773687085,-0.0086565165330696,3.009609285619958,0.0354456901550293,,,,DJF
7,9,DummyRegressor,-0.0972170206384448,-0.0115439108077717,3.013913882073544,0.0244016647338867,,,,DJF
7,9,RandomForestRegressor,-0.0978648468798086,-0.0121411533563169,3.0148034984162613,88.47648930549622,,,,DJF
7,9,LinearRegression,-0.0985413456870958,-0.0127648296539939,3.015732208762228,0.06441330909729,,,,DJF
7,9,TransformedTargetRegressor,-0.0985413456870958,-0.0127648296539939,3.015732208762228,0.050704002380371,,,,DJF
7,9,Ridge,-0.0986328455744036,-0.0128491850295531,3.015857799579853,0.0398015975952148,,,,DJF
7,9,RidgeCV,-0.0994211680806371,-0.0135759535866697,3.016939617884389,0.0539946556091308,,,,DJF
7,9,LassoCV,-0.1015628504460697,-0.0155504086989108,3.0198767010265537,0.6849563121795654,,,,DJF
7,9,BayesianRidge,-0.1015638133274048,-0.0155512963963608,3.01987802087057,0.069265604019165,,,,DJF
7,9,ElasticNetCV,-0.1034151357843877,-0.0172580635382095,3.0224146060855617,0.6549644470214844,,,,DJF
7,9,Lasso,-0.1038831991128941,-0.017689579456134,3.0230555848982235,0.0309727191925048,,,,DJF
7,9,LassoLars,-0.1038831991128941,-0.017689579456134,3.023055584898224,0.0318052768707275,,,,DJF
7,9,SGDRegressor,-0.1150830718180824,-0.028014941552835,3.038352670332437,0.0918304920196533,,,,DJF
7,9,PoissonRegressor,-0.1167844999618816,-0.0295835184580088,3.0406697928936537,0.0977785587310791,,,,DJF
7,9,LassoLarsIC,-0.1172877148223552,-0.0300474411992399,3.041354767434559,0.0880146026611328,,,,DJF
7,9,KNeighborsRegressor,-0.1353509902623948,-0.0467002965021805,3.065841103016699,0.1334500312805175,,,,DJF
7,9,BaggingRegressor,-0.1424300093109789,-0.0532265702277929,3.075384152930898,9.631880283355711,,,,DJF
7,9,LarsCV,-0.1440593005763653,-0.0547286428601285,3.0775763709454407,0.1692831516265869,,,,DJF
7,9,OrthogonalMatchingPursuit,-0.1606659997042328,-0.0700386545218476,3.099832320298473,0.0359649658203125,,,,DJF
7,9,OrthogonalMatchingPursuitCV,-0.1606659997042328,-0.0700386545218476,3.099832320298473,0.1341733932495117,,,,DJF
7,9,XGBRegressor,-0.1854475500233514,-0.0928852070763226,3.1327500282976226,1.6270668506622314,,,,DJF
7,9,MLPRegressor,-0.2366650181313307,-0.1401035030169666,3.199709928115821,14.176144123077393,,,,DJF
7,9,RANSACRegressor,-0.3808028591340797,-0.2729867454756653,3.3810407854056943,0.274639368057251,,,,DJF
7,9,AdaBoostRegressor,-0.6656584704449975,-0.5356002063143608,3.713449734971237,12.135231971740724,,,,DJF
7,9,DecisionTreeRegressor,-0.9027113013739364,-0.7541434326365195,3.96890788784036,1.369189739227295,,,,DJF
7,9,ExtraTreeRegressor,-1.127291408498226,-0.9611878327661728,4.196604711915471,0.2576935291290283,,,,DJF
7,9,PassiveAggressiveRegressor,-1.8622171174044868,-1.6387289315249585,4.867835103420106,0.0632548332214355,,,,DJF
7,9,LassoLarsCV,-131621.77009533037,-121344.37571802376,1043.878815664133,0.1013224124908447,,,,DJF
7,9,Lars,-1440899563.3994462,-1328390967.275106,109219.81231338816,0.0405929088592529,,,,DJF
7,9,HuberRegressor,0.5509932071388952,0.581940470975755,1.411175298137217,0.2831344604492187,0.5402,0.0716,0.4969,JJA
7,9,LinearSVR,0.5502192879124237,0.581219893219548,1.41239094287758,1.247399091720581,0.5393,0.0745,0.495,JJA
7,9,GammaRegressor,0.5434962084545366,0.5749601940870535,1.4229076182114244,0.045264720916748,0.5327,0.0448,0.4854,JJA
7,9,TweedieRegressor,0.5404174641846341,0.5720936486362374,1.4276977288141517,0.0395283699035644,0.5297,0.049,0.4918,JJA
7,9,PoissonRegressor,0.5324523394062726,0.56467751069266,1.4400164532328197,0.0516331195831298,0.5209,0.0704,0.4595,JJA
7,9,LassoLarsCV,0.531587343405797,0.5638721335217216,1.441347903472152,0.0748927593231201,,,,JJA
7,9,LassoLarsIC,0.52844838683038,0.5609495258275605,1.4461692656056793,0.0655620098114013,,,,JJA
7,9,SGDRegressor,0.526059826365874,0.5587255940770532,1.4498272952277385,0.0960304737091064,,,,JJA
7,9,ElasticNetCV,0.5251043753447685,0.5578359963911388,1.4512879664243528,0.5257968902587891,,,,JJA
7,9,BayesianRidge,0.5240127538929011,0.5568196136608632,1.4529550145337968,0.0636048316955566,,,,JJA
7,9,LassoCV,0.5239711503116646,0.5567808775574145,1.4530185107846605,0.3767628669738769,,,,JJA
7,9,RidgeCV,0.5235006168661698,0.5563427750749103,1.4537364556527892,0.0447299480438232,,,,JJA
7,9,Ridge,0.5232944671548498,0.5561508339894007,1.4540508893693578,0.0300068855285644,,,,JJA
7,9,LinearRegression,0.5232704118597677,0.5561284366771719,1.454087575729755,0.0471930503845214,,,,JJA
7,9,TransformedTargetRegressor,0.5232704118597677,0.5561284366771719,1.454087575729755,0.0478343963623046,,,,JJA
7,9,GradientBoostingRegressor,0.5035293232518602,0.5377479793276086,1.4838886446389874,30.112445831298828,,,,JJA
7,9,LGBMRegressor,0.5021739554469431,0.5364860286507209,1.485912776377865,0.4732544422149658,,,,JJA
7,9,ExtraTreesRegressor,0.4994655829270304,0.5339643275136802,1.4899492732829938,22.71429705619812,,,,JJA
7,9,HistGradientBoostingRegressor,0.4974160314082054,0.5320560389169507,1.4929966243050157,1.3436670303344729,,,,JJA
7,9,LarsCV,0.4944716887814123,0.5293146316344468,1.497363530564462,0.1216750144958496,,,,JJA
7,9,CatBoostRegressor,0.4929746267936826,0.5279207528792451,1.4995790235788704,4.173443555831909,,,,JJA
7,9,RandomForestRegressor,0.4869825203017101,0.5223416452627773,1.508414128270864,77.5184817314148,,,,JJA
7,9,OrthogonalMatchingPursuit,0.4585938753011157,0.4959096541497692,1.5495874568381105,0.0288460254669189,,,,JJA
7,9,OrthogonalMatchingPursuitCV,0.455445831284764,0.4929785853558263,1.5540860196778792,0.0538578033447265,,,,JJA
7,9,BaggingRegressor,0.4366215551980834,0.4754517503053498,1.5807188177143745,7.741901159286499,,,,JJA
7,9,ElasticNet,0.4340886914081365,0.4730934611659796,1.5842681685301472,0.0325028896331787,,,,JJA
7,9,MLPRegressor,0.4099749487426374,0.4506417297845596,1.617669270851416,8.346450328826904,,,,JJA
7,9,XGBRegressor,0.4098461720512937,0.4505218288748442,1.617845794484184,1.5362858772277832,,,,JJA
7,9,KNeighborsRegressor,0.3980838519733973,0.4395702128410108,1.6338888437170958,0.1213154792785644,,,,JJA
7,9,AdaBoostRegressor,0.3259503769475131,0.372408452538797,1.7290217050839811,7.442953109741211,,,,JJA
7,9,Lasso,0.3113835435282021,0.3588456209391967,1.7476047187957953,0.0301928520202636,,,,JJA
7,9,LassoLars,0.3113835435282019,0.3588456209391966,1.7476047187957957,0.0317928791046142,,,,JJA
7,9,RANSACRegressor,0.3007291708715086,0.3489255883567855,1.7610724207251414,0.2416329383850097,,,,JJA
7,9,PassiveAggressiveRegressor,-0.0671920163391059,0.0063629352102642,2.175583687944779,0.0561506748199462,,,,JJA
7,9,DecisionTreeRegressor,-0.1044028955514633,-0.0282832280225231,2.2131878553552085,1.323295831680298,,,,JJA
7,9,DummyRegressor,-0.1274931656507616,-0.0497820284777343,2.2362042530553503,0.0232467651367187,,,,JJA
7,9,ExtraTreeRegressor,-0.1481083539634331,-0.0689763392404394,2.256555131788704,0.2519545555114746,,,,JJA
7,9,QuantileRegressor,-0.2209535077315698,-0.1368007266666369,2.3270412056830576,12.118890285491943,,,,JJA
7,9,Lars,-85045551464748.73,-79183887095352.44,19421390.067509063,0.040295124053955,,,,JJA
7,9,TweedieRegressor,0.2711068227310457,0.322210034421489,2.1462760150963742,0.0309836864471435,0.2712,0.0753,0.1948,MAM
7,9,GammaRegressor,0.2650026161781453,0.3165337980697145,2.1552444052119166,0.0550670623779296,0.2676,0.0856,0.1767,MAM
7,9,GradientBoostingRegressor,0.256012297753153,0.3081737971726737,2.1683855685897355,31.012274980545044,0.2592,0.0916,0.1624,MAM
7,9,HuberRegressor,0.2512851022051486,0.3037780286188097,2.175263472430359,0.2876429557800293,0.2557,0.0819,0.1614,MAM
7,9,ExtraTreesRegressor,0.2490028341409582,0.3016557719687139,2.178576320112583,22.63885807991028,0.2444,0.0918,0.1821,MAM
7,9,LinearSVR,0.2489222193781298,0.301580809163427,2.1786932451214374,1.3173105716705322,,,,MAM
7,9,RandomForestRegressor,0.2426545102365978,0.2957525335041425,2.1877649056869166,77.27103185653687,,,,MAM
7,9,HistGradientBoostingRegressor,0.2315002081820451,0.2853802673869939,2.203816888438299,1.335527420043945,,,,MAM
7,9,LGBMRegressor,0.2186023606789078,0.2733866970150729,2.2222334330772515,0.4602739810943603,,,,MAM
7,9,PoissonRegressor,0.2023236688612515,0.2582493156938574,2.245261774806018,0.0458016395568847,,,,MAM
7,9,CatBoostRegressor,0.2006150101724311,0.2566604522636628,2.2476652144342992,4.149122476577759,,,,MAM
7,9,BayesianRidge,0.1964553515201275,0.2527924301958381,2.253505572327434,0.0852036476135253,,,,MAM
7,9,BaggingRegressor,0.1959623293622946,0.2523339741671522,2.2541967957796394,7.987392663955688,,,,MAM
7,9,ElasticNetCV,0.1953336306367658,0.2517493539500552,2.255077932182696,0.6322567462921143,,,,MAM
7,9,RidgeCV,0.1947911168073173,0.2512448761455497,2.255838001741883,0.0439248085021972,,,,MAM
7,9,LassoCV,0.1946062712102775,0.2510729902029148,2.256096914554997,0.6235530376434326,,,,MAM
7,9,Ridge,0.1944461423046142,0.2509240880470951,2.256321182737172,0.0294148921966552,,,,MAM
7,9,TransformedTargetRegressor,0.1944056908990884,0.2508864727179715,2.256377833336324,0.0517976284027099,,,,MAM
7,9,LinearRegression,0.1944056908990884,0.2508864727179715,2.256377833336324,0.0513677597045898,,,,MAM
7,9,LassoLarsIC,0.1930698654912687,0.2496443029660505,2.2582478058177142,0.0622737407684326,,,,MAM
7,9,SGDRegressor,0.1878096724748744,0.2447529057699939,2.265596349914377,0.0820088386535644,,,,MAM
7,9,LassoLarsCV,0.1563757169939561,0.2155228069464093,2.309022504863758,0.0916576385498046,,,,MAM
7,9,KNeighborsRegressor,0.1439970687403324,0.2040120344006043,2.325901162176978,0.1109633445739746,,,,MAM
7,9,XGBRegressor,0.1407837845487434,0.2010240358165436,2.330262584598424,1.5636777877807615,,,,MAM
7,9,OrthogonalMatchingPursuitCV,0.1303767873243517,0.1913466804639728,2.3443324100138594,0.0769848823547363,,,,MAM
7,9,OrthogonalMatchingPursuit,0.1303767873243517,0.1913466804639728,2.3443324100138594,0.0410726070404052,,,,MAM
7,9,LarsCV,0.1197092597430701,0.1814270607204932,2.358667356524297,0.1314048767089843,,,,MAM
7,9,MLPRegressor,0.0949815104829358,0.1584329912977853,2.391565918148865,11.263004779815674,,,,MAM
7,9,ElasticNet,0.0914048817151236,0.1551071224804839,2.3962869869070027,0.0474860668182373,,,,MAM
7,9,RANSACRegressor,-0.0113277630991766,0.0595771354206917,2.5281311200110546,0.2315027713775634,,,,MAM
7,9,Lasso,-0.019567545975661,0.0519150494986473,2.5384091889237355,0.0277185440063476,,,,MAM
7,9,LassoLars,-0.019567584360981,0.0519150138045488,2.5384092367075475,0.0307612419128417,,,,MAM
7,9,QuantileRegressor,-0.0755343772399597,-0.0001279079869735,2.607148554882055,11.833923578262327,,,,MAM
7,9,DummyRegressor,-0.0991753024587587,-0.0221113513638642,2.6356461933822426,0.038466453552246,,,,MAM
7,9,AdaBoostRegressor,-0.4354184919636448,-0.3347802951101051,3.011916295400998,8.407150268554688,,,,MAM
7,9,DecisionTreeRegressor,-0.5687090732359736,-0.4587257802784701,3.148653235752899,1.3488972187042236,,,,MAM
7,9,ExtraTreeRegressor,-0.6815024204245366,-0.5636111068154364,3.259885739846573,0.2478618621826172,,,,MAM
7,9,PassiveAggressiveRegressor,-0.6911774926633814,-0.5726078529563547,3.2692506956470937,0.057765245437622,,,,MAM
7,9,Lars,-153833535110508.9,-143048158110141.06,31180217.47050021,0.0381820201873779,,,,MAM
7,9,GradientBoostingRegressor,0.212422700891202,0.2695370851777179,2.609213430933188,31.35139274597168,0.2855,0.1681,0.1181,SON
7,9,ExtraTreesRegressor,0.2056583479583128,0.263263276923168,2.6203944953591947,22.46294355392456,0.2772,0.1679,0.1044,SON
7,9,LGBMRegressor,0.1952884742703166,0.2536454169759042,2.6374432361906828,0.4693646430969238,0.2747,0.2107,0.0675,SON
7,9,HistGradientBoostingRegressor,0.1889319979107042,0.2477499064591646,2.6478394269176757,1.674682855606079,0.2663,0.1992,0.0663,SON
7,9,RandomForestRegressor,0.1808715559088864,0.2402740003277076,2.6609640918937925,76.60409116744995,0.2554,0.176,0.0755,SON
7,9,CatBoostRegressor,0.1783521012227502,0.2379372541875126,2.6650532132496623,3.878932476043701,,,,SON
7,9,TweedieRegressor,0.1614203022342796,0.222233333751641,2.692372725976942,0.0391321182250976,,,,SON
7,9,GammaRegressor,0.1601997446129204,0.2211012898509147,2.694331395593591,0.0355253219604492,,,,SON
7,9,HuberRegressor,0.1542931792000152,0.2156230631511592,2.7037898115073955,0.2864739894866943,,,,SON
7,9,LinearSVR,0.1538989472908996,0.2152574205789641,2.704419932963498,0.7609529495239258,,,,SON
7,9,KNeighborsRegressor,0.1350839081978454,0.1978068308857878,2.7343241559077605,0.1072969436645507,,,,SON
7,9,BaggingRegressor,0.1154018836642394,0.1795521287420235,2.7652602810323565,7.707871675491333,,,,SON
7,9,SGDRegressor,0.103232720527628,0.1682654621687541,2.7842157596031987,0.1135351657867431,,,,SON
7,9,LassoLarsIC,0.1024114987467849,0.1675037946391936,2.785490301758978,0.0593881607055664,,,,SON
7,9,LassoLarsCV,0.1024114987467849,0.1675037946391936,2.785490301758978,0.0965781211853027,,,,SON
7,9,TransformedTargetRegressor,0.1010826700669769,0.1662713313979976,2.7875514191115736,0.0562357902526855,,,,SON
7,9,LinearRegression,0.1010826700669769,0.1662713313979976,2.7875514191115736,0.0471374988555908,,,,SON
7,9,Ridge,0.1010738815320283,0.166263180199553,2.787565045744621,0.0342617034912109,,,,SON
7,9,RidgeCV,0.1010064129217515,0.16620060435109,2.787669653680145,0.0464427471160888,,,,SON
7,9,BayesianRidge,0.1009117777941313,0.1661128320762362,2.7878163758230383,0.0631334781646728,,,,SON
7,9,LassoCV,0.1003003691203157,0.1655457621993767,2.7887641167631463,0.6119575500488281,,,,SON
7,9,ElasticNetCV,0.1001928797789597,0.1654460678865924,2.788930702062848,0.6278371810913086,,,,SON
7,9,PoissonRegressor,0.0999880333965743,0.1652560767762121,2.789248142234646,0.0521798133850097,,,,SON
7,9,XGBRegressor,0.0968291965451561,0.1623263158796676,2.7941386674310618,1.7122821807861328,,,,SON
7,9,MLPRegressor,0.0764213274072472,0.1433984067174086,2.825530231404941,10.70376181602478,,,,SON
7,9,OrthogonalMatchingPursuitCV,0.0593879064422574,0.1276002338376662,2.851466604724925,0.05259370803833,,,,SON
7,9,OrthogonalMatchingPursuit,0.0593879064422574,0.1276002338376662,2.851466604724925,0.025740623474121,,,,SON
7,9,ElasticNet,0.0558670257675429,0.1243346842042478,2.856798396755541,0.0277478694915771,,,,SON
7,9,Lasso,-0.0049392644406303,0.0679380104615527,2.947358187169976,0.0268580913543701,,,,SON
7,9,LassoLars,-0.0049392672133987,0.067938007889863,2.947358191236063,0.0285332202911376,,,,SON
7,9,LarsCV,-0.0781564679111856,3.0451517488150337e-05,3.0528390399265666,0.14849853515625,,,,SON
7,9,DummyRegressor,-0.078748217931821,-0.0005183853337118,3.053676705798002,0.021944522857666,,,,SON
7,9,QuantileRegressor,-0.0924482089730347,-0.0132248655742268,3.073006218230093,12.00731325149536,,,,SON
7,9,RANSACRegressor,-0.3240153825552025,-0.2279989998508176,3.383058642287545,0.2352502346038818,,,,SON
7,9,DecisionTreeRegressor,-0.3957494963192021,-0.2945310213952905,3.4734955790218187,1.3080918788909912,,,,SON
7,9,AdaBoostRegressor,-0.5138404441361872,-0.404058121851502,3.6174543761298623,8.514596939086914,,,,SON
7,9,PassiveAggressiveRegressor,-0.693018418248329,-0.5702422734135266,3.8255497302636976,0.0520663261413574,,,,SON
7,9,ExtraTreeRegressor,-0.7228020544127878,-0.597866027566059,3.859052625509906,0.2530293464660644,,,,SON
7,9,Lars,-807010462003964.6,-748486802545661.8,83522328.41968386,0.0363612174987793,,,,SON
8,15,HistGradientBoostingRegressor,0.4357254700756744,0.4418612289855727,2.16625613234948,3.3582935333251958,0.3787,0.1605,0.0801,
8,15,LGBMRegressor,0.4341788717194893,0.4403314478949928,2.1692228049885256,1.0341119766235352,0.3772,0.1628,0.0765,
8,15,CatBoostRegressor,0.4314163722315088,0.4375989870317386,2.1745117383157977,6.220151424407959,0.3748,0.1688,0.0632,
8,15,GradientBoostingRegressor,0.4241439977861915,0.4304056902940486,2.188373919264063,139.4235599040985,0.3638,0.154,0.0959,
8,15,ExtraTreesRegressor,0.4231838232967775,0.4294559564658129,2.190197591888114,135.00829648971558,0.3652,0.1736,0.057,
8,15,HuberRegressor,0.4089660836459747,0.415392816425864,2.217025983524466,4.111330270767212,,,,
8,15,LinearSVR,0.4087328995080457,0.4151621678651692,2.217463288641102,17.19716191291809,,,,
8,15,XGBRegressor,0.4077085807227216,0.4141489872276443,2.219383238529718,3.903375148773194,,,,
8,15,RandomForestRegressor,0.405834838977734,0.4122956200113603,2.2228910280536835,410.2570147514343,,,,
8,15,TweedieRegressor,0.4025871327601417,0.4090832284168895,2.228957909106158,0.2927985191345215,,,,
8,15,GammaRegressor,0.3986234624468426,0.4051626579143227,2.236339946707166,0.3452920913696289,,,,
8,15,PoissonRegressor,0.3934907376741198,0.4000857449142143,2.245863205865833,0.4384036064147949,,,,
8,15,MLPRegressor,0.3881463042220282,0.3947994252940131,2.255736542813255,84.16852903366089,,,,
8,15,BayesianRidge,0.3866747133154747,0.3933438360436354,2.258447589448321,0.9430949687957764,,,,
8,15,RidgeCV,0.3866462175269239,0.3933156501100917,2.258500053857388,0.5746254920959473,,,,
8,15,Ridge,0.3866381572869942,0.3933076775148922,2.258514893573902,0.2558794021606445,,,,
8,15,LinearRegression,0.3866373176123003,0.3933068469705795,2.258516439494288,0.4462356567382812,,,,
8,15,TransformedTargetRegressor,0.3866373176123003,0.3933068469705795,2.258516439494288,0.4589402675628662,,,,
8,15,ElasticNetCV,0.3861629291161809,0.3928376168384964,2.259389664393733,6.6857428550720215,,,,
8,15,LassoCV,0.3859123568580956,0.3925897692310618,2.259850766071362,6.282055616378784,,,,
8,15,SGDRegressor,0.3852049582483123,0.3918900626702594,2.261152009624798,0.8652679920196533,,,,
8,15,LassoLarsIC,0.3843983150773563,0.391092190705092,2.2626348980822164,0.6217918395996094,,,,
8,15,KNeighborsRegressor,0.3561139926790488,0.36311542389181,2.3140304792581547,2.75801682472229,,,,
8,15,LarsCV,0.3559766921917641,0.3629796163705259,2.314277184865424,2.184710025787353,,,,
8,15,BaggingRegressor,0.348811919683865,0.3558927515377413,2.3271147695951364,41.2914719581604,,,,
8,15,OrthogonalMatchingPursuitCV,0.339095877164873,0.3462823584700242,2.344411331661552,0.8259360790252686,,,,
8,15,OrthogonalMatchingPursuit,0.339095877164873,0.3462823584700242,2.344411331661552,0.2995622158050537,,,,
8,15,ElasticNet,0.2852418766370247,0.2930139508513875,2.4380585515777886,0.4494616985321045,,,,
8,15,Lasso,0.1720125468548881,0.1810158442278892,2.62407630237261,0.17539644241333,,,,
8,15,LassoLars,0.1720124314718379,0.1810157300994811,2.624076485209872,0.1643662452697754,,,,
8,15,RANSACRegressor,0.1338732151497097,0.143291228643885,2.6838319331921827,1.25821852684021,,,,
8,15,QuantileRegressor,-0.0163945160270826,-0.0053425344525797,2.9073394270956463,199.8103334903717,,,,
8,15,DummyRegressor,-0.0170417690276041,-0.0059827494101729,2.9082649951931527,0.3191499710083008,,,,
8,15,PassiveAggressiveRegressor,-0.0866288276693443,-0.0748131383948016,3.006112244349835,0.4469964504241943,,,,
8,15,DecisionTreeRegressor,-0.1559035625460629,-0.1433345997331812,3.1004546435575517,6.982036590576172,,,,
8,15,ExtraTreeRegressor,-0.2104163306932216,-0.1972546117215479,3.1727216238403475,1.480750322341919,,,,
8,15,AdaBoostRegressor,-0.3309252368145894,-0.3164531386653273,3.326912749915836,42.31868386268616,,,,
8,15,LassoLarsCV,-81.20345954337826,-80.30960277230375,26.146263217446982,0.7521910667419434,,,,
8,15,Lars,-649921955913320.1,-642854891531965.8,73518254.22557259,0.2352290153503418,,,,
8,15,GammaRegressor,0.1098200409150289,0.1496163214388277,2.8108402970745217,0.0609691143035888,0.1534,0.0559,0.0922,DJF
8,15,CatBoostRegressor,0.1091454073744773,0.1489718479859714,2.811905209835863,3.4730684757232666,0.155,0.0766,0.0682,DJF
8,15,TweedieRegressor,0.1079461542030835,0.1478262084857693,2.813797242574364,0.0551097393035888,0.1506,0.0523,0.0909,DJF
8,15,GradientBoostingRegressor,0.1061049920538006,0.1460673571149249,2.8166995262161985,29.77209734916687,0.1482,0.0476,0.0937,DJF
8,15,HuberRegressor,0.1034422475234499,0.143523652928284,2.8208916148340517,0.639672040939331,0.149,0.0702,0.0706,DJF
8,15,LinearSVR,0.1010897222722108,0.1412762993941591,2.8245901335058243,1.4481852054595947,,,,DJF
8,15,PoissonRegressor,0.0922612567212768,0.1328425181855022,2.838426813436302,0.0888135433197021,,,,DJF
8,15,ExtraTreesRegressor,0.0908199602124308,0.1314656561088164,2.840679329404823,26.75189566612244,,,,DJF
8,15,LGBMRegressor,0.0867842156571728,0.1276103330748522,2.8469770711437707,0.3216562271118164,,,,DJF
8,15,HistGradientBoostingRegressor,0.0818984036856755,0.1229429456385513,2.8545827431756,1.203395128250122,,,,DJF
8,15,LassoCV,0.0818042393712623,0.1228529910229001,2.854729128355668,0.959707498550415,,,,DJF
8,15,Ridge,0.0816841347686823,0.122738255802553,2.85491582868185,0.0445077419281005,,,,DJF
8,15,TransformedTargetRegressor,0.0816832336484001,0.1227373949676482,2.854917229410087,0.0788369178771972,,,,DJF
8,15,LinearRegression,0.0816832336484001,0.1227373949676482,2.854917229410087,0.0770380496978759,,,,DJF
8,15,RidgeCV,0.081681689268385,0.1227359196305043,2.8549196300388364,0.0877532958984375,,,,DJF
8,15,ElasticNetCV,0.0816398085996797,0.1226959112740471,2.8549847297861755,1.0557169914245603,,,,DJF
8,15,BayesianRidge,0.0815938761995752,0.1226520323224178,2.8550561258802416,0.1147336959838867,,,,DJF
8,15,LassoLarsIC,0.0747431802419233,0.1161076027722846,2.8656847475037983,0.1011254787445068,,,,DJF
8,15,LassoLarsCV,0.0747431802419233,0.1161076027722846,2.8656847475037983,0.1585698127746582,,,,DJF
8,15,SGDRegressor,0.0731746247438733,0.1146091709317944,2.8681127664254533,0.1687474250793457,,,,DJF
8,15,RandomForestRegressor,0.0658555103741219,0.1076172640279848,2.87941520017248,81.22288393974304,,,,DJF
8,15,OrthogonalMatchingPursuitCV,0.0461875582015498,0.088828585011363,2.9095696397037405,0.1195645332336425,,,,DJF
8,15,OrthogonalMatchingPursuit,0.0461875582015498,0.088828585011363,2.9095696397037405,0.0445523262023925,,,,DJF
8,15,KNeighborsRegressor,0.0451884964129489,0.0878741871615466,2.9110930414407514,0.1927940845489502,,,,DJF
8,15,XGBRegressor,0.0414733760420197,0.0843251545248471,2.9167509965611007,2.0084729194641118,,,,DJF
8,15,ElasticNet,0.0133791636056321,0.0574869186444393,2.9591869719853894,0.0492570400238037,,,,DJF
8,15,MLPRegressor,0.0082093022389955,0.0525481804918405,2.966929864265029,19.02518320083618,,,,DJF
8,15,LarsCV,-0.0038612420352199,0.041017260549884,2.9849297068488787,0.2398767471313476,,,,DJF
8,15,LassoLars,-0.0315421814793628,0.0145738219279499,3.025803776725439,0.0435423851013183,,,,DJF
8,15,Lasso,-0.0315421814793628,0.0145738219279499,3.025803776725439,0.0440738201141357,,,,DJF
8,15,BaggingRegressor,-0.0466561703394414,0.0001355172757336,3.0478899633746828,8.164506912231445,,,,DJF
8,15,QuantileRegressor,-0.0489782521530572,-0.0020827538215086,3.0512690715026203,13.482515573501589,,,,DJF
8,15,DummyRegressor,-0.0619841928933713,-0.014507252505197,3.070126646561244,0.0371079444885253,,,,DJF
8,15,RANSACRegressor,-0.2460504024546572,-0.1903446197566842,3.325562158237076,0.3802442550659179,,,,DJF
8,15,AdaBoostRegressor,-0.4168614792271661,-0.353519436626422,3.5461815123826907,9.736972093582152,,,,DJF
8,15,DecisionTreeRegressor,-0.7235846077427601,-0.6465302370436719,3.9112319171480823,1.3736121654510498,,,,DJF
8,15,ExtraTreeRegressor,-0.7738283902959475,-0.6945278269650697,3.9678300806094686,0.2983925342559814,,,,DJF
8,15,PassiveAggressiveRegressor,-0.8059012496508322,-0.7251668408429124,4.003540848657296,0.1418642997741699,,,,DJF
8,15,Lars,-3187740475330.0034,-3045229724668.1465,5319107.201087487,0.0553061962127685,,,,DJF
8,15,ExtraTreesRegressor,0.5944573327124808,0.6118116360423521,1.4809223548198776,27.05525255203247,0.5562,0.0653,0.5178,JJA
8,15,HistGradientBoostingRegressor,0.5941874095681943,0.611553263663249,1.4814151127444732,1.3200929164886477,0.5548,0.0566,0.5115,JJA
8,15,CatBoostRegressor,0.5913092803072353,0.608798297591385,1.486659123338215,3.347497701644897,0.5523,0.05,0.5178,JJA
8,15,LGBMRegressor,0.58976065125057,0.6073159386970546,1.4894731175745874,0.3427071571350097,0.5487,0.059,0.4945,JJA
8,15,GradientBoostingRegressor,0.5777441593954449,0.5958136660879821,1.5111300607058138,28.61737561225891,0.5381,0.0486,0.5098,JJA
8,15,RandomForestRegressor,0.5724883326959886,0.5907827508914305,1.520505509526725,80.75336861610413,,,,JJA
8,15,LinearSVR,0.5665870961011126,0.5851340446913802,1.5309638322843862,3.1671392917633057,,,,JJA
8,15,HuberRegressor,0.5663647986280093,0.5849212599479818,1.531356397619567,1.147791862487793,,,,JJA
8,15,TweedieRegressor,0.5498002785706628,0.5690655819651615,1.560330591603129,0.0585780143737793,,,,JJA
8,15,ElasticNetCV,0.5491680388375131,0.5684603975359078,1.561425835383915,0.976876735687256,,,,JJA
8,15,BayesianRidge,0.5489631663705943,0.5682642921340149,1.561780576014786,0.1109144687652587,,,,JJA
8,15,LassoCV,0.5488897498029195,0.568194017266308,1.5619076786096022,0.7158644199371338,,,,JJA
8,15,RidgeCV,0.5488184063817472,0.5681257268293751,1.5620311821565622,0.082148790359497,,,,JJA
8,15,Ridge,0.548768192084506,0.568077661342151,1.5621181029406963,0.0482041835784912,,,,JJA
8,15,LinearRegression,0.5487626539836075,0.5680723602320568,1.5621276890790994,0.0880112648010253,,,,JJA
8,15,TransformedTargetRegressor,0.5487626539836075,0.5680723602320568,1.5621276890790994,0.0797395706176757,,,,JJA
8,15,LassoLarsIC,0.548453328709441,0.5677762718502531,1.5626630202063134,0.1105425357818603,,,,JJA
8,15,SGDRegressor,0.5477689308258218,0.5671211612634555,1.5638468162471664,0.1384541988372802,,,,JJA
8,15,LassoLarsCV,0.5449907992116763,0.5644619136598252,1.5686429488353082,0.1577816009521484,,,,JJA
8,15,GammaRegressor,0.5371622384382306,0.5569683588654235,1.5820798695246892,0.0678062438964843,,,,JJA
8,15,PoissonRegressor,0.534532586685426,0.5544512372551937,1.586567863886652,0.0861656665802002,,,,JJA
8,15,BaggingRegressor,0.5303607620442228,0.5504579366414295,1.593661935477894,8.139041662216187,,,,JJA
8,15,LarsCV,0.5277817204833672,0.5479892594716916,1.5980317716779706,0.3107278347015381,,,,JJA
8,15,XGBRegressor,0.5045329984642517,0.5257354151966372,1.636897102876275,1.9369518756866453,,,,JJA
8,15,KNeighborsRegressor,0.4922856406284002,0.5140121560069146,1.6570046819876618,0.2187962532043457,,,,JJA
8,15,OrthogonalMatchingPursuit,0.485113638690638,0.5071470640619846,1.668667111606518,0.0452523231506347,,,,JJA
8,15,OrthogonalMatchingPursuitCV,0.4694592166611661,0.4921625384707108,1.6938439585472855,0.1204512119293212,,,,JJA
8,15,MLPRegressor,0.4668831498388393,0.4896967087421322,1.6979512500490064,19.558606147766117,,,,JJA
8,15,ElasticNet,0.4534922248328639,0.4768788188152413,1.7191437188988354,0.0575969219207763,,,,JJA
8,15,AdaBoostRegressor,0.3891112114155809,0.4152528487649142,1.817586505653768,8.02894377708435,,,,JJA
8,15,LassoLars,0.3292399371805378,0.3579436335624517,1.904572944667952,0.0517354011535644,,,,JJA
8,15,Lasso,0.3292399371805378,0.3579436335624517,1.904572944667952,0.0530755519866943,,,,JJA
8,15,PassiveAggressiveRegressor,0.2577479291662479,0.289510968233458,2.003501727719104,0.1015372276306152,,,,JJA
8,15,RANSACRegressor,0.184457357732391,0.2193567050366355,2.1000873032915,0.3899211883544922,,,,JJA
8,15,ExtraTreeRegressor,0.1162744910949677,0.1540915736832462,2.186113508733768,0.3073468208312988,,,,JJA
8,15,DecisionTreeRegressor,0.0996571172325525,0.1381853036572856,2.2065713764367167,1.3905959129333496,,,,JJA
8,15,DummyRegressor,-0.0456163288889435,-0.0008714859860383,2.3779361583611527,0.0368001461029052,,,,JJA
8,15,QuantileRegressor,-0.0562734718298629,-0.0110725800173239,2.390023651193292,14.00745725631714,,,,JJA
8,15,Lars,-2030763848723.7,-1943861792134.1296,3313933.002730013,0.064756155014038,,,,JJA
8,15,GradientBoostingRegressor,0.4039427228042122,0.4295457859542949,1.927534391937056,29.60577368736267,0.3941,0.1094,0.2731,MAM
8,15,ExtraTreesRegressor,0.402574394017497,0.4282362324055925,1.9297455794757048,27.117823362350464,0.3897,0.1062,0.282,MAM
8,15,LinearSVR,0.402290884707006,0.4279649009629974,1.9302034071463603,2.174576997756958,0.3959,0.1201,0.2577,MAM
8,15,GammaRegressor,0.4003750966998038,0.426131403774492,1.9332942937258648,0.0629427433013916,0.3922,0.1029,0.274,MAM
8,15,HuberRegressor,0.3997368106840819,0.4255205347164914,1.934322992242681,0.6080634593963623,0.3923,0.1126,0.263,MAM
8,15,TweedieRegressor,0.39762245658868,0.4234970006538233,1.9377267063533203,0.0570948123931884,,,,MAM
8,15,HistGradientBoostingRegressor,0.3959230504028753,0.4218705908151104,1.9404581042486424,1.1874265670776367,,,,MAM
8,15,LGBMRegressor,0.3909099468010871,0.4170728202240999,1.948493188830908,0.4678812026977539,,,,MAM
8,15,RandomForestRegressor,0.3905956041412891,0.4167719798488599,1.9489959187013344,81.14294457435608,,,,MAM
8,15,CatBoostRegressor,0.3854422743798983,0.4118400063771446,1.9572192549338767,4.436164617538452,,,,MAM
8,15,PoissonRegressor,0.3808909104175301,0.4074841418464681,1.9644533881924535,0.0816385746002197,,,,MAM
8,15,ElasticNetCV,0.3617832043971549,0.3891971888352575,1.9945377152770305,1.06050443649292,,,,MAM
8,15,BayesianRidge,0.3615913929957147,0.3890136165068256,1.9948374146396215,0.1108734607696533,,,,MAM
8,15,LassoLarsIC,0.3614032215965214,0.3888335278278689,1.9951313828656052,0.0938661098480224,,,,MAM
8,15,LassoCV,0.3611198283397558,0.3885623074540241,1.9955740284323835,1.084656000137329,,,,MAM
8,15,RidgeCV,0.3602290618077873,0.3877098029358627,1.9969647206624117,0.0981240272521972,,,,MAM
8,15,Ridge,0.3599145534284174,0.3874088039593746,1.997455509577112,0.0518016815185546,,,,MAM
8,15,TransformedTargetRegressor,0.3598768733379635,0.3873727423807186,1.99751430110023,0.082712173461914,,,,MAM
8,15,LinearRegression,0.3598768733379635,0.3873727423807186,1.99751430110023,0.0773148536682128,,,,MAM
8,15,SGDRegressor,0.3447444332323556,0.3728903015863538,2.020986897867747,0.1184725761413574,,,,MAM
8,15,BaggingRegressor,0.340835565646323,0.3691493356223286,2.0270059416166983,8.256096363067627,,,,MAM
8,15,LassoLarsCV,0.3284391272778936,0.3572853742599282,2.0459773935208645,0.1535663604736328,,,,MAM
8,15,XGBRegressor,0.3219404533198639,0.351065844548777,2.055852989809003,2.0697624683380127,,,,MAM
8,15,OrthogonalMatchingPursuitCV,0.3191205634133117,0.3483670802825214,2.0601234585642403,0.1064069271087646,,,,MAM
8,15,OrthogonalMatchingPursuit,0.3191205634133117,0.3483670802825214,2.0601234585642403,0.0414457321166992,,,,MAM
8,15,LarsCV,0.2865248539487728,0.3171714879539875,2.1088590944834693,0.2486853599548339,,,,MAM
8,15,KNeighborsRegressor,0.2641635098048672,0.2957706536941834,2.1416514852649,0.203989028930664,,,,MAM
8,15,MLPRegressor,0.2202699198216959,0.2537624703643962,2.204602434597781,18.68260407447815,,,,MAM
8,15,ElasticNet,0.2166880155254344,0.2503344232986448,2.2096603559328765,0.0512504577636718,,,,MAM
8,15,RANSACRegressor,0.1334491346803711,0.1706709879759391,2.324101914864235,0.3697652816772461,,,,MAM
8,15,Lasso,0.0397837045042417,0.0810288656521378,2.4464856591516893,0.0429794788360595,,,,MAM
8,15,LassoLars,0.0397836532949391,0.0810288166424813,2.446485724388461,0.045436143875122,,,,MAM
8,15,PassiveAggressiveRegressor,0.0191729625454578,0.0613034381557885,2.4726027784143847,0.0716695785522461,,,,MAM
8,15,QuantileRegressor,-0.0451921408190929,-0.0002969245216639,2.552443903304845,13.795093536376951,,,,MAM
8,15,DummyRegressor,-0.0789935243482899,-0.0326464023529227,2.5933883614290165,0.0374743938446044,,,,MAM
8,15,AdaBoostRegressor,-0.3651190096051933,-0.3064816444601324,2.917046791354135,8.680927991867065,,,,MAM
8,15,DecisionTreeRegressor,-0.3684028438104962,-0.3096244247470461,2.9205532051473377,1.404543161392212,,,,MAM
8,15,ExtraTreeRegressor,-0.4350571159105405,-0.3734156271336748,2.9908369099111285,0.305659532546997,,,,MAM
8,15,Lars,-281362040500.9838,-269276406508.0576,1324313.757909271,0.0553104877471923,,,,MAM
8,15,HistGradientBoostingRegressor,0.360493368523064,0.3884258420818267,2.3006267057522534,1.2463974952697754,0.3843,0.1189,0.3003,SON
8,15,LGBMRegressor,0.3583585792758251,0.386384296502858,2.304463461300684,0.3392136096954345,0.3814,0.1217,0.2873,SON
8,15,ExtraTreesRegressor,0.3493223535094634,0.3777427564596247,2.320633590280229,26.77037787437439,0.3749,0.1018,0.3147,SON
8,15,CatBoostRegressor,0.3451869314189404,0.3737879620006418,2.327996375420964,3.821054697036743,0.3703,0.1129,0.2964,SON
8,15,GradientBoostingRegressor,0.3422475650458063,0.3709769817449549,2.333215553718401,29.72032713890076,0.3677,0.0859,0.3102,SON
8,15,HuberRegressor,0.3330537015903582,0.3621846893369862,2.349465455362559,0.7751438617706299,,,,SON
8,15,LinearSVR,0.3278391278517233,0.3571978785892342,2.358632315418744,1.4387001991271973,,,,SON
8,15,TweedieRegressor,0.3269585235480198,0.3563557374620143,2.360176842940092,0.0533785820007324,,,,SON
8,15,PoissonRegressor,0.3259253262738306,0.3553676683446288,2.3619877217842804,0.0886280536651611,,,,SON
8,15,GammaRegressor,0.3249572891495311,0.3544419133016205,2.363683135937493,0.0570878982543945,,,,SON
8,15,RandomForestRegressor,0.3177557915213721,0.3475549638457259,2.376257821996659,80.15863609313965,,,,SON
8,15,BayesianRidge,0.3174123446914779,0.3472265181417352,2.376855859709313,0.1125226020812988,,,,SON
8,15,ElasticNetCV,0.317269136388964,0.3470895649145035,2.3771051812717663,1.056499481201172,,,,SON
8,15,LassoCV,0.3172426361314266,0.3470642221394793,2.377151314595736,1.0319030284881592,,,,SON
8,15,RidgeCV,0.3171860456007163,0.3470101033790758,2.3772498279726597,0.0802714824676513,,,,SON
8,15,Ridge,0.3170617993594449,0.3468912839851242,2.377466102785682,0.0437095165252685,,,,SON
8,15,TransformedTargetRegressor,0.317046343999471,0.3468765036868504,2.377493004477902,0.0772759914398193,,,,SON
8,15,LinearRegression,0.317046343999471,0.3468765036868504,2.377493004477902,0.083587646484375,,,,SON
8,15,LassoLarsIC,0.3091869650464833,0.339360407952499,2.391133876930536,0.0994672775268554,,,,SON
8,15,SGDRegressor,0.2964427734289514,0.327172859187227,2.4130890267308804,0.1669490337371826,,,,SON
8,15,XGBRegressor,0.2804595620017611,0.3118877650407646,2.4403450299814518,1.988893747329712,,,,SON
8,15,LassoLarsCV,0.2769601460792502,0.3085411971700416,2.4462720244024787,0.1731514930725097,,,,SON
8,15,LarsCV,0.269203884792452,0.3011237151118622,2.4593579637801097,0.2570724487304687,,,,SON
8,15,OrthogonalMatchingPursuit,0.2474765078761622,0.2803453500608815,2.4956499060208577,0.0441169738769531,,,,SON
8,15,OrthogonalMatchingPursuitCV,0.2474765078761622,0.2803453500608815,2.4956499060208577,0.114370584487915,,,,SON
8,15,MLPRegressor,0.2382810112801178,0.2715514958448942,2.510851464335447,20.285681009292603,,,,SON
8,15,BaggingRegressor,0.2378022905690944,0.2710936847741224,2.5116403430554515,8.0640389919281,,,,SON
8,15,KNeighborsRegressor,0.2326570440358445,0.2661731731469225,2.520103549247138,0.2046966552734375,,,,SON
8,15,ElasticNet,0.2059911801219459,0.2406720251281138,2.563517543722648,0.0522048473358154,,,,SON
8,15,RANSACRegressor,0.1819812296617615,0.2177107851477995,2.6019878554470384,0.3818161487579345,,,,SON
8,15,Lasso,0.0989444887500611,0.1383009363678745,2.730859799315997,0.0444505214691162,,,,SON
8,15,LassoLars,0.0989444855586368,0.1383009333158458,2.730859804152177,0.0464756488800048,,,,SON
8,15,DummyRegressor,-0.0457360327752685,-6.020605634882159e-05,2.941945797249435,0.0376899242401123,,,,SON
8,15,QuantileRegressor,-0.069429087761154,-0.0227183919738853,2.97508670263713,13.844506025314333,,,,SON
8,15,PassiveAggressiveRegressor,-0.1325990846768066,-0.0831292395989691,3.0616936522126696,0.084296703338623,,,,SON
8,15,AdaBoostRegressor,-0.2819383608590788,-0.2259456508445445,3.2572958234491245,9.11093783378601,,,,SON
8,15,DecisionTreeRegressor,-0.3669407501631794,-0.3072352921100751,3.3635545534899856,1.3774971961975098,,,,SON
8,15,ExtraTreeRegressor,-0.3696421720442868,-0.3098187208515479,3.366876531801866,0.3067634105682373,,,,SON
8,15,Lars,-2.074242351095577e+17,-1.9836432598982982e+17,1310247619.2804096,0.0556261539459228,,,,SON
9,37,TweedieRegressor,0.3628863826347263,0.3662107579724981,2.4485972580889968,0.3037021160125732,0.334,0.0897,0.1329,
9,37,CatBoostRegressor,0.3609334602912049,0.3642680257217615,2.452347186914228,9.888542652130129,0.3249,0.1292,0.1153,
9,37,GammaRegressor,0.3572675309479463,0.3606212247172585,2.459370927867392,0.3164548873901367,0.3285,0.0884,0.1174,
9,37,LGBMRegressor,0.3478541456429933,0.3512569572228495,2.477315294801722,1.8840909004211424,0.3106,0.1227,0.1114,
9,37,HistGradientBoostingRegressor,0.3457132626224423,0.3491272450492567,2.4813782636980006,5.2601540088653564,0.3089,0.1174,0.1218,
9,37,XGBRegressor,0.3345649040318416,0.3380370571323711,2.502429011096216,4.829009294509888,,,,
9,37,ExtraTreesRegressor,0.3337994754582792,0.3372756224647675,2.5038678292334087,220.60262036323547,,,,
9,37,MLPRegressor,0.3319168096493079,0.3354027801591934,2.507403266765338,100.45870184898376,,,,
9,37,KNeighborsRegressor,0.3254900903326505,0.3290095946214677,2.519434559351728,9.330328941345217,,,,
9,37,GradientBoostingRegressor,0.3250922835418554,0.3286138635343594,2.520177395321588,283.69789695739746,,,,
9,37,PoissonRegressor,0.312584757530212,0.3161716001538642,2.543422412428736,0.498814582824707,,,,
9,37,LinearSVR,0.3119668917514836,0.3155569583177748,2.544565201100496,39.85071969032288,,,,
9,37,HuberRegressor,0.3102331380318097,0.3138322510977367,2.547769170233888,6.106170177459717,,,,
9,37,RandomForestRegressor,0.3074724342337969,0.3110859522902481,2.552862639240188,859.4032330513,,,,
9,37,ElasticNetCV,0.2747966855580966,0.278580701387755,2.612394767397106,6.63371729850769,,,,
9,37,LassoLarsIC,0.2747318795754123,0.2785162335541931,2.6125114898559096,0.828322172164917,,,,
9,37,LassoLarsCV,0.2747318795754123,0.2785162335541931,2.6125114898559096,1.850318193435669,,,,
9,37,LassoCV,0.2729921490299406,0.2767855806946507,2.615642982586786,4.416871786117554,,,,
9,37,BayesianRidge,0.2708449820817238,0.2746496173821029,2.619502694339104,0.753826379776001,,,,
9,37,RidgeCV,0.2706722694437342,0.2744778059360179,2.619812912620347,0.5321087837219238,,,,
9,37,Ridge,0.2706114161108706,0.274417270127868,2.619922205750977,0.2634029388427734,,,,
9,37,LinearRegression,0.270604637798133,0.2744105271834778,2.6199343793791314,0.8151981830596924,,,,
9,37,TransformedTargetRegressor,0.270604637798133,0.2744105271834778,2.6199343793791314,0.5107698440551758,,,,
9,37,BaggingRegressor,0.2541213652195846,0.258013262160493,2.649372344822505,86.31915068626404,,,,
9,37,SGDRegressor,0.2525325508628243,0.2564327380287725,2.6521925902286005,0.9102916717529296,,,,
9,37,ElasticNet,0.2505983000478012,0.2545085798809462,2.6556219644395505,0.2996175289154053,,,,
9,37,OrthogonalMatchingPursuitCV,0.2436913585407786,0.2476376778892933,2.6678318086039505,0.8181960582733154,,,,
9,37,OrthogonalMatchingPursuit,0.2436913585407786,0.2476376778892933,2.6678318086039505,0.2554056644439697,,,,
9,37,LarsCV,0.1490751027435892,0.1535151173118439,2.8297921043573235,1.3192260265350342,,,,
9,37,Lasso,0.1342070685155726,0.1387246625374155,2.854407231467885,0.2389132976531982,,,,
9,37,LassoLars,0.1342070685155725,0.1387246625374154,2.854407231467885,0.2454020977020263,,,,
9,37,RANSACRegressor,0.0926366465007373,0.0973711495352903,2.9221299973383426,1.3532600402832031,,,,
9,37,QuantileRegressor,-0.0059306227866871,-0.0006818086619304,3.076755103670649,740.7472167015076,,,,
9,37,DummyRegressor,-0.0274086819632062,-0.0220477981411719,3.109428184061462,0.1923787593841552,,,,
9,37,ExtraTreeRegressor,-0.2138651350794573,-0.2075313459271752,3.3798243763020155,2.57715106010437,,,,
9,37,DecisionTreeRegressor,-0.2304372062284689,-0.224016946181323,3.40281738162998,14.222691059112549,,,,
9,37,AdaBoostRegressor,-0.8583325184323958,-0.8486359829554051,4.181870966374478,74.11078548431396,,,,
9,37,PassiveAggressiveRegressor,-1.3298406895897197,-1.3176838862844638,4.6824379171220265,0.5221338272094727,,,,
9,37,Lars,-54944084114501.94,-54657393086075.84,22738896.46397025,0.2636098861694336,,,,
9,37,TweedieRegressor,0.2244531986879301,0.2416741444124286,2.867890998738806,0.0598905086517334,0.2343,0.0738,0.1558,DJF
9,37,GammaRegressor,0.2239404124397593,0.2411727445359547,2.868838957039382,0.0658857822418212,0.234,0.0807,0.1459,DJF
9,37,GradientBoostingRegressor,0.1782489392079275,0.1964958462843388,2.952084415571839,64.45203161239624,0.1816,0.061,0.1115,DJF
9,37,LGBMRegressor,0.1778873699384732,0.1961423056274123,2.9527338005684083,0.4925053119659424,0.182,0.0652,0.1068,DJF
9,37,HistGradientBoostingRegressor,0.1695398419586595,0.1879801337422031,2.967686603427413,1.624633550643921,0.174,0.0603,0.1043,DJF
9,37,CatBoostRegressor,0.1691652571750325,0.1876138665794045,2.968355825729856,4.314486503601074,,,,DJF
9,37,LinearSVR,0.1608435471972548,0.1794769394098595,2.9831844366744207,3.825122356414795,,,,DJF
9,37,HuberRegressor,0.1554096886768099,0.17416373922041,2.992827480545025,1.1021196842193604,,,,DJF
9,37,ExtraTreesRegressor,0.1514594304846656,0.1703011961497897,2.9998182366406168,45.259458780288696,,,,DJF
9,37,PoissonRegressor,0.1512727423390827,0.1701186533973889,3.0001482147960474,0.0928974151611328,,,,DJF
9,37,KNeighborsRegressor,0.1372492461094898,0.1564065476177714,3.024832350340024,0.5673384666442871,,,,DJF
9,37,RandomForestRegressor,0.1323265899285466,0.1515931985666738,3.03344957261192,169.10478854179382,,,,DJF
9,37,LassoLarsIC,0.132250760420858,0.1515190528462615,3.033582122462782,0.1291372776031494,,,,DJF
9,37,ElasticNet,0.1255204119837779,0.1449381511800866,3.045323779709728,0.0537009239196777,,,,DJF
9,37,LarsCV,0.1229935812534548,0.1424674284948077,3.049720375751294,0.2460365295410156,,,,DJF
9,37,XGBRegressor,0.1214793199474933,0.1409867912225197,3.052352102132639,1.8510990142822263,,,,DJF
9,37,ElasticNetCV,0.1199256896495396,0.1394676591431025,3.0550498940307844,1.3379433155059814,,,,DJF
9,37,LassoCV,0.1187125333669005,0.1382814408846592,3.0571548166315305,1.1548235416412354,,,,DJF
9,37,BayesianRidge,0.1173182265546212,0.1369180945275024,3.059572261157145,0.1226751804351806,,,,DJF
9,37,Ridge,0.1166466974399219,0.1362614766553189,3.060735874866939,0.0496501922607421,,,,DJF
9,37,RidgeCV,0.1166466974398897,0.1362614766552875,3.060735874866995,0.090876817703247,,,,DJF
9,37,TransformedTargetRegressor,0.1166183455561831,0.136233754322563,3.0607849927743165,0.1027517318725586,,,,DJF
9,37,LinearRegression,0.1166183455561831,0.136233754322563,3.0607849927743165,0.0980408191680908,,,,DJF
9,37,SGDRegressor,0.1133088888657734,0.1329977838149945,3.0665130186254803,0.1640386581420898,,,,DJF
9,37,OrthogonalMatchingPursuitCV,0.1052179611527993,0.1250865144111905,3.0804719906811004,0.1253490447998047,,,,DJF
9,37,OrthogonalMatchingPursuit,0.1052179611527993,0.1250865144111905,3.0804719906811004,0.0499660968780517,,,,DJF
9,37,MLPRegressor,0.0835292942758687,0.1038794423967395,3.1175823151898405,23.06617569923401,,,,DJF
9,37,BaggingRegressor,0.0799914645614214,0.1004201698672254,3.123593883030558,16.87552261352539,,,,DJF
9,37,Lasso,0.0750236850989251,0.0955626994929107,3.132015780243252,0.0519995689392089,,,,DJF
9,37,LassoLars,0.0750236850989251,0.0955626994929107,3.132015780243252,0.0598289966583251,,,,DJF
9,37,QuantileRegressor,-0.0273303512566069,-0.0045185748555058,3.300758078696619,45.44068121910095,,,,DJF
9,37,DummyRegressor,-0.0305235007474402,-0.0076408207542171,3.305883809043757,0.0392823219299316,,,,DJF
9,37,RANSACRegressor,-0.1174710508238696,-0.0926577084409479,3.442522408942296,0.3120603561401367,,,,DJF
9,37,AdaBoostRegressor,-0.5011453955004217,-0.4678125994180206,3.989973530903292,15.527508974075316,,,,DJF
9,37,ExtraTreeRegressor,-0.5201622346650914,-0.4864071714099649,4.015166923125457,0.4954867362976074,,,,DJF
9,37,DecisionTreeRegressor,-0.5670182779096242,-0.532222780503762,4.0765771559497335,2.8488428592681885,,,,DJF
9,37,LassoLarsCV,-0.7459039406329666,-0.7071363034626983,4.302974852688936,0.1743366718292236,,,,DJF
9,37,PassiveAggressiveRegressor,-1.07859921817536,-1.0324441128243689,4.695091011218924,0.1319787502288818,,,,DJF
9,37,Lars,-140599603.2307709,-137477601.89023566,38614.523895355225,0.0559666156768798,,,,DJF
9,37,TweedieRegressor,0.4617558012103911,0.4726082664848898,2.2175892313958463,0.0582959651947021,0.4648,0.0316,0.4294,JJA
9,37,HistGradientBoostingRegressor,0.4604185571135785,0.4712979848619075,2.2203422740782948,1.7572252750396729,0.4602,0.0185,0.4428,JJA
9,37,CatBoostRegressor,0.4576036256759288,0.4685398100892547,2.226126369348868,4.927270889282227,0.4587,0.0241,0.4316,JJA
9,37,ExtraTreesRegressor,0.4477535830859322,0.4588883711170968,2.2462489057077377,46.62146615982056,0.4483,0.0353,0.4134,JJA
9,37,LGBMRegressor,0.4451006863902349,0.456288964025805,2.251637738186615,0.8548843860626221,0.4464,0.0288,0.4144,JJA
9,37,GammaRegressor,0.4435902142196725,0.4548089470776416,2.2547002080279404,0.0603883266448974,,,,JJA
9,37,KNeighborsRegressor,0.4308327049246239,0.4423086638278062,2.2804018976290217,0.6391220092773438,,,,JJA
9,37,PoissonRegressor,0.4279479132251796,0.4394820373660233,2.286173636371506,0.0934860706329345,,,,JJA
9,37,GradientBoostingRegressor,0.4271117826316875,0.438662765436779,2.2878438004884463,62.58066487312317,,,,JJA
9,37,HuberRegressor,0.4172662772448249,0.4290157721854138,2.30741919361746,1.163419246673584,,,,JJA
9,37,LinearSVR,0.4166297420634655,0.4283920712825608,2.308679076619813,6.9403297901153564,,,,JJA
9,37,XGBRegressor,0.4145521577103226,0.4263563766740692,2.3127864274565577,1.8783950805664065,,,,JJA
9,37,LassoLarsIC,0.4086204771703092,0.4205442949281064,2.324473323490648,0.12933349609375,,,,JJA
9,37,ElasticNetCV,0.4070041938230456,0.4189606002440171,2.327647633588559,1.5166897773742676,,,,JJA
9,37,RandomForestRegressor,0.4062174569910832,0.4181897261638843,2.3291911850968083,172.5104205608368,,,,JJA
9,37,LassoCV,0.4053050350310717,0.4172957011093274,2.330980046546504,0.9327809810638428,,,,JJA
9,37,LassoLarsCV,0.4047708733260616,0.4167723095554265,2.332026667822599,0.1733322143554687,,,,JJA
9,37,BayesianRidge,0.4047165877789095,0.4167191185523804,2.3321330070890145,0.1313691139221191,,,,JJA
9,37,RidgeCV,0.4040073993965382,0.4160242293344219,2.333521781995131,0.1152195930480957,,,,JJA
9,37,Ridge,0.4037922143545167,0.4158133830074324,2.333943006743279,0.0589056015014648,,,,JJA
9,37,TransformedTargetRegressor,0.4037681391109744,0.4157897931862042,2.333990129307271,0.0990808010101318,,,,JJA
9,37,LinearRegression,0.4037681391109744,0.4157897931862042,2.333990129307271,0.0954694747924804,,,,JJA
9,37,MLPRegressor,0.4034446832252778,0.4154728590498832,2.3346231384875966,24.127185821533203,,,,JJA
9,37,SGDRegressor,0.3899775765029579,0.4022772857846458,2.360827877450331,0.1829695701599121,,,,JJA
9,37,OrthogonalMatchingPursuitCV,0.363926712662347,0.3767516781304214,2.410710190807169,0.1385886669158935,,,,JJA
9,37,OrthogonalMatchingPursuit,0.363926712662347,0.3767516781304214,2.410710190807169,0.0535521507263183,,,,JJA
9,37,BaggingRegressor,0.3601031223511695,0.373005181787315,2.417945015420217,17.797207593917847,,,,JJA
9,37,ElasticNet,0.3553966679790283,0.3683936223211562,2.426820742079987,0.0762827396392822,,,,JJA
9,37,Lasso,0.1811632109964158,0.1976731851645108,2.7352063651804306,0.0649464130401611,,,,JJA
9,37,LassoLars,0.1811631328618955,0.1976731086053946,2.735206495678984,0.0535321235656738,,,,JJA
9,37,LarsCV,0.1459758470473093,0.1631952940647496,2.7933573751900878,0.263657808303833,,,,JJA
9,37,RANSACRegressor,0.108116136604684,0.1260989382366377,2.8546020831052883,0.4372367858886719,,,,JJA
9,37,ExtraTreeRegressor,0.0368059692192066,0.0562265775511858,2.966527074784824,0.5257968902587891,,,,JJA
9,37,DecisionTreeRegressor,-0.0017381244190852,0.018459637551869,3.025300550840151,2.9089620113372803,,,,JJA
9,37,QuantileRegressor,-0.0230635263486125,-0.0024357863408759,3.057332873577648,49.22462964057922,,,,JJA
9,37,DummyRegressor,-0.0292576387764982,-0.0085050086349132,3.0665741794243124,0.0436389446258544,,,,JJA
9,37,AdaBoostRegressor,-0.3030698138501573,-0.2767963864042926,3.450446256521815,15.055988550186155,,,,JJA
9,37,PassiveAggressiveRegressor,-0.5610670037575602,-0.5295916520723174,3.7766105085136887,0.1516814231872558,,,,JJA
9,37,Lars,-55668208197567.695,-54545785888667.3,22552518.4389868,0.0644769668579101,,,,JJA
9,37,CatBoostRegressor,0.3391145071836303,0.3532074638205675,2.314054556694761,6.095362186431885,0.3182,0.136,0.1847,MAM
9,37,LGBMRegressor,0.3248592677812568,0.3392562081989405,2.338878381121038,0.6675951480865479,0.3057,0.1208,0.1886,MAM
9,37,TweedieRegressor,0.3196822924716307,0.3341896285468709,2.347828509590348,0.0628302097320556,0.3114,0.0498,0.2539,MAM
9,37,GammaRegressor,0.3179533917459669,0.3324975955134491,2.350809901034001,0.0665690898895263,0.3091,0.0535,0.2473,MAM
9,37,HistGradientBoostingRegressor,0.3145627232998229,0.3291792308837773,2.3566459649080373,1.716773509979248,0.2955,0.1194,0.1799,MAM
9,37,XGBRegressor,0.313785994160026,0.3284190649916304,2.357980848040896,1.9012959003448489,,,,MAM
9,37,GradientBoostingRegressor,0.313333626454964,0.3279763437359467,2.3587579369954463,63.54908061027527,,,,MAM
9,37,ExtraTreesRegressor,0.3049228399989041,0.319744911873226,2.3731598566700884,48.0338499546051,,,,MAM
9,37,PoissonRegressor,0.2829997264702154,0.2982892945926239,2.410294696029424,0.0807676315307617,,,,MAM
9,37,LinearSVR,0.2723216806388251,0.2878389511975932,2.4281762234994617,5.246987581253052,,,,MAM
9,37,MLPRegressor,0.2721027208735798,0.2876246606080377,2.4285415174022766,23.584481239318848,,,,MAM
9,37,HuberRegressor,0.2710960828061854,0.2866394884478044,2.430220200499813,1.0755302906036377,,,,MAM
9,37,RandomForestRegressor,0.2638028847491537,0.2795018131327296,2.442347973295918,174.205961227417,,,,MAM
9,37,KNeighborsRegressor,0.2588501581096978,0.274654700192656,2.4505495849934547,0.5994019508361816,,,,MAM
9,37,ElasticNetCV,0.2337043733188412,0.2500451330348255,2.4917740456945707,1.389500856399536,,,,MAM
9,37,LassoCV,0.2318720892267067,0.2482519212185053,2.4947512987468365,1.2500803470611572,,,,MAM
9,37,LassoLarsCV,0.2308527528334362,0.2472543215160004,2.496406067211875,0.2321047782897949,,,,MAM
9,37,LassoLarsIC,0.230797082759111,0.2471998385700839,2.496496409208932,0.1674017906188964,,,,MAM
9,37,BayesianRidge,0.2304280356608874,0.2468386611630683,2.497095220168578,0.1239051818847656,,,,MAM
9,37,LarsCV,0.2296970706155391,0.2461232834755893,2.4982808507405108,0.2390279769897461,,,,MAM
9,37,RidgeCV,0.2293740328006625,0.2458071342336449,2.4988046411630838,0.1024336814880371,,,,MAM
9,37,Ridge,0.2290958301428269,0.2455348640679518,2.4992556455364907,0.0502355098724365,,,,MAM
9,37,LinearRegression,0.2290646209347238,0.2455043203760708,2.4993062348335635,0.1039903163909912,,,,MAM
9,37,TransformedTargetRegressor,0.2290646209347238,0.2455043203760708,2.4993062348335635,0.1054046154022216,,,,MAM
9,37,BaggingRegressor,0.2244767172264804,0.2410142507536374,2.506731998119546,17.558703899383545,,,,MAM
9,37,SGDRegressor,0.220327578293858,0.2369535895311383,2.513428705559186,0.1741652488708496,,,,MAM
9,37,OrthogonalMatchingPursuit,0.2166749848236779,0.2333788852595366,2.519309256121788,0.0488834381103515,,,,MAM
9,37,OrthogonalMatchingPursuitCV,0.2166749848236779,0.2333788852595366,2.519309256121788,0.122617483139038,,,,MAM
9,37,ElasticNet,0.1943180700362321,0.21149871725207,2.55500818681468,0.05721116065979,,,,MAM
9,37,Lasso,0.0805137849564709,0.1001212351089143,2.729499981765725,0.04815673828125,,,,MAM
9,37,LassoLars,0.0805137849564707,0.1001212351089141,2.729499981765725,0.0537712574005126,,,,MAM
9,37,RANSACRegressor,0.0768048917924356,0.0964914316980963,2.734999376747062,0.3312504291534424,,,,MAM
9,37,QuantileRegressor,-0.0230990756976605,-0.0012821481575309,2.8791834055894547,47.64638590812683,,,,MAM
9,37,DummyRegressor,-0.0380304004105933,-0.015895072006776,2.900117011242641,0.0402884483337402,,,,MAM
9,37,PassiveAggressiveRegressor,-0.0917193966308418,-0.0684391850304086,2.97417143135443,0.1098039150238037,,,,MAM
9,37,ExtraTreeRegressor,-0.2429647708724915,-0.2164593492713946,3.1735101687758718,0.509753942489624,,,,MAM
9,37,DecisionTreeRegressor,-0.4037157570063618,-0.3737824243653731,3.3724853508998978,2.9516050815582275,,,,MAM
9,37,AdaBoostRegressor,-0.6690635709250174,-0.6334718673923851,3.677451244326356,15.358086585998535,,,,MAM
9,37,Lars,-8.439347432781819e+16,-8.259383795045731e+16,826922706.8668782,0.059493064880371,,,,MAM
9,37,TweedieRegressor,0.3522569165178661,0.3651936214087146,2.280467146279002,0.0587613582611084,0.3579,0.0305,0.3308,SON
9,37,GammaRegressor,0.3467117575023819,0.3597592101381086,2.290207585572877,0.0630145072937011,0.354,0.0222,0.3366,SON
9,37,CatBoostRegressor,0.344914036510235,0.3579973931741861,2.293356521582795,6.9100306034088135,0.3422,0.1052,0.2813,SON
9,37,HistGradientBoostingRegressor,0.324827174616866,0.3383117054671949,2.328251572309223,1.7060034275054932,0.3223,0.0887,0.2512,SON
9,37,LGBMRegressor,0.321065667576922,0.3346253231298706,2.3347281146770293,0.6503429412841797,0.3178,0.096,0.2431,SON
9,37,ExtraTreesRegressor,0.3106192730070889,0.324387563630283,2.35262114781553,46.757455348968506,,,,SON
9,37,LinearSVR,0.3079705913298524,0.3217917813418349,2.357136338308534,3.562880516052246,,,,SON
9,37,HuberRegressor,0.3026602021828459,0.3165874511231324,2.366162970278296,1.0268657207489014,,,,SON
9,37,XGBRegressor,0.2922572878435234,0.3063923034682323,2.383746842300236,1.901296138763428,,,,SON
9,37,KNeighborsRegressor,0.291994016616892,0.3061342902864215,2.3841901627280144,0.6483421325683594,,,,SON
9,37,GradientBoostingRegressor,0.2913509441067584,0.3055040612006318,2.385272681236764,64.90602684020996,,,,SON
9,37,MLPRegressor,0.287378632748467,0.3016110847223062,2.3919486266488192,24.452354907989506,,,,SON
9,37,PoissonRegressor,0.2850745566720152,0.2993530255822096,2.395812378328924,0.1012961864471435,,,,SON
9,37,RandomForestRegressor,0.2753813492501522,0.2898534106000966,2.411999324088743,174.39389514923096,,,,SON
9,37,LassoLarsIC,0.2464016219421978,0.2614524655123781,2.459758133476111,0.1408772468566894,,,,SON
9,37,ElasticNetCV,0.2368918568503014,0.2521326291556738,2.4752294964889736,1.1419475078582764,,,,SON
9,37,LassoCV,0.2357281258933304,0.250992140197493,2.477116125448747,0.8804314136505127,,,,SON
9,37,BayesianRidge,0.2350809363700721,0.2503578763234377,2.4781647211189046,0.137075662612915,,,,SON
9,37,RidgeCV,0.234630122305937,0.2499160659038912,2.4788948813434493,0.1040067672729492,,,,SON
9,37,Ridge,0.2344667923550097,0.2497559979737078,2.479159365348631,0.0521330833435058,,,,SON
9,37,LinearRegression,0.2344486177859702,0.2497381863866008,2.479188794108331,0.1041426658630371,,,,SON
9,37,TransformedTargetRegressor,0.2344486177859702,0.2497381863866008,2.479188794108331,0.1004080772399902,,,,SON
9,37,SGDRegressor,0.231544317025755,0.2468918902316176,2.483887037732996,0.2322995662689209,,,,SON
9,37,BaggingRegressor,0.2071108345284915,0.2229463924934095,2.523066338369021,18.01703190803528,,,,SON
9,37,LarsCV,0.2002539181625908,0.2162264222497429,2.533952609011629,0.2388372421264648,,,,SON
9,37,ElasticNet,0.1997344367650977,0.2157173159187029,2.534775449899399,0.0546646118164062,,,,SON
9,37,OrthogonalMatchingPursuitCV,0.1721710165859233,0.1887043915174588,2.578058343401233,0.1343040466308593,,,,SON
9,37,OrthogonalMatchingPursuit,0.1721710165859233,0.1887043915174588,2.578058343401233,0.0508480072021484,,,,SON
9,37,Lasso,0.0632332104614731,0.0819422878979467,2.7424465411441434,0.0477938652038574,,,,SON
9,37,LassoLars,0.0632332104614731,0.0819422878979467,2.7424465411441434,0.0543255805969238,,,,SON
9,37,QuantileRegressor,-0.0336464541130869,-0.0130024990029098,2.880769015834477,50.01149988174439,,,,SON
9,37,RANSACRegressor,-0.0459436469945198,-0.0250540927272853,2.897854466645122,0.4140839576721191,,,,SON
9,37,DummyRegressor,-0.1156047005624414,-0.0933238778812715,2.992799312994345,0.040734052658081,,,,SON
9,37,AdaBoostRegressor,-0.3121257234667582,-0.2859199889756563,3.2457132810045253,10.327431678771973,,,,SON
9,37,DecisionTreeRegressor,-0.483640197166751,-0.454008980895376,3.4513318833207887,2.937717914581299,,,,SON
9,37,ExtraTreeRegressor,-0.5304765904636659,-0.4999099591895144,3.505385398939227,0.5185725688934326,,,,SON
9,37,PassiveAggressiveRegressor,-1.711409185639345,-1.6572570049871227,4.66573382627974,0.1463243961334228,,,,SON
9,37,LassoLarsCV,-653.5343583272963,-640.4620183046419,72.4917613701119,0.1791729927062988,,,,SON
9,37,Lars,-5.138189990906472e+17,-5.035570218838614e+17,2031082232.960195,0.0738227367401123,,,,SON
