cluster_id,n_stations,Model,Adjusted R-Squared,R-Squared,RMSE,Time Taken,R2_deploy_mean,R2_deploy_std,R2_deploy_min,season
4,6,TweedieRegressor,0.5441656692616721,0.5573084178653721,2.280457266138188,0.0429511070251464,0.4781,0.1403,0.2453,
4,6,KNeighborsRegressor,0.4869139062536443,0.5017073544154806,2.419432694438981,0.2127749919891357,0.4112,0.1541,0.1784,
4,6,CatBoostRegressor,0.4364158292354775,0.4526652527077848,2.5356996833442698,3.4660565853118896,0.3624,0.1661,0.1058,
4,6,HuberRegressor,0.4340236125677227,0.4503420091299219,2.541075561551549,0.3702156543731689,0.3497,0.1447,0.099,
4,6,LinearSVR,0.4321573570991838,0.4485295620843107,2.5452615959673235,1.0887935161590576,0.3486,0.142,0.1004,
4,6,PoissonRegressor,0.4186926194645892,0.4354530436991518,2.57526153754844,0.0633940696716308,,,,
4,6,LassoLarsIC,0.4023675529129576,0.4195986662359863,2.6111721635507066,0.0971987247467041,,,,
4,6,LassoLarsCV,0.4023504530348063,0.4195820593865178,2.611209519626884,0.2241129875183105,,,,
4,6,TransformedTargetRegressor,0.4020530406354347,0.4192932220683391,2.611859155771955,0.0614783763885498,,,,
4,6,LinearRegression,0.4020530406354347,0.4192932220683391,2.611859155771955,0.0601599216461181,,,,
4,6,Ridge,0.4020037056686848,0.4192453095417645,2.611966902224051,0.0358617305755615,,,,
4,6,RidgeCV,0.4015256894062006,0.4187810755838209,2.6130106488610005,0.0607640743255615,,,,
4,6,BayesianRidge,0.4011673205936494,0.4184330393655769,2.61379287239638,0.0870065689086914,,,,
4,6,ElasticNetCV,0.4010130941729106,0.4182832596460607,2.6141294354976714,0.3931665420532226,,,,
4,6,LGBMRegressor,0.4004955658261715,0.4177806528278196,2.615258503572841,0.3436203002929687,,,,
4,6,HistGradientBoostingRegressor,0.4002059839524141,0.4174994202632528,2.6158900585558085,0.9719297885894777,,,,
4,6,LassoCV,0.4000752793831632,0.4173724842063301,2.616175064865779,0.5027804374694824,,,,
4,6,SGDRegressor,0.3966470891225019,0.414043136528869,2.623639309437208,0.1116998195648193,,,,
4,6,GradientBoostingRegressor,0.3964786727539012,0.4138795759902136,2.6240054574797025,19.630417108535767,,,,
4,6,XGBRegressor,0.3901827350446009,0.4077651645964144,2.637656766691338,1.549605369567871,,,,
4,6,ExtraTreesRegressor,0.3854954407077844,0.4032130156993908,2.6477743933787994,19.50990438461304,,,,
4,6,MLPRegressor,0.3827019298173229,0.4005000481310954,2.653785902491796,11.365967988967896,,,,
4,6,RandomForestRegressor,0.3669335329862936,0.3851862903245071,2.6874666154797096,54.45282745361328,,,,
4,6,OrthogonalMatchingPursuitCV,0.3469726925358629,0.3658009666578468,2.7295062574456948,0.0856847763061523,,,,
4,6,OrthogonalMatchingPursuit,0.3469726925358629,0.3658009666578468,2.7295062574456948,0.0343174934387207,,,,
4,6,ElasticNet,0.3342694927507926,0.3534640292404383,2.7559266379422303,0.0404858589172363,,,,
4,6,BaggingRegressor,0.3273187631683639,0.3467137051241055,2.7702762583450826,5.521398067474365,,,,
4,6,LarsCV,0.3182119167680121,0.3378694299798906,2.788965397808402,0.2041535377502441,,,,
4,6,AdaBoostRegressor,0.1100119256375835,0.1356723218229487,3.1864750086100644,5.292983055114746,,,,
4,6,Lasso,0.0792391779421398,0.1057868229798485,3.2410955835361497,0.0361406803131103,,,,
4,6,LassoLars,0.079234202695505,0.1057819911809783,3.2411043400056507,0.0325303077697753,,,,
4,6,RANSACRegressor,0.0242682567106653,0.0524008394100214,3.336442464839031,0.2878317832946777,,,,
4,6,ExtraTreeRegressor,-0.0283522282036525,0.0012975236907344,3.425227086717197,0.2221038341522216,,,,
4,6,DecisionTreeRegressor,-0.0318751589038819,-0.002123832842261,3.431089144650699,0.941702127456665,,,,
4,6,DummyRegressor,-0.0329067125404671,-0.0031256444230101,3.432803726271127,0.0291459560394287,,,,
4,6,QuantileRegressor,-0.0457593285457154,-0.0156076900484818,3.454095148502534,8.283955574035645,,,,
4,6,PassiveAggressiveRegressor,-0.3937163071654022,-0.3535322713989801,3.9875451529298975,0.0552625656127929,,,,
4,6,Lars,-8.001652809175242e+17,-7.770946817560387e+17,3021400347.25998,0.0442571640014648,,,,
4,6,TweedieRegressor,0.2275129480357253,0.3154621380126826,2.289200265381764,0.0201756954193115,0.2987,0.0836,0.203,DJF
4,6,KNeighborsRegressor,0.1541418517938357,0.2504444872632283,2.3954491259785744,0.0262234210968017,0.2384,0.06,0.1816,DJF
4,6,CatBoostRegressor,0.0894359463626647,0.1931054780860805,2.4853836329657666,2.2627217769622803,0.1656,0.0618,0.1084,DJF
4,6,PoissonRegressor,0.0682029361940472,0.1742898884300191,2.514194384317412,0.0274739265441894,0.1528,0.078,0.0628,DJF
4,6,GradientBoostingRegressor,0.0672113787670166,0.1734112217916448,2.5155317491529843,4.846168279647827,0.1493,0.0329,0.1234,DJF
4,6,ExtraTreesRegressor,0.0563401707258027,0.1637777224458253,2.530147949770383,4.892629146575928,,,,DJF
4,6,LinearSVR,0.0560658913297421,0.1635346703054832,2.530515623062781,0.2027359008789062,,,,DJF
4,6,HuberRegressor,0.054530498234647,0.162174084773397,2.5325728416234443,0.1199030876159668,,,,DJF
4,6,SGDRegressor,0.0536401949392614,0.1613851442820401,2.5337649622539344,0.0279512405395507,,,,DJF
4,6,HistGradientBoostingRegressor,0.0415877199857334,0.1507048676154412,2.549848444636749,0.6060652732849121,,,,DJF
4,6,LinearRegression,0.0328018532856393,0.1429192893442004,2.561509147018307,0.022261619567871,,,,DJF
4,6,TransformedTargetRegressor,0.0328018532856393,0.1429192893442004,2.561509147018307,0.0233228206634521,,,,DJF
4,6,LassoLarsIC,0.0323831142194911,0.142548224555033,2.562063577298983,0.0363223552703857,,,,DJF
4,6,LGBMRegressor,0.0323537394548415,0.1425221941658653,2.562102466369922,0.2040622234344482,,,,DJF
4,6,Ridge,0.0321490494438779,0.1423408085204763,2.562373437835531,0.0197451114654541,,,,DJF
4,6,BayesianRidge,0.0306062377483273,0.1409736490103774,2.5644149120562885,0.0297770500183105,,,,DJF
4,6,LassoLarsCV,0.0292638939805446,0.1397841337550557,2.5661898025418277,0.0850577354431152,,,,DJF
4,6,RidgeCV,0.0291336648735542,0.139668731491366,2.566361930371744,0.0260987281799316,,,,DJF
4,6,LassoCV,0.0272370174777368,0.1379880211804613,2.5688674806120773,0.3070275783538818,,,,DJF
4,6,ElasticNetCV,0.0261197831609417,0.136997986216622,2.5703422506027014,0.1965696811676025,,,,DJF
4,6,LarsCV,0.0123870928987785,0.1248287901019538,2.5884010168316576,0.088050365447998,,,,DJF
4,6,RandomForestRegressor,0.0068238785932307,0.1198989588292955,2.595680998618842,12.207449436187744,,,,DJF
4,6,XGBRegressor,0.0064638186100762,0.1195798923926103,2.5961514671217234,1.1911168098449707,,,,DJF
4,6,OrthogonalMatchingPursuitCV,-0.0144199054813851,0.1010738218978997,2.6232945954074767,0.0294961929321289,,,,DJF
4,6,OrthogonalMatchingPursuit,-0.0144199054813851,0.1010738218978997,2.6232945954074767,0.0167956352233886,,,,DJF
4,6,ElasticNet,-0.0259703163108071,0.0908384483545599,2.638187031322405,0.0170371532440185,,,,DJF
4,6,BaggingRegressor,-0.0815613109369559,0.0415765992266444,2.708717758264857,1.2414116859436035,,,,DJF
4,6,MLPRegressor,-0.0942439447009735,0.0303379085856649,2.7245529917282654,3.008708477020264,,,,DJF
4,6,DummyRegressor,-0.1286263796500726,-0.0001300176405765,2.767026265837542,0.0156891345977783,,,,DJF
4,6,LassoLars,-0.1451714872011709,-0.0147914317323467,2.787234098038636,0.0166776180267334,,,,DJF
4,6,Lasso,-0.1451714872011709,-0.0147914317323467,2.787234098038636,0.017465591430664,,,,DJF
4,6,QuantileRegressor,-0.1489377202305972,-0.0181288716274932,2.7918136551081782,0.8930339813232422,,,,DJF
4,6,AdaBoostRegressor,-0.3335801659247293,-0.1817494069959175,3.007791634198276,1.3685126304626465,,,,DJF
4,6,PassiveAggressiveRegressor,-0.4134844083405213,-0.2525563922106706,3.0965899101769705,0.0222823619842529,,,,DJF
4,6,DecisionTreeRegressor,-0.6521715203861262,-0.4640685009873262,3.347848132937353,0.2187418937683105,,,,DJF
4,6,ExtraTreeRegressor,-0.7301586327263201,-0.5331766252052967,3.425950984984337,0.0632500648498535,,,,DJF
4,6,RANSACRegressor,-1.231032811509194,-0.9770252807870844,3.8903722785411783,0.1912887096405029,,,,DJF
4,6,Lars,-53811934.09466473,-47685338.06870669,19106.33939531293,0.0233001708984375,,,,DJF
4,6,TweedieRegressor,0.5710141373192059,0.6237583007635659,2.2775889848967177,0.0194580554962158,0.6122,0.027,0.5812,JJA
4,6,CatBoostRegressor,0.5042041610233655,0.5651626658155746,2.4485292840237665,2.205575466156006,0.5477,0.0748,0.4653,JJA
4,6,KNeighborsRegressor,0.4956933854708042,0.5576982970932463,2.469455451096228,0.0238928794860839,0.5411,0.048,0.507,JJA
4,6,GradientBoostingRegressor,0.4661132461928353,0.5317550601855194,2.540846545255637,3.9057793617248535,0.5122,0.0646,0.4376,JJA
4,6,LGBMRegressor,0.4633118200591495,0.5292980716912212,2.5475040253713943,0.2289464473724365,0.5136,0.073,0.4376,JJA
4,6,HistGradientBoostingRegressor,0.4631487949777682,0.5291550906772229,2.547890912518174,0.5679359436035156,,,,JJA
4,6,PoissonRegressor,0.4596975097049339,0.526128143757606,2.5560676761485728,0.0267345905303955,,,,JJA
4,6,ExtraTreesRegressor,0.4555570305550119,0.5224967399130023,2.565842891600396,3.97642183303833,,,,JJA
4,6,HuberRegressor,0.4515124588878837,0.5189494516475701,2.575355855957238,0.1053478717803955,,,,JJA
4,6,LinearSVR,0.4499110522122231,0.5175449392353104,2.5791127198876223,0.1980566978454589,,,,JJA
4,6,MLPRegressor,0.4377733526938883,0.5068995798216889,2.6074114989851083,2.497903347015381,,,,JJA
4,6,SGDRegressor,0.424184609278776,0.4949815835477789,2.6387333018703334,0.025069236755371,,,,JJA
4,6,RandomForestRegressor,0.4220788959388667,0.493134769389006,2.643553722983244,9.155531406402588,,,,JJA
4,6,BayesianRidge,0.419234937585183,0.4906404780460212,2.6500502240531563,0.0256867408752441,,,,JJA
4,6,LinearRegression,0.4173008758796553,0.4889442108124846,2.654459150281271,0.0202758312225341,,,,JJA
4,6,TransformedTargetRegressor,0.4173008758796553,0.4889442108124846,2.654459150281271,0.0210878849029541,,,,JJA
4,6,Ridge,0.4171601693593995,0.4888208042742273,2.65477962198774,0.0170905590057373,,,,JJA
4,6,RidgeCV,0.4171601693592437,0.4888208042740908,2.6547796219880944,0.0214526653289794,,,,JJA
4,6,LassoCV,0.4168636375062412,0.4885607312554738,2.6554548732108354,0.1481325626373291,,,,JJA
4,6,ElasticNetCV,0.415931596401221,0.4877432853682839,2.6575761651440266,0.1506354808807373,,,,JJA
4,6,LassoLarsCV,0.4157849360302632,0.4876146570101488,2.657909804696785,0.0746541023254394,,,,JJA
4,6,LassoLarsIC,0.4154935372778432,0.4873590859731903,2.658572587200981,0.0316505432128906,,,,JJA
4,6,XGBRegressor,0.4154382863093455,0.4873106281565571,2.658698236144664,1.083395004272461,,,,JJA
4,6,ElasticNet,0.4113390513503951,0.4837153974958383,2.668004001952522,0.0172309875488281,,,,JJA
4,6,BaggingRegressor,0.4057443856302141,0.4788086005117451,2.6806524478216622,0.942209005355835,,,,JJA
4,6,OrthogonalMatchingPursuitCV,0.3953025414566056,0.4696505896381704,2.7041011655576703,0.0288524627685546,,,,JJA
4,6,OrthogonalMatchingPursuit,0.3953025414566056,0.4696505896381704,2.7041011655576703,0.0160701274871826,,,,JJA
4,6,AdaBoostRegressor,0.2600418221201245,0.3510202866135518,2.9912826419958973,1.158637523651123,,,,JJA
4,6,LarsCV,0.1962086621841697,0.2950354660139849,3.1176368384911983,0.0700263977050781,,,,JJA
4,6,Lasso,0.1405164765137166,0.2461906802210465,3.223833779027113,0.0245404243469238,,,,JJA
4,6,LassoLars,0.1404795804729716,0.2461583205787537,3.2239029749003927,0.0161349773406982,,,,JJA
4,6,PassiveAggressiveRegressor,0.1303630664923353,0.2372856402842612,3.2428200658652235,0.0281736850738525,,,,JJA
4,6,ExtraTreeRegressor,0.1135337553507777,0.2225255067420755,3.274047419184317,0.0549206733703613,,,,JJA
4,6,RANSACRegressor,0.0637461989520694,0.1788593712120608,3.3647334110665814,0.1895005702972412,,,,JJA
4,6,DecisionTreeRegressor,0.0167337344085084,0.1376271277189377,3.448176068649772,0.1665918827056884,,,,JJA
4,6,DummyRegressor,-0.1403926756777622,-0.0001804614550866,3.713479864156007,0.0137147903442382,,,,JJA
4,6,QuantileRegressor,-0.1443487791705398,-0.0036501587807193,3.719915450805999,0.6741940975189209,,,,JJA
4,6,Lars,-2.953826920715675e+17,-2.590651479644076e+17,1889932902.284384,0.0228095054626464,,,,JJA
4,6,TweedieRegressor,0.4183332474096479,0.4826058167566481,1.9650857532622397,0.0201234817504882,0.4401,0.1778,0.2522,MAM
4,6,KNeighborsRegressor,0.3277493288727104,0.4020311709862231,2.112564652682778,0.026926040649414,0.3553,0.193,0.1352,MAM
4,6,CatBoostRegressor,0.282657264045774,0.3619216547589482,2.182266265163927,2.2435083389282227,0.3093,0.1819,0.1066,MAM
4,6,LinearSVR,0.2818191566194731,0.3611761558880396,2.183540718478127,0.2236404418945312,0.3059,0.135,0.154,MAM
4,6,HuberRegressor,0.2711763778996616,0.351709374816826,2.1996602502484355,0.1231725215911865,0.2957,0.1393,0.1392,MAM
4,6,GradientBoostingRegressor,0.2682518267965423,0.349107978531731,2.204069120986908,4.470165014266968,,,,MAM
4,6,HistGradientBoostingRegressor,0.2606787191274147,0.342371678339855,2.215445089206078,0.597989559173584,,,,MAM
4,6,ExtraTreesRegressor,0.2528500378748054,0.3354080447394678,2.227143887408397,4.527025461196899,,,,MAM
4,6,LGBMRegressor,0.2419727820053449,0.3257326955959145,2.243297057119826,0.2250897884368896,,,,MAM
4,6,ElasticNetCV,0.2360024322473937,0.3204220529935381,2.252114022502832,0.1214709281921386,,,,MAM
4,6,ElasticNet,0.229713173462469,0.3148277399307044,2.261364770114587,0.0174658298492431,,,,MAM
4,6,PoissonRegressor,0.2214396584305192,0.3074684254547712,2.2734767939044027,0.0271136760711669,,,,MAM
4,6,LassoCV,0.2214339225843611,0.3074633234037687,2.2734851685212565,0.1197206974029541,,,,MAM
4,6,LassoLarsCV,0.2213372294496961,0.3073773145933761,2.27362634059962,0.0785157680511474,,,,MAM
4,6,BayesianRidge,0.2192226599824446,0.3054963992109037,2.276711425324341,0.0284969806671142,,,,MAM
4,6,LassoLarsIC,0.2180324221466174,0.3044376793679857,2.278446104338242,0.0346820354461669,,,,MAM
4,6,RandomForestRegressor,0.2166670718531952,0.3032231965103007,2.280434371113513,10.790619373321531,,,,MAM
4,6,RidgeCV,0.2114762968829784,0.2986059878351355,2.2879775727489697,0.0226767063140869,,,,MAM
4,6,TransformedTargetRegressor,0.2093032254591006,0.2966730348006364,2.291128091792292,0.0223994255065917,,,,MAM
4,6,LinearRegression,0.2093032254591006,0.2966730348006364,2.291128091792292,0.02215576171875,,,,MAM
4,6,Ridge,0.2092645615235084,0.2966386431231208,2.291184107542542,0.0179195404052734,,,,MAM
4,6,SGDRegressor,0.1982332748083373,0.2868262831168083,2.307110527041158,0.0302321910858154,,,,MAM
4,6,XGBRegressor,0.1808441823191403,0.2713586373115005,2.331995170529889,1.1502177715301514,,,,MAM
4,6,BaggingRegressor,0.1794588862439854,0.2701264126258654,2.3339661869368857,1.108100652694702,,,,MAM
4,6,OrthogonalMatchingPursuit,0.0736725307278739,0.1760291571667829,2.4798571139857564,0.016603946685791,,,,MAM
4,6,OrthogonalMatchingPursuitCV,0.0736725307278739,0.1760291571667829,2.4798571139857564,0.0311298370361328,,,,MAM
4,6,MLPRegressor,0.0138198523607974,0.1227900344203778,2.558718531621021,2.942445516586304,,,,MAM
4,6,AdaBoostRegressor,7.103712940359497e-05,0.1105604252919004,2.5764929629195645,1.2912743091583252,,,,MAM
4,6,Lasso,-0.0651409273845839,0.05255420271316,2.6591811462560866,0.0170121192932128,,,,MAM
4,6,LassoLars,-0.0651418769181781,0.0525533581004049,2.659182331536458,0.016761302947998,,,,MAM
4,6,QuantileRegressor,-0.1245519856314221,-0.0002920977163478,2.732336319838003,0.8115527629852295,,,,MAM
4,6,DummyRegressor,-0.1308342377447138,-0.0058801783254083,2.7399577190282924,0.0145776271820068,,,,MAM
4,6,DecisionTreeRegressor,-0.3054297148164828,-0.1611833374886946,2.943886986321876,0.1895751953125,,,,MAM
4,6,RANSACRegressor,-0.3928294546744579,-0.2389256475281089,3.0408385186380213,0.1902377605438232,,,,MAM
4,6,ExtraTreeRegressor,-0.4717705497785691,-0.3091439696925393,3.1258234209282407,0.0592446327209472,,,,MAM
4,6,PassiveAggressiveRegressor,-0.6737006340541327,-0.4887613374735655,3.3333681158903063,0.0304296016693115,,,,MAM
4,6,LarsCV,-3104561544136721.0,-2761516069646475.5,143563660.60601327,0.0812149047851562,,,,MAM
4,6,Lars,-3213688699461156.5,-2858584975763791.0,146065042.53558552,0.0234034061431884,,,,MAM
4,6,TweedieRegressor,0.5224086327919928,0.5775153290083013,2.511928040952032,0.0196068286895751,0.5686,0.047,0.5359,SON
4,6,KNeighborsRegressor,0.4317502506190002,0.4973175293937308,2.7399875309690085,0.0251734256744384,0.4806,0.1006,0.3658,SON
4,6,PoissonRegressor,0.3978093578046412,0.4672928934425672,2.8206289643432303,0.0277826786041259,0.4554,0.0949,0.3795,SON
4,6,ElasticNetCV,0.392073050198446,0.4622184674832407,2.8340314029611378,0.1561706066131591,0.4492,0.0727,0.3817,SON
4,6,BayesianRidge,0.3913926019983493,0.4616165325370013,2.835617014731864,0.0266270637512207,0.4488,0.0735,0.3825,SON
4,6,LassoCV,0.3901635733282439,0.4605293148672926,2.83847870927795,0.1981253623962402,,,,SON
4,6,LassoLarsCV,0.3901592583373962,0.4605254977600043,2.8384887513051646,0.0782771110534668,,,,SON
4,6,HuberRegressor,0.3897858681850117,0.4601951910867411,2.839357585980073,0.1160850524902343,,,,SON
4,6,LassoLarsIC,0.3885999233508962,0.4591460860411773,2.842115377700367,0.0326120853424072,,,,SON
4,6,Ridge,0.3863936348790879,0.4571943693161162,2.8472387657128064,0.0173943042755126,,,,SON
4,6,RidgeCV,0.3863936348777731,0.457194369314953,2.847238765715857,0.0218291282653808,,,,SON
4,6,LinearRegression,0.3861131612738634,0.456946258049956,2.8478894141842908,0.0209908485412597,,,,SON
4,6,TransformedTargetRegressor,0.3861131612738634,0.456946258049956,2.8478894141842908,0.0217409133911132,,,,SON
4,6,LinearSVR,0.3754150078373683,0.4474825069330566,2.8725971966485644,0.1859371662139892,,,,SON
4,6,SGDRegressor,0.3738562884986023,0.4461036398256865,2.8761794014507585,0.0282564163208007,,,,SON
4,6,OrthogonalMatchingPursuit,0.3520352471349807,0.4268004109270983,2.9258674750262728,0.0162780284881591,,,,SON
4,6,OrthogonalMatchingPursuitCV,0.3520352471349807,0.4268004109270983,2.9258674750262728,0.0283544063568115,,,,SON
4,6,LarsCV,0.2958991798164782,0.377141582145346,3.049975741547007,0.0735950469970703,,,,SON
4,6,GradientBoostingRegressor,0.2679630516373995,0.3524288533715457,3.1098931015134648,4.186336278915405,,,,SON
4,6,CatBoostRegressor,0.2612457112887836,0.3464865907554624,3.124129067151263,2.1920166015625,,,,SON
4,6,LGBMRegressor,0.249437951028232,0.3360412643711283,3.1489970995572496,0.2209229469299316,,,,SON
4,6,ElasticNet,0.2437100734181132,0.3309742957160232,3.1609899710564795,0.0168149471282959,,,,SON
4,6,HistGradientBoostingRegressor,0.2209753061818481,0.3108627708531732,3.2081493075509893,0.5709843635559082,,,,SON
4,6,RandomForestRegressor,0.2115262496787712,0.3025039901004513,3.2275470336041083,10.100047826766968,,,,SON
4,6,XGBRegressor,0.2049095399990752,0.2966507469222588,3.2410611965365588,1.188164472579956,,,,SON
4,6,ExtraTreesRegressor,0.1948320415095393,0.287736036719977,3.2615361911675285,4.294558048248291,,,,SON
4,6,BaggingRegressor,0.1846607687127973,0.2787383723228591,3.2820721943119446,1.0454978942871094,,,,SON
4,6,MLPRegressor,0.1758779619939847,0.2709689663792941,3.299702030012328,2.6465728282928467,,,,SON
4,6,AdaBoostRegressor,0.1145965958068622,0.2167585270599165,3.420184651726021,1.174684762954712,,,,SON
4,6,PassiveAggressiveRegressor,0.0893304408319587,0.1944076976590403,3.468641132976188,0.0297884941101074,,,,SON
4,6,Lasso,-0.0255614719626673,0.092772544033025,3.680949069905081,0.0167105197906494,,,,SON
4,6,LassoLars,-0.0255640612066123,0.0927702535479967,3.680953716564173,0.0162699222564697,,,,SON
4,6,ExtraTreeRegressor,-0.1397409751164395,-0.0082324010645427,3.880449545558323,0.0565099716186523,,,,SON
4,6,DummyRegressor,-0.1925143530096671,-0.0549165430470133,3.9692711490273633,0.0145213603973388,,,,SON
4,6,QuantileRegressor,-0.2770039586769424,-0.1296573480603722,4.107476447152868,0.728593111038208,,,,SON
4,6,DecisionTreeRegressor,-0.3127441701306788,-0.1612736889617543,4.16455890386048,0.1822657585144043,,,,SON
4,6,RANSACRegressor,-0.6448865153293766,-0.4550919174067562,4.661728002499738,0.1874234676361084,,,,SON
4,6,Lars,-8.165055273577843e+16,-7.22293351124194e+16,1038624408.2763064,0.0232157707214355,,,,SON
5,15,TweedieRegressor,0.4203673043798588,0.4278609397466351,2.330283156516765,0.0354893207550048,0.3407,0.1329,0.0875,
5,15,KNeighborsRegressor,0.4141560523198581,0.4217299882950377,2.3427353588603346,0.4757273197174072,0.3287,0.1498,0.055,
5,15,PoissonRegressor,0.3440775137827583,0.3525574424992062,2.4788972082589806,0.0472662448883056,0.2493,0.1455,-0.0171,
5,15,CatBoostRegressor,0.3401561004098269,0.3486867261317425,2.48629617329256,5.980679273605347,0.2471,0.1405,-0.0177,
5,15,LinearSVR,0.3270359970113897,0.3357362426867435,2.5108928254625837,0.8466801643371582,0.2166,0.1851,-0.271,
5,15,HuberRegressor,0.3260992998167227,0.3348116553459183,2.512639671064342,0.265927791595459,,,,
5,15,TransformedTargetRegressor,0.301359648285579,0.3103918441707041,2.5583448913924944,0.0498697757720947,,,,
5,15,LinearRegression,0.301359648285579,0.3103918441707041,2.5583448913924944,0.0546228885650634,,,,
5,15,Ridge,0.301298944167518,0.3103319248505495,2.558456034913324,0.0299239158630371,,,,
5,15,LassoLarsIC,0.3012238717415851,0.3102578229795737,2.558593478774756,0.0959835052490234,,,,
5,15,LGBMRegressor,0.3010677434215218,0.3101037131251868,2.5588792974901216,1.3853974342346191,,,,
5,15,LassoLarsCV,0.3009684734778005,0.3100057265679389,2.559061010941203,0.1797473430633545,,,,
5,15,RidgeCV,0.3009040928735299,0.309942178292101,2.559178852622677,0.0647344589233398,,,,
5,15,BayesianRidge,0.3005286301158645,0.3095715696101649,2.5598659882216506,0.0668790340423584,,,,
5,15,ElasticNetCV,0.2968998149372481,0.3059896686549308,2.5664976132227357,0.3070156574249267,,,,
5,15,LassoCV,0.2965855462069485,0.3056794628687851,2.5670711302365223,0.3784217834472656,,,,
5,15,SGDRegressor,0.296018755566473,0.3051199998383997,2.568105157119845,0.0829215049743652,,,,
5,15,HistGradientBoostingRegressor,0.2948198454357659,0.3039365895154586,2.570291023251092,1.297614812850952,,,,
5,15,ExtraTreesRegressor,0.2729889390271545,0.282387918483817,2.609773204723887,19.31144690513611,,,,
5,15,XGBRegressor,0.2728282616562815,0.2822293183898784,2.610061582957019,1.8118979930877688,,,,
5,15,GradientBoostingRegressor,0.2685722388449987,0.2780283184979399,2.617688581086332,25.46671772003174,,,,
5,15,MLPRegressor,0.2521519668791332,0.2618203318839279,2.646908548048189,9.50461483001709,,,,
5,15,ElasticNet,0.2372571721370237,0.2471181007454655,2.6731376629300856,0.0315217971801757,,,,
5,15,OrthogonalMatchingPursuit,0.233508513354815,0.2434179055544942,2.679698458123085,0.0267486572265625,,,,
5,15,OrthogonalMatchingPursuitCV,0.233508513354815,0.2434179055544942,2.679698458123085,0.0565576553344726,,,,
5,15,RandomForestRegressor,0.228704703509466,0.2386762005552389,2.688082540493628,63.05779790878296,,,,
5,15,BaggingRegressor,0.1993206171447786,0.2096719989528617,2.738807960320644,6.340331315994263,,,,
5,15,LarsCV,0.1840965435696206,0.1946447459798389,2.7647231246779143,0.1745498180389404,,,,
5,15,Lasso,0.0714656327891963,0.0834699555714951,2.9493835244049453,0.0326080322265625,,,,
5,15,LassoLars,0.071459914561015,0.0834643112699871,2.94939260604081,0.0287261009216308,,,,
5,15,AdaBoostRegressor,0.0620350158870214,0.0741612600255214,2.964323325930225,5.930105924606323,,,,
5,15,QuantileRegressor,-0.0142289329149192,-0.0011167295158898,3.0824799211762883,9.23519802093506,,,,
5,15,PassiveAggressiveRegressor,-0.0225427322924771,-0.0093230460314237,3.0950879308447146,0.0784559249877929,,,,
5,15,DummyRegressor,-0.0318087835626781,-0.0184693034907623,3.109079798403521,0.0215113162994384,,,,
5,15,RANSACRegressor,-0.037740272394922,-0.0243241085630547,3.118003469627283,0.2223081588745117,,,,
5,15,DecisionTreeRegressor,-0.0960231798895627,-0.0818535201624837,3.20436609726605,1.0799405574798584,,,,
5,15,ExtraTreeRegressor,-0.1052749228487337,-0.0909856542921889,3.217862012701538,0.2223336696624755,,,,
5,15,Lars,-8.044533173098013e+24,-7.940531451403145e+24,8681258374867.949,0.0417578220367431,,,,
5,15,TweedieRegressor,0.1771964227576141,0.224711547526183,2.4037085437838237,0.0167760848999023,0.2342,0.1154,0.1134,DJF
5,15,KNeighborsRegressor,0.0968569258182295,0.1490114825563491,2.5183262909504616,0.0378837585449218,0.1475,0.0759,0.0614,DJF
5,15,PoissonRegressor,0.0691735275362431,0.1229267405755361,2.5566311999757265,0.0211257934570312,0.133,0.127,-0.0011,DJF
5,15,CatBoostRegressor,0.0531493723861923,0.107827945684391,2.578543469638829,3.260737180709839,0.1104,0.0814,0.0175,DJF
5,15,HuberRegressor,0.0436197004340225,0.098848591650537,2.5914869864591923,0.0842261314392089,0.1032,0.1122,-0.0252,DJF
5,15,LinearSVR,0.0401033530379342,0.0955353057017686,2.596246707974666,0.1579742431640625,,,,DJF
5,15,GradientBoostingRegressor,0.0221234048807207,0.078593660614269,2.6204492150341063,5.814420700073242,,,,DJF
5,15,HistGradientBoostingRegressor,0.0213020495475959,0.0778197367729512,2.6215494909711623,1.114955186843872,,,,DJF
5,15,LGBMRegressor,0.0167916647071019,0.0735698168895598,2.6275833266700896,0.5176846981048584,,,,DJF
5,15,LinearRegression,0.0122030863585267,0.0692462190038476,2.633707581862305,0.0193779468536376,,,,DJF
5,15,TransformedTargetRegressor,0.0122030863585267,0.0692462190038476,2.633707581862305,0.021881103515625,,,,DJF
5,15,Ridge,0.0115606462209572,0.0686408783929904,2.634563893730665,0.0148627758026123,,,,DJF
5,15,RidgeCV,0.0115606462208653,0.0686408783929038,2.634563893730788,0.0221850872039794,,,,DJF
5,15,LassoLarsIC,0.0089466444673137,0.0661778295798846,2.6380452441485,0.0304112434387207,,,,DJF
5,15,BayesianRidge,0.0064803877850722,0.0638539938802557,2.641325619551462,0.0229496955871582,,,,DJF
5,15,LassoLarsCV,0.0059241835026114,0.0633299091906223,2.642064865684976,0.0701515674591064,,,,DJF
5,15,LassoCV,0.005556102150501,0.0629830837395,2.642553965603734,0.2366845607757568,,,,DJF
5,15,ElasticNetCV,0.0030301837057723,0.0606030316149673,2.645907921816764,0.1682212352752685,,,,DJF
5,15,SGDRegressor,-0.0097800293103429,0.0485325806594554,2.6628524963445104,0.0417788028717041,,,,DJF
5,15,ElasticNet,-0.0175890466334134,0.0411745171760233,2.6731290976184394,0.013575792312622,,,,DJF
5,15,XGBRegressor,-0.0200036144688542,0.0388993854042268,2.676298661630568,1.10274076461792,,,,DJF
5,15,ExtraTreesRegressor,-0.0239281360224887,0.0352014964715914,2.681442323925402,4.609647035598755,,,,DJF
5,15,RandomForestRegressor,-0.0348657434878485,0.0248955121514881,2.695725873774717,12.808933973312378,,,,DJF
5,15,DummyRegressor,-0.0613704592097035,-7.861363455230475e-05,2.7300287427925287,0.0128872394561767,,,,DJF
5,15,LarsCV,-0.0649475192206514,-0.0034491061761481,2.734625282307137,0.0634238719940185,,,,DJF
5,15,OrthogonalMatchingPursuitCV,-0.0765884035858111,-0.0144177546780646,2.749530681821517,0.0237815380096435,,,,DJF
5,15,OrthogonalMatchingPursuit,-0.0765884035858111,-0.0144177546780646,2.749530681821517,0.0175931453704834,,,,DJF
5,15,QuantileRegressor,-0.077721401091614,-0.0154853240314631,2.7509770991413216,0.8223285675048828,,,,DJF
5,15,Lasso,-0.090182778989716,-0.0272270843416093,2.766835761123112,0.0134363174438476,,,,DJF
5,15,LassoLars,-0.090182778989716,-0.0272270843416093,2.766835761123112,0.0140206813812255,,,,DJF
5,15,BaggingRegressor,-0.095206688286126,-0.0319608737556471,2.773203663219185,1.3067433834075928,,,,DJF
5,15,MLPRegressor,-0.1755963101731281,-0.1077081690659216,2.8731799603698787,2.487274169921875,,,,DJF
5,15,AdaBoostRegressor,-0.2132197931656967,-0.1431589773909694,2.9187941359650806,1.5096116065979004,,,,DJF
5,15,PassiveAggressiveRegressor,-0.2724297685600918,-0.1989497049281328,2.989170117461465,0.0235052108764648,,,,DJF
5,15,DecisionTreeRegressor,-0.571379391253402,-0.4806356342994038,3.32180586891667,0.2389688491821289,,,,DJF
5,15,ExtraTreeRegressor,-0.6616246036966165,-0.5656693811539824,3.415860911868452,0.0587592124938964,,,,DJF
5,15,RANSACRegressor,-1.1349720859827266,-1.0116820713927712,3.8719507280403143,0.1607024669647216,,,,DJF
5,15,Lars,-259949225318994.72,-244937720488253.88,42724598.02088569,0.0207774639129638,,,,DJF
5,15,TweedieRegressor,0.4501492274387932,0.4756249389088105,2.399124776062514,0.0246474742889404,0.4637,0.1218,0.3598,JJA
5,15,KNeighborsRegressor,0.4294851444351727,0.455918265156323,2.4437900639259524,0.0471553802490234,0.4415,0.0884,0.366,JJA
5,15,PoissonRegressor,0.3812316685421905,0.4099004715440967,2.545039078325609,0.0230967998504638,0.391,0.144,0.2871,JJA
5,15,LinearSVR,0.367319940905661,0.3966333027169817,2.5734900249871866,0.1887695789337158,0.3696,0.1048,0.298,JJA
5,15,HuberRegressor,0.3596384794451918,0.3893077390847967,2.5890654517942697,0.0840916633605957,0.3624,0.1001,0.2946,JJA
5,15,CatBoostRegressor,0.3418967161013797,0.3723879879422425,2.624686545076285,3.1216578483581543,,,,JJA
5,15,SGDRegressor,0.3395742588825348,0.3701731349188653,2.629313747109507,0.0263359546661376,,,,JJA
5,15,LinearRegression,0.338684015245691,0.3693241380914505,2.631085287345824,0.0195837020874023,,,,JJA
5,15,TransformedTargetRegressor,0.338684015245691,0.3693241380914505,2.631085287345824,0.0199527740478515,,,,JJA
5,15,LassoLarsIC,0.338684013930693,0.3693241368373791,2.631085289961723,0.0288426876068115,,,,JJA
5,15,RidgeCV,0.3383582865290589,0.3690135010528091,2.631733173189528,0.0180995464324951,,,,JJA
5,15,Ridge,0.3383582865289676,0.369013501052722,2.6317331731897093,0.0161473751068115,,,,JJA
5,15,LassoLarsCV,0.3373713650299069,0.3680723056462819,2.63369522165372,0.0644872188568115,,,,JJA
5,15,BayesianRidge,0.3368393265068707,0.3675649175567455,2.6347523342549826,0.0233762264251709,,,,JJA
5,15,LassoCV,0.3344655518395605,0.3653011247273029,2.6394636521805586,0.1906764507293701,,,,JJA
5,15,ElasticNetCV,0.3339137134154571,0.3647748541066329,2.640557701977315,0.1610016822814941,,,,JJA
5,15,ExtraTreesRegressor,0.332367550211801,0.3633003278081654,2.6436206434512277,4.292349815368652,,,,JJA
5,15,GradientBoostingRegressor,0.3276065340763148,0.3587598992928562,2.6530299833695743,5.288456678390503,,,,JJA
5,15,ElasticNet,0.3194568537568729,0.350987810339566,2.669059456084561,0.0178358554840087,,,,JJA
5,15,AdaBoostRegressor,0.3002770653347919,0.3326966607632957,2.7064092582182377,1.457622766494751,,,,JJA
5,15,HistGradientBoostingRegressor,0.2877264610619823,0.3207275516691491,2.7305731864672933,1.1222963333129885,,,,JJA
5,15,LGBMRegressor,0.2829952376136216,0.3162155354848052,2.739626990130479,0.5858237743377686,,,,JJA
5,15,XGBRegressor,0.2762755112666812,0.3098071478103099,2.752434862745562,1.1166410446166992,,,,JJA
5,15,OrthogonalMatchingPursuitCV,0.2726222815463067,0.3063231796986014,2.7593730136743035,0.0272994041442871,,,,JJA
5,15,OrthogonalMatchingPursuit,0.2726222815463067,0.3063231796986014,2.7593730136743035,0.0184199810028076,,,,JJA
5,15,MLPRegressor,0.20886669194548,0.2455215170290871,2.8777644989949698,2.3950161933898926,,,,JJA
5,15,RandomForestRegressor,0.2068345740140417,0.2435835512798003,2.8814580651153885,11.83582043647766,,,,JJA
5,15,Lasso,0.1966513261933046,0.2338721141689044,2.899896224318084,0.021705150604248,,,,JJA
5,15,LassoLars,0.1966185764383649,0.2338408817771279,2.8999553330998027,0.0169222354888916,,,,JJA
5,15,BaggingRegressor,0.1640638372733486,0.2027944702954328,2.9581280706045785,1.2081103324890137,,,,JJA
5,15,PassiveAggressiveRegressor,0.0607965434687025,0.1043117615319286,3.1355249225699744,0.0229215621948242,,,,JJA
5,15,DecisionTreeRegressor,0.0176831952705862,0.0631959429800571,3.2066842803859057,0.217637300491333,,,,JJA
5,15,LarsCV,-0.0193950987062163,0.027835562237701,3.266643090350457,0.0631742477416992,,,,JJA
5,15,QuantileRegressor,-0.049374937593198,-0.0007552493649416,3.3143300907751,0.7082736492156982,,,,JJA
5,15,ExtraTreeRegressor,-0.0615247738540392,-0.0123421588492187,3.333461803079884,0.0635228157043457,,,,JJA
5,15,DummyRegressor,-0.071414559848052,-0.0217737308203429,3.348954043484605,0.0121076107025146,,,,JJA
5,15,RANSACRegressor,-0.2233590695765888,-0.1666783404842371,3.5785524668781585,0.1547021865844726,,,,JJA
5,15,Lars,-404610221341578.06,-385863801819960.5,65080194.301044896,0.021522045135498,,,,JJA
5,15,KNeighborsRegressor,0.3667706616033798,0.4002453402851395,1.918318659366384,0.0392634868621826,0.267,0.1844,0.1467,MAM
5,15,TweedieRegressor,0.366297893759164,0.3997975645736575,1.919034632323737,0.0171129703521728,0.2679,0.1699,0.1576,MAM
5,15,PoissonRegressor,0.279385035989486,0.3174792191089846,2.046406352316812,0.0229227542877197,0.1533,0.2125,-0.0275,MAM
5,15,LinearSVR,0.2781947528736342,0.3163518584485963,2.0480957412694423,0.2214770317077636,0.1318,0.2616,-0.1305,MAM
5,15,HuberRegressor,0.2733694354054883,0.3117816238422026,2.054930168230309,0.0777328014373779,0.1229,0.2698,-0.153,MAM
5,15,CatBoostRegressor,0.2582788553095196,0.2974887836632015,2.0761587930444456,2.9165542125701904,,,,MAM
5,15,ExtraTreesRegressor,0.2254800282516159,0.2664238153043939,2.1215660037101345,4.332731246948242,,,,MAM
5,15,LGBMRegressor,0.207172415104737,0.2490840054956761,2.1464936754882804,0.4679937362670898,,,,MAM
5,15,BayesianRidge,0.2067666137091102,0.2486996561562057,2.147042936585275,0.0222816467285156,,,,MAM
5,15,RidgeCV,0.2034591962079325,0.2455670801088347,2.1515143700561903,0.0179169178009033,,,,MAM
5,15,TransformedTargetRegressor,0.2033590761272379,0.2454722527196307,2.1516495816001795,0.0194883346557617,,,,MAM
5,15,LinearRegression,0.2033590761272379,0.2454722527196307,2.1516495816001795,0.0201785564422607,,,,MAM
5,15,Ridge,0.2032573433125761,0.2453758978511184,2.151786962428666,0.0143923759460449,,,,MAM
5,15,LassoLarsIC,0.2005456405516739,0.2428075450159026,2.1554456407908296,0.0302560329437255,,,,MAM
5,15,ElasticNetCV,0.1969101520885265,0.239364240964904,2.1603409855196016,0.1120345592498779,,,,MAM
5,15,LassoLarsCV,0.1903643341886541,0.2331644574914566,2.169127362335797,0.0723099708557128,,,,MAM
5,15,GradientBoostingRegressor,0.1899406316038521,0.2327631532811815,2.1696948673865486,5.502570867538452,,,,MAM
5,15,LassoCV,0.1899083424434339,0.2327325710367326,2.169738109234153,0.1134665012359619,,,,MAM
5,15,HistGradientBoostingRegressor,0.1893918130548064,0.2322433471664466,2.1704297315311085,0.9388554096221924,,,,MAM
5,15,SGDRegressor,0.1705436481364317,0.2143915610102768,2.195518018773479,0.0272746086120605,,,,MAM
5,15,XGBRegressor,0.1650583228650568,0.209196208881001,2.202765708921353,1.0259287357330322,,,,MAM
5,15,ElasticNet,0.1542704863667479,0.1989786544883295,2.216950418675331,0.0168724060058593,,,,MAM
5,15,RandomForestRegressor,0.1383583466339562,0.183907685137888,2.2377088516895083,12.03020429611206,,,,MAM
5,15,MLPRegressor,0.1276630241364713,0.1737777541380676,2.251554054402229,2.375469446182251,,,,MAM
5,15,OrthogonalMatchingPursuitCV,0.1245946479709027,0.1708715828799298,2.255510409871348,0.0257375240325927,,,,MAM
5,15,OrthogonalMatchingPursuit,0.1245946479709027,0.1708715828799298,2.255510409871348,0.0139014720916748,,,,MAM
5,15,BaggingRegressor,0.0906735771950901,0.1387436964623101,2.2987944636081523,1.2370367050170898,,,,MAM
5,15,LarsCV,0.0142316153911954,0.0663427194233789,2.3934682995927794,0.0601367950439453,,,,MAM
5,15,AdaBoostRegressor,0.0085524480049312,0.0609637723394723,2.400352972397606,1.4224772453308103,,,,MAM
5,15,Lasso,-0.0020060815685774,0.0509634029196294,2.413100534417258,0.0137834548950195,,,,MAM
5,15,LassoLars,-0.0020069186843267,0.050962610056695,2.413101542417148,0.0174310207366943,,,,MAM
5,15,QuantileRegressor,-0.0821713056814736,-0.0249640119890608,2.507773126967036,0.7389044761657715,,,,MAM
5,15,DummyRegressor,-0.1536826818339067,-0.092695051076167,2.589306274965528,0.011904239654541,,,,MAM
5,15,PassiveAggressiveRegressor,-0.184189181655521,-0.1215888724931144,2.6233170487536666,0.0195310115814209,,,,MAM
5,15,ExtraTreeRegressor,-0.3468679513371433,-0.2756678834250476,2.7977103314302485,0.0612220764160156,,,,MAM
5,15,DecisionTreeRegressor,-0.3696316265624042,-0.2972281925591051,2.821253592108642,0.2061877250671386,,,,MAM
5,15,RANSACRegressor,-0.6191199013554589,-0.533527659874113,3.0674658933409757,0.1575319766998291,,,,MAM
5,15,Lars,-4.998696146826795e+18,-4.73444789236899e+18,5389749814.812606,0.0204064846038818,,,,MAM
5,15,TweedieRegressor,0.3874408563168831,0.4188810176693099,2.475667540687198,0.019108772277832,0.4122,0.0261,0.3897,SON
5,15,PoissonRegressor,0.3067615062900978,0.3423426094745239,2.633659613535186,0.0216643810272216,0.3317,0.0262,0.3149,SON
5,15,HuberRegressor,0.3042477722629068,0.3399578951578816,2.638430215038561,0.0770132541656494,0.3312,0.0175,0.3149,SON
5,15,LinearSVR,0.3010256131420823,0.3369011163169968,2.644532690479349,0.1567156314849853,0.3276,0.0178,0.3156,SON
5,15,KNeighborsRegressor,0.2953987981734179,0.3315631028009586,2.65515573287368,0.0396215915679931,0.3236,0.1143,0.1983,SON
5,15,BayesianRidge,0.2932033054321933,0.329480295743629,2.6592891640921046,0.0228548049926757,,,,SON
5,15,LinearRegression,0.2926049197996851,0.3289126228039785,2.660414624767145,0.0183179378509521,,,,SON
5,15,TransformedTargetRegressor,0.2926049197996851,0.3289126228039785,2.660414624767145,0.0198080539703369,,,,SON
5,15,Ridge,0.2926043337072926,0.3289120667933169,2.6604157268729502,0.01827073097229,,,,SON
5,15,RidgeCV,0.2925856960819517,0.3288943857612356,2.660450773387469,0.0180938243865966,,,,SON
5,15,SGDRegressor,0.291504235135558,0.3278684317924156,2.6624835813289205,0.0258874893188476,,,,SON
5,15,LassoLarsCV,0.2910257023968151,0.3274144601865423,2.663382577878987,0.0711634159088134,,,,SON
5,15,LassoLarsIC,0.2905738572396636,0.3269858063975936,2.6642311593017247,0.0313384532928466,,,,SON
5,15,LassoCV,0.2903601043928809,0.3267830246122369,2.664632500660441,0.293569803237915,,,,SON
5,15,ElasticNetCV,0.2902547048180078,0.3266830347674685,2.664830376165251,0.13908052444458,,,,SON
5,15,OrthogonalMatchingPursuit,0.250043344400199,0.2885355594010442,2.739279774404797,0.0139775276184082,,,,SON
5,15,OrthogonalMatchingPursuitCV,0.250043344400199,0.2885355594010442,2.739279774404797,0.0224776268005371,,,,SON
5,15,LGBMRegressor,0.2424037023529778,0.2812880290072305,2.753196639832658,0.5099968910217285,,,,SON
5,15,CatBoostRegressor,0.2350784263979293,0.2743387295768209,2.766475089088841,3.0383050441741943,,,,SON
5,15,GradientBoostingRegressor,0.2196967870171817,0.2597465669820826,2.7941518640680614,5.550804138183594,,,,SON
5,15,HistGradientBoostingRegressor,0.2054578678584244,0.2462384734431075,2.8195303563829635,0.8544325828552246,,,,SON
5,15,ExtraTreesRegressor,0.2041405267904097,0.2449887461168215,2.8218667616513757,4.362842559814453,,,,SON
5,15,XGBRegressor,0.2006055562843239,0.241635211222682,2.8281267635160425,1.067638635635376,,,,SON
5,15,ElasticNet,0.1819571385698007,0.2239439406962439,2.8609241161071024,0.0137321949005126,,,,SON
5,15,RandomForestRegressor,0.1683563380053125,0.2110412137278799,2.8846089727450104,12.094339847564695,,,,SON
5,15,LarsCV,0.1570342686330658,0.2003002599778186,2.9041782525472915,0.0600857734680175,,,,SON
5,15,BaggingRegressor,0.1416855434419204,0.1857393222216337,2.930498630305468,1.2160134315490725,,,,SON
5,15,AdaBoostRegressor,0.1171479772902153,0.1624611692171503,2.972092126597403,1.4857325553894043,,,,SON
5,15,Lasso,0.022562374255261,0.0727302592378824,3.127251686953082,0.0135834217071533,,,,SON
5,15,LassoLars,0.0225525806831605,0.072720968329876,3.1272673538802334,0.0137572288513183,,,,SON
5,15,MLPRegressor,-0.0164164064343985,0.0357521003115928,3.1889972323076288,2.3927879333496094,,,,SON
5,15,QuantileRegressor,-0.0543621440723061,-0.0002460374475512,3.24797899029035,0.7232344150543213,,,,SON
5,15,DummyRegressor,-0.0641695321485344,-0.0095500523119971,3.263049930754846,0.0126299858093261,,,,SON
5,15,PassiveAggressiveRegressor,-0.1193746250712164,-0.0619216930744046,3.346617193148192,0.0178403854370117,,,,SON
5,15,ExtraTreeRegressor,-0.1819746488756672,-0.1213087130907741,3.43892251064022,0.0575454235076904,,,,SON
5,15,DecisionTreeRegressor,-0.2126186322264784,-0.1503798658162229,3.483216167824626,0.2158410549163818,,,,SON
5,15,RANSACRegressor,-0.9435988669644972,-0.8438418678046429,4.409827766208211,0.1536283493041992,,,,SON
5,15,Lars,-30058613672847.395,-28515827684506.16,17342143.773756426,0.0216329097747802,,,,SON
6,16,TweedieRegressor,0.3350350889096657,0.3441131081736975,2.8369479525947168,0.033890962600708,0.2528,0.1225,0.0432,
6,16,KNeighborsRegressor,0.2998242064066058,0.3093829203123176,2.9110894464514705,0.3438282012939453,0.222,0.1372,0.0107,
6,16,HuberRegressor,0.1889433268221626,0.200015772872372,3.1331241535644265,0.1822133064270019,0.0618,0.1248,-0.1215,
6,16,LinearSVR,0.1874159912596158,0.1985092883072661,3.136072826174273,0.7158257961273193,0.0618,0.1241,-0.1237,
6,16,SGDRegressor,0.1645247956883847,0.1759306005254033,3.179938979273317,0.0539803504943847,0.0214,0.1481,-0.1823,
6,16,ElasticNetCV,0.1631998732373869,0.1746237657529175,3.1824594032804963,0.1426057815551757,,,,
6,16,BayesianRidge,0.1631295780538443,0.1745544302305836,3.1825930713230224,0.0519742965698242,,,,
6,16,PoissonRegressor,0.1630840496224195,0.1745095233477107,3.182679641774026,0.0348234176635742,,,,
6,16,RidgeCV,0.1627132124040258,0.1741437487534589,3.18338468590124,0.0478370189666748,,,,
6,16,LassoLarsIC,0.1626468543544187,0.1740782966157918,3.1835108308594253,0.0603582859039306,,,,
6,16,LassoLarsCV,0.1626466743262876,0.1740781190453827,3.183511173081508,0.1377041339874267,,,,
6,16,Ridge,0.1624227585119837,0.1738572601022637,3.183936794397101,0.0299539566040039,,,,
6,16,LinearRegression,0.162352438171085,0.173787899766019,3.184070448232532,0.0362246036529541,,,,
6,16,TransformedTargetRegressor,0.162352438171085,0.173787899766019,3.184070448232532,0.0352482795715332,,,,
6,16,LassoCV,0.160973927704504,0.1724282085549544,3.1866893719149694,0.3021090030670166,,,,
6,16,CatBoostRegressor,0.1522623586173697,0.1638355687386342,3.203190275023365,3.840474605560303,,,,
6,16,GradientBoostingRegressor,0.1424874074766822,0.1541940640299015,3.221604749366677,18.89902353286743,,,,
6,16,HistGradientBoostingRegressor,0.1423161447329179,0.1540251393440727,3.2219264433731483,1.3000552654266355,,,,
6,16,LGBMRegressor,0.1371728043616324,0.1489520152235897,3.231572593647423,0.6193976402282715,,,,
6,16,ElasticNet,0.1326901485770064,0.1445305561049653,3.239956231480455,0.0228486061096191,,,,
6,16,XGBRegressor,0.1283687683616682,0.1402681708413724,3.248017759844732,1.44313645362854,,,,
6,16,LarsCV,0.1229169213750308,0.1348907517999451,3.258159716724954,0.1227152347564697,,,,
6,16,ExtraTreesRegressor,0.1072464728532742,0.1194342343160281,3.287136895636557,16.083319425582886,,,,
6,16,OrthogonalMatchingPursuit,0.0931161493605909,0.105496816263518,3.3130488371553444,0.0244514942169189,,,,
6,16,OrthogonalMatchingPursuitCV,0.0931161493605909,0.105496816263518,3.3130488371553444,0.0424270629882812,,,,
6,16,RandomForestRegressor,0.0914736525291549,0.1038767425970162,3.316047683440862,48.32772636413574,,,,
6,16,MLPRegressor,0.0833268600211102,0.0958411690993202,3.330882069380287,6.986690998077393,,,,
6,16,BaggingRegressor,0.0660848190199288,0.078834514323411,3.3620620243393797,4.862064123153687,,,,
6,16,DummyRegressor,-0.041542112551534,-0.027323107602025,3.5505073896492307,0.0186643600463867,,,,
6,16,PassiveAggressiveRegressor,-0.0679089145004538,-0.0533299532103452,3.595167338487022,0.0453338623046875,,,,
6,16,QuantileRegressor,-0.0688019857877186,-0.0542108323981251,3.596670308304947,6.357340574264526,,,,
6,16,Lasso,-0.1053472183465129,-0.0902571539322261,3.6576434261642,0.020453929901123,,,,
6,16,LassoLars,-0.1053509529352336,-0.0902608375368003,3.657649605119608,0.0223703384399414,,,,
6,16,AdaBoostRegressor,-0.1513984137938302,-0.135679664117464,3.733058683618404,4.652050733566284,,,,
6,16,DecisionTreeRegressor,-0.2366448563688499,-0.2197623327324152,3.8687841631213966,0.8212985992431641,,,,
6,16,RANSACRegressor,-0.2381977852892196,-0.2212940612579674,3.8712125328475286,0.1733109951019287,,,,
6,16,ExtraTreeRegressor,-0.3439969554382622,-0.3256488741353509,4.033212886452081,0.1745214462280273,,,,
6,16,Lars,-103978232375341.44,-102558734322435.72,35475066.54247813,0.0284867286682128,,,,
6,16,TweedieRegressor,0.0577837716650165,0.1076804827860219,3.3440363227577894,0.0177581310272216,0.1033,0.0661,0.0278,DJF
6,16,KNeighborsRegressor,0.0520824141760959,0.1022810506716248,3.3541384582599045,0.0319528579711914,0.097,0.0821,0.0037,DJF
6,16,CatBoostRegressor,-0.0689627022709522,-0.0123539095646352,3.5618610399269466,2.4870822429656982,-0.0228,0.1265,-0.1564,DJF
6,16,DummyRegressor,-0.0968324692847111,-0.0387477842387422,3.6079943201686175,0.009418249130249,-0.039,0.013,-0.0536,DJF
6,16,LGBMRegressor,-0.1068106246316671,-0.048197528887713,3.624368571190051,0.3375074863433838,-0.0595,0.1333,-0.1982,DJF
6,16,HistGradientBoostingRegressor,-0.1129469265316944,-0.0540088721699101,3.634401669330056,0.999098300933838,,,,DJF
6,16,GradientBoostingRegressor,-0.1157153966375268,-0.0566307330909676,3.638919172695157,4.6370484828948975,,,,DJF
6,16,BayesianRidge,-0.1350199983919573,-0.0749130258381025,3.6702652585195,0.02323579788208,,,,DJF
6,16,HuberRegressor,-0.1364575532373784,-0.0762744524481084,3.6725888026118008,0.0571863651275634,,,,DJF
6,16,ElasticNetCV,-0.1395444679027881,-0.0791978941391806,3.6775732739195592,0.1126463413238525,,,,DJF
6,16,RidgeCV,-0.1409151936116663,-0.0804960306666531,3.679784433459017,0.0210034847259521,,,,DJF
6,16,LassoCV,-0.141892127032535,-0.081421228866646,3.6813595440326656,0.1779541969299316,,,,DJF
6,16,LassoLarsCV,-0.1422740755012976,-0.0817829505850771,3.681975176651276,0.0519921779632568,,,,DJF
6,16,LinearSVR,-0.1437967890516589,-0.0832250261716063,3.684428496036056,0.1424336433410644,,,,DJF
6,16,LassoLarsIC,-0.1439804182860258,-0.0833989309981515,3.684724239842022,0.0248775482177734,,,,DJF
6,16,Ridge,-0.1448672945844304,-0.0842388412083794,3.686152263182677,0.015547752380371,,,,DJF
6,16,TransformedTargetRegressor,-0.1457345688135503,-0.0850601874112439,3.687548189010472,0.0148262977600097,,,,DJF
6,16,LinearRegression,-0.1457345688135503,-0.0850601874112439,3.687548189010472,0.0143406391143798,,,,DJF
6,16,ElasticNet,-0.1460281739766475,-0.0853382441985373,3.688020643042978,0.0106077194213867,,,,DJF
6,16,QuantileRegressor,-0.146671119476472,-0.085947141392987,3.689055025901211,0.6380188465118408,,,,DJF
6,16,LarsCV,-0.1534168095495549,-0.0923356016298961,3.6998901859220856,0.0660715103149414,,,,DJF
6,16,ExtraTreesRegressor,-0.1540045288570943,-0.092892197231829,3.700832698615182,4.095825672149658,,,,DJF
6,16,SGDRegressor,-0.163193285351292,-0.1015943470273048,3.71553741794424,0.0225098133087158,,,,DJF
6,16,OrthogonalMatchingPursuit,-0.1712039700025702,-0.1091808118382682,3.728309555614939,0.0149917602539062,,,,DJF
6,16,OrthogonalMatchingPursuitCV,-0.1712039700025702,-0.1091808118382682,3.728309555614939,0.0220701694488525,,,,DJF
6,16,RandomForestRegressor,-0.1736895772053261,-0.1115347893568534,3.7322636924313466,10.534050941467283,,,,DJF
6,16,PoissonRegressor,-0.176544963208542,-0.1142389633916731,3.73680091415073,0.0178027153015136,,,,DJF
6,16,XGBRegressor,-0.2022203289289088,-0.1385546451374397,3.777354369562208,0.994774580001831,,,,DJF
6,16,BaggingRegressor,-0.2059689750330404,-0.1421047751195518,3.783238874890101,1.079094171524048,,,,DJF
6,16,MLPRegressor,-0.2595707315733861,-0.1928679567327831,3.8664017283674297,1.8912603855133057,,,,DJF
6,16,Lasso,-0.272528095171676,-0.2051391404406075,3.886237926589287,0.0106024742126464,,,,DJF
6,16,LassoLars,-0.272528095171676,-0.2051391404406075,3.886237926589287,0.0114414691925048,,,,DJF
6,16,AdaBoostRegressor,-0.2839096094673587,-0.2159179267065101,3.903578530380525,1.238081693649292,,,,DJF
6,16,PassiveAggressiveRegressor,-0.5963528416363368,-0.5118151801198494,4.352714086125053,0.0203504562377929,,,,DJF
6,16,DecisionTreeRegressor,-0.6021587349057003,-0.5173136121392907,4.3606222554844685,0.1857261657714843,,,,DJF
6,16,ExtraTreeRegressor,-0.6199546040687343,-0.5341670698726848,4.384773034935929,0.0491118431091308,,,,DJF
6,16,RANSACRegressor,-1.069930439030779,-0.9603136461430056,4.956482436306544,0.1178414821624755,,,,DJF
6,16,Lars,-247.98424670130677,-234.7988497003549,54.360273243714936,0.0156052112579345,,,,DJF
6,16,TweedieRegressor,0.3927645878726242,0.4260074024051449,2.4524221391436014,0.0138525962829589,0.3744,0.0972,0.2918,JJA
6,16,KNeighborsRegressor,0.3860215774390447,0.4196335348785132,2.466000936713605,0.0305068492889404,0.3514,0.1418,0.2621,JJA
6,16,GradientBoostingRegressor,0.2641725860487437,0.3044551087103089,2.699632605438339,3.726814031600952,0.2355,0.1188,0.1517,JJA
6,16,CatBoostRegressor,0.2560956385777998,0.2968203298965335,2.714408679559257,2.4129154682159424,0.2238,0.14,0.1315,JJA
6,16,ElasticNet,0.2521434508469928,0.293084502807924,2.7216096332870845,0.0119252204895019,0.2323,0.0964,0.1441,JJA
6,16,HistGradientBoostingRegressor,0.2362892984878809,0.2780982784976685,2.7503066630284305,1.0559570789337158,,,,JJA
6,16,LGBMRegressor,0.2274670799071968,0.2697590280874599,2.7661465195254977,0.4788155555725097,,,,JJA
6,16,ExtraTreesRegressor,0.2151168733211602,0.2580849277013888,2.788169545883231,3.2538864612579346,,,,JJA
6,16,PoissonRegressor,0.2046582887448091,0.2481988933755678,2.806684282313459,0.0230841636657714,,,,JJA
6,16,HuberRegressor,0.2014154220224784,0.2451335558533647,2.8124003438162606,0.0566852092742919,,,,JJA
6,16,XGBRegressor,0.2000541644346284,0.2438468196663094,2.8147963149763706,0.936671495437622,,,,JJA
6,16,LinearSVR,0.1993962780101595,0.2432249489220121,2.8159535406394465,0.1417973041534423,,,,JJA
6,16,RandomForestRegressor,0.190115167033506,0.2344519279623288,2.832228676860503,7.893418550491333,,,,JJA
6,16,SGDRegressor,0.1777834752824277,0.2227953288253606,2.853709646515226,0.0219504833221435,,,,JJA
6,16,BaggingRegressor,0.1776649180320991,0.2226832619354515,2.85391538050595,0.8164029121398926,,,,JJA
6,16,OrthogonalMatchingPursuit,0.1705114299425156,0.2159213881573415,2.866301598562187,0.0113139152526855,,,,JJA
6,16,BayesianRidge,0.169374006670138,0.2148462325823568,2.8682661110359797,0.0220892429351806,,,,JJA
6,16,MLPRegressor,0.1685520151064117,0.2140692405567906,2.8696849852089663,1.6325361728668213,,,,JJA
6,16,Ridge,0.1660845636239567,0.211736868535054,2.8739399494577493,0.0137333869934082,,,,JJA
6,16,RidgeCV,0.1660845636224308,0.2117368685336117,2.8739399494603783,0.0147387981414794,,,,JJA
6,16,TransformedTargetRegressor,0.1660598305048785,0.211713489418845,2.87398256827067,0.0140395164489746,,,,JJA
6,16,LinearRegression,0.1660598305048785,0.211713489418845,2.87398256827067,0.0138719081878662,,,,JJA
6,16,LassoLarsIC,0.1635937289336794,0.209382393408113,2.878228856650935,0.0268433094024658,,,,JJA
6,16,LassoLarsCV,0.1633804061439238,0.2091807488732711,2.878595874861053,0.0475280284881591,,,,JJA
6,16,ElasticNetCV,0.1629500069623138,0.2087739116906544,2.8793362268769864,0.0880937576293945,,,,JJA
6,16,LassoCV,0.1591956293191134,0.205225065670257,2.885786272418056,0.1396355628967285,,,,JJA
6,16,OrthogonalMatchingPursuitCV,0.1464650270607215,0.1931913941924339,2.9075510133345657,0.0209071636199951,,,,JJA
6,16,RANSACRegressor,0.1124756940927272,0.1610627911314467,2.9648778846596624,0.1152315139770507,,,,JJA
6,16,AdaBoostRegressor,0.059359777594271,0.1108546802807161,3.0523087075828403,1.0503249168395996,,,,JJA
6,16,LarsCV,-0.0190645295349209,0.0367236746366987,3.177002273213796,0.0450117588043212,,,,JJA
6,16,Lasso,-0.0197850820095146,0.0360425684654589,3.178125260163787,0.0147054195404052,,,,JJA
6,16,LassoLars,-0.0199062841268404,0.0359280015005413,3.178314115675086,0.0122382640838623,,,,JJA
6,16,DummyRegressor,-0.0579503967889005,-3.3404263960701286e-05,3.237049464254278,0.0121300220489501,,,,JJA
6,16,QuantileRegressor,-0.0616822285535576,-0.0035609386692387,3.2427536493895106,0.4469993114471435,,,,JJA
6,16,PassiveAggressiveRegressor,-0.1314994322057641,-0.0695560326324558,3.3476793473956854,0.0167765617370605,,,,JJA
6,16,ExtraTreeRegressor,-0.1451998131712919,-0.0825063927422065,3.367885492286256,0.0464565753936767,,,,JJA
6,16,DecisionTreeRegressor,-0.1629978279308102,-0.0993300636280285,3.3939554291235083,0.1439969539642334,,,,JJA
6,16,Lars,-4.107747936106637e+17,-3.882871224275981e+17,2017058880.136038,0.0157322883605957,,,,JJA
6,16,TweedieRegressor,0.2688626740134745,0.3090350545621848,2.1284933545140614,0.014958381652832,0.2366,0.1643,0.0482,MAM
6,16,KNeighborsRegressor,0.2159154361091436,0.2589970055536963,2.2042166195190416,0.0304412841796875,0.1741,0.1452,0.0089,MAM
6,16,GradientBoostingRegressor,0.1045942785328031,0.1537923950969348,2.355498072064932,4.267585515975952,0.0493,0.1135,-0.0801,MAM
6,16,ElasticNet,0.1000882747419509,0.1495339739319536,2.3614174911962738,0.0109601020812988,0.0444,0.1049,-0.0766,MAM
6,16,LinearSVR,0.0995504565110425,0.149025706153293,2.362123017998326,0.1547656059265136,0.0377,0.0715,-0.0438,MAM
6,16,HuberRegressor,0.0970020659659656,0.1466173370667368,2.365463215653964,0.0601189136505126,,,,MAM
6,16,ElasticNetCV,0.0721214215145487,0.1231037609917713,2.3978300292913386,0.0662460327148437,,,,MAM
6,16,HistGradientBoostingRegressor,0.067220593567932,0.1184722093059579,2.404154065965641,1.0169620513916016,,,,MAM
6,16,CatBoostRegressor,0.0623921102385951,0.1139090272584526,2.4103685224141733,2.414744138717652,,,,MAM
6,16,BayesianRidge,0.0564652180982149,0.1083077885323789,2.4179748411115707,0.0176286697387695,,,,MAM
6,16,LassoCV,0.0558259119381727,0.1077036090844271,2.4187938699802607,0.0710110664367675,,,,MAM
6,16,LassoLarsCV,0.0555855552719415,0.1074764588284283,2.419101724349052,0.0464866161346435,,,,MAM
6,16,LassoLarsIC,0.0519160449046286,0.1040085699098689,2.423796862605847,0.0260086059570312,,,,MAM
6,16,RidgeCV,0.0494154518368011,0.1016453720655484,2.4269911674991804,0.0165193080902099,,,,MAM
6,16,Ridge,0.0456561904916199,0.098092663541531,2.4317854236017187,0.0147833824157714,,,,MAM
6,16,LinearRegression,0.0449854020745983,0.0974587316309392,2.4326398991810465,0.0190424919128417,,,,MAM
6,16,TransformedTargetRegressor,0.0449854020745983,0.0974587316309392,2.4326398991810465,0.0145967006683349,,,,MAM
6,16,LGBMRegressor,0.0431536620260717,0.0957276366400239,2.4349717113454123,0.4161314964294433,,,,MAM
6,16,PoissonRegressor,0.0390424875805557,0.0918423509003054,2.4401971395400905,0.0196335315704345,,,,MAM
6,16,ExtraTreesRegressor,0.0334765811239881,0.086582263479813,2.447253798571025,3.6694512367248535,,,,MAM
6,16,SGDRegressor,0.0272551649103015,0.0807026833218235,2.4551175303899178,0.0197725296020507,,,,MAM
6,16,XGBRegressor,-0.0195380867596444,0.0364804894359405,2.513474871419721,1.0041418075561523,,,,MAM
6,16,MLPRegressor,-0.0275885401475606,0.028872368651756,2.5233787805839936,1.790687084197998,,,,MAM
6,16,RandomForestRegressor,-0.0306243146955185,0.0260033949031365,2.527103403518909,9.324911832809448,,,,MAM
6,16,DummyRegressor,-0.0620294455066212,-0.0036761792699935,2.5653173567588463,0.0094163417816162,,,,MAM
6,16,BaggingRegressor,-0.0713121456304515,-0.0124488409254814,2.576504081995208,0.9499609470367432,,,,MAM
6,16,QuantileRegressor,-0.0854582211177774,-0.0258176595178993,2.593458940723501,0.5254909992218018,,,,MAM
6,16,OrthogonalMatchingPursuitCV,-0.0913894230959411,-0.0314229712774827,2.600534926026171,0.0231275558471679,,,,MAM
6,16,OrthogonalMatchingPursuit,-0.0913894230959411,-0.0314229712774827,2.600534926026171,0.0108304023742675,,,,MAM
6,16,LarsCV,-0.140714271278014,-0.078037662966035,2.658650550775058,0.0493371486663818,,,,MAM
6,16,Lasso,-0.1572762292708354,-0.0936896232669433,2.6778813886618185,0.0107429027557373,,,,MAM
6,16,LassoLars,-0.1572768810140519,-0.0936902392000929,2.6778821427129,0.0107238292694091,,,,MAM
6,16,AdaBoostRegressor,-0.1770378446975833,-0.1123654356482655,2.7006483207784635,1.20466947555542,,,,MAM
6,16,PassiveAggressiveRegressor,-0.3694179428942559,-0.2941751987791867,2.913002299970643,0.0158076286315917,,,,MAM
6,16,RANSACRegressor,-0.3723314998974629,-0.2969286702327671,2.9160994876394506,0.1174101829528808,,,,MAM
6,16,ExtraTreeRegressor,-0.4426345198519739,-0.363368886893074,2.9898608779562625,0.0475502014160156,,,,MAM
6,16,DecisionTreeRegressor,-0.6334828080184427,-0.5437310053800666,3.181486645195766,0.1623883247375488,,,,MAM
6,16,Lars,-224896749175075.1,-212539784934686.28,37330551.80072376,0.0186295509338378,,,,MAM
6,16,TweedieRegressor,0.2597301725882167,0.3012018716028825,3.2337247360608705,0.0190024375915527,0.3027,0.0913,0.2292,SON
6,16,KNeighborsRegressor,0.1742844799015408,0.2205430524560764,3.415255885170836,0.0286564826965332,0.2199,0.0851,0.1419,SON
6,16,HuberRegressor,0.0844994004458975,0.1357879494405252,3.5961462131395385,0.0572359561920166,0.1406,0.1091,0.0727,SON
6,16,LinearSVR,0.0746224139695089,0.1264642955398446,3.61549289646311,0.1361300945281982,0.1314,0.1082,0.0619,SON
6,16,BayesianRidge,0.0716871949977909,0.1236935146057579,3.621222374636498,0.019611120223999,0.1292,0.1094,0.0539,SON
6,16,ElasticNetCV,0.0698177037651218,0.1219287567754792,3.624866856590398,0.0831782817840576,,,,SON
6,16,TransformedTargetRegressor,0.0679431661744287,0.1201592352963095,3.628517500823588,0.0143284797668457,,,,SON
6,16,LinearRegression,0.0679431661744287,0.1201592352963095,3.628517500823588,0.0175004005432128,,,,SON
6,16,Ridge,0.0679076609181965,0.1201257191300623,3.6285866115323175,0.0136044025421142,,,,SON
6,16,RidgeCV,0.0679076609176397,0.1201257191295367,3.6285866115334016,0.0144953727722167,,,,SON
6,16,LassoLarsIC,0.0673129029304666,0.1195642809175554,3.629744107748485,0.0212535858154296,,,,SON
6,16,LassoLarsCV,0.0618979603338157,0.1144526964495684,3.640265541352995,0.0499031543731689,,,,SON
6,16,LassoCV,0.0618961038042702,0.1144509439272803,3.640269143443654,0.0947382450103759,,,,SON
6,16,PoissonRegressor,0.0592877569692847,0.1119887229654033,3.645326415647504,0.0208404064178466,,,,SON
6,16,SGDRegressor,0.046896774309775,0.1002919130039052,3.669255841038016,0.0197064876556396,,,,SON
6,16,LarsCV,0.0418999587777698,0.0955750311151497,3.678861635177627,0.0484766960144043,,,,SON
6,16,OrthogonalMatchingPursuit,0.000800369900945,0.0567779402146175,3.756939114300785,0.0134584903717041,,,,SON
6,16,OrthogonalMatchingPursuitCV,0.000800369900945,0.0567779402146175,3.756939114300785,0.0180830955505371,,,,SON
6,16,ElasticNet,-0.0144134174999019,0.0424164658334259,3.7854325920876737,0.0110087394714355,,,,SON
6,16,GradientBoostingRegressor,-0.0640257617807158,-0.0044164754064459,3.8768955101845575,3.9978280067443848,,,,SON
6,16,HistGradientBoostingRegressor,-0.1464927028062927,-0.0822634197359122,4.024330795172346,1.0588891506195068,,,,SON
6,16,RandomForestRegressor,-0.1516166478146667,-0.0871003090015201,4.033313609268309,8.686786413192749,,,,SON
6,16,XGBRegressor,-0.1531314903300382,-0.0885302863899799,4.035965458318069,1.078812599182129,,,,SON
6,16,CatBoostRegressor,-0.1531561408629145,-0.0885535559406223,4.036008596576093,2.4476630687713623,,,,SON
6,16,LGBMRegressor,-0.1685270226154753,-0.1030633238695102,4.062818343344324,0.4395599365234375,,,,SON
6,16,ExtraTreesRegressor,-0.1685274144695767,-0.103063693771001,4.062819024557452,3.4985296726226807,,,,SON
6,16,AdaBoostRegressor,-0.1810048324459416,-0.1148420967346843,4.084452613643864,1.0493168830871582,,,,SON
6,16,PassiveAggressiveRegressor,-0.201844652875532,-0.1345144202214405,4.120331821516634,0.0174016952514648,,,,SON
6,16,BaggingRegressor,-0.208972294687888,-0.1412427543692387,4.132531749027032,0.9041686058044434,,,,SON
6,16,DummyRegressor,-0.2094720612263472,-0.141714522782294,4.133385816444974,0.0092909336090087,,,,SON
6,16,Lasso,-0.2675466568401334,-0.19653563965021,4.231457679072096,0.0117502212524414,,,,SON
6,16,LassoLars,-0.2675486577833685,-0.1965375284957848,4.231461018950447,0.0139038562774658,,,,SON
6,16,QuantileRegressor,-0.3263745830902234,-0.2520678837574377,4.328536859411455,0.4750471115112304,,,,SON
6,16,MLPRegressor,-0.37649193275535,-0.2993775387634536,4.409555973701266,1.7043750286102295,,,,SON
6,16,DecisionTreeRegressor,-0.5950148914836935,-0.5056583149299851,4.746684821119344,0.1543085575103759,,,,SON
6,16,ExtraTreeRegressor,-0.6666560931925734,-0.5732860039380874,4.852114287576241,0.046523094177246,,,,SON
6,16,RANSACRegressor,-0.7010198123747124,-0.6057245847906949,4.901880397656359,0.1162366867065429,,,,SON
6,16,Lars,-5.584898735696935e+18,-5.272019254705509e+18,8882100360.760675,0.0154294967651367,,,,SON
7,2,TweedieRegressor,0.3343278569659038,0.3891156876682986,2.2952970316462897,0.0297930240631103,0.1793,0.204,-0.1284,
7,2,PoissonRegressor,0.3131603703948573,0.3696903810619473,2.3315051344549347,0.0455999374389648,0.144,0.2318,-0.1764,
7,2,HuberRegressor,0.3122313031361966,0.3688377802443285,2.3330814799164283,0.2395298480987548,0.1459,0.2172,-0.1869,
7,2,LinearSVR,0.3089864016254242,0.3658599488167473,2.338578757625028,0.5198168754577637,0.1435,0.2163,-0.1779,
7,2,KNeighborsRegressor,0.3035043704574462,0.3608291136296729,2.347836777599025,0.0892152786254882,0.1191,0.2386,-0.2498,
7,2,SGDRegressor,0.2837005317230464,0.3426552204701208,2.3809814831180667,0.0578706264495849,,,,
7,2,BayesianRidge,0.2834948427219232,0.3424664606048926,2.381323313994496,0.0528783798217773,,,,
7,2,Ridge,0.2824610951696125,0.3415177951556526,2.383040538116265,0.0253627300262451,,,,
7,2,RidgeCV,0.2824610951694292,0.3415177951554844,2.3830405381165694,0.0366291999816894,,,,
7,2,LassoLarsIC,0.2823071914167191,0.341376558378306,2.3832960916586403,0.0601067543029785,,,,
7,2,LassoLarsCV,0.282302090709033,0.3413718774819521,2.383304560794006,0.1351454257965088,,,,
7,2,TransformedTargetRegressor,0.2821073134719187,0.34119313129316,2.383627943362005,0.0387935638427734,,,,
7,2,LinearRegression,0.2821073134719187,0.34119313129316,2.383627943362005,0.0406877994537353,,,,
7,2,ElasticNetCV,0.2770685357969452,0.3365690678301185,2.391978474050425,0.2078018188476562,,,,
7,2,LassoCV,0.2748826903726404,0.3345631273790075,2.3955919209839958,0.2659389972686767,,,,
7,2,GradientBoostingRegressor,0.2552836882792207,0.3165772118776389,2.42775097233544,10.670015573501589,,,,
7,2,CatBoostRegressor,0.2528515438791322,0.3143452439713847,2.4317120966942247,2.913102626800537,,,,
7,2,LarsCV,0.2512212599786576,0.3128491398158052,2.434363658661421,0.1449251174926757,,,,
7,2,ExtraTreesRegressor,0.248647999956468,0.3104876707419439,2.4385430494681835,10.028355360031128,,,,
7,2,LGBMRegressor,0.2427420873795459,0.3050678415046862,2.4481082278392305,0.3100776672363281,,,,
7,2,HistGradientBoostingRegressor,0.2383301999162621,0.3010190723511377,2.455229376249034,0.8794925212860107,,,,
7,2,PassiveAggressiveRegressor,0.2307999882329567,0.2941086311767463,2.467336279576226,0.0378394126892089,,,,
7,2,OrthogonalMatchingPursuit,0.2212324726068718,0.2853285653964297,2.4826335532023527,0.026726484298706,,,,
7,2,RandomForestRegressor,0.213455816061326,0.2781919628875543,2.494998366046628,24.974186420440677,,,,
7,2,OrthogonalMatchingPursuitCV,0.2128422194660966,0.2776288680697101,2.495971371807429,0.0554590225219726,,,,
7,2,BaggingRegressor,0.1883746568128468,0.2551750965813368,2.534466197073772,2.81791090965271,,,,
7,2,XGBRegressor,0.1674058188570453,0.2359320889099634,2.566997165979512,1.5455267429351809,,,,
7,2,MLPRegressor,0.1543572415092607,0.2239574685455356,2.587034203609286,6.897207736968994,,,,
7,2,ElasticNet,0.1292187402222644,0.2008879797101439,2.625205107299753,0.0268464088439941,,,,
7,2,Lasso,0.0288038274112153,0.1087376687765474,2.772440182129776,0.027184247970581,,,,
7,2,LassoLars,0.0288028348103499,0.1087367578712265,2.7724415989011235,0.0259575843811035,,,,
7,2,AdaBoostRegressor,0.0198443403904473,0.1005155880949373,2.7851989931409835,2.9458298683166504,,,,
7,2,RANSACRegressor,-0.0436028753287072,0.0422903654390875,2.87393100029157,0.2665736675262451,,,,
7,2,QuantileRegressor,-0.0916409267390094,-0.001793936883947,2.939331766384447,2.6523773670196533,,,,
7,2,DummyRegressor,-0.1261917945285546,-0.0335011118513073,2.985484927116571,0.0212948322296142,,,,
7,2,DecisionTreeRegressor,-0.1778009684899339,-0.0808626171738899,3.053125503883807,0.4486839771270752,,,,
7,2,ExtraTreeRegressor,-0.2259220934775634,-0.1250231557427845,3.1148715314655027,0.1216757297515869,,,,
7,2,Lars,-5011439582559.024,-4598975419385.359,6297815.78321167,0.0366058349609375,,,,
7,2,KNeighborsRegressor,-0.1968817874947253,0.2043076384811603,2.6773220451289257,0.0175311565399169,0.1525,0.1081,0.0277,DJF
7,2,TweedieRegressor,-0.3420521339228544,0.1077977433697224,2.83504318177675,0.0198280811309814,0.0788,0.0469,0.0352,DJF
7,2,PoissonRegressor,-0.4375305715169841,0.0443232513378708,2.93415822447105,0.0244696140289306,-0.0073,0.0824,-0.1024,DJF
7,2,HuberRegressor,-0.4654234425430925,0.0257799460188379,2.9624876742448296,0.0833737850189209,-0.0299,0.1135,-0.1549,DJF
7,2,BayesianRidge,-0.4805575382859162,0.015718731530592,2.977745861039813,0.0206823348999023,-0.0489,0.1312,-0.1992,DJF
7,2,LinearRegression,-0.4880798558390262,0.0107178612019881,2.9853008428274577,0.020298957824707,,,,DJF
7,2,TransformedTargetRegressor,-0.4880798558390262,0.0107178612019881,2.9853008428274577,0.0205574035644531,,,,DJF
7,2,LassoLarsIC,-0.4889314344322488,0.0101517279472759,2.986154914831524,0.0346155166625976,,,,DJF
7,2,Ridge,-0.4892367761888789,0.0099487353828123,2.9864610911350025,0.0178704261779785,,,,DJF
7,2,RidgeCV,-0.4892367761889267,0.0099487353827806,2.9864610911350504,0.021794319152832,,,,DJF
7,2,LinearSVR,-0.4898568383907355,0.0095365152597903,2.987082751490007,0.0891034603118896,,,,DJF
7,2,CatBoostRegressor,-0.5002490269654165,0.0026277418498068,2.997482536920207,2.113198757171631,,,,DJF
7,2,SGDRegressor,-0.5025668017760547,0.0010868747969244,2.999797088746207,0.0213892459869384,,,,DJF
7,2,DummyRegressor,-0.5044226353810057,-0.0001468916778752,3.001649055094177,0.0147552490234375,,,,DJF
7,2,GradientBoostingRegressor,-0.5108410205743144,-0.0044138628399073,3.00804527466192,2.3980047702789307,,,,DJF
7,2,ElasticNetCV,-0.5342289178276909,-0.0199622414608671,3.031238210724404,0.1617319583892822,,,,DJF
7,2,ExtraTreesRegressor,-0.5360463946534177,-0.0211705081774118,3.0330331106006736,2.343106985092163,,,,DJF
7,2,LGBMRegressor,-0.5414973714863367,-0.024794341937844,3.0384100157392377,0.1888239383697509,,,,DJF
7,2,QuantileRegressor,-0.5517956356743308,-0.0316406739957841,3.048542456832628,0.3110008239746094,,,,DJF
7,2,HistGradientBoostingRegressor,-0.5649806076210973,-0.0404061022732433,3.0614661713522504,0.5810730457305908,,,,DJF
7,2,LassoLarsCV,-0.5692974815752185,-0.0432759793712347,3.065685668471115,0.0788710117340087,,,,DJF
7,2,LassoCV,-0.5708433949506169,-0.0443037094923095,3.067195298717681,0.2420542240142822,,,,DJF
7,2,ElasticNet,-0.5860011742433442,-0.0543806689103796,3.081958149087167,0.0160739421844482,,,,DJF
7,2,RandomForestRegressor,-0.6025037595732248,-0.0653516613922555,3.0979507787855147,4.859707832336426,,,,DJF
7,2,LassoLars,-0.6372442366392712,-0.0884472858104652,3.1313507730702947,0.0162060260772705,,,,DJF
7,2,Lasso,-0.6372442366392717,-0.0884472858104654,3.131350773070295,0.0162088871002197,,,,DJF
7,2,OrthogonalMatchingPursuit,-0.6372647893474284,-0.0884609493427037,3.13137042729633,0.016275405883789,,,,DJF
7,2,XGBRegressor,-0.6492523610255656,-0.0964303405700688,3.142813007750112,1.1634504795074463,,,,DJF
7,2,LarsCV,-0.6715247238368152,-0.1112371069082738,3.1639629341173614,0.1254236698150634,,,,DJF
7,2,OrthogonalMatchingPursuitCV,-0.7077717947914153,-0.1353343216769744,3.198084268003869,0.0247437953948974,,,,DJF
7,2,AdaBoostRegressor,-0.7078262885104065,-0.1353705493449071,3.1981352918337835,0.7704551219940186,,,,DJF
7,2,BaggingRegressor,-0.7102075463694246,-0.1369536202120755,3.200364128588426,0.5135138034820557,,,,DJF
7,2,MLPRegressor,-0.7184874160522794,-0.1424581145822416,3.2081019620845286,1.5470592975616455,,,,DJF
7,2,PassiveAggressiveRegressor,-0.822466564244194,-0.2115839170115032,3.30373169149816,0.0200569629669189,,,,DJF
7,2,ExtraTreeRegressor,-0.944899880842583,-0.2929781330741194,3.412900363164575,0.0366492271423339,,,,DJF
7,2,RANSACRegressor,-1.0726514562324343,-0.3779079513500543,3.523206695854274,0.2066657543182373,,,,DJF
7,2,DecisionTreeRegressor,-1.0937854351515353,-0.3919579149890095,3.5411234877585893,0.0970644950866699,,,,DJF
7,2,Lars,-4.126638537108683,-2.408212211820856,5.541040616926994,0.0259604454040527,,,,DJF
7,2,TweedieRegressor,0.3500916317754671,0.5631763426687566,1.6122890444692033,0.0190885066986084,0.3942,0.1271,0.2528,JJA
7,2,GammaRegressor,0.3441531551758751,0.5591849075772275,1.6196383639816418,0.0240538120269775,0.3919,0.121,0.2572,JJA
7,2,CatBoostRegressor,0.3281643532511107,0.5484383357917302,1.6392619567289015,2.392396688461304,0.3988,0.0926,0.2927,JJA
7,2,ExtraTreesRegressor,0.3261830366709244,0.5471066312050475,1.641677358348175,2.434281826019287,0.3738,0.1389,0.2138,JJA
7,2,LinearSVR,0.3175929565875984,0.5413329708211727,1.6521085882527369,0.1398983001708984,0.2986,0.309,-0.0577,JJA
7,2,PoissonRegressor,0.3069285229282597,0.5341650727878466,1.664967848762659,0.0278434753417968,,,,JJA
7,2,HuberRegressor,0.3052106382220526,0.5330104289689206,1.6670300116963794,0.0943489074707031,,,,JJA
7,2,OrthogonalMatchingPursuitCV,0.2901905557435782,0.5229149636965034,1.684952744021314,0.0267376899719238,,,,JJA
7,2,ElasticNetCV,0.2879356263339475,0.5213993554047844,1.6876270087685443,0.1220014095306396,,,,JJA
7,2,LassoLarsCV,0.2852488366367843,0.5195934803624288,1.6908079217790666,0.0813515186309814,,,,JJA
7,2,LassoCV,0.2848024529876106,0.5192934520080662,1.6913358196299286,0.1699163913726806,,,,JJA
7,2,LGBMRegressor,0.2811234143634986,0.5168206555557942,1.695680429095687,0.2800507545471191,,,,JJA
7,2,HistGradientBoostingRegressor,0.276897153316331,0.5139800538683537,1.7006575603401004,0.5905468463897705,,,,JJA
7,2,BayesianRidge,0.2764035898733817,0.5136483145050599,1.7012378645254391,0.0240371227264404,,,,JJA
7,2,OrthogonalMatchingPursuit,0.2756093797941126,0.5131145011730921,1.7021712368412325,0.0168087482452392,,,,JJA
7,2,RidgeCV,0.2674528050692623,0.5076322132432747,1.7117275605727302,0.0198895931243896,,,,JJA
7,2,LassoLarsIC,0.265032373146396,0.5060053655574137,1.7145531145772628,0.0334506034851074,,,,JJA
7,2,Ridge,0.2644784278645364,0.5056330416794426,1.7151991224290537,0.0171313285827636,,,,JJA
7,2,GradientBoostingRegressor,0.2643986045045051,0.5055793899128641,1.715292191924091,2.4478061199188232,,,,JJA
7,2,LinearRegression,0.2639070870418298,0.5052490257166398,1.7158651620694587,0.0198948383331298,,,,JJA
7,2,TransformedTargetRegressor,0.2639070870418298,0.5052490257166398,1.7158651620694587,0.0195813179016113,,,,JJA
7,2,KNeighborsRegressor,0.2518976077793615,0.4971770806385872,1.7298058448477869,0.0192985534667968,,,,JJA
7,2,SGDRegressor,0.2362882282017737,0.4866855304307004,1.7477591356174167,0.0255115032196044,,,,JJA
7,2,RandomForestRegressor,0.2282476082662649,0.4812811793265059,1.7569355500910993,5.205343723297119,,,,JJA
7,2,XGBRegressor,0.1892018066170769,0.4550372798573796,1.8008321050944436,1.2368168830871582,,,,JJA
7,2,LarsCV,0.183041037872505,0.4508964352913558,1.8076608787630528,0.0768427848815918,,,,JJA
7,2,BaggingRegressor,0.1647950476871751,0.4386327369700685,1.8277355911904625,0.5301594734191895,,,,JJA
7,2,MLPRegressor,0.1120047591876156,0.40315073978184,1.88461289160274,1.8935084342956543,,,,JJA
7,2,AdaBoostRegressor,0.0989028069319403,0.3943445095772058,1.8984652709136576,0.7793111801147461,,,,JJA
7,2,ElasticNet,0.0647197492889529,0.3713690118171651,1.934139170516573,0.0158560276031494,,,,JJA
7,2,PassiveAggressiveRegressor,0.027390253397747,0.3462786949066824,1.972359821994624,0.0199050903320312,,,,JJA
7,2,Lasso,-0.0591995858406377,0.2880789668939976,2.0582860925293742,0.0201108455657959,,,,JJA
7,2,LassoLars,-0.0592788091652043,0.2880257184299446,2.0583630663218195,0.0174713134765625,,,,JJA
7,2,RANSACRegressor,-0.3898868248510951,0.0658137734607393,2.3577977967381107,0.2221996784210205,,,,JJA
7,2,DecisionTreeRegressor,-0.3916875822515258,0.0646034283227449,2.3593247007307543,0.1036651134490966,,,,JJA
7,2,ExtraTreeRegressor,-0.4745051001072895,0.0089391950098545,2.428510457765884,0.0414919853210449,,,,JJA
7,2,QuantileRegressor,-0.5107980599420303,-0.0154544337315285,2.458216037486641,0.3493893146514892,,,,JJA
7,2,DummyRegressor,-0.5863568675205013,-0.0662398617760746,2.5189368799253717,0.0143625736236572,,,,JJA
7,2,Lars,-1292630003712131.8,-868816887740940.6,71904149.64826187,0.0254249572753906,,,,JJA
7,2,GammaRegressor,-0.4229855365561534,0.0435670983802902,2.0055348068929675,0.0188839435577392,-0.0696,0.0552,-0.1322,MAM
7,2,TweedieRegressor,-0.4568762930258276,0.0207880653432961,2.029276840670214,0.0181190967559814,-0.0986,0.0467,-0.1514,MAM
7,2,LinearSVR,-0.5413258162964691,-0.035973089641889,2.087263060090924,0.1041150093078613,-0.1349,0.1031,-0.2299,MAM
7,2,PoissonRegressor,-0.5734317879994757,-0.0575525132455492,2.1088899675693225,0.0250608921051025,-0.1699,0.0603,-0.2132,MAM
7,2,KNeighborsRegressor,-0.5862813004671965,-0.0661890708058206,2.1174836378403823,0.0172829627990722,-0.2187,0.154,-0.3925,MAM
7,2,HuberRegressor,-0.6209019970352347,-0.0894587193187643,2.140466028360371,0.0770609378814697,,,,MAM
7,2,SGDRegressor,-0.7361766429501087,-0.1669383993599091,2.215271271606344,0.0203227996826171,,,,MAM
7,2,ElasticNetCV,-0.7495740791645045,-0.175943233536798,2.223802062564303,0.1166963577270507,,,,MAM
7,2,BayesianRidge,-0.7573298508586732,-0.1811561292656656,2.22872561208564,0.0199203491210937,,,,MAM
7,2,LassoLarsIC,-0.7706886167034894,-0.1901349718826732,2.237180671308518,0.0276796817779541,,,,MAM
7,2,LassoCV,-0.7724657576703677,-0.1913294436800832,2.2383030562145394,0.1340174674987793,,,,MAM
7,2,LassoLarsCV,-0.7727427842363903,-0.1915156418638033,2.2384779665563155,0.0653994083404541,,,,MAM
7,2,RANSACRegressor,-0.7928726285630598,-0.205045537230909,2.2511512707825103,0.4098916053771972,,,,MAM
7,2,LarsCV,-0.8033908309177282,-0.2121151486496206,2.2577450013786557,0.0654728412628173,,,,MAM
7,2,ElasticNet,-0.8109077987399171,-0.217167536857977,2.2624455210274106,0.0153427124023437,,,,MAM
7,2,RidgeCV,-0.8171569741499627,-0.2213678022975158,2.2663458417747835,0.0184800624847412,,,,MAM
7,2,QuantileRegressor,-0.8301479804994483,-0.2300994623029078,2.274432561818633,0.2920825481414795,,,,MAM
7,2,BaggingRegressor,-0.8307961386817335,-0.2305351096057553,2.274835278317589,0.4921770095825195,,,,MAM
7,2,ExtraTreesRegressor,-0.8310098309161469,-0.2306787388124922,2.274968034892492,2.236806154251098,,,,MAM
7,2,GradientBoostingRegressor,-0.8489203969140093,-0.2427169880897439,2.2860675949928995,2.2481231689453125,,,,MAM
7,2,OrthogonalMatchingPursuit,-0.8600996282929725,-0.2502308977051126,2.292968369112247,0.0160577297210693,,,,MAM
7,2,Ridge,-0.8608369707120049,-0.2507264885113476,2.2934227897527126,0.0160098075866699,,,,MAM
7,2,TransformedTargetRegressor,-0.8689074081292445,-0.2561508808737545,2.2983906887456,0.0184848308563232,,,,MAM
7,2,LinearRegression,-0.8689074081292445,-0.2561508808737545,2.2983906887456,0.0176234245300292,,,,MAM
7,2,CatBoostRegressor,-0.9139825030984564,-0.2864472561809297,2.3259423296905,2.1344096660614014,,,,MAM
7,2,Lasso,-0.9143519858764468,-0.2866955970644971,2.3261668234256163,0.0151710510253906,,,,MAM
7,2,LassoLars,-0.91435367222828,-0.2866967305140899,2.326167847985063,0.0151529312133789,,,,MAM
7,2,HistGradientBoostingRegressor,-0.94086965312081,-0.3045189471795608,2.342222483785722,0.5556025505065918,,,,MAM
7,2,RandomForestRegressor,-0.9809748125216688,-0.3314748739899742,2.366298005323928,4.686935663223267,,,,MAM
7,2,OrthogonalMatchingPursuitCV,-0.9950447568897244,-0.3409317218439132,2.374686494846171,0.026045799255371,,,,MAM
7,2,LGBMRegressor,-1.0172643129925882,-0.3558661775851823,2.3878737623682382,0.2140305042266845,,,,MAM
7,2,DummyRegressor,-1.071370758845262,-0.3922328051255042,2.4196852737029566,0.0134084224700927,,,,MAM
7,2,PassiveAggressiveRegressor,-1.0776548416481675,-0.3964565329110634,2.423352890298341,0.0226504802703857,,,,MAM
7,2,AdaBoostRegressor,-1.193453863284999,-0.4742886622079501,2.48997056296722,0.7170286178588867,,,,MAM
7,2,XGBRegressor,-1.272084833412312,-0.5271389863918818,2.5342078517645046,1.110421895980835,,,,MAM
7,2,MLPRegressor,-1.4699583798178968,-0.6601359602054717,2.642255304312678,1.6197636127471924,,,,MAM
7,2,ExtraTreeRegressor,-1.738492354498807,-0.840626008761493,2.78218322154758,0.035529613494873,,,,MAM
7,2,DecisionTreeRegressor,-2.232830736775668,-1.172886232914793,3.0228837369234896,0.0935239791870117,,,,MAM
7,2,Lars,-2.4586049681085891e+30,-1.6525049785647897e+30,2636175613876952.0,0.0225849151611328,,,,MAM
7,2,LinearSVR,0.1160610922237984,0.4090795146910475,2.4591050322417725,0.0917227268218994,0.4072,0.0584,0.343,SON
7,2,GammaRegressor,0.1115733715726734,0.4060794362447153,2.465339515609622,0.0208916664123535,0.4037,0.0764,0.3258,SON
7,2,HuberRegressor,0.109791960134755,0.4048885479353886,2.4678099417260078,0.0881710052490234,0.4028,0.0311,0.3677,SON
7,2,PoissonRegressor,0.1038090673596827,0.4008889345332685,2.476088859206581,0.0272178649902343,0.3996,0.0816,0.3075,SON
7,2,SGDRegressor,0.10031232113872,0.3985513307059951,2.480914742183294,0.0228500366210937,0.3967,0.0677,0.322,SON
7,2,TweedieRegressor,0.099882704001884,0.3982641280896573,2.4815070123142497,0.0211579799652099,,,,SON
7,2,BayesianRidge,0.090005791847343,0.3916613304614834,2.495084552558713,0.0249168872833251,,,,SON
7,2,LassoLarsIC,0.0875188139428279,0.3899987651220009,2.4984917095632517,0.0364346504211425,,,,SON
7,2,ElasticNetCV,0.0872891167940677,0.3898452106744872,2.498806160052061,0.2033441066741943,,,,SON
7,2,RidgeCV,0.0866193688411337,0.3893974786175534,2.499722804871936,0.0205299854278564,,,,SON
7,2,Ridge,0.0866193688409169,0.3893974786174085,2.4997228048722326,0.0177845954895019,,,,SON
7,2,TransformedTargetRegressor,0.0863422584122234,0.3892122279993316,2.500101971400911,0.0203387737274169,,,,SON
7,2,LinearRegression,0.0863422584122234,0.3892122279993316,2.500101971400911,0.0220139026641845,,,,SON
7,2,LassoCV,0.0669345296771494,0.3762380005024037,2.5265157638416094,0.2225227355957031,,,,SON
7,2,LassoLarsCV,0.0667320036621368,0.3761026101829754,2.526789944712577,0.0868566036224365,,,,SON
7,2,KNeighborsRegressor,0.0300735606988947,0.351596137262797,2.575937682680803,0.0180084705352783,,,,SON
7,2,OrthogonalMatchingPursuit,-0.0123119957525279,0.3232610415135033,2.6316197977461715,0.0175168514251709,,,,SON
7,2,OrthogonalMatchingPursuitCV,-0.0123119957525279,0.3232610415135033,2.6316197977461715,0.0269300937652587,,,,SON
7,2,CatBoostRegressor,-0.0310626552085584,0.3107260702749415,2.655880204190729,2.265352725982666,,,,SON
7,2,RANSACRegressor,-0.0344986331840042,0.3084290905234004,2.6603018345575973,0.2221572399139404,,,,SON
7,2,ExtraTreesRegressor,-0.0357833923066712,0.3075702184027225,2.6619532560438843,2.3488998413085938,,,,SON
7,2,GradientBoostingRegressor,-0.0412010126465895,0.3039484943080809,2.6689057924871427,2.368613004684448,,,,SON
7,2,HistGradientBoostingRegressor,-0.0580883246555701,0.292659186279978,2.6904623221490835,0.5787584781646729,,,,SON
7,2,LGBMRegressor,-0.0856582988483665,0.2742284300516444,2.725288801055964,0.2396211624145507,,,,SON
7,2,RandomForestRegressor,-0.117843493327937,0.2527123608139204,2.765390426104641,4.946891784667969,,,,SON
7,2,ElasticNet,-0.1427929992277345,0.2360334093560447,2.796080939290451,0.0165982246398925,,,,SON
7,2,XGBRegressor,-0.1531213089374057,0.2291288487214028,2.8086876988311134,1.2632813453674316,,,,SON
7,2,BaggingRegressor,-0.1531668962972827,0.2290983731935291,2.80874321744414,0.5203592777252197,,,,SON
7,2,PassiveAggressiveRegressor,-0.2180521221602263,0.1857220619812851,2.886681638134057,0.0198056697845459,,,,SON
7,2,AdaBoostRegressor,-0.2367996018884279,0.1731892164171281,2.9088117893614123,0.7903146743774414,,,,SON
7,2,LarsCV,-0.2385729222284982,0.1720037370737662,2.910896366141065,0.0746891498565673,,,,SON
7,2,Lasso,-0.3380814210079277,0.1054814809836505,3.025570128098125,0.0164949893951416,,,,SON
7,2,LassoLars,-0.338081736385889,0.1054812701508697,3.0255704846526923,0.0178103446960449,,,,SON
7,2,MLPRegressor,-0.4729169039168341,0.0153428432379174,3.1743519492684875,1.7671823501586914,,,,SON
7,2,QuantileRegressor,-0.496983397006935,-0.0007458068388903,3.200180283383085,0.318035364151001,,,,SON
7,2,DummyRegressor,-0.508999169658356,-0.0087784504345915,3.2129979891095557,0.014819860458374,,,,SON
7,2,DecisionTreeRegressor,-0.619672602768423,-0.0827645576518187,3.3287376744787966,0.0984013080596923,,,,SON
7,2,ExtraTreeRegressor,-0.8430045446779335,-0.2320638116355247,3.5508240801751425,0.0386838912963867,,,,SON
7,2,Lars,-443926353037.104,-296768445952.64966,1742695.127249252,0.0248479843139648,,,,SON
8,7,TweedieRegressor,0.3091669745834671,0.3331126600398459,2.383410145476971,0.0201177597045898,0.2777,0.1097,0.1257,
8,7,HuberRegressor,0.2396801407881642,0.2660343820086784,2.5004052685109106,0.09196138381958,0.1831,0.0936,0.0515,
8,7,LinearSVR,0.2389799814149469,0.2653584915912051,2.5015562836462446,0.3198456764221191,0.1837,0.0961,0.0485,
8,7,PoissonRegressor,0.2232473144940324,0.2501711510800278,2.527281509547212,0.0215919017791748,0.1683,0.1098,0.0608,
8,7,KNeighborsRegressor,0.2090991617398317,0.2365134022341183,2.550194214403646,0.09232759475708,0.1636,0.1836,-0.0573,
8,7,TransformedTargetRegressor,0.1942905574387263,0.2222180944425832,2.573958052149366,0.0224616527557373,,,,
8,7,LinearRegression,0.1942905574387263,0.2222180944425832,2.573958052149366,0.0193369388580322,,,,
8,7,Ridge,0.1941467887831948,0.222079309102668,2.574187687029257,0.0138988494873046,,,,
8,7,RidgeCV,0.194146788783033,0.2220793091025119,2.5741876870295157,0.0201437473297119,,,,
8,7,LassoLarsCV,0.1931537415780662,0.2211206829445109,2.575773275330505,0.0653822422027587,,,,
8,7,LassoLarsIC,0.1929220349467896,0.2208970077389285,2.57614309851563,0.0285563468933105,,,,
8,7,BayesianRidge,0.1919470460000129,0.2199558139029586,2.577698681152032,0.0268168449401855,,,,
8,7,SGDRegressor,0.1855264911015108,0.2137578085676629,2.5879192427455915,0.0390520095825195,,,,
8,7,ElasticNetCV,0.1826922326318727,0.2110217912928129,2.59241813802779,0.1066043376922607,,,,
8,7,LassoCV,0.1798607606355879,0.2082884639064514,2.5969048278507203,0.1214730739593505,,,,
8,7,CatBoostRegressor,0.1607800236797916,0.1898691043148074,2.626939946878711,3.0045902729034424,,,,
8,7,ElasticNet,0.1507334515433869,0.1801707669144999,2.6426171386080197,0.0139856338500976,,,,
8,7,LarsCV,0.1482555885455129,0.1777787917155123,2.6464694473835992,0.0799357891082763,,,,
8,7,HistGradientBoostingRegressor,0.1245057372441611,0.154852158830152,2.683112548667706,1.035484790802002,,,,
8,7,ExtraTreesRegressor,0.1241366313664186,0.1544958469169759,2.683678085355966,7.0982043743133545,,,,
8,7,LGBMRegressor,0.1194846473485437,0.15000511017875,2.6907955734896616,0.5315341949462891,,,,
8,7,GradientBoostingRegressor,0.1068949804105364,0.1378518268434467,2.709963886047316,8.749634504318237,,,,
8,7,OrthogonalMatchingPursuit,0.0980246819849194,0.1292889911015599,2.723388285059257,0.0135667324066162,,,,
8,7,OrthogonalMatchingPursuitCV,0.0980246819849194,0.1292889911015599,2.723388285059257,0.0254428386688232,,,,
8,7,RandomForestRegressor,0.0791447536138996,0.1110634796584784,2.7517433244950373,19.0217502117157,,,,
8,7,XGBRegressor,0.0790976717682618,0.1110180297658957,2.7518136696980307,1.2697193622589111,,,,
8,7,MLPRegressor,0.043451374044174,0.0766073056197659,2.8045666429952227,3.326228141784668,,,,
8,7,BaggingRegressor,0.0297728333534814,0.0634028911228581,2.8245479619536367,1.9411358833312988,,,,
8,7,Lasso,0.0273643183173267,0.0610778601434158,2.82805165147156,0.0144567489624023,,,,
8,7,LassoLars,0.02736307316107,0.0610766581468213,2.82805346168948,0.0141947269439697,,,,
8,7,DummyRegressor,-0.036157989750633,-0.0002426348199351,2.918940405376692,0.0136234760284423,,,,
8,7,AdaBoostRegressor,-0.0367921028017259,-0.0008547682158777,2.919833442502678,2.290187120437622,,,,
8,7,QuantileRegressor,-0.0523460387513496,-0.0158695729367448,2.941653554568234,1.6191065311431885,,,,
8,7,RANSACRegressor,-0.0974982192616105,-0.0594566865315722,3.0040983747404075,0.1359922885894775,,,,
8,7,ExtraTreeRegressor,-0.3689852497298342,-0.3215334213163219,3.3551475394604253,0.0835340023040771,,,,
8,7,DecisionTreeRegressor,-0.3717180032819938,-0.3241714520417167,3.3584946245583103,0.3323729038238525,,,,
8,7,PassiveAggressiveRegressor,-0.5320950457831914,-0.4789894982690428,3.5494012043550103,0.0224545001983642,,,,
8,7,Lars,-3.910630622492653e+26,-3.775080167640222e+26,56706864777690.31,0.0196421146392822,,,,
8,7,TweedieRegressor,0.0432735916658932,0.187503703475055,2.551263938791753,0.0117671489715576,0.1856,0.0564,0.1231,DJF
8,7,KNeighborsRegressor,0.0314285284054033,0.1774443281432822,2.5670087328613564,0.0123226642608642,0.1642,0.05,0.1074,DJF
8,7,PoissonRegressor,-0.0800543961224975,0.0827678746497382,2.710717902607509,0.0159838199615478,0.0702,0.1079,-0.0051,DJF
8,7,BayesianRidge,-0.1540320274494746,0.0199426500554713,2.8020149006374218,0.0160028934478759,0.0029,0.1357,-0.1085,DJF
8,7,LinearSVR,-0.155606643117329,0.0186054136340271,2.8039258495829347,0.0533642768859863,0.0062,0.0933,-0.0599,DJF
8,7,ElasticNetCV,-0.1557606160808324,0.0184746526750718,2.804112640821612,0.0813226699829101,,,,DJF
8,7,HuberRegressor,-0.1565815226424072,0.0177775008715235,2.8051083080176977,0.0366942882537841,,,,DJF
8,7,CatBoostRegressor,-0.1586765810819814,0.0159982803876639,2.807647777460522,2.141423463821411,,,,DJF
8,7,ElasticNet,-0.1785681076349343,-0.0008945235693662,2.8316453032452835,0.0124564170837402,,,,DJF
8,7,DummyRegressor,-0.1844218107011843,-0.0058657588366841,2.838668690242419,0.0136656761169433,,,,DJF
8,7,LassoLarsIC,-0.1860434092159735,-0.0072428952638166,2.840611244156892,0.0188984870910644,,,,DJF
8,7,SGDRegressor,-0.187074294132687,-0.008118370394091,2.8418454769114905,0.014007568359375,,,,DJF
8,7,LassoCV,-0.1889910941357846,-0.0097462055726009,2.844138952671724,0.1118249893188476,,,,DJF
8,7,Ridge,-0.1902354667160222,-0.0108029842965213,2.845626870884199,0.0092980861663818,,,,DJF
8,7,RidgeCV,-0.1902354667160344,-0.0108029842965318,2.845626870884214,0.0113768577575683,,,,DJF
8,7,LassoLarsCV,-0.1905453011782487,-0.0110661100458493,2.845997224450983,0.0407664775848388,,,,DJF
8,7,ExtraTreesRegressor,-0.1918334672143953,-0.0121600801971497,2.8475364879357232,1.6043553352355957,,,,DJF
8,7,LinearRegression,-0.1928435509314763,-0.0130178899870325,2.8487428817688447,0.0107932090759277,,,,DJF
8,7,TransformedTargetRegressor,-0.1928435509314763,-0.0130178899870325,2.8487428817688447,0.0137026309967041,,,,DJF
8,7,LarsCV,-0.1992017770682475,-0.0184175895705216,2.8563251328680592,0.0375432968139648,,,,DJF
8,7,OrthogonalMatchingPursuitCV,-0.2350191063541431,-0.0488353214766341,2.898667143184922,0.0133092403411865,,,,DJF
8,7,OrthogonalMatchingPursuit,-0.2355122403689244,-0.0492541136801418,2.899245793627094,0.0093953609466552,,,,DJF
8,7,GradientBoostingRegressor,-0.2405450962057007,-0.0535282475314744,2.905144827336292,1.9247651100158687,,,,DJF
8,7,QuantileRegressor,-0.2525078243588972,-0.0636875493299176,2.9191185540899296,0.1763463020324707,,,,DJF
8,7,HistGradientBoostingRegressor,-0.2666946886948993,-0.0757356903991859,2.9356040914799397,0.90541672706604,,,,DJF
8,7,XGBRegressor,-0.2781963598636527,-0.0855034412912427,2.9489017130840294,0.9348146915435792,,,,DJF
8,7,BaggingRegressor,-0.2805292047525001,-0.0874846010209673,2.951591516657244,0.3901894092559814,,,,DJF
8,7,LGBMRegressor,-0.2872667134475724,-0.0932064048876368,2.959346233991596,0.3440523147583008,,,,DJF
8,7,RandomForestRegressor,-0.2906261032602175,-0.0960593540250087,2.963205232197106,3.590880870819092,,,,DJF
8,7,LassoLars,-0.2994628043127183,-0.1035638890896955,2.973332212624408,0.0110692977905273,,,,DJF
8,7,Lasso,-0.2994628043127185,-0.1035638890896957,2.973332212624408,0.008683443069458,,,,DJF
8,7,AdaBoostRegressor,-0.3235751805867246,-0.1240412337646053,3.000791472138472,0.6269216537475586,,,,DJF
8,7,MLPRegressor,-0.4462988385714599,-0.2282638377817925,3.1368267169680246,0.8209779262542725,,,,DJF
8,7,RANSACRegressor,-0.6325051197775065,-0.3863988203135606,3.3326429382784104,0.1038854122161865,,,,DJF
8,7,PassiveAggressiveRegressor,-0.7578354606912743,-0.4928351399840469,3.458204090531148,0.0147705078125,,,,DJF
8,7,DecisionTreeRegressor,-0.8284806193121423,-0.5528302746922213,3.52700999413765,0.0711226463317871,,,,DJF
8,7,ExtraTreeRegressor,-0.9549367634270134,-0.6602226784882677,3.646933686438953,0.0268568992614746,,,,DJF
8,7,Lars,-186257.98903420125,-158178.74445618095,1125.6934270682475,0.0134282112121582,,,,DJF
8,7,TweedieRegressor,0.3633071513509232,0.4388043270800627,2.08127800196432,0.0128705501556396,0.4167,0.1253,0.2909,JJA
8,7,GammaRegressor,0.3479876653079515,0.4253013808840837,2.106168018759993,0.0113818645477294,0.4017,0.1236,0.2778,JJA
8,7,LinearSVR,0.3315201258487618,0.410786514088039,2.1325993686975893,0.0888590812683105,0.3596,0.0774,0.275,JJA
8,7,HuberRegressor,0.3299519810209068,0.4094043152872024,2.135099268727995,0.0390238761901855,0.3574,0.0752,0.2762,JJA
8,7,SGDRegressor,0.3102749372292771,0.3920605177949754,2.1662227459133696,0.0172610282897949,0.34,0.1018,0.2279,JJA
8,7,BayesianRidge,0.3028072980607122,0.3854783694369124,2.177917999783765,0.0127084255218505,,,,JJA
8,7,TransformedTargetRegressor,0.3018087754639657,0.3845982487291081,2.1794770538542814,0.0119099617004394,,,,JJA
8,7,LinearRegression,0.3018087754639657,0.3845982487291081,2.1794770538542814,0.0141694545745849,,,,JJA
8,7,PoissonRegressor,0.301783389513902,0.3845758729707516,2.1795166759454734,0.0201494693756103,,,,JJA
8,7,Ridge,0.3016049857194008,0.3844186237763889,2.1797951061664183,0.0100691318511962,,,,JJA
8,7,RidgeCV,0.3009163972417856,0.383811686106396,2.180869435141307,0.0116856098175048,,,,JJA
8,7,LassoLarsIC,0.298678277351127,0.3818389559260922,2.1843576780416467,0.017425537109375,,,,JJA
8,7,ElasticNetCV,0.2884072738492976,0.3727858579778393,2.200294727598618,0.0655226707458496,,,,JJA
8,7,LassoLarsCV,0.2879731700181104,0.3724032289092435,2.2009657650531462,0.0395693778991699,,,,JJA
8,7,LassoCV,0.2877298321513064,0.3721887453349459,2.201341827120237,0.0775094032287597,,,,JJA
8,7,ElasticNet,0.25687159316622,0.3449895860714113,2.2485214738326817,0.0094103813171386,,,,JJA
8,7,ExtraTreesRegressor,0.244469501662314,0.3340580983031463,2.267206657021151,1.7260503768920898,,,,JJA
8,7,KNeighborsRegressor,0.2217129706558602,0.3139999701828333,2.3010974142058163,0.0167300701141357,,,,JJA
8,7,GradientBoostingRegressor,0.2172005854061182,0.3100226503777247,2.3077584728694025,1.978803634643555,,,,JJA
8,7,LarsCV,0.2141283081012264,0.3073146747295394,2.312282703987071,0.0374410152435302,,,,JJA
8,7,RandomForestRegressor,0.2127084246396801,0.3060631568958445,2.314370634093135,3.750130414962769,,,,JJA
8,7,HistGradientBoostingRegressor,0.2101863271068531,0.3038401223115741,2.3180747262890176,0.919335126876831,,,,JJA
8,7,CatBoostRegressor,0.2062966663093546,0.3004116861145695,2.3237757231462117,2.1380162239074707,,,,JJA
8,7,OrthogonalMatchingPursuitCV,0.2042785970290347,0.2986329135868566,2.326728062566221,0.0151975154876708,,,,JJA
8,7,OrthogonalMatchingPursuit,0.2042785970290347,0.2986329135868566,2.326728062566221,0.0122351646423339,,,,JJA
8,7,AdaBoostRegressor,0.1970837869519234,0.2922912430445806,2.3372233788336905,0.6245942115783691,,,,JJA
8,7,LGBMRegressor,0.193393906991603,0.2890388982574209,2.342587692118648,0.4172375202178955,,,,JJA
8,7,Lasso,0.1688109134030323,0.2673708841457557,2.37801737909763,0.0136923789978027,,,,JJA
8,7,LassoLars,0.1687903891887353,0.2673527936327587,2.3780467386247155,0.0097184181213378,,,,JJA
8,7,XGBRegressor,0.1641106852191394,0.2632279952722058,2.384731535778005,0.8931386470794678,,,,JJA
8,7,BaggingRegressor,0.1623546943993551,0.261680224707732,2.387235078809587,0.3927445411682129,,,,JJA
8,7,MLPRegressor,-0.0756944107284978,0.0518582861958298,2.7052634445760013,0.9064943790435792,,,,JJA
8,7,ExtraTreeRegressor,-0.0778587837022277,0.0499505582387477,2.7079836673078943,0.0256834030151367,,,,JJA
8,7,DummyRegressor,-0.1359565093756018,-0.0012581090543843,2.7800074534540395,0.0081284046173095,,,,JJA
8,7,QuantileRegressor,-0.1420388568441997,-0.006619229550421,2.787440131232795,0.1919779777526855,,,,JJA
8,7,DecisionTreeRegressor,-0.156647375615651,-0.0194955128944276,2.805211408319325,0.0725598335266113,,,,JJA
8,7,PassiveAggressiveRegressor,-0.2041002650180439,-0.0613215774664972,2.862176647766681,0.0131042003631591,,,,JJA
8,7,RANSACRegressor,-0.6506233960104595,-0.4548973016218676,3.351113260421011,0.1942594051361084,,,,JJA
8,7,Lars,-1.8764090024633253e+21,-1.6539099112621406e+21,112987100022.3874,0.0139482021331787,,,,JJA
8,7,TweedieRegressor,0.1872761631805338,0.315264168978875,1.9205538584474453,0.0154283046722412,0.2858,0.1235,0.1516,MAM
8,7,GammaRegressor,0.1739278728611737,0.3040179716231936,1.9362613486204092,0.0142121315002441,0.2738,0.1194,0.1544,MAM
8,7,KNeighborsRegressor,0.0873559467213945,0.2310794196786553,2.035193495824175,0.0125575065612792,0.1994,0.2466,-0.0114,MAM
8,7,LinearSVR,-0.0059210351681895,0.1524917262756198,2.1366674638705323,0.0667252540588378,0.1153,0.1148,-0.0113,MAM
8,7,ElasticNet,-0.0096178724301687,0.1493770681100152,2.1405900719324995,0.0094456672668457,0.1108,0.0609,0.0443,MAM
8,7,ExtraTreesRegressor,-0.0171209854449576,0.1430555476959805,2.1485293923375166,1.5926249027252195,,,,MAM
8,7,HuberRegressor,-0.0368030901328861,0.126472987053395,2.1692176694071144,0.0365588665008544,,,,MAM
8,7,CatBoostRegressor,-0.0646749489196472,0.1029903973669115,2.1981813032900885,2.084213256835937,,,,MAM
8,7,PoissonRegressor,-0.1033771380169348,0.0703830411983306,2.237777909994457,0.0152311325073242,,,,MAM
8,7,LarsCV,-0.1113861902295076,0.0636352570507297,2.245884872546616,0.0353467464447021,,,,MAM
8,7,ElasticNetCV,-0.1114406491131687,0.0635893743692199,2.2459398970222653,0.0637850761413574,,,,MAM
8,7,BayesianRidge,-0.119037577668138,0.0571888125158206,2.2536025590680087,0.0123260021209716,,,,MAM
8,7,LassoCV,-0.1228517652506209,0.053975284395146,2.257439941763952,0.0742518901824951,,,,MAM
8,7,LassoLarsCV,-0.1228653126294254,0.0539638704618226,2.2574535599024816,0.0357904434204101,,,,MAM
8,7,LassoLarsIC,-0.1263746741996596,0.0510071642569797,2.260978488663332,0.0163171291351318,,,,MAM
8,7,RandomForestRegressor,-0.1276171028670385,0.0499603936474557,2.262225112166157,3.4493508338928223,,,,MAM
8,7,HistGradientBoostingRegressor,-0.1353988436235229,0.0434041238762444,2.2700175543248475,0.8690979480743408,,,,MAM
8,7,LGBMRegressor,-0.138970462764737,0.0403949644423082,2.273585143001673,0.4169251918792724,,,,MAM
8,7,Lasso,-0.1482073715918865,0.0326126869265207,2.28278577307782,0.0088417530059814,,,,MAM
8,7,LassoLars,-0.1482091331065513,0.0326112028157401,2.2827875241374165,0.0092513561248779,,,,MAM
8,7,RidgeCV,-0.1518995064463735,0.0295019906317954,2.286453049791079,0.0114195346832275,,,,MAM
8,7,SGDRegressor,-0.1650717944879844,0.0184040786597295,2.299488998420888,0.0161871910095214,,,,MAM
8,7,Ridge,-0.1713139683055915,0.0131449243409582,2.305640823294105,0.0095980167388916,,,,MAM
8,7,TransformedTargetRegressor,-0.1745622304331393,0.0104081995563314,2.3088355861191574,0.0109481811523437,,,,MAM
8,7,LinearRegression,-0.1745622304331393,0.0104081995563314,2.3088355861191574,0.0105092525482177,,,,MAM
8,7,BaggingRegressor,-0.1752078368286711,0.0098642634593085,2.309470032812882,0.3602867126464844,,,,MAM
8,7,AdaBoostRegressor,-0.182651362897392,0.0035929462203074,2.3167723436400345,0.5584688186645508,,,,MAM
8,7,OrthogonalMatchingPursuit,-0.18355830220909,0.0028288319970658,2.3176605044724687,0.0092287063598632,,,,MAM
8,7,OrthogonalMatchingPursuitCV,-0.1887450231790635,-0.0015410825209432,2.322733307853204,0.0140278339385986,,,,MAM
8,7,QuantileRegressor,-0.1902940895175668,-0.0028462014045642,2.3242462044388,0.1662104129791259,,,,MAM
8,7,DummyRegressor,-0.1938038421745274,-0.0058032371076726,2.32767036860196,0.0079803466796875,,,,MAM
8,7,GradientBoostingRegressor,-0.2089681676203088,-0.0185794798060869,2.3424073647723835,1.8670556545257568,,,,MAM
8,7,XGBRegressor,-0.278912463459106,-0.0775089259064909,2.4092141306023893,0.8977842330932617,,,,MAM
8,7,PassiveAggressiveRegressor,-0.5360973370489797,-0.2941922446003213,2.640367388014522,0.0110721588134765,,,,MAM
8,7,MLPRegressor,-0.5602697562231238,-0.3145579835895609,2.6610610426969465,0.8140113353729248,,,,MAM
8,7,DecisionTreeRegressor,-0.7687340683564929,-0.4901932701901161,2.8332589046789227,0.0678260326385498,,,,MAM
8,7,RANSACRegressor,-1.0800180555932997,-0.75245615707467,3.0724763193297697,0.1025571823120117,,,,MAM
8,7,ExtraTreeRegressor,-1.2849313583153306,-0.9250996483444124,3.2202646959593064,0.0237421989440917,,,,MAM
8,7,Lars,-141632751844152.22,-119328381474994.23,25353436.790331226,0.0132567882537841,,,,MAM
8,7,GammaRegressor,0.0799800081672608,0.204587682004652,2.8484860831367667,0.0115697383880615,0.2117,0.0732,0.1452,SON
8,7,TweedieRegressor,0.0494044396172164,0.178153273980573,2.895431937584648,0.0136663913726806,0.1845,0.0702,0.1289,SON
8,7,LinearSVR,0.043346805816185,0.1729160871954826,2.904642801482498,0.0553309917449951,0.1778,0.0547,0.1348,SON
8,7,PoissonRegressor,0.0242910213458598,0.1564412216150434,2.933429265372374,0.0146830081939697,0.1611,0.0492,0.1178,SON
8,7,HuberRegressor,0.0204851621673474,0.1531508286909572,2.9391447775313617,0.0363948345184326,0.1569,0.041,0.1236,SON
8,7,SGDRegressor,-0.0104658909288422,0.1263917918154704,2.9852196986633146,0.017735481262207,,,,SON
8,7,BayesianRidge,-0.0134939615009515,0.1237738436684774,2.989689267591362,0.0125577449798583,,,,SON
8,7,LassoLarsIC,-0.0164662773422259,0.1212040988215066,2.9940700509696496,0.0190184116363525,,,,SON
8,7,RidgeCV,-0.0207328605219525,0.1175153824381312,3.000347225226432,0.011326789855957,,,,SON
8,7,Ridge,-0.0207328605219796,0.1175153824381077,3.000347225226472,0.0095844268798828,,,,SON
8,7,ElasticNetCV,-0.0209265636474158,0.1173479144989608,3.000631897684728,0.0763056278228759,,,,SON
8,7,TransformedTargetRegressor,-0.0216200718828809,0.1167483351441457,3.0016508787411698,0.0112524032592773,,,,SON
8,7,LinearRegression,-0.0216200718828809,0.1167483351441457,3.0016508787411698,0.0128295421600341,,,,SON
8,7,LassoCV,-0.0359418481786966,0.1043663028161606,3.0226172625180334,0.0960991382598877,,,,SON
8,7,LassoLarsCV,-0.0364222039980077,0.1039510064757629,3.023317959917999,0.0400488376617431,,,,SON
8,7,LarsCV,-0.0492631253590292,0.0928492618227805,3.041989249847352,0.0356659889221191,,,,SON
8,7,ElasticNet,-0.0860021893812617,0.0610861432663131,3.094787400383857,0.0093131065368652,,,,SON
8,7,KNeighborsRegressor,-0.098652562783275,0.0501491387223602,3.112760137831965,0.0147798061370849,,,,SON
8,7,OrthogonalMatchingPursuitCV,-0.1174102260063418,0.0339320167936141,3.139220273400672,0.0163958072662353,,,,SON
8,7,OrthogonalMatchingPursuit,-0.1174102260063418,0.0339320167936141,3.139220273400672,0.0095601081848144,,,,SON
8,7,CatBoostRegressor,-0.1455606144578232,0.009594322037593,3.178516765708507,2.096543550491333,,,,SON
8,7,DummyRegressor,-0.1596369144583109,-0.0025754813488332,3.197985465016704,0.0094220638275146,,,,SON
8,7,QuantileRegressor,-0.1623982569268776,-0.004962827094795,3.201790743312868,0.1695942878723144,,,,SON
8,7,Lasso,-0.1896107052972682,-0.0284896165436878,3.2390518604170584,0.0091230869293212,,,,SON
8,7,LassoLars,-0.1896108994193981,-0.0284897843738816,3.23905212469327,0.0112528800964355,,,,SON
8,7,ExtraTreesRegressor,-0.2149897161702487,-0.0504312896009149,3.2734202950320825,1.5947394371032717,,,,SON
8,7,GradientBoostingRegressor,-0.2195580815394433,-0.0543809147395188,3.279568556675535,1.8869102001190183,,,,SON
8,7,HistGradientBoostingRegressor,-0.2240653121170344,-0.0582776851937341,3.285623265960026,0.9057705402374268,,,,SON
8,7,LGBMRegressor,-0.2697721108688078,-0.0977939468685178,3.346403930732236,0.4106161594390869,,,,SON
8,7,RandomForestRegressor,-0.3244966241415401,-0.1451065621810607,3.417754765542342,3.535147190093994,,,,SON
8,7,XGBRegressor,-0.3312053327973281,-0.1509066421250038,3.426399468665857,0.8826165199279785,,,,SON
8,7,AdaBoostRegressor,-0.3420665285637239,-0.1602967955754093,3.440348930278463,0.5668461322784424,,,,SON
8,7,BaggingRegressor,-0.3679586325277402,-0.1826820683027641,3.4733772217143826,0.36873459815979,,,,SON
8,7,MLPRegressor,-0.4839099173368937,-0.282928890158082,3.61758911579516,0.8280980587005615,,,,SON
8,7,ExtraTreeRegressor,-0.7267308440528377,-0.4928621067093384,3.9023641483011215,0.0243504047393798,,,,SON
8,7,PassiveAggressiveRegressor,-0.9083807524367568,-0.6499093186981444,4.10249427363199,0.0113723278045654,,,,SON
8,7,RANSACRegressor,-1.0445806394183137,-0.7676622683910026,4.246367640999996,0.1028807163238525,,,,SON
8,7,DecisionTreeRegressor,-1.05422700493965,-0.7760021284241219,4.256373070081112,0.0700805187225341,,,,SON
8,7,Lars,-1202270804406969.2,-1039435029543722.8,102971400.64055966,0.0151195526123046,,,,SON
