cluster_id,n_stations,Model,Adjusted R-Squared,R-Squared,RMSE,Time Taken,R2_deploy_mean,R2_deploy_std,R2_deploy_min,season
1,6,LinearSVR,0.4530051970585543,0.4644539254922125,2.8268018516756013,0.4832050800323486,0.3617,0.1613,-0.0072,
1,6,HuberRegressor,0.4483373925449746,0.459883819212638,2.838837549183736,0.1710805892944336,0.3558,0.155,0.0066,
1,6,TweedieRegressor,0.4375806814362707,0.449352248569,2.866380772981773,0.0269381999969482,0.3455,0.1332,0.0515,
1,6,KNeighborsRegressor,0.4206786920135086,0.4328040217155514,2.9091326084771816,0.1707394123077392,0.3259,0.1614,-0.0678,
1,6,PoissonRegressor,0.4191232945853046,0.4312811791172402,2.91303529963646,0.0328807830810546,0.319,0.1481,-0.0086,
1,6,ElasticNetCV,0.4052868999346619,0.4177343834244016,2.947525151173831,0.1385688781738281,,,,
1,6,BayesianRidge,0.4026574638365223,0.4151599820352928,2.9540339881107185,0.0408291816711425,,,,
1,6,LinearRegression,0.4024855584435514,0.4149916746621748,2.9544590188200077,0.0374524593353271,,,,
1,6,TransformedTargetRegressor,0.4024855584435514,0.4149916746621748,2.9544590188200077,0.0266461372375488,,,,
1,6,LassoLarsIC,0.4024816854660749,0.4149878827470176,2.954468593931417,0.0603961944580078,,,,
1,6,Ridge,0.4024764506584899,0.4149827575051728,2.9544815358282213,0.0203273296356201,,,,
1,6,RidgeCV,0.402465803837238,0.4149723335243657,2.9545078575495305,0.0293078422546386,,,,
1,6,LassoCV,0.4011701040682254,0.413703753052844,2.957709416695931,0.1839721202850341,,,,
1,6,LassoLarsCV,0.4011262679417841,0.4136608344267235,2.957817671270528,0.123368501663208,,,,
1,6,CatBoostRegressor,0.3970483480222059,0.4096682663194155,2.9678709425315737,3.6380903720855713,,,,
1,6,SGDRegressor,0.3942029382543146,0.4068824116396895,2.9748655907216017,0.0622854232788085,,,,
1,6,HistGradientBoostingRegressor,0.3906157483497664,0.4033703024540737,2.9836603320353863,0.8441283702850342,,,,
1,6,LGBMRegressor,0.3838268844018334,0.3967235310073764,3.000234079525933,0.4660203456878662,,,,
1,6,GradientBoostingRegressor,0.379090819452214,0.3920865929985631,3.0117422932468068,12.336822032928469,,,,
1,6,XGBRegressor,0.3567508675646492,0.3702142214993427,3.0654438932769112,0.8954257965087891,,,,
1,6,ExtraTreesRegressor,0.3515490687846179,0.365121297577498,3.077813684156987,10.126517295837402,,,,
1,6,MLPRegressor,0.3455682910187023,0.3592656988811016,3.091974716986423,6.924916982650757,,,,
1,6,RandomForestRegressor,0.342726225261286,0.3564831182209336,3.0986813567431577,29.53534841537476,,,,
1,6,BaggingRegressor,0.3142787748501809,0.328631079562619,3.1650280499468333,2.957159280776977,,,,
1,6,ElasticNet,0.309681757067725,0.3241302784314238,3.175619370526225,0.0198256969451904,,,,
1,6,OrthogonalMatchingPursuitCV,0.3029986653191353,0.3175870653473395,3.190954208615588,0.04111909866333,,,,
1,6,OrthogonalMatchingPursuit,0.2871153373495559,0.3020361791259607,3.227107277145659,0.0190310478210449,,,,
1,6,LarsCV,0.2637125407337861,0.2791232084858697,3.2796497733104264,0.117244005203247,,,,
1,6,RANSACRegressor,0.2062230168537475,0.2228369537102971,3.4052814916463827,0.1658358573913574,,,,
1,6,PassiveAggressiveRegressor,0.2043144847272632,0.2209683676050647,3.409372809108969,0.0315940380096435,,,,
1,6,Lasso,0.1296570928870035,0.1478735723382058,3.565734181755788,0.0261383056640625,,,,
1,6,LassoLars,0.1296538148460869,0.147870362907448,3.565740896701957,0.0213236808776855,,,,
1,6,AdaBoostRegressor,0.0659680734744834,0.0855175789133896,3.693895692267832,2.803250312805176,,,,
1,6,DecisionTreeRegressor,-0.0370861328565901,-0.01537967891308,3.8923436869107455,0.5070922374725342,,,,
1,6,ExtraTreeRegressor,-0.0643441734641827,-0.0420672023916766,3.943163731555415,0.1139576435089111,,,,
1,6,DummyRegressor,-0.0652996336464064,-0.0430026645700862,3.9449332206374472,0.0164949893951416,,,,
1,6,QuantileRegressor,-0.1204164385675106,-0.09696586194633,4.045698394562741,5.175379514694214,,,,
1,6,Lars,-0.6017467346546421,-0.5682218029990798,4.83727403015634,0.0276875495910644,,,,
10,30,TweedieRegressor,0.3292229825362721,0.3322759779631831,2.462756391773808,0.0632636547088623,0.2633,0.1158,0.104,
10,30,KNeighborsRegressor,0.3043683030158304,0.3075344228058868,2.507968336720687,3.02246356010437,0.2422,0.1611,0.011,
10,30,CatBoostRegressor,0.2796868710361899,0.2829653266651342,2.5520726489777124,7.741827011108398,0.2175,0.1927,-0.0549,
10,30,LGBMRegressor,0.2699612486804493,0.273283969810153,2.569243844046469,0.782768726348877,0.2037,0.1822,-0.076,
10,30,HistGradientBoostingRegressor,0.2668993281311266,0.2702359853814654,2.574626153566413,2.249967336654663,0.2008,0.1808,-0.0761,
10,30,XGBRegressor,0.2619868985621491,0.2653459143975596,2.5832378989586897,2.0735907554626465,,,,
10,30,GradientBoostingRegressor,0.257112126752659,0.2604933297764409,2.591755342033831,79.7540774345398,,,,
10,30,MLPRegressor,0.2482361228824925,0.251657724426974,2.607192479086305,34.112040758132935,,,,
10,30,LinearSVR,0.2472416014766785,0.2506677295168878,2.6089164590647704,3.44843864440918,,,,
10,30,HuberRegressor,0.2445712157509548,0.2480094978679982,2.6135398851103484,0.8031418323516846,,,,
10,30,PoissonRegressor,0.2434020640882349,0.246845667518601,2.615561546985158,0.0862553119659423,,,,
10,30,ElasticNet,0.241407141352683,0.2448598245365739,2.619007504211809,0.051060676574707,,,,
10,30,SGDRegressor,0.2293249911214592,0.2328326653805403,2.639781651596922,0.1994593143463134,,,,
10,30,LassoLarsIC,0.2291714393976598,0.2326798125368432,2.640044617717493,0.1409587860107422,,,,
10,30,BayesianRidge,0.2291037990788347,0.2326124800782737,2.6401604473270144,0.1378483772277832,,,,
10,30,RidgeCV,0.2290892348045963,0.232597982092327,2.640185387026502,0.1095423698425293,,,,
10,30,Ridge,0.2290749312593515,0.2325837436486839,2.640209880027298,0.0609195232391357,,,,
10,30,LinearRegression,0.2290744645597375,0.2325832790732211,2.6402106791871613,0.0972752571105957,,,,
10,30,TransformedTargetRegressor,0.2290744645597375,0.2325832790732211,2.6402106791871613,0.1025559902191162,,,,
10,30,LassoLarsCV,0.2289731458210206,0.23248242147977,2.640384168074944,0.3296627998352051,,,,
10,30,RandomForestRegressor,0.2289624193425038,0.2324717438220818,2.640402534442729,232.6849992275238,,,,
10,30,ElasticNetCV,0.2282685612646673,0.2317810437915299,2.6415903187278387,0.5878200531005859,,,,
10,30,LassoCV,0.2273842395660356,0.2309007470222436,2.6431033754063984,0.9810004234313964,,,,
10,30,ExtraTreesRegressor,0.2271273391831155,0.2306450159037346,2.6435427644721474,60.41895389556885,,,,
10,30,LarsCV,0.207011099677816,0.2106203340779878,2.677724683899586,0.4060494899749756,,,,
10,30,OrthogonalMatchingPursuitCV,0.1996246481414046,0.2032675014673516,2.690166874634765,0.2157692909240722,,,,
10,30,OrthogonalMatchingPursuit,0.1903719174796713,0.1940568839723804,2.7056720142881265,0.0592100620269775,,,,
10,30,BaggingRegressor,0.1888898283962472,0.1925815405154107,2.708147356696552,22.767682313919067,,,,
10,30,LassoLars,0.1210657608051407,0.125066169499767,2.819100504361774,0.049145221710205,,,,
10,30,Lasso,0.1210535456650651,0.1250540099560606,2.8191200937612813,0.055391788482666,,,,
10,30,RANSACRegressor,0.1040668804225185,0.1081446583512115,2.846231124233983,0.3251206874847412,,,,
10,30,AdaBoostRegressor,0.0545442005516892,0.0588473775492794,2.923835823732031,17.767537117004395,,,,
10,30,DummyRegressor,-0.0234409206078185,-0.0187827996988114,3.0420318485999376,0.0485455989837646,,,,
10,30,QuantileRegressor,-0.0595968497290058,-0.0547741675971351,3.095299638866798,105.57382583618164,,,,
10,30,DecisionTreeRegressor,-0.1463925161307413,-0.1411747894971937,3.2195786511496363,3.791727066040039,,,,
10,30,ExtraTreeRegressor,-0.1499459155041871,-0.1447120158179637,3.224564551270054,0.6525835990905762,,,,
10,30,PassiveAggressiveRegressor,-0.3295263244056741,-0.3234750768484518,3.467215521650234,0.1710748672485351,,,,
10,30,Lars,-5.334088105738408,-5.305258939686194,7.567883150053229,0.0615363121032714,,,,
10,30,TweedieRegressor,0.1261745398468267,0.1421461668601868,2.859729089759936,0.0254054069519042,0.1331,0.0644,0.0913,DJF
10,30,KNeighborsRegressor,0.0561081005134153,0.07336038949672,2.9721701997539305,0.2000465393066406,0.0665,0.0569,0.0208,DJF
10,30,ElasticNet,0.0293470479680453,0.0470884707306115,3.01400893750528,0.0242323875427246,0.0358,0.0665,-0.0263,DJF
10,30,CatBoostRegressor,0.0076745501144672,0.0258120989547796,3.04747120554974,4.046578884124756,0.0107,0.1089,-0.0824,DJF
10,30,HistGradientBoostingRegressor,0.0070646509176659,0.0252133473874892,3.048407574126901,1.483997106552124,0.0139,0.0673,-0.0469,DJF
10,30,GradientBoostingRegressor,0.0030726482882433,0.0212943098751764,3.054529344420363,17.849904537200928,,,,DJF
10,30,PoissonRegressor,0.0026814749697569,0.0209102863533315,3.055128552172298,0.044234275817871,,,,DJF
10,30,LGBMRegressor,-0.0038277382430549,0.0145200473868953,3.0650823130580034,0.4441986083984375,,,,DJF
10,30,AdaBoostRegressor,-0.0118758554588824,0.0066190322322832,3.077344822971697,4.304128170013428,,,,DJF
10,30,XGBRegressor,-0.0313203943415829,-0.0124701028121876,3.106771760825888,1.30070161819458,,,,DJF
10,30,BayesianRidge,-0.0587548275073632,-0.0394030942669767,3.147822590132172,0.0534448623657226,,,,DJF
10,30,RidgeCV,-0.0589190116124114,-0.0395642774440285,3.148066651545948,0.0405240058898925,,,,DJF
10,30,Ridge,-0.0593099699133301,-0.0399480898783586,3.148647739049224,0.0296642780303955,,,,DJF
10,30,LassoLarsIC,-0.0593678960684465,-0.04000495726947,3.1487338264878377,0.0598022937774658,,,,DJF
10,30,LinearRegression,-0.0593795620780592,-0.040016410049825,3.1487511637405974,0.0321817398071289,,,,DJF
10,30,TransformedTargetRegressor,-0.0593795620780592,-0.040016410049825,3.1487511637405974,0.038447618484497,,,,DJF
10,30,LassoLarsCV,-0.0593803453507859,-0.0400171790060315,3.1487523277853566,0.1524908542633056,,,,DJF
10,30,ElasticNetCV,-0.0615261694007553,-0.0421237820640234,3.151939686544853,0.2030894756317138,,,,DJF
10,30,LassoCV,-0.0621555829278537,-0.0427416912821374,3.1528739920494173,0.3448965549468994,,,,DJF
10,30,HuberRegressor,-0.063285564186057,-0.0438510189430136,3.154550649186085,0.1982629299163818,,,,DJF
10,30,SGDRegressor,-0.0745209749071562,-0.0548810708166518,3.1711734346603717,0.0486414432525634,,,,DJF
10,30,LinearSVR,-0.0765045607390275,-0.0568284010179649,3.174099107829252,0.5381782054901123,,,,DJF
10,30,Lasso,-0.078237397305628,-0.0585295651046722,3.1766527353663,0.0255420207977294,,,,DJF
10,30,LassoLars,-0.078237397305628,-0.0585295651046722,3.1766527353663,0.0224227905273437,,,,DJF
10,30,BaggingRegressor,-0.0950814722762685,-0.0750657670559467,3.201369194239208,4.659003257751465,,,,DJF
10,30,RandomForestRegressor,-0.0957008209716065,-0.0756737954055131,3.202274370526856,45.52804660797119,,,,DJF
10,30,LarsCV,-0.1023177080537101,-0.0821697401973262,3.2119290106246914,0.1393942832946777,,,,DJF
10,30,DummyRegressor,-0.1029322826871461,-0.0827730817444485,3.212824258437524,0.01800537109375,,,,DJF
10,30,MLPRegressor,-0.1148786887012025,-0.0945011334649905,3.2301772409938643,8.39279055595398,,,,DJF
10,30,ExtraTreesRegressor,-0.1209686293984855,-0.100479763304687,3.238987525699384,14.356310606002808,,,,DJF
10,30,OrthogonalMatchingPursuitCV,-0.1503306350959823,-0.1293050954618153,3.281133408919142,0.0463361740112304,,,,DJF
10,30,QuantileRegressor,-0.1663904614939688,-0.145071383196963,3.303958058912796,7.266517162322998,,,,DJF
10,30,OrthogonalMatchingPursuit,-0.1775141654920211,-0.1559917701032556,3.319675369178979,0.0203015804290771,,,,DJF
10,30,DecisionTreeRegressor,-0.4858340659603908,-0.458676254031789,3.7290456644018826,0.7774310111999512,,,,DJF
10,30,PassiveAggressiveRegressor,-0.5235588964301889,-0.4957115567310182,3.776088547004268,0.0510151386260986,,,,DJF
10,30,ExtraTreeRegressor,-0.6494999511352593,-0.6193506831413167,3.929060348904679,0.1546955108642578,,,,DJF
10,30,RANSACRegressor,-1.2734894533559775,-1.2319350157438662,4.612740444762917,0.1841671466827392,,,,DJF
10,30,Lars,-160.96608938703733,-158.0057018880866,38.93360282455416,0.0301916599273681,,,,DJF
10,30,TweedieRegressor,0.4479147371685783,0.4579811216205288,1.8533159929019427,0.0257332324981689,0.4145,0.0855,0.3249,JJA
10,30,LinearSVR,0.4381805803455053,0.4484244514494162,1.8695830828510531,0.9465343952178956,0.3912,0.0862,0.3378,JJA
10,30,HuberRegressor,0.430859919167068,0.4412372707219634,1.8817242504248195,0.2152125835418701,0.3816,0.0856,0.3306,JJA
10,30,CatBoostRegressor,0.4304577952329994,0.4408424788693507,1.8823888958895865,4.311061143875122,0.3857,0.1187,0.3081,JJA
10,30,PoissonRegressor,0.4263656392334485,0.4368249367352697,1.88913926652521,0.0435302257537841,0.395,0.1098,0.2819,JJA
10,30,LGBMRegressor,0.4248375508037734,0.4353247105338503,1.8916538054992875,0.4317643642425537,,,,JJA
10,30,KNeighborsRegressor,0.4160821433207862,0.4267289437869792,1.9059972710913984,0.2168624401092529,,,,JJA
10,30,BayesianRidge,0.4118499936920923,0.4225739605818231,1.9128919927930903,0.0614998340606689,,,,JJA
10,30,RidgeCV,0.4117063850940421,0.4224329704549692,1.9131255139760872,0.0456659793853759,,,,JJA
10,30,ElasticNetCV,0.4115890772337592,0.4223178015143429,1.9133162465186095,0.2597391605377197,,,,JJA
10,30,Ridge,0.4115805483585788,0.4223094281494475,1.91333011299838,0.0241036415100097,,,,JJA
10,30,LinearRegression,0.411566615276125,0.4222957491142831,1.913352765570744,0.037473440170288,,,,JJA
10,30,TransformedTargetRegressor,0.411566615276125,0.4222957491142831,1.913352765570744,0.0346672534942626,,,,JJA
10,30,LassoLarsIC,0.411542392224017,0.4222719677304671,1.9133921470606283,0.0428833961486816,,,,JJA
10,30,LassoCV,0.4104592915804331,0.4212086156804657,1.9151522088855395,0.2075564861297607,,,,JJA
10,30,LassoLarsCV,0.4104383731781204,0.4211880786914852,1.915186185817459,0.0897762775421142,,,,JJA
10,30,HistGradientBoostingRegressor,0.4072280212921831,0.4180362623950403,1.92039350765161,1.515528678894043,,,,JJA
10,30,GradientBoostingRegressor,0.4039528553195709,0.4148208137922691,1.9256914500530813,17.476032733917236,,,,JJA
10,30,SGDRegressor,0.402918498053221,0.4138053163626233,1.9273616111843292,0.0750932693481445,,,,JJA
10,30,XGBRegressor,0.3998499881930994,0.4107927558313937,1.932307794500596,1.2724709510803225,,,,JJA
10,30,ExtraTreesRegressor,0.392432429893113,0.4035104447451428,1.9442123098758588,14.327175617218018,,,,JJA
10,30,RandomForestRegressor,0.380326959700446,0.3916256982796517,1.9634854946155869,44.87421441078186,,,,JJA
10,30,OrthogonalMatchingPursuitCV,0.3704238396538337,0.381903145656904,1.97911273574783,0.0431106090545654,,,,JJA
10,30,MLPRegressor,0.3681237744393202,0.3796450184223957,1.982724640569,8.62651777267456,,,,JJA
10,30,ElasticNet,0.3646030092528116,0.3761884487113299,1.9882407611423625,0.0360651016235351,,,,JJA
10,30,BaggingRegressor,0.3465829777492917,0.3584969834224204,2.016237176817109,4.5531861782073975,,,,JJA
10,30,OrthogonalMatchingPursuit,0.332225686217232,0.3444014739482791,2.038267834883852,0.0225882530212402,,,,JJA
10,30,AdaBoostRegressor,0.2188013699959539,0.2330452672205009,2.204586444623164,3.325767040252685,,,,JJA
10,30,LarsCV,0.162003147430758,0.1772826686485926,2.2833242545717325,0.1033015251159668,,,,JJA
10,30,Lasso,0.1557122234846991,0.1711064495556831,2.291878798365724,0.0232863426208496,,,,JJA
10,30,LassoLars,0.1557006057834004,0.1710950436844323,2.291894566846825,0.0270602703094482,,,,JJA
10,30,RANSACRegressor,0.144257671640435,0.1598607529922098,2.3073735157435347,0.1854796409606933,,,,JJA
10,30,DummyRegressor,-0.0201430483745836,-0.0015423850128106,2.51928286886676,0.0310862064361572,,,,JJA
10,30,QuantileRegressor,-0.023515589665348,-0.004853433451839,2.523443743628536,7.390726089477539,,,,JJA
10,30,ExtraTreeRegressor,-0.0452983069180945,-0.0262389779832024,2.5501546582281924,0.176257848739624,,,,JJA
10,30,PassiveAggressiveRegressor,-0.072931262163878,-0.0533680908521381,2.5836420604131503,0.0464124679565429,,,,JJA
10,30,DecisionTreeRegressor,-0.0919085043820782,-0.0719993136619836,2.606390718981308,0.8052840232849121,,,,JJA
10,30,Lars,-1.578489686477688e+20,-1.5497084725832407e+20,31337710959.31522,0.0287761688232421,,,,JJA
10,30,TweedieRegressor,0.3112033803922305,0.3240647280612552,2.3530840888692968,0.0244026184082031,0.2935,0.1112,0.1966,MAM
10,30,KNeighborsRegressor,0.2775677259766412,0.2910571252841313,2.40985278811588,0.20369553565979,0.2584,0.1068,0.1665,MAM
10,30,HuberRegressor,0.2546108784410918,0.2685289325780839,2.4478424885786687,0.2241420745849609,0.233,0.1156,0.1235,MAM
10,30,CatBoostRegressor,0.2521367597016353,0.2661010110765009,2.4519016005207503,3.877439498901367,0.2297,0.136,0.0931,MAM
10,30,LinearSVR,0.2507120086003086,0.2647028632115061,2.454236042908841,0.9281237125396729,0.2288,0.1165,0.1177,MAM
10,30,PoissonRegressor,0.2498124691474839,0.263820120138506,2.4557087876846446,0.034510850906372,,,,MAM
10,30,LGBMRegressor,0.2433874635881143,0.2575150835626101,2.4662023664141417,0.434694766998291,,,,MAM
10,30,HistGradientBoostingRegressor,0.2387471987590296,0.2529614626826162,2.473753351262288,1.4323170185089111,,,,MAM
10,30,GradientBoostingRegressor,0.2366741257382199,0.2509270984941452,2.4771193715209394,17.49461817741394,,,,MAM
10,30,LinearRegression,0.2338528985462989,0.248158549818256,2.481692825230579,0.0303547382354736,,,,MAM
10,30,TransformedTargetRegressor,0.2338528985462989,0.248158549818256,2.481692825230579,0.0317907333374023,,,,MAM
10,30,LassoLarsIC,0.233852889843398,0.2481585412778574,2.481692839325736,0.048560619354248,,,,MAM
10,30,RidgeCV,0.2338240374131993,0.2481302275859819,2.481739568076885,0.0335142612457275,,,,MAM
10,30,Ridge,0.2338240374130149,0.2481302275858009,2.481739568077184,0.0260064601898193,,,,MAM
10,30,BayesianRidge,0.2336137055578206,0.2479238230888987,2.482080190266837,0.0399248600006103,,,,MAM
10,30,ElasticNetCV,0.2330239028671894,0.2473450333115779,2.4830350977566056,0.2036788463592529,,,,MAM
10,30,LassoLarsCV,0.2320946753443761,0.2464331565101449,2.4845387991970207,0.0980091094970703,,,,MAM
10,30,LassoCV,0.2320479158600396,0.2463872701282131,2.484614442626515,0.2276930809020996,,,,MAM
10,30,ExtraTreesRegressor,0.2240092518729582,0.2384987056761602,2.4975846429985804,13.92013144493103,,,,MAM
10,30,XGBRegressor,0.2222472282722635,0.2367695829310802,2.5004186379457245,1.3175108432769775,,,,MAM
10,30,SGDRegressor,0.2218977087278311,0.2364265896851952,2.5009804148046584,0.0503487586975097,,,,MAM
10,30,ElasticNet,0.2206586336007688,0.2352106508156922,2.5029709435200016,0.0217287540435791,,,,MAM
10,30,MLPRegressor,0.2048914405664115,0.2197378659500262,2.528163506250102,8.180318355560303,,,,MAM
10,30,RandomForestRegressor,0.2047616329579397,0.2196104821350736,2.5283698689294507,45.26010298728943,,,,MAM
10,30,LarsCV,0.1916480717202384,0.2067417799246323,2.549131167556432,0.0825030803680419,,,,MAM
10,30,BaggingRegressor,0.1724390775360252,0.1878914599056845,2.5792410440543776,4.583556175231934,,,,MAM
10,30,OrthogonalMatchingPursuitCV,0.1412454192790529,0.1572802558485312,2.627401702696078,0.0469222068786621,,,,MAM
10,30,OrthogonalMatchingPursuit,0.1412454192790529,0.1572802558485312,2.627401702696078,0.0209898948669433,,,,MAM
10,30,LassoLars,0.0982588480889481,0.1150963384773288,2.6923585048006125,0.0199038982391357,,,,MAM
10,30,Lasso,0.0982562727104825,0.1150938111868428,2.6923623494943745,0.0203070640563964,,,,MAM
10,30,AdaBoostRegressor,0.0850436515893298,0.1021278987588236,2.712015273815992,3.91466236114502,,,,MAM
10,30,DummyRegressor,-0.0295698923241349,-0.010345558235095,2.876867504433294,0.0203981399536132,,,,MAM
10,30,QuantileRegressor,-0.0745201102606967,-0.0544564567496048,2.938997506959568,7.070099353790283,,,,MAM
10,30,PassiveAggressiveRegressor,-0.075296060283609,-0.0552179180791432,2.9400584939057204,0.0503380298614501,,,,MAM
10,30,RANSACRegressor,-0.1421614449022035,-0.1208347789185524,3.030091140766288,0.1782257556915283,,,,MAM
10,30,DecisionTreeRegressor,-0.1796466226128057,-0.1576200259250146,3.0794127812882084,0.7748928070068359,,,,MAM
10,30,ExtraTreeRegressor,-0.2170224958889821,-0.194298009451221,3.127816358440461,0.1603608131408691,,,,MAM
10,30,Lars,-2.909174524653581e+16,-2.854853838508597e+16,483589465.4770802,0.0284428596496582,,,,MAM
10,30,TweedieRegressor,0.2379374805028308,0.2514173599750684,2.616823989842636,0.0263018608093261,0.2541,0.1073,0.1544,SON
10,30,ElasticNet,0.1384516380707331,0.1536912906991989,2.782396651092692,0.0264661312103271,0.1547,0.079,0.0858,SON
10,30,KNeighborsRegressor,0.1291968057798158,0.1446001641681445,2.797301112983622,0.2161738872528076,0.1539,0.2212,-0.0419,SON
10,30,LinearSVR,0.1251458122123205,0.1406208273264894,2.803800113251407,0.5231242179870605,0.1445,0.1466,0.0017,SON
10,30,HuberRegressor,0.1239418857755408,0.1394381967582848,2.805728668093424,0.2083125114440918,0.1434,0.1472,0.0001,SON
10,30,GradientBoostingRegressor,0.1223047622799462,0.1378300318150886,2.808349031013728,17.60429883003235,,,,SON
10,30,PoissonRegressor,0.1198952664528388,0.1354631567868098,2.8122012038774997,0.0344917774200439,,,,SON
10,30,CatBoostRegressor,0.1094982263121824,0.1252500265543018,2.8287632800664504,4.108627796173096,,,,SON
10,30,LGBMRegressor,0.1003580782649175,0.1162715556540993,2.8432434918046265,0.4205861091613769,,,,SON
10,30,LinearRegression,0.0962689723701997,0.1122547806419532,2.849697805580293,0.0296771526336669,,,,SON
10,30,TransformedTargetRegressor,0.0962689723701997,0.1122547806419532,2.849697805580293,0.0296359062194824,,,,SON
10,30,RidgeCV,0.0962283772141432,0.1122149035605911,2.8497618083778664,0.0306735038757324,,,,SON
10,30,Ridge,0.0962283772140891,0.1122149035605379,2.849761808377952,0.0220265388488769,,,,SON
10,30,BayesianRidge,0.095831123890217,0.111824677123291,2.8503880467705427,0.0397460460662841,,,,SON
10,30,LassoLarsIC,0.0957613574390676,0.1117561447485181,2.850498013850667,0.0525741577148437,,,,SON
10,30,HistGradientBoostingRegressor,0.0939276474823588,0.1099548706990624,2.8533868194542444,1.4921302795410156,,,,SON
10,30,LassoLarsCV,0.0936336139385621,0.1096660382203092,2.853849764483332,0.1000480651855468,,,,SON
10,30,ElasticNetCV,0.0931399624911326,0.1091811188149922,2.854626831745846,0.2122681140899658,,,,SON
10,30,LassoCV,0.0923551170647681,0.1084101562676319,2.855861838351274,0.2431869506835937,,,,SON
10,30,LarsCV,0.0903108522625552,0.1064020518097976,2.859076120925494,0.0839087963104248,,,,SON
10,30,SGDRegressor,0.0896329257521623,0.1057361169239989,2.8601412553883057,0.0690996646881103,,,,SON
10,30,OrthogonalMatchingPursuitCV,0.088944283320984,0.1050596556679005,2.8612228203679493,0.04327392578125,,,,SON
10,30,ExtraTreesRegressor,0.0675048501285554,0.0839994577324135,2.894692942173582,13.920062065124512,,,,SON
10,30,OrthogonalMatchingPursuit,0.0655414804247123,0.0820708174455016,2.897738729593609,0.0231909751892089,,,,SON
10,30,RandomForestRegressor,0.0654882795102881,0.0820185575849882,2.897821215949506,44.774035692214966,,,,SON
10,30,LassoLars,0.0634037057453129,0.0799708571767048,2.9010514360791078,0.0205168724060058,,,,SON
10,30,Lasso,0.0633950058526271,0.0799623111736301,2.901064909748454,0.0206708908081054,,,,SON
10,30,XGBRegressor,0.0570425845275039,0.073722255791758,2.91088636298876,1.2964246273040771,,,,SON
10,30,MLPRegressor,0.045000227905604,0.0618929125535002,2.929414624740745,8.282248735427856,,,,SON
10,30,BaggingRegressor,0.0134228986179004,0.0308741445149894,2.977451713015659,4.4838080406188965,,,,SON
10,30,DummyRegressor,-0.0476529956074416,-0.0291213978077817,3.0682302048578345,0.0237886905670166,,,,SON
10,30,AdaBoostRegressor,-0.0857513064122488,-0.0665457998129754,3.1235207236979954,4.164884090423584,,,,SON
10,30,QuantileRegressor,-0.1004349082613658,-0.0809696681388181,3.144570897541668,6.965983152389526,,,,SON
10,30,ExtraTreeRegressor,-0.3520774281291114,-0.3281609641881484,3.4856196298968425,0.1645255088806152,,,,SON
10,30,RANSACRegressor,-0.3649381217293794,-0.3407941691044494,3.502157659287989,0.1867411136627197,,,,SON
10,30,DecisionTreeRegressor,-0.4567932146078919,-0.4310244667079881,3.618080008368363,0.7757871150970459,,,,SON
10,30,PassiveAggressiveRegressor,-0.5802557051632378,-0.5523030688690769,3.768277653340842,0.041393756866455,,,,SON
10,30,Lars,-9187278661381060.0,-9024767836002860.0,287324497.6372596,0.027695894241333,,,,SON
11,15,KNeighborsRegressor,0.5162500768391717,0.5203182410219855,2.003772115432032,0.8505809307098389,0.4889,0.1403,0.1939,
11,15,TweedieRegressor,0.507669990023458,0.5118103096737934,2.02146408001023,0.0385844707489013,0.4795,0.1187,0.1965,
11,15,CatBoostRegressor,0.5003759469728724,0.5045776069217082,2.0363833768039687,5.489911794662476,0.4714,0.1281,0.1608,
11,15,XGBRegressor,0.4802944585728974,0.4846649966712377,2.076904598532863,1.4255025386810305,0.4513,0.1352,0.1275,
11,15,HistGradientBoostingRegressor,0.474271963004832,0.4786931481412144,2.088903816555081,1.3028206825256348,0.4444,0.134,0.1013,
11,15,LGBMRegressor,0.474122304739706,0.4785447484486788,2.089201118062679,0.6155939102172852,,,,
11,15,PoissonRegressor,0.4736993521162588,0.4781253527058249,2.09004109996454,0.0561838150024414,,,,
11,15,ExtraTreesRegressor,0.4696561333379574,0.4741161359542518,2.098053939789815,29.19109988212585,,,,
11,15,HuberRegressor,0.4666330895507733,0.4711185148862647,2.104025062177488,0.4574089050292969,,,,
11,15,LinearSVR,0.4636837101643196,0.468193938727692,2.109834396119386,2.6596124172210693,,,,
11,15,GradientBoostingRegressor,0.4577919274638931,0.4623517038167476,2.121391692147946,37.53935933113098,,,,
11,15,MLPRegressor,0.4542039555131525,0.4587939054294125,2.128399097436119,12.337559461593628,,,,
11,15,RandomForestRegressor,0.453258517322611,0.4578564180365864,2.130241726329062,100.36101055145264,,,,
11,15,TransformedTargetRegressor,0.438944123070103,0.4436624027303244,2.157947785191888,0.0579423904418945,,,,
11,15,LinearRegression,0.438944123070103,0.4436624027303244,2.157947785191888,0.0615251064300537,,,,
11,15,Ridge,0.4389229480268748,0.4436414057616515,2.15798850681016,0.0344107151031494,,,,
11,15,LassoLarsIC,0.4388072581918965,0.4435266888368907,2.158210975778837,0.1038770675659179,,,,
11,15,RidgeCV,0.4387501767025538,0.4434700873824986,2.158320733759599,0.0827229022979736,,,,
11,15,BayesianRidge,0.4386474670956678,0.4433682415267451,2.158518212782188,0.0901007652282714,,,,
11,15,LassoLarsCV,0.4385023970979607,0.443224391515937,2.1587971070469654,0.3096625804901123,,,,
11,15,ElasticNetCV,0.4364309932319217,0.441170407417039,2.1627754179953715,0.4426321983337402,,,,
11,15,LassoCV,0.4356475003892914,0.4403935034695534,2.164278277897499,0.4545409679412842,,,,
11,15,SGDRegressor,0.4351180267173153,0.4398684824821669,2.1652932992868013,0.0988388061523437,,,,
11,15,BaggingRegressor,0.4163973038350764,0.4213051941971436,2.2008807857727906,9.87208104133606,,,,
11,15,OrthogonalMatchingPursuitCV,0.3879832020838988,0.3931300448994892,2.2538216444047023,0.1031262874603271,,,,
11,15,ElasticNet,0.3810625583332405,0.3862676012925012,2.2665288522049902,0.0379316806793212,,,,
11,15,OrthogonalMatchingPursuit,0.3685432229602529,0.3738535490613159,2.289336794929082,0.0310242176055908,,,,
11,15,LarsCV,0.3650214317473003,0.3703613748553868,2.2957120180697603,0.1773250102996826,,,,
11,15,RANSACRegressor,0.3493948913635861,0.3548662480985213,2.323788556439007,0.2242047786712646,,,,
11,15,Lasso,0.2348675136405713,0.241302004742454,2.520032809189789,0.0403647422790527,,,,
11,15,LassoLars,0.2348586813667995,0.241293246744952,2.5200473540926973,0.0431673526763916,,,,
11,15,AdaBoostRegressor,0.2192598713957084,0.2258256171978375,2.5456056432240413,6.679921865463257,,,,
11,15,DecisionTreeRegressor,0.1674372462931568,0.1744388018746944,2.628732309983004,1.6663553714752195,,,,
11,15,ExtraTreeRegressor,0.1012602993356457,0.1088183794197226,2.731208386889555,0.3154520988464355,,,,
11,15,DummyRegressor,-0.0092940962253034,-0.0008062931361354,2.894321299201864,0.0281047821044921,,,,
11,15,QuantileRegressor,-0.0289874006333399,-0.0203339838834801,2.9224218257045407,29.359143257141117,,,,
11,15,PassiveAggressiveRegressor,-0.2453741544498535,-0.2349010023380533,3.215050495724588,0.0677938461303711,,,,
11,15,Lars,-3.1248065139639536,-3.0901183635007925,5.851128889155293,0.043529987335205,,,,
11,15,TweedieRegressor,0.348977322303044,0.3708400241660015,2.5034712856375587,0.0174822807312011,0.3906,0.1553,0.2147,DJF
11,15,KNeighborsRegressor,0.3334562127239515,0.3558401458787441,2.5331382828479434,0.0632870197296142,0.3804,0.183,0.1746,DJF
11,15,CatBoostRegressor,0.3122087358759424,0.335306203701004,2.573196095065572,4.546747207641602,0.3595,0.1778,0.1546,DJF
11,15,PoissonRegressor,0.2990024440823349,0.3225434067810624,2.597782625681477,0.0305225849151611,0.3423,0.1571,0.1624,DJF
11,15,ExtraTreesRegressor,0.2986937763150465,0.322245104722377,2.5983544989401595,6.936024904251099,0.3512,0.2038,0.1165,DJF
11,15,HuberRegressor,0.2959471147097658,0.3195906817530946,2.6034377465570446,0.1100058555603027,,,,DJF
11,15,LinearSVR,0.2937505364965002,0.3174678692260952,2.607495823217601,0.3052742481231689,,,,DJF
11,15,GradientBoostingRegressor,0.2816534151477954,0.3057769944898469,2.6297324876467103,8.57342791557312,,,,DJF
11,15,LGBMRegressor,0.2776398529734863,0.3018982161198991,2.637068704862775,0.9077372550964355,,,,DJF
11,15,RandomForestRegressor,0.2768055917652581,0.3010919711462755,2.6385910544121014,20.257333993911743,,,,DJF
11,15,HistGradientBoostingRegressor,0.2750778729848887,0.2994222727727096,2.641740984633483,0.9812421798706056,,,,DJF
11,15,TransformedTargetRegressor,0.2630953071959304,0.2878421065811417,2.663484765627314,0.0197288990020751,,,,DJF
11,15,LinearRegression,0.2630953071959304,0.2878421065811417,2.663484765627314,0.0192818641662597,,,,DJF
11,15,Ridge,0.263050777880611,0.2877990726532771,2.663565238287121,0.0226571559906005,,,,DJF
11,15,RidgeCV,0.2627141232800455,0.2874737236176559,2.664173556390738,0.030226707458496,,,,DJF
11,15,BayesianRidge,0.2624539196901736,0.2872222582080409,2.6646436361742203,0.034982681274414,,,,DJF
11,15,SGDRegressor,0.2616040820855979,0.2864009599260069,2.6661783622605144,0.0360670089721679,,,,DJF
11,15,LassoLarsIC,0.2610601584373694,0.2858753023704428,2.667160173278486,0.0316438674926757,,,,DJF
11,15,ElasticNetCV,0.2589493193497538,0.2838353496700979,2.6709669318047218,0.1762447357177734,,,,DJF
11,15,LassoLarsCV,0.2588910976124667,0.2837790831404062,2.6710718539677747,0.084963321685791,,,,DJF
11,15,LassoCV,0.2588459173349094,0.2837354201109758,2.67115327110374,0.1676347255706787,,,,DJF
11,15,BaggingRegressor,0.2461871679746203,0.2715017780053234,2.6938680472377285,2.033010244369507,,,,DJF
11,15,XGBRegressor,0.2442978491572784,0.2696759064616981,2.697241822731263,1.171186923980713,,,,DJF
11,15,ElasticNet,0.2140580822923135,0.2404516541556313,2.750678178046865,0.0220341682434082,,,,DJF
11,15,MLPRegressor,0.2082051216935285,0.2347952482038204,2.7609014197474595,4.134557247161865,,,,DJF
11,15,LarsCV,0.1786968760701197,0.2062779511274663,2.811876831161454,0.0920543670654296,,,,DJF
11,15,OrthogonalMatchingPursuitCV,0.1786692545678043,0.2062512572129153,2.811924114318628,0.0341567993164062,,,,DJF
11,15,OrthogonalMatchingPursuit,0.1657800273675969,0.1937948771948043,2.8339021301995637,0.0138630867004394,,,,DJF
11,15,Lasso,0.1096703133144004,0.1395694445836929,2.9276555786950924,0.0148184299468994,,,,DJF
11,15,LassoLars,0.1096703133144004,0.1395694445836929,2.9276555786950924,0.0202703475952148,,,,DJF
11,15,AdaBoostRegressor,0.0800666734856557,0.1109599568387493,2.9759301415868995,2.197164297103882,,,,DJF
11,15,RANSACRegressor,0.0402570015193344,0.0724871768414462,3.039639169106002,0.1502244472503662,,,,DJF
11,15,PassiveAggressiveRegressor,0.0001735187368739,0.033749781167352,3.10246487724838,0.0339710712432861,,,,DJF
11,15,DecisionTreeRegressor,-0.0087583625830058,0.0251178510858264,3.116291893867652,0.3482275009155273,,,,DJF
11,15,DummyRegressor,-0.0493915499683239,-0.014150788961925,3.1784350217568176,0.0186042785644531,,,,DJF
11,15,QuantileRegressor,-0.1054457371884853,-0.0683225594470811,3.262220185228574,2.382269382476806,,,,DJF
11,15,ExtraTreeRegressor,-0.1492932109863061,-0.110697543453184,3.3262889771385256,0.089008092880249,,,,DJF
11,15,Lars,-4.330897147035704,-4.151874481650177,7.163820702237689,0.0251502990722656,,,,DJF
11,15,TweedieRegressor,0.5318976567245766,0.547397734316478,1.6147297452246323,0.0295033454895019,0.5437,0.054,0.4813,JJA
11,15,PoissonRegressor,0.5007297629686549,0.5172618900226729,1.6676206971912229,0.0245599746704101,0.5119,0.0405,0.4652,JJA
11,15,CatBoostRegressor,0.4856885043268758,0.502718686302807,1.6925540790177345,3.309316635131836,0.4974,0.0755,0.4156,JJA
11,15,KNeighborsRegressor,0.4847383938536145,0.5018000364412432,1.6941167228347154,0.06099534034729,0.5008,0.0784,0.4111,JJA
11,15,SGDRegressor,0.4685491433881763,0.4861468538720115,1.7205250245024584,0.0366151332855224,0.4783,0.0385,0.4361,JJA
11,15,LinearSVR,0.4682702129351679,0.4858771595267186,1.7209764715794715,0.4017601013183594,,,,JJA
11,15,HuberRegressor,0.4677961240877144,0.4854187689854722,1.721743509641062,0.1063203811645507,,,,JJA
11,15,LGBMRegressor,0.4601849559272363,0.4780596262607715,1.7340113260735304,0.4476387500762939,,,,JJA
11,15,ElasticNetCV,0.4601752466796707,0.4780502385114696,1.7340269201827796,0.1540741920471191,,,,JJA
11,15,HistGradientBoostingRegressor,0.4597611364682454,0.4776498405587008,1.7346918957974742,0.8796861171722412,,,,JJA
11,15,BayesianRidge,0.4591918816938116,0.4770994352801092,1.7356055857573982,0.024705171585083,,,,JJA
11,15,LassoCV,0.4582068531507468,0.4761470235762187,1.7371854837058005,0.1508436203002929,,,,JJA
11,15,LassoLarsCV,0.4581512541067832,0.476093265560201,1.7372746167770194,0.0602815151214599,,,,JJA
11,15,RidgeCV,0.4581101509101883,0.4760535233966059,1.7373405080303528,0.0260157585144042,,,,JJA
11,15,LassoLarsIC,0.4580843984913153,0.4760286237068346,1.7373817896570694,0.0282468795776367,,,,JJA
11,15,Ridge,0.4566781057385,0.4746688969392119,1.7396346168242145,0.0199499130249023,,,,JJA
11,15,TransformedTargetRegressor,0.4565019801187573,0.4744986032936328,1.7399165577893665,0.0250110626220703,,,,JJA
11,15,LinearRegression,0.4565019801187573,0.4744986032936328,1.7399165577893665,0.0183320045471191,,,,JJA
11,15,GradientBoostingRegressor,0.4419640029845861,0.4604420161307918,1.7630334219782824,7.6865575313568115,,,,JJA
11,15,ElasticNet,0.4401617380890139,0.4586994288807684,1.7658781236432206,0.0146284103393554,,,,JJA
11,15,ExtraTreesRegressor,0.4389423209084288,0.4575203897525205,1.767800259877662,6.254877090454102,,,,JJA
11,15,OrthogonalMatchingPursuitCV,0.4374972904986476,0.4561232080318049,1.7700753222455474,0.0261619091033935,,,,JJA
11,15,OrthogonalMatchingPursuit,0.4314627668938299,0.4502885030893984,1.779544668666098,0.0164427757263183,,,,JJA
11,15,RandomForestRegressor,0.4150520733658315,0.4344212100093469,1.80504503141644,17.88869071006775,,,,JJA
11,15,XGBRegressor,0.4141186605214767,0.4335187048750701,1.8064846301722508,0.9158780574798584,,,,JJA
11,15,MLPRegressor,0.405645806350421,0.4253264087891487,1.8195001832277813,3.878361463546753,,,,JJA
11,15,BaggingRegressor,0.3782563519828869,0.3988438899966985,1.860951764712948,1.8011627197265625,,,,JJA
11,15,LarsCV,0.3465496055895902,0.3681870358680805,1.9078127646086709,0.0561494827270507,,,,JJA
11,15,Lasso,0.298274733634764,0.3215106696071227,1.9770287960829889,0.01436448097229,,,,JJA
11,15,LassoLars,0.2982584415554579,0.3214949170006413,1.9770517464629496,0.0138342380523681,,,,JJA
11,15,AdaBoostRegressor,0.2815862606570253,0.3053747950723555,2.000399570799044,1.896322250366211,,,,JJA
11,15,DecisionTreeRegressor,0.1446542553854655,0.1729769621607811,2.1827313569174263,0.3136322498321533,,,,JJA
11,15,ExtraTreeRegressor,0.0748758310473954,0.105509081674965,2.270018787172839,0.0777320861816406,,,,JJA
11,15,QuantileRegressor,-0.0355889630011059,-0.0012979377361688,2.4017242580622584,1.96167516708374,,,,JJA
11,15,DummyRegressor,-0.0556769243306776,-0.0207207347833042,2.424906246574976,0.0121512413024902,,,,JJA
11,15,PassiveAggressiveRegressor,-0.5493959267381763,-0.4980914258528064,2.937721643631784,0.0228872299194335,,,,JJA
11,15,RANSACRegressor,-2.8201787948995056,-2.693682808313429,4.612870714611791,0.1434540748596191,,,,JJA
11,15,Lars,-840433315217887.6,-812604397495441.0,68419684.59989195,0.0201902389526367,,,,JJA
11,15,CatBoostRegressor,0.4749904935716771,0.4922984992781054,1.897731796163028,3.292399406433105,0.4578,0.1218,0.3856,MAM
11,15,TweedieRegressor,0.4705851164501121,0.4880383543693393,1.9056771377068675,0.0268468856811523,0.4535,0.1102,0.3872,MAM
11,15,LGBMRegressor,0.4595411678235026,0.4773584919611894,1.9254513938901543,0.479813814163208,0.4416,0.1122,0.3703,MAM
11,15,PoissonRegressor,0.4492092023901675,0.4673671407729093,1.9437687171218048,0.0244905948638916,0.4301,0.1124,0.346,MAM
11,15,HistGradientBoostingRegressor,0.4466947559006166,0.4649355881236732,1.948200469695152,0.9188425540924072,0.4294,0.1088,0.3584,MAM
11,15,ExtraTreesRegressor,0.4459103069277708,0.4641770001059762,1.949581011975332,6.511443376541138,,,,MAM
11,15,HuberRegressor,0.4437574719993339,0.4620951377575977,1.9533647470103173,0.111638069152832,,,,MAM
11,15,LinearSVR,0.4417848359425638,0.4601875336587431,1.9568253485512737,0.3756790161132812,,,,MAM
11,15,XGBRegressor,0.439696560869768,0.4581681028191163,1.9604821597689872,0.8994078636169434,,,,MAM
11,15,KNeighborsRegressor,0.4358832063179224,0.4544804632524964,1.967142244241021,0.0646989345550537,,,,MAM
11,15,GradientBoostingRegressor,0.4347460281137513,0.4533807744396716,1.9691239837331884,8.20313286781311,,,,MAM
11,15,RandomForestRegressor,0.4309691370470543,0.4497283962652834,1.9756916375181877,19.183634996414185,,,,MAM
11,15,MLPRegressor,0.4278232330563137,0.4466862033951166,1.9811454449106185,4.120866060256958,,,,MAM
11,15,LassoLarsIC,0.4148747880445571,0.4341646301969344,2.0034368435095264,0.0341203212738037,,,,MAM
11,15,BayesianRidge,0.4148154990566888,0.4341072957910837,2.0035383420704203,0.0244784355163574,,,,MAM
11,15,TransformedTargetRegressor,0.4146743257859822,0.4339707765842465,2.003780000046226,0.0244865417480468,,,,MAM
11,15,LinearRegression,0.4146743257859822,0.4339707765842465,2.003780000046226,0.020270824432373,,,,MAM
11,15,Ridge,0.4146416475133736,0.4339391756173284,2.00383593399725,0.0187032222747802,,,,MAM
11,15,RidgeCV,0.4145945187912272,0.4338936005893187,2.003916599392874,0.0247316360473632,,,,MAM
11,15,ElasticNetCV,0.4136835785194749,0.4330126913155362,2.005475124897252,0.1417067050933838,,,,MAM
11,15,LassoLarsCV,0.4131294195991328,0.4324768013705901,2.0064226418128706,0.0741114616394043,,,,MAM
11,15,LassoCV,0.4130980133607485,0.4324464305027018,2.006476327707912,0.1572797298431396,,,,MAM
11,15,SGDRegressor,0.4126734715841914,0.4320358846088884,2.007201899485014,0.0345103740692138,,,,MAM
11,15,BaggingRegressor,0.3944854321177879,0.4144474508391796,2.0380439657775216,1.9481964111328125,,,,MAM
11,15,OrthogonalMatchingPursuit,0.3545368410789731,0.3758158463181279,2.1041998246570848,0.0189237594604492,,,,MAM
11,15,OrthogonalMatchingPursuitCV,0.3518135277378822,0.3731823125377322,2.108634131810952,0.0363619327545166,,,,MAM
11,15,ElasticNet,0.3301964008211332,0.3522778381567003,2.143507408936538,0.0148742198944091,,,,MAM
11,15,AdaBoostRegressor,0.2908416615117134,0.3142205078355031,2.2055802156562634,2.067473888397217,,,,MAM
11,15,Lasso,0.1826269136847299,0.209573279167651,2.367889421425927,0.0150072574615478,,,,MAM
11,15,LassoLars,0.1826269136847299,0.209573279167651,2.367889421425927,0.0142490863800048,,,,MAM
11,15,LarsCV,0.173130698268348,0.200390125797963,2.381604733734468,0.0621657371520996,,,,MAM
11,15,DecisionTreeRegressor,0.1589249698211302,0.1866527180687853,2.4019757606822,0.3272638320922851,,,,MAM
11,15,ExtraTreeRegressor,0.1141216780085842,0.143326457854455,2.465121262820545,0.0777699947357177,,,,MAM
11,15,PassiveAggressiveRegressor,0.0863705029627588,0.1164901567112394,2.503434925591771,0.0364725589752197,,,,MAM
11,15,RANSACRegressor,0.0095475166513518,0.0421997963221865,2.606562081472372,0.1447477340698242,,,,MAM
11,15,QuantileRegressor,-0.0402598234349609,-0.0059655435415006,2.671296919624714,2.1233506202697754,,,,MAM
11,15,DummyRegressor,-0.0412972224063112,-0.0069687425467623,2.672628562962072,0.0124619007110595,,,,MAM
11,15,Lars,-769199643895937.9,-743841413877390.4,72639155.7222346,0.0225830078125,,,,MAM
11,15,KNeighborsRegressor,0.5442517521018628,0.5602242374253956,1.897238952273368,0.0621047019958496,0.5562,0.0811,0.4999,SON
11,15,TweedieRegressor,0.5257449790287857,0.5423660662123563,1.935376651886281,0.0178556442260742,0.5402,0.0563,0.4861,SON
11,15,CatBoostRegressor,0.5071316626613972,0.524405085698965,1.9729904738705677,3.416731834411621,0.5194,0.1082,0.4409,SON
11,15,HuberRegressor,0.4837762000184178,0.5018681556252489,2.019196293791734,0.1139056682586669,0.4981,0.0958,0.4128,SON
11,15,LGBMRegressor,0.4831247503251862,0.5012395371128548,2.020469956564937,0.4569902420043945,0.4965,0.105,0.416,SON
11,15,PoissonRegressor,0.4795014613862096,0.4977432325993097,2.027539323531533,0.0268647670745849,,,,SON
11,15,LinearSVR,0.4773790632695045,0.4956952175941713,2.0316688911363308,0.3255434036254883,,,,SON
11,15,HistGradientBoostingRegressor,0.4706263020475512,0.4891791185645762,2.0447523146135542,0.85398268699646,,,,SON
11,15,ExtraTreesRegressor,0.464695407101664,0.4834560820864187,2.0561747115354705,6.7098424434661865,,,,SON
11,15,GradientBoostingRegressor,0.4529210989066691,0.4720944248795662,2.078665038752126,8.477562427520752,,,,SON
11,15,LinearRegression,0.4452110757450355,0.4646546128100459,2.0932611821273697,0.0189278125762939,,,,SON
11,15,TransformedTargetRegressor,0.4452110757450355,0.4646546128100459,2.0932611821273697,0.019784927368164,,,,SON
11,15,Ridge,0.4451420280286129,0.4645879849902269,2.093391439240792,0.0165083408355712,,,,SON
11,15,RidgeCV,0.4447400550332197,0.4642000998334572,2.0941495922447437,0.020698070526123,,,,SON
11,15,BayesianRidge,0.4446315439916241,0.4640953917489269,2.0943542056467246,0.0303747653961181,,,,SON
11,15,LassoLarsIC,0.4444022572665124,0.463874140773527,2.094786493489169,0.028641939163208,,,,SON
11,15,LassoLarsCV,0.442930107507834,0.4624535850484472,2.0975599022953784,0.0637483596801757,,,,SON
11,15,LassoCV,0.4423248968115322,0.4618695850073897,2.098699006293563,0.1740064620971679,,,,SON
11,15,ElasticNetCV,0.4422778233957953,0.461824161360896,2.0987875801294504,0.1694591045379638,,,,SON
11,15,SGDRegressor,0.4416820617475632,0.4612492792096813,2.099908248684417,0.028475284576416,,,,SON
11,15,RandomForestRegressor,0.4386845996528125,0.4583568683565689,2.1055376305396862,19.26053476333618,,,,SON
11,15,XGBRegressor,0.4300101289617386,0.4499864094887804,2.121744562216194,0.9196043014526368,,,,SON
11,15,MLPRegressor,0.414241417199674,0.4347703394940779,2.150893262274266,4.123094797134399,,,,SON
11,15,BaggingRegressor,0.3908063853217233,0.412156628826803,2.193497784175512,1.976675033569336,,,,SON
11,15,OrthogonalMatchingPursuitCV,0.3806727301381462,0.4023781251099401,2.21166645160252,0.039759874343872,,,,SON
11,15,ElasticNet,0.3677035174511507,0.3898634409049655,2.234703512704051,0.0152454376220703,,,,SON
11,15,LarsCV,0.3603397718099432,0.3827577704614638,2.247678560418437,0.059140920639038,,,,SON
11,15,OrthogonalMatchingPursuit,0.3566165445251981,0.3791650301142681,2.254210524908656,0.0163686275482177,,,,SON
11,15,RANSACRegressor,0.3081506101313127,0.3323976681874583,2.337573686504158,0.1462860107421875,,,,SON
11,15,AdaBoostRegressor,0.2183977962267178,0.2457903968262487,2.48457674687299,2.065643548965454,,,,SON
11,15,Lasso,0.1889620805707678,0.2173863067189885,2.530929853921591,0.0142469406127929,,,,SON
11,15,LassoLars,0.1889620805707678,0.2173863067189885,2.530929853921591,0.0139939785003662,,,,SON
11,15,ExtraTreeRegressor,0.1613438842301232,0.190736037820189,2.5736618675654173,0.0799868106842041,,,,SON
11,15,DecisionTreeRegressor,0.1272015202901103,0.1577902520556438,2.6255271844162933,0.3391218185424804,,,,SON
11,15,PassiveAggressiveRegressor,-0.0035932636559701,0.0315793974534679,2.815388922659996,0.0315620899200439,,,,SON
11,15,DummyRegressor,-0.0367158147999076,-0.0003823166176679,2.8614712747402606,0.0137913227081298,,,,SON
11,15,QuantileRegressor,-0.0548129185769592,-0.0178451761034676,2.886338409878927,2.137244701385498,,,,SON
11,15,Lars,-1.0818592557693928e+18,-1.0439436276466336e+18,2923108334.603288,0.0204694271087646,,,,SON
12,19,KNeighborsRegressor,0.4246195185053474,0.4286848539845842,2.204040431326054,0.9233436584472656,0.4012,0.1703,0.1142,
12,19,TweedieRegressor,0.423673604198555,0.4277456230101526,2.2058513871118355,0.0323677062988281,0.3959,0.1544,0.1381,
12,19,CatBoostRegressor,0.4208835183866273,0.4249752504752757,2.21118437544809,4.058480978012085,0.3931,0.1787,0.0895,
12,19,LGBMRegressor,0.3896215581068756,0.3939341707438971,2.270082221724204,0.5205066204071045,0.3587,0.1835,0.0357,
12,19,HistGradientBoostingRegressor,0.3890921781756735,0.3934085311325105,2.271066427124545,1.3567330837249756,0.3576,0.1824,0.0478,
12,19,XGBRegressor,0.3867800638522647,0.3911127529913207,2.2753600423404494,1.4803564548492432,,,,
12,19,LinearSVR,0.3856580591630923,0.3899986757964195,2.2774406970679784,2.1595568656921387,,,,
12,19,HuberRegressor,0.3838559066373684,0.3882092563314049,2.280778650806328,0.6679279804229736,,,,
12,19,PoissonRegressor,0.3821133001062224,0.3864789621403283,2.2840016740957254,0.054811954498291,,,,
12,19,MLPRegressor,0.3781086237341472,0.3825025807025823,2.2913913095159897,9.278340578079224,,,,
12,19,ExtraTreesRegressor,0.3781014991264335,0.3824955064335948,2.2914044349733165,29.43604564666748,,,,
12,19,GradientBoostingRegressor,0.3687674930549717,0.3732274495336224,2.3085361108561986,34.70813775062561,,,,
12,19,RandomForestRegressor,0.3680962576440735,0.3725609567186561,2.3097632018597967,91.7556221485138,,,,
12,19,ElasticNetCV,0.3575191382174421,0.3620585696478416,2.3290139621497765,0.3963146209716797,,,,
12,19,SGDRegressor,0.3574901039272234,0.3620297404986279,2.329066586677115,0.0919618606567382,,,,
12,19,BayesianRidge,0.3572963242866743,0.3618373300029719,2.3294177810043544,0.0922207832336425,,,,
12,19,RidgeCV,0.3571587423194873,0.3617007201175125,2.3296670939795665,0.0627045631408691,,,,
12,19,LassoLarsCV,0.357017753942068,0.3615607278897218,2.3299225520512605,0.2511467933654785,,,,
12,19,LassoLarsIC,0.3570085540885463,0.3615515930375204,2.3299392203727067,0.1068925857543945,,,,
12,19,Ridge,0.3569383668537947,0.361481901708808,2.330066381884436,0.0294671058654785,,,,
12,19,LinearRegression,0.356910755164359,0.3614544851090291,2.330116405377812,0.0626106262207031,,,,
12,19,TransformedTargetRegressor,0.356910755164359,0.3614544851090291,2.330116405377812,0.0481836795806884,,,,
12,19,LassoCV,0.3563902287578823,0.3609376364680244,2.331059230806607,0.4037683010101318,,,,
12,19,ElasticNet,0.3197612616115279,0.3245674703142256,2.396473741165651,0.0384290218353271,,,,
12,19,BaggingRegressor,0.3195034985283334,0.3243115284492354,2.3969277464421097,9.34957480430603,,,,
12,19,OrthogonalMatchingPursuitCV,0.3111556305900379,0.3160226421496938,2.411584871680034,0.1312954425811767,,,,
12,19,OrthogonalMatchingPursuit,0.2967355109099451,0.3017044074414339,2.436695934119736,0.0288934707641601,,,,
12,19,LarsCV,0.2908946512113315,0.2959048161815765,2.4467938205546065,0.1848158836364746,,,,
12,19,PassiveAggressiveRegressor,0.2616794697205253,0.2668960537780817,2.4966891090980248,0.0640439987182617,,,,
12,19,Lasso,0.1877407164616109,0.1934797128125651,2.618721635022605,0.0397465229034423,,,,
12,19,LassoLars,0.1877318253660322,0.1934708845367856,2.618735967416895,0.0350065231323242,,,,
12,19,AdaBoostRegressor,0.1410774080728092,0.1471461027873206,2.6928924416668587,8.550655364990234,,,,
12,19,DecisionTreeRegressor,0.0406785352117344,0.0474565954905021,2.84592909291216,1.5923163890838623,,,,
12,19,ExtraTreeRegressor,-0.0007252682558678,0.0063453294944091,2.906694757160267,0.3138244152069092,,,,
12,19,DummyRegressor,-0.0118402347426109,-0.0046911044924276,2.9227923818520307,0.0278766155242919,,,,
12,19,RANSACRegressor,-0.0598766725085202,-0.0523881420857093,2.991366744097685,0.1805219650268554,,,,
12,19,QuantileRegressor,-0.0642332520829156,-0.0567139403630645,2.997508384460944,27.27129316329956,,,,
12,19,Lars,-4.280546289121526,-4.243236729848412,6.677000693810337,0.0438873767852783,,,,
12,19,TweedieRegressor,0.2308910396259688,0.2531625346174948,2.6228711821631623,0.0201618671417236,0.2504,0.0857,0.1527,DJF
12,19,KNeighborsRegressor,0.1823323382343803,0.2060099732275933,2.704403173961159,0.0652933120727539,0.2131,0.1406,0.0738,DJF
12,19,LinearSVR,0.1619372506496054,0.1862054769821458,2.737923406857347,0.290809154510498,0.1804,0.0818,0.0945,DJF
12,19,HuberRegressor,0.1579698258378329,0.1823529389892471,2.744396478065381,0.0993585586547851,0.1754,0.0767,0.0945,DJF
12,19,CatBoostRegressor,0.1576738575957843,0.1820655412561381,2.7448787546292244,2.566581010818481,0.184,0.1221,0.0666,DJF
12,19,PoissonRegressor,0.149699251931867,0.1743218604666585,2.757841525123077,0.0231015682220459,,,,DJF
12,19,LGBMRegressor,0.1444558789751158,0.1692303226341376,2.766331560972647,0.344590425491333,,,,DJF
12,19,ExtraTreesRegressor,0.1385718459065407,0.1635166766235327,2.775828029412953,6.736320495605469,,,,DJF
12,19,HistGradientBoostingRegressor,0.1359494519817472,0.1609702207467546,2.780049961879217,1.0390732288360596,,,,DJF
12,19,GradientBoostingRegressor,0.124999414013086,0.1503372688196569,2.7976101688178896,7.853972673416138,,,,DJF
12,19,ElasticNet,0.1183447267684133,0.1438752848735751,2.8082284228766863,0.0134603977203369,,,,DJF
12,19,BayesianRidge,0.111108783435092,0.1368488765788634,2.8197287561098783,0.0253820419311523,,,,DJF
12,19,RandomForestRegressor,0.1102048136185109,0.1359710834944228,2.8211621722136537,18.37470269203186,,,,DJF
12,19,RidgeCV,0.1100900627111512,0.1358596554897859,2.821344079515102,0.0183453559875488,,,,DJF
12,19,ElasticNetCV,0.1099389820891998,0.1357129497893195,2.821583560113498,0.1370275020599365,,,,DJF
12,19,LassoLarsIC,0.1091455600976595,0.1349425033380747,2.8228408940015437,0.0271317958831787,,,,DJF
12,19,Ridge,0.1090385345096996,0.1348385769466775,2.8230104543244714,0.0139918327331542,,,,DJF
12,19,LassoLarsCV,0.1089639368415958,0.134766139442708,2.82312863316679,0.0670108795166015,,,,DJF
12,19,LassoCV,0.1089560803729872,0.1347585104780165,2.8231410792245377,0.1445460319519043,,,,DJF
12,19,XGBRegressor,0.1088831155272964,0.1346876585139578,2.8232566660277643,1.0522944927215576,,,,DJF
12,19,TransformedTargetRegressor,0.1088684728670863,0.1346734398690047,2.823279861536089,0.0179483890533447,,,,DJF
12,19,LinearRegression,0.1088684728670863,0.1346734398690047,2.823279861536089,0.0179004669189453,,,,DJF
12,19,SGDRegressor,0.0980361342487219,0.1241547790098593,2.840387518745304,0.035118818283081,,,,DJF
12,19,MLPRegressor,0.0747656855314093,0.1015581849851331,2.876794843224733,3.472051858901977,,,,DJF
12,19,BaggingRegressor,0.0726036080003336,0.0994587158767719,2.8801541134185515,1.8799800872802732,,,,DJF
12,19,LarsCV,0.0389148997630837,0.0667455493838439,2.9319998797498683,0.0778357982635498,,,,DJF
12,19,OrthogonalMatchingPursuitCV,0.0227894557431597,0.0510870583760798,2.956494654918343,0.0251357555389404,,,,DJF
12,19,OrthogonalMatchingPursuit,0.0116953796422233,0.0403142393050933,2.973229538629709,0.0120406150817871,,,,DJF
12,19,LassoLars,0.0048302767251175,0.0336479328045061,2.9835382038791867,0.0124900341033935,,,,DJF
12,19,Lasso,0.0048302767251173,0.0336479328045059,2.983538203879188,0.0120887756347656,,,,DJF
12,19,DummyRegressor,-0.0402037261755476,-0.0100819966530896,3.0502977088678698,0.0104625225067138,,,,DJF
12,19,AdaBoostRegressor,-0.0854428632677737,-0.054011120122954,3.1159215131960685,2.0629513263702397,,,,DJF
12,19,QuantileRegressor,-0.0934266413683255,-0.0617637077379686,3.1273598163981493,2.094277858734131,,,,DJF
12,19,PassiveAggressiveRegressor,-0.1743042159568553,-0.1402992676183363,3.240957500024121,0.0295350551605224,,,,DJF
12,19,ExtraTreeRegressor,-0.258584248206249,-0.2221387583933267,3.3552444910699584,0.0757765769958496,,,,DJF
12,19,RANSACRegressor,-0.3180284096119874,-0.2798615637738024,3.4335660936263714,0.1118364334106445,,,,DJF
12,19,DecisionTreeRegressor,-0.3465667403783508,-0.3075734950005993,3.47053930777577,0.3145008087158203,,,,DJF
12,19,Lars,-5.656166485270417,-5.463420351527065,7.716051435216274,0.0253005027770996,,,,DJF
12,19,TweedieRegressor,0.5201756595219915,0.5332538517215737,1.8655828155786225,0.0152931213378906,0.5284,0.1307,0.3777,JJA
12,19,CatBoostRegressor,0.4974934556164043,0.5111898786916689,1.909168482679201,2.504634380340576,0.5017,0.1255,0.3596,JJA
12,19,PoissonRegressor,0.4927682371048716,0.5065934517204262,1.9181237193196177,0.0206029415130615,0.5038,0.1509,0.3296,JJA
12,19,LGBMRegressor,0.4907667999073352,0.5046465661121624,1.92190426393967,0.356102705001831,0.4942,0.1158,0.362,JJA
12,19,HuberRegressor,0.4897199028072972,0.5036282034576132,1.9238788042490087,0.0989267826080322,0.4943,0.1368,0.3412,JJA
12,19,ElasticNetCV,0.4866984474402992,0.5006891015076441,1.9295662046968276,0.1302962303161621,,,,JJA
12,19,LinearSVR,0.4862804312771749,0.5002824788801592,1.93035173291998,0.374147891998291,,,,JJA
12,19,LassoCV,0.4853256178502894,0.4993536900469804,1.9321448027572783,0.1372067928314209,,,,JJA
12,19,LassoLarsCV,0.4852151167083899,0.4992462007472283,1.9323522084061304,0.0529086589813232,,,,JJA
12,19,HistGradientBoostingRegressor,0.4851896790078421,0.4992214563819469,1.932399950668196,1.1099693775177002,,,,JJA
12,19,LassoLarsIC,0.4846373268244617,0.498684159224764,1.933436331585114,0.0251061916351318,,,,JJA
12,19,BayesianRidge,0.4845967963147217,0.4986447334230424,1.9335123572884656,0.020287275314331,,,,JJA
12,19,RidgeCV,0.4840988035612495,0.4981603140638199,1.9344462306723025,0.01772141456604,,,,JJA
12,19,Ridge,0.4835415769180047,0.4976182753060663,1.9354906497166533,0.0146121978759765,,,,JJA
12,19,LinearRegression,0.4834827417950899,0.4975610438055204,1.9356008924605093,0.0169305801391601,,,,JJA
12,19,TransformedTargetRegressor,0.4834827417950899,0.4975610438055204,1.9356008924605093,0.016930341720581,,,,JJA
12,19,OrthogonalMatchingPursuit,0.48317266914245,0.4972594225577073,1.9361817896589952,0.0125949382781982,,,,JJA
12,19,OrthogonalMatchingPursuitCV,0.4794388435395871,0.4936273668834505,1.943163187991727,0.0254640579223632,,,,JJA
12,19,GradientBoostingRegressor,0.4791099463717938,0.4933074342053911,1.9437769486853755,7.15557599067688,,,,JJA
12,19,SGDRegressor,0.4703688513087619,0.4848045882506793,1.9600184281863129,0.0270872116088867,,,,JJA
12,19,ExtraTreesRegressor,0.4622856580686307,0.4769417122097037,1.9749186235418896,5.872397422790527,,,,JJA
12,19,XGBRegressor,0.4618432901210786,0.4765114015351013,1.975730821601067,0.8527700901031494,,,,JJA
12,19,MLPRegressor,0.4559601832380168,0.4707886458390399,1.9865007712389096,3.3945932388305664,,,,JJA
12,19,RandomForestRegressor,0.4525007664011337,0.467423519588262,1.9928066003727267,16.154658555984497,,,,JJA
12,19,KNeighborsRegressor,0.4481394585444368,0.4631810844472231,2.000728075708886,0.0666933059692382,,,,JJA
12,19,ElasticNet,0.4404808751494733,0.4557312449970042,2.0145630449433787,0.0131168365478515,,,,JJA
12,19,BaggingRegressor,0.4350037193626175,0.4504033757094873,2.024399351925771,1.634570837020874,,,,JJA
12,19,AdaBoostRegressor,0.3400160934076545,0.3580047522790387,2.187963475936697,1.7973370552062988,,,,JJA
12,19,Lasso,0.3176139821130131,0.3362132375975161,2.2247870859056285,0.0127508640289306,,,,JJA
12,19,LassoLars,0.3176011545293854,0.3362007596451803,2.224807996729952,0.0124204158782958,,,,JJA
12,19,DecisionTreeRegressor,0.231232154571007,0.2521858511453889,2.361407837152578,0.2837255001068115,,,,JJA
12,19,LarsCV,0.1947892157505201,0.2167362086585919,2.4167302968937707,0.0479819774627685,,,,JJA
12,19,ExtraTreeRegressor,0.1350356127464658,0.1586112623081913,2.5047968508289284,0.0699763298034668,,,,JJA
12,19,DummyRegressor,-0.0281761470295973,-0.0001519637368465,2.7309085510935125,0.0101532936096191,,,,JJA
12,19,QuantileRegressor,-0.0498917446671489,-0.0212756765205581,2.7595969456903373,1.6583664417266846,,,,JJA
12,19,PassiveAggressiveRegressor,-0.4320330731768329,-0.3930012813579611,3.222922922315099,0.0248546600341796,,,,JJA
12,19,RANSACRegressor,-0.526075442370401,-0.4844804121422559,3.327065853307726,0.1080641746520996,,,,JJA
12,19,Lars,-5150455738141098.0,-5010073843400729.0,193284142.4546965,0.0180902481079101,,,,JJA
12,19,TweedieRegressor,0.430958762153068,0.447479314219592,1.8395890213746893,0.0305805206298828,0.4313,0.0584,0.3683,MAM
12,19,KNeighborsRegressor,0.4087367746987269,0.4259024812397317,1.875164501702761,0.0646562576293945,0.4149,0.0882,0.3131,MAM
12,19,CatBoostRegressor,0.4060018254700293,0.4232469337628349,1.879496381808565,2.6103780269622803,0.4111,0.0936,0.3062,MAM
12,19,HuberRegressor,0.3911153368616843,0.4087926335334418,1.902902147927589,0.0947422981262207,0.389,0.0352,0.3489,MAM
12,19,LinearSVR,0.3866330506338118,0.404440478196056,1.9098933836870624,0.3549401760101318,0.3844,0.0356,0.3441,MAM
12,19,HistGradientBoostingRegressor,0.3847075216617552,0.402570851678027,1.9128888771292496,0.9754338264465332,,,,MAM
12,19,PoissonRegressor,0.3809314757193096,0.3989044328758458,1.9187495923959776,0.0201992988586425,,,,MAM
12,19,ExtraTreesRegressor,0.3794478119393532,0.3974638432056301,1.921047460523424,6.392384052276611,,,,MAM
12,19,RandomForestRegressor,0.3788074627613358,0.3968420848102003,1.9220383715243208,17.49264907836914,,,,MAM
12,19,LGBMRegressor,0.3787639266363004,0.3967998126371821,1.9221057231357463,0.361020565032959,,,,MAM
12,19,XGBRegressor,0.3762196541205121,0.3943294060976586,1.9260376936715549,1.0060224533081057,,,,MAM
12,19,GradientBoostingRegressor,0.37150966775723,0.3897561612739556,1.9332954979576904,7.743349313735962,,,,MAM
12,19,BayesianRidge,0.3492985438128937,0.3681898764118743,1.967160648758102,0.0232670307159423,,,,MAM
12,19,ElasticNetCV,0.3490492339540986,0.3679478045812377,1.967537461789488,0.1343007087707519,,,,MAM
12,19,RidgeCV,0.3480213430535142,0.3669497556745412,1.9690902797674716,0.0202734470367431,,,,MAM
12,19,LassoLarsCV,0.3480023179727264,0.3669312829348086,1.969119009103904,0.0563375949859619,,,,MAM
12,19,LassoCV,0.3479885119459169,0.3669178777281323,1.9691398570046457,0.133329153060913,,,,MAM
12,19,LassoLarsIC,0.3473083152344485,0.3662574286631258,1.970166720285594,0.0267250537872314,,,,MAM
12,19,SGDRegressor,0.3468345638153469,0.3657974313174821,1.970881606037191,0.0473573207855224,,,,MAM
12,19,Ridge,0.3467794110294505,0.3657438797414988,1.9709648141424363,0.0173490047454834,,,,MAM
12,19,LinearRegression,0.3466044825031458,0.3655740297853126,1.9712287027100075,0.0178186893463134,,,,MAM
12,19,TransformedTargetRegressor,0.3466044825031458,0.3655740297853126,1.9712287027100075,0.0220324993133544,,,,MAM
12,19,BaggingRegressor,0.341173873295749,0.3603010834258724,1.979403553301197,1.7748346328735352,,,,MAM
12,19,MLPRegressor,0.3369565461523921,0.356206194812484,1.985728800171524,3.416355609893799,,,,MAM
12,19,ElasticNet,0.3042716917201017,0.324470255508873,2.0340834962996515,0.0128095149993896,,,,MAM
12,19,OrthogonalMatchingPursuitCV,0.291771094823929,0.3123325791677505,2.0522759827199915,0.0276038646697998,,,,MAM
12,19,OrthogonalMatchingPursuit,0.2870148698328769,0.3077144381280515,2.059155646207925,0.0150589942932128,,,,MAM
12,19,AdaBoostRegressor,0.213978328635864,0.23679831264321,2.1620523178178974,1.909707307815552,,,,MAM
12,19,Lasso,0.1606772744724809,0.185044708439409,2.234155668188942,0.0114057064056396,,,,MAM
12,19,LassoLars,0.1606772744724809,0.185044708439409,2.234155668188942,0.0125794410705566,,,,MAM
12,19,LarsCV,0.0441375896851437,0.071888433855575,2.38422166714288,0.0459349155426025,,,,MAM
12,19,DecisionTreeRegressor,-0.0040649525316773,0.0250853202837584,2.443598460568468,0.298907995223999,,,,MAM
12,19,DummyRegressor,-0.034492129551136,-0.0044584870802963,2.480347522603779,0.0107569694519042,,,,MAM
12,19,QuantileRegressor,-0.0890896023399621,-0.057470871949447,2.544958734064573,1.773754358291626,,,,MAM
12,19,PassiveAggressiveRegressor,-0.1575400857180302,-0.1239340832294422,2.623716815079984,0.0215461254119873,,,,MAM
12,19,ExtraTreeRegressor,-0.194565702501877,-0.1598847627518225,2.6653482395197488,0.0890905857086181,,,,MAM
12,19,RANSACRegressor,-0.2597353201418833,-0.2231623592345382,2.737086936825549,0.1129860877990722,,,,MAM
12,19,Lars,-323461197876487.5,-314070388905879.75,43859132.166334175,0.0156817436218261,,,,MAM
12,19,TweedieRegressor,0.363259675820752,0.3810457183955913,2.3895333749066565,0.0142576694488525,0.3799,0.212,0.2134,SON
12,19,CatBoostRegressor,0.357188428287173,0.3751440587819447,2.4008983146050418,2.4844367504119877,0.3736,0.2289,0.1759,SON
12,19,KNeighborsRegressor,0.3519264420871281,0.3700290554366496,2.410705033658247,0.0727908611297607,0.3682,0.2415,0.1449,SON
12,19,LGBMRegressor,0.3422319615368864,0.360605370432504,2.428668875065951,0.3852734565734863,0.3591,0.2426,0.1481,SON
12,19,HistGradientBoostingRegressor,0.3386064237380937,0.3570811046392642,2.4353529416939743,0.9595987796783448,0.3554,0.2429,0.1403,SON
12,19,HuberRegressor,0.3376535226170526,0.3561548208679729,2.4371066745432763,0.1123738288879394,,,,SON
12,19,LinearSVR,0.3340932162725631,0.3526939644213742,2.443647977122205,0.3250815868377685,,,,SON
12,19,PoissonRegressor,0.3327779316239835,0.3514154195674477,2.446060106877652,0.02236008644104,,,,SON
12,19,GradientBoostingRegressor,0.3237880796976518,0.3426766808234157,2.462483531793919,7.717792510986328,,,,SON
12,19,BayesianRidge,0.3209168955561389,0.3398856973562467,2.467705825509096,0.0209031105041503,,,,SON
12,19,RidgeCV,0.3202979382882281,0.3392840293974956,2.4688301772726557,0.0177505016326904,,,,SON
12,19,Ridge,0.3196368061728498,0.3386413646596418,2.470030575428768,0.0133900642395019,,,,SON
12,19,LinearRegression,0.3195474453041504,0.3385544999045932,2.470192780580941,0.0171337127685546,,,,SON
12,19,TransformedTargetRegressor,0.3195474453041504,0.3385544999045932,2.470192780580941,0.0161828994750976,,,,SON
12,19,LassoLarsIC,0.3195405008039013,0.3385477493847979,2.470205385582197,0.0273725986480712,,,,SON
12,19,ElasticNetCV,0.3195369180634082,0.3385442667208549,2.470211888609359,0.1596062183380127,,,,SON
12,19,LassoLarsCV,0.3192728887275227,0.3382876125060835,2.470691080770917,0.0506575107574462,,,,SON
12,19,LassoCV,0.3188483869786345,0.3378749683479464,2.4714613227726865,0.1525807380676269,,,,SON
12,19,ExtraTreesRegressor,0.3181868912552068,0.3372319501586927,2.4726611029214545,6.454716682434082,,,,SON
12,19,SGDRegressor,0.3148252827750268,0.3339642413567301,2.4787492069024464,0.0213541984558105,,,,SON
12,19,RandomForestRegressor,0.3086452995114299,0.3279568833239599,2.489902742826412,17.62138271331787,,,,SON
12,19,XGBRegressor,0.294677932145843,0.3143796658847859,2.5149285997010344,0.9133002758026124,,,,SON
12,19,BaggingRegressor,0.2885975483567723,0.308469125218315,2.5257455843421406,1.8104405403137207,,,,SON
12,19,MLPRegressor,0.2836987863863746,0.3037072001744647,2.534426886361377,3.5052177906036377,,,,SON
12,19,LarsCV,0.2730962705466034,0.2934008439950224,2.5531149705497804,0.0542833805084228,,,,SON
12,19,ElasticNet,0.255091567776388,0.2758990658831928,2.5845406598742864,0.0133895874023437,,,,SON
12,19,OrthogonalMatchingPursuitCV,0.2543819191839933,0.2752092398771779,2.585771468216093,0.0330700874328613,,,,SON
12,19,OrthogonalMatchingPursuit,0.2413847976863729,0.2625751664660831,2.608210833099168,0.017512559890747,,,,SON
12,19,PassiveAggressiveRegressor,0.194590392944901,0.217087868002306,2.68744958854392,0.020545482635498,,,,SON
12,19,AdaBoostRegressor,0.1562674692313141,0.1798354170181489,2.750643587323603,1.9548697471618648,,,,SON
12,19,Lasso,0.137304543899967,0.1614021823385154,2.781382250941804,0.0134437084197998,,,,SON
12,19,LassoLars,0.1373045438999669,0.1614021823385153,2.7813822509418045,0.0124399662017822,,,,SON
12,19,ExtraTreeRegressor,-0.0213381696262349,0.0071908295253358,3.026332940540006,0.0855517387390136,,,,SON
12,19,DummyRegressor,-0.0472796372888681,-0.0180260161355478,3.0645255979560053,0.0104203224182128,,,,SON
12,19,DecisionTreeRegressor,-0.0502264177311768,-0.0208904842749986,3.068833970009435,0.3064424991607666,,,,SON
12,19,QuantileRegressor,-0.1085314376497739,-0.0775668723522942,3.152869030986043,1.83728551864624,,,,SON
12,19,RANSACRegressor,-0.1803618626260621,-0.1473908608767307,3.253415325818704,0.1076104640960693,,,,SON
12,19,Lars,-2.0692803434698885e+18,-2.0114792165573212e+18,4307661709.205791,0.0182271003723144,,,,SON
13,10,TweedieRegressor,0.30867717917901,0.3185313213826668,1.8805708696374688,0.0223853588104248,0.2327,0.1527,-0.0175,
13,10,KNeighborsRegressor,0.3031004750074594,0.3130341077678852,1.8881406491121469,0.2911696434020996,0.2239,0.1714,-0.0765,
13,10,CatBoostRegressor,0.2379823319789861,0.2488441612665836,1.9743847064519584,3.5417613983154297,0.1527,0.2156,-0.2293,
13,10,LGBMRegressor,0.20952048008457,0.2207880057089584,2.0109189610775142,0.4337272644042969,0.1252,0.2154,-0.2747,
13,10,HistGradientBoostingRegressor,0.208582592327695,0.2198634866404138,2.012111564508642,0.982375144958496,0.1226,0.2184,-0.2592,
13,10,LinearSVR,0.1878115754392754,0.1993885406294028,2.038344827536504,0.675328254699707,,,,
13,10,XGBRegressor,0.1827142421866381,0.1943638649619314,2.0447311975502047,1.1289775371551514,,,,
13,10,GradientBoostingRegressor,0.1818493880439634,0.1935113384836281,2.0458127817129963,19.282763481140137,,,,
13,10,HuberRegressor,0.1808790356266491,0.1925548175071687,2.0470256214288782,0.3109912872314453,,,,
13,10,ExtraTreesRegressor,0.1776444867809192,0.1893663740456828,2.0510632917251588,16.34486198425293,,,,
13,10,MLPRegressor,0.1696867385284615,0.181522055844337,2.060963237224365,8.272986650466919,,,,
13,10,RandomForestRegressor,0.1631591664701415,0.1750875280503896,2.0690485885420724,48.08266615867615,,,,
13,10,PoissonRegressor,0.1607324661275444,0.172695417988254,2.0720463666118176,0.0304350852966308,,,,
13,10,ElasticNet,0.1368294665796698,0.1491331327196491,2.101345967530833,0.0183699131011962,,,,
13,10,BayesianRidge,0.125351316515567,0.1378185926501249,2.115271321040573,0.04296875,,,,
13,10,RidgeCV,0.1249346957789918,0.1374079104416289,2.115775043846241,0.0388617515563964,,,,
13,10,Ridge,0.1247720396832671,0.1372475728521783,2.1159716735809795,0.0199759006500244,,,,
13,10,LinearRegression,0.1247539499772392,0.1372297409975191,2.115993540517076,0.0297224521636962,,,,
13,10,TransformedTargetRegressor,0.1247539499772392,0.1372297409975191,2.115993540517076,0.0276141166687011,,,,
13,10,LassoLarsIC,0.1245345470512169,0.1370134654492831,2.1162587379912567,0.0575900077819824,,,,
13,10,LassoLarsCV,0.1243888176676297,0.1368698132979612,2.1164348661567765,0.1241278648376464,,,,
13,10,ElasticNetCV,0.1234003899277648,0.1358954746452974,2.1176290907952997,0.2272958755493164,,,,
13,10,LassoCV,0.122161826924809,0.1346745661672491,2.119124580419958,0.2439570426940918,,,,
13,10,BaggingRegressor,0.1138798185960537,0.1265106099052642,2.129097606525528,4.7573561668396,,,,
13,10,LarsCV,0.1064667824652534,0.1192032394779437,2.1379847789174438,0.1136641502380371,,,,
13,10,SGDRegressor,0.0980457623597742,0.1109022529184723,2.148035771925621,0.0436890125274658,,,,
13,10,OrthogonalMatchingPursuitCV,0.0809892926932649,0.0940889068297244,2.1682509409351804,0.0458209514617919,,,,
13,10,Lasso,0.0716386482528101,0.0848715468364729,2.1792536596079075,0.0194864273071289,,,,
13,10,LassoLars,0.07163864825281,0.0848715468364728,2.179253659607908,0.0187036991119384,,,,
13,10,OrthogonalMatchingPursuit,0.0266862538341623,0.0405599055850215,2.2313910476330348,0.017834186553955,,,,
13,10,DummyRegressor,-0.0147576071814661,-0.0002932130341219,2.278402328051492,0.0150306224822998,,,,
13,10,QuantileRegressor,-0.0358853750887966,-0.0211198249212338,2.301998883587479,10.089028120040894,,,,
13,10,AdaBoostRegressor,-0.0889004759075937,-0.0733792464442293,2.3601703581316724,4.760697364807129,,,,
13,10,RANSACRegressor,-0.0958855429883747,-0.080264748108908,2.367728254664439,0.1834352016448974,,,,
13,10,PassiveAggressiveRegressor,-0.1292829914959048,-0.1131861480947913,2.403536111135605,0.0338828563690185,,,,
13,10,DecisionTreeRegressor,-0.2389805286351101,-0.2213200523004317,2.517569673600174,0.8156180381774902,,,,
13,10,ExtraTreeRegressor,-0.3094212813355221,-0.2907567397897197,2.5881470945743974,0.1720685958862304,,,,
13,10,Lars,-0.4610735212724424,-0.4402473228380872,2.7339167949924814,0.0247654914855957,,,,
13,10,KNeighborsRegressor,0.0620276054763146,0.1191436511509639,2.225834917751333,0.0314610004425048,0.039,0.1521,-0.057,DJF
13,10,TweedieRegressor,0.050310810752286,0.1081403283654756,2.239693913735179,0.0121171474456787,0.0389,0.1573,-0.1061,DJF
13,10,CatBoostRegressor,-0.0196443460786155,0.0424449578097979,2.32071751723085,2.2176363468170166,-0.0389,0.2281,-0.2164,DJF
13,10,GradientBoostingRegressor,-0.0421385277445369,0.0213205165700829,2.346176328478074,4.452533721923828,-0.0674,0.2324,-0.2654,DJF
13,10,RandomForestRegressor,-0.0513582451749592,0.0126622163038947,2.356531694180173,9.310341835021973,-0.0689,0.238,-0.2474,DJF
13,10,ExtraTreesRegressor,-0.0552192022399187,0.0090363648788854,2.360854735277264,3.803033590316773,,,,DJF
13,10,HistGradientBoostingRegressor,-0.0581459546117599,0.0062878315283335,2.3641264975223533,0.8342926502227783,,,,DJF
13,10,LGBMRegressor,-0.0634923285288484,0.0012670148863045,2.370091449166209,0.3497233390808105,,,,DJF
13,10,DummyRegressor,-0.0740622513190167,-0.0086592725512824,2.381840356024462,0.0111641883850097,,,,DJF
13,10,LassoLars,-0.0765360393445169,-0.0109824239581797,2.384581714509235,0.0112051963806152,,,,DJF
13,10,Lasso,-0.0765360393445173,-0.0109824239581801,2.384581714509236,0.0102837085723876,,,,DJF
13,10,BaggingRegressor,-0.0890720674979042,-0.0227550945108871,2.3984254970427714,0.9538576602935792,,,,DJF
13,10,ElasticNet,-0.0904009106723306,-0.0240030203066272,2.399888283499056,0.01261568069458,,,,DJF
13,10,QuantileRegressor,-0.12490299323231,-0.0564041641450923,2.437560810052275,0.7155663967132568,,,,DJF
13,10,XGBRegressor,-0.1276061260079475,-0.0589426947896016,2.440487772176099,0.7814388275146484,,,,DJF
13,10,LinearSVR,-0.1632887349104619,-0.0924524790634109,2.4788011213236443,0.1120696067810058,,,,DJF
13,10,HuberRegressor,-0.1713388363065298,-0.1000123848399616,2.487363138916749,0.0656673908233642,,,,DJF
13,10,MLPRegressor,-0.1823904144993446,-0.1103909981901829,2.4990697224983487,1.9419474601745603,,,,DJF
13,10,LarsCV,-0.1997753563096163,-0.1267173170214801,2.5173748630402875,0.0393507480621337,,,,DJF
13,10,BayesianRidge,-0.2079348333440522,-0.1343799382148476,2.5259204867852216,0.0210955142974853,,,,DJF
13,10,AdaBoostRegressor,-0.2118127598342014,-0.1380217257441622,2.529971816630367,1.226722002029419,,,,DJF
13,10,RidgeCV,-0.2132880052257031,-0.1394071388723112,2.5315113259321262,0.0167350769042968,,,,DJF
13,10,ElasticNetCV,-0.2157194436302638,-0.1416905194579203,2.5340466403608426,0.0762977600097656,,,,DJF
13,10,Ridge,-0.2166778163993035,-0.1425905339392648,2.5350452600989777,0.0140440464019775,,,,DJF
13,10,LinearRegression,-0.2173196171043416,-0.1431932534105726,2.5357137934235,0.0118243694305419,,,,DJF
13,10,TransformedTargetRegressor,-0.2173196171043416,-0.1431932534105726,2.5357137934235,0.0134854316711425,,,,DJF
13,10,LassoCV,-0.2180283668806157,-0.1438588452167082,2.5364518596817147,0.0760786533355712,,,,DJF
13,10,LassoLarsCV,-0.2181263292043014,-0.1439508423109408,2.5365538571921964,0.0443332195281982,,,,DJF
13,10,LassoLarsIC,-0.2185592387803152,-0.1443573906813786,2.5370045497364075,0.0186879634857177,,,,DJF
13,10,OrthogonalMatchingPursuitCV,-0.2371726365050113,-0.1618373609397536,2.5563073904680143,0.0178241729736328,,,,DJF
13,10,SGDRegressor,-0.238893691906195,-0.1634536159443835,2.558084837487475,0.0252306461334228,,,,DJF
13,10,PoissonRegressor,-0.2554515943279076,-0.1790032563783057,2.5751225917529528,0.0166676044464111,,,,DJF
13,10,OrthogonalMatchingPursuit,-0.2650252605607546,-0.1879939524075287,2.584922468955708,0.0118181705474853,,,,DJF
13,10,Lars,-0.3517682429458888,-0.2694548857976278,2.672077452413384,0.2068564891815185,,,,DJF
13,10,DecisionTreeRegressor,-0.5582231807382947,-0.4633381426689804,2.8688824455676967,0.1889631748199463,,,,DJF
13,10,ExtraTreeRegressor,-0.5946014044269501,-0.4975011835890439,2.90217765395834,0.0454964637756347,,,,DJF
13,10,RANSACRegressor,-1.0189244715653645,-0.895985904284659,3.2655621887100144,0.0960705280303955,,,,DJF
13,10,PassiveAggressiveRegressor,-1.114930132450143,-0.9861454829775363,3.342303895506177,0.0171418190002441,,,,DJF
13,10,TweedieRegressor,0.4024434477286217,0.434958616836496,1.6564190772466847,0.0178554058074951,0.4201,0.1781,0.2187,JJA
13,10,PoissonRegressor,0.3536252160695142,0.3887967581213545,1.7227526239934416,0.0189611911773681,0.3719,0.1876,0.1619,JJA
13,10,CatBoostRegressor,0.3431992791773384,0.3789381333938073,1.7365909268797497,2.106379270553589,0.3554,0.1249,0.2183,JJA
13,10,HuberRegressor,0.3359390992694334,0.3720730055969733,1.7461625608295048,0.0656604766845703,0.3535,0.1829,0.1507,JJA
13,10,LGBMRegressor,0.333584597932293,0.3698466210194113,1.7492554279307824,0.3168613910675049,0.3465,0.1317,0.2011,JJA
13,10,GradientBoostingRegressor,0.3307661291893573,0.3671815151464056,1.7529505855478398,4.0477447509765625,,,,JJA
13,10,KNeighborsRegressor,0.330546867328281,0.366974184100019,1.7532377226369773,0.0264289379119873,,,,JJA
13,10,LarsCV,0.3279997937776104,0.3645657058453342,1.756569834830453,0.0373811721801757,,,,JJA
13,10,LinearSVR,0.3225013418712319,0.3593664441877913,1.7637415129573857,0.2160675525665283,,,,JJA
13,10,LassoLarsCV,0.3214686239899677,0.3583899201452899,1.7650852453710784,0.0425505638122558,,,,JJA
13,10,LassoCV,0.3212879801368921,0.3582191057642679,1.7653201870348183,0.0859320163726806,,,,JJA
13,10,LassoLarsIC,0.3155971856950855,0.3528379676101051,1.772705575474472,0.0199537277221679,,,,JJA
13,10,OrthogonalMatchingPursuit,0.315401208374529,0.3526526541098932,1.772959362582793,0.010059118270874,,,,JJA
13,10,ElasticNetCV,0.3151307734217972,0.3523969344810707,1.7733095113456323,0.098984956741333,,,,JJA
13,10,BayesianRidge,0.3121546872579233,0.3495827877094268,1.7771582760272944,0.0151145458221435,,,,JJA
13,10,RidgeCV,0.3099703874863685,0.3475173434272554,1.779977783161292,0.014641523361206,,,,JJA
13,10,OrthogonalMatchingPursuitCV,0.3097349238178742,0.3472946921711943,1.7802814544402734,0.0179026126861572,,,,JJA
13,10,HistGradientBoostingRegressor,0.3091715048493239,0.3467619308248746,1.7810078708408312,0.7505011558532715,,,,JJA
13,10,Ridge,0.3082114135045556,0.345854081451708,1.7822450350318293,0.0116772651672363,,,,JJA
13,10,TransformedTargetRegressor,0.3079942652796986,0.3456487490311056,1.7825247310168535,0.0137889385223388,,,,JJA
13,10,LinearRegression,0.3079942652796986,0.3456487490311056,1.7825247310168535,0.0141482353210449,,,,JJA
13,10,ExtraTreesRegressor,0.2995617375114333,0.3376750649745356,1.7933524411729194,3.502026081085205,,,,JJA
13,10,SGDRegressor,0.2841939397776534,0.3231434835624244,1.8129190091782728,0.0210504531860351,,,,JJA
13,10,RandomForestRegressor,0.2820268031428647,0.3210942685099398,1.8156612840920316,8.84644341468811,,,,JJA
13,10,ElasticNet,0.2708045529577542,0.3104826607170058,1.8297960740244423,0.0102035999298095,,,,JJA
13,10,XGBRegressor,0.2595279103879512,0.2998196202217387,1.8438902334604697,0.7778036594390869,,,,JJA
13,10,BaggingRegressor,0.2274711822084499,0.2695072121971075,1.8833804662564408,0.8898015022277832,,,,JJA
13,10,AdaBoostRegressor,0.1907940524716652,0.2348258150336666,1.9275704076545743,1.1143290996551514,,,,JJA
13,10,LassoLars,0.1419041868276346,0.1885962201925154,1.9849455995320435,0.0100934505462646,,,,JJA
13,10,Lasso,0.1419036788855318,0.188595739889342,1.9849461870173088,0.0101358890533447,,,,JJA
13,10,PassiveAggressiveRegressor,0.1103172804886517,0.1587280693375159,2.02114883166523,0.0139398574829101,,,,JJA
13,10,MLPRegressor,0.1018925489315342,0.1507617572726236,2.03069578333342,1.9349329471588133,,,,JJA
13,10,QuantileRegressor,-0.062708900052657,-0.004883143701545,2.208960124338571,0.6520576477050781,,,,JJA
13,10,DummyRegressor,-0.0735299798947077,-0.0151154102511021,2.2201780564217155,0.0086917877197265,,,,JJA
13,10,DecisionTreeRegressor,-0.1606856088490904,-0.0975285926481119,2.308543259433604,0.1517071723937988,,,,JJA
13,10,ExtraTreeRegressor,-0.2397450718224425,-0.1722861501392383,2.3858707481867367,0.0430917739868164,,,,JJA
13,10,RANSACRegressor,-0.4548864305778863,-0.3757209053348331,2.584611449946639,0.1058120727539062,,,,JJA
13,10,Lars,-23264143.137545973,-21998258.631875392,10335.327842434488,0.0133821964263916,,,,JJA
13,10,TweedieRegressor,0.2865795613458096,0.3280039739128272,1.869864393094553,0.0134482383728027,0.2627,0.1449,0.174,MAM
13,10,KNeighborsRegressor,0.2335841168490974,0.2780856842578595,1.9380705678001504,0.0260453224182128,0.1986,0.2413,0.0587,MAM
13,10,CatBoostRegressor,0.2231995654413497,0.2683041068028198,1.9511563333682929,2.129503965377808,0.1941,0.1767,0.0823,MAM
13,10,LGBMRegressor,0.1881468638871962,0.2352867234034236,1.9946930494331825,0.3485724925994873,0.1525,0.1818,0.0075,MAM
13,10,HistGradientBoostingRegressor,0.1829754156751921,0.2304155528295358,2.001035992682531,0.7383015155792236,0.1465,0.1887,-0.0023,MAM
13,10,LinearSVR,0.1824835097140166,0.2299522091499769,2.0016382838737545,0.14931321144104,,,,MAM
13,10,ExtraTreesRegressor,0.1799902893104262,0.2276037563827241,2.0046882078186146,3.4560046195983887,,,,MAM
13,10,GradientBoostingRegressor,0.1741999558324786,0.2221496358163992,2.011753608120137,4.096530199050903,,,,MAM
13,10,HuberRegressor,0.1673697166071366,0.2157159911267222,2.020056140162367,0.0823807716369628,,,,MAM
13,10,PoissonRegressor,0.1603023432874155,0.209058981419114,2.0286111520931125,0.0156996250152587,,,,MAM
13,10,RandomForestRegressor,0.1476751752240884,0.197165003759464,2.0438071162295417,9.025538206100464,,,,MAM
13,10,XGBRegressor,0.1382315711410613,0.1882697379780319,2.055098431571417,0.9291491508483888,,,,MAM
13,10,BayesianRidge,0.1134132663087424,0.1648924960069445,2.084481054679382,0.0180511474609375,,,,MAM
13,10,LinearRegression,0.1124373763452118,0.1639732706219415,2.085627961456609,0.0129420757293701,,,,MAM
13,10,TransformedTargetRegressor,0.1124373763452118,0.1639732706219415,2.085627961456609,0.0142650604248046,,,,MAM
13,10,RidgeCV,0.112356174470811,0.1638967836950865,2.08572336488048,0.0136477947235107,,,,MAM
13,10,Ridge,0.1123561744705562,0.1638967836948465,2.08572336488078,0.0115349292755126,,,,MAM
13,10,LassoLarsCV,0.1122520187701471,0.1637986757447838,2.085845730180546,0.0483036041259765,,,,MAM
13,10,LassoLarsIC,0.1118673745836271,0.1634363657368359,2.086297559733335,0.0207090377807617,,,,MAM
13,10,ElasticNetCV,0.1083929809191976,0.1601637110593733,2.090374396605046,0.1116979122161865,,,,MAM
13,10,MLPRegressor,0.1055872617523931,0.1575209046183833,2.093660820228556,1.920762062072754,,,,MAM
13,10,LassoCV,0.1017635577360813,0.1539192221255992,2.098131352156951,0.0813186168670654,,,,MAM
13,10,LarsCV,0.0999348181037943,0.152196667375187,2.100266082410905,0.0366623401641845,,,,MAM
13,10,SGDRegressor,0.0951208384332434,0.1476622091048616,2.105875206797484,0.0217385292053222,,,,MAM
13,10,BaggingRegressor,0.0838863790228434,0.1370800731440977,2.118907548957936,0.9062376022338868,,,,MAM
13,10,ElasticNet,0.0618686247899528,0.1163407691569878,2.144219140686559,0.0127842426300048,,,,MAM
13,10,OrthogonalMatchingPursuitCV,0.0540417702694658,0.1089683771570453,2.153145199866352,0.0166573524475097,,,,MAM
13,10,Lasso,0.0059185042061785,0.0636393652522714,2.2072337741361503,0.0100791454315185,,,,MAM
13,10,LassoLars,0.0059185042061785,0.0636393652522714,2.2072337741361503,0.0124213695526123,,,,MAM
13,10,OrthogonalMatchingPursuit,0.0051301311919886,0.0628967687356797,2.208108842568212,0.0097212791442871,,,,MAM
13,10,AdaBoostRegressor,-0.016793064044571,0.042246533222533,2.232305480874345,1.0818209648132324,,,,MAM
13,10,DummyRegressor,-0.0778250199903789,-0.0152416317328729,2.2983251446342337,0.0126500129699707,,,,MAM
13,10,QuantileRegressor,-0.1142181772660952,-0.049521637940967,2.3368049162253244,0.6417708396911621,,,,MAM
13,10,ExtraTreeRegressor,-0.1473281114677169,-0.0807090598341075,2.371270810711412,0.0469205379486084,,,,MAM
13,10,DecisionTreeRegressor,-0.2108159895886003,-0.1405105450318429,2.435995107743128,0.1583030223846435,,,,MAM
13,10,RANSACRegressor,-0.308064417714593,-0.2321122902343908,2.5319312209931417,0.104600191116333,,,,MAM
13,10,PassiveAggressiveRegressor,-1.1386066522721952,-1.0144294918176806,3.2374479495680006,0.0149946212768554,,,,MAM
13,10,Lars,-4.906922667303442e+18,-4.622004576943887e+18,4903903831.598877,0.0174591541290283,,,,MAM
13,10,TweedieRegressor,0.1325810345370623,0.1805931543966346,1.778118537256705,0.0139896869659423,0.1845,0.085,0.1265,SON
13,10,KNeighborsRegressor,0.104235426308,0.1538164912725019,1.8069377627976229,0.0264217853546142,0.1595,0.1232,0.0801,SON
13,10,CatBoostRegressor,0.0227067420777639,0.0768004648409873,1.8873771994310236,2.166524648666382,0.0847,0.1721,-0.0351,SON
13,10,LinearSVR,-0.0091912861841996,0.0466680100990586,1.9179310884812504,0.1229138374328613,0.0534,0.1716,-0.1143,SON
13,10,HuberRegressor,-0.010534066519884,0.0453995533981905,1.919206616764927,0.060286521911621,0.0522,0.1735,-0.1164,SON
13,10,PoissonRegressor,-0.023161135395425,0.0334713997740633,1.9311600583967945,0.0211207866668701,,,,SON
13,10,HistGradientBoostingRegressor,-0.033904733990741,0.0233224653076394,1.941272555503864,0.7627360820770264,,,,SON
13,10,GradientBoostingRegressor,-0.0427914900637467,0.0149275961021432,1.9495976471325112,4.40833854675293,,,,SON
13,10,LGBMRegressor,-0.0476489188100444,0.0103390287255669,1.954133083632997,0.3201444149017334,,,,SON
13,10,Lasso,-0.0548560694173123,0.0035307978936089,1.9608431524324927,0.0097208023071289,,,,SON
13,10,LassoLars,-0.0548560694173123,0.0035307978936089,1.9608431524324927,0.0100507736206054,,,,SON
13,10,XGBRegressor,-0.0550214799808173,0.0033745428963497,1.9609968849966768,0.8162741661071777,,,,SON
13,10,ExtraTreesRegressor,-0.0574778505007724,0.0010541338442887,1.9632784188385384,3.707189321517944,,,,SON
13,10,DummyRegressor,-0.0585966553303596,-2.7445187160690665e-06,1.9643167123145904,0.0096795558929443,,,,SON
13,10,ElasticNet,-0.0625011271396869,-0.0036911016522502,1.9679359190006585,0.0105423927307128,,,,SON
13,10,QuantileRegressor,-0.0725967839887413,-0.0132279583067076,1.9772632663785632,0.7139344215393066,,,,SON
13,10,RandomForestRegressor,-0.0733349407820282,-0.0139252577129123,1.9779435216756256,10.07248330116272,,,,SON
13,10,BayesianRidge,-0.0877418463080952,-0.0275347330438096,1.991173809025952,0.0161998271942138,,,,SON
13,10,RidgeCV,-0.089607025739848,-0.0292966737616275,1.9928802367647107,0.0133678913116455,,,,SON
13,10,SGDRegressor,-0.0904980374992878,-0.0301383675270026,1.9936948960055465,0.021742820739746,,,,SON
13,10,Ridge,-0.0905207313137868,-0.0301598052263079,1.9937156407960888,0.0110964775085449,,,,SON
13,10,TransformedTargetRegressor,-0.0906634943002071,-0.0302946662024097,1.9938461378494736,0.0124182701110839,,,,SON
13,10,LinearRegression,-0.0906634943002071,-0.0302946662024097,1.9938461378494736,0.0144898891448974,,,,SON
13,10,LassoLarsCV,-0.0911391957422904,-0.0307440373063703,1.9942809062676496,0.0419766902923584,,,,SON
13,10,LassoLarsIC,-0.0925247702779845,-0.0320529195245906,1.995546715521504,0.0195605754852294,,,,SON
13,10,ElasticNetCV,-0.092977544117786,-0.0324806320817461,1.9959601788042067,0.0988025665283203,,,,SON
13,10,LassoCV,-0.0936048290854671,-0.0330731964792605,1.9965328603892407,0.0981879234313964,,,,SON
13,10,MLPRegressor,-0.1131679874130502,-0.0515535231650954,2.014311383412354,2.0489065647125244,,,,SON
13,10,LarsCV,-0.152013968645361,-0.088249357834732,2.049156487927847,0.0358524322509765,,,,SON
13,10,BaggingRegressor,-0.1525404803760248,-0.0887467268496766,2.049624703466814,1.0309245586395264,,,,SON
13,10,OrthogonalMatchingPursuitCV,-0.1923628634406067,-0.1263649189697244,2.084733155878149,0.0187444686889648,,,,SON
13,10,OrthogonalMatchingPursuit,-0.2224370167031994,-0.1547744512030224,2.1108603343247,0.0126569271087646,,,,SON
13,10,AdaBoostRegressor,-0.2680633059367567,-0.1978753000730986,2.1498923810971555,1.2494447231292725,,,,SON
13,10,ExtraTreeRegressor,-0.7196553650668822,-0.6244714887716674,2.503611641822919,0.046222448348999,,,,SON
13,10,DecisionTreeRegressor,-0.7837572452094224,-0.6850252943675723,2.5498470349650195,0.1834437847137451,,,,SON
13,10,RANSACRegressor,-0.9156630550963276,-0.8096300446666416,2.642444136330161,0.1037566661834716,,,,SON
13,10,PassiveAggressiveRegressor,-1.47100813970144,-1.3342364714522827,3.001119860467608,0.0183064937591552,,,,SON
13,10,Lars,-390639809440926.8,-369017679767074.7,37734144.010987096,0.0132596492767333,,,,SON
14,11,TweedieRegressor,0.236954184335452,0.2460936737431989,2.1945568009001044,0.0411036014556884,0.1518,0.0989,0.0218,
14,11,KNeighborsRegressor,0.1958247724533585,0.2054568952214178,2.252925671645314,0.435368537902832,0.1111,0.1157,-0.0869,
14,11,LinearSVR,0.1465369558912649,0.1567594304680265,2.3209398143268043,1.3664135932922363,0.0446,0.1168,-0.0902,
14,11,HuberRegressor,0.1424375800142622,0.1527091554466174,2.3265071362803944,0.4991688728332519,0.0379,0.1142,-0.0864,
14,11,PoissonRegressor,0.1414360308643414,0.1517196024935948,2.327865306398244,0.0601735115051269,0.0436,0.1244,-0.1096,
14,11,CatBoostRegressor,0.1307640257078544,0.1411754227914707,2.342288382347,3.5166685581207275,,,,
14,11,GradientBoostingRegressor,0.1275105303862636,0.1379608966712299,2.3466678068958235,19.64375901222229,,,,
14,11,LGBMRegressor,0.1222845150568381,0.1327974766811241,2.35368531995437,0.3125224113464355,,,,
14,11,HistGradientBoostingRegressor,0.1161142985675962,0.1267011648344204,2.3619438697471056,0.8969428539276123,,,,
14,11,LinearRegression,0.1107327692227928,0.1213840935200978,2.369123294303185,0.0568611621856689,,,,
14,11,TransformedTargetRegressor,0.1107327692227928,0.1213840935200978,2.369123294303185,0.0546169281005859,,,,
14,11,Ridge,0.1107176241289898,0.1213691298288024,2.36914346846485,0.0363340377807617,,,,
14,11,BayesianRidge,0.1106902766263178,0.1213421098847197,2.3691798965224544,0.084428071975708,,,,
14,11,RidgeCV,0.110639711208509,0.1212921501213696,2.369247250373042,0.058154821395874,,,,
14,11,LassoLarsIC,0.1103052200256122,0.1209616653540253,2.369692749134702,0.1080422401428222,,,,
14,11,LassoLarsCV,0.1100219340244901,0.1206817724511332,2.3700699837602768,0.2501204013824463,,,,
14,11,ElasticNet,0.1095022035628643,0.1201682671347758,2.370761920915621,0.0372679233551025,,,,
14,11,ExtraTreesRegressor,0.1086377979896593,0.1193142151018408,2.371912290266976,18.92123746871948,,,,
14,11,ElasticNetCV,0.1086269634805022,0.1193035103645527,2.3719267055222337,0.4278073310852051,,,,
14,11,LassoCV,0.1076238321153227,0.1183123941474789,2.37326098698193,0.4693148136138916,,,,
14,11,RandomForestRegressor,0.1063140590995044,0.1170183091235987,2.375002009186568,53.51892495155335,,,,
14,11,SGDRegressor,0.0945983013537846,0.1054428785268163,2.390518840748004,0.0794124603271484,,,,
14,11,LarsCV,0.0944166722225221,0.1052634248842168,2.390758605091255,0.1944086551666259,,,,
14,11,XGBRegressor,0.0903049726498954,0.1012009737759946,2.396179944021468,1.3383655548095703,,,,
14,11,OrthogonalMatchingPursuitCV,0.0810975157089498,0.0921038004555822,2.408275853590426,0.0891718864440918,,,,
14,11,LassoLars,0.0728820922881423,0.0839867784332139,2.4190174616187106,0.0359885692596435,,,,
14,11,Lasso,0.0728820922881423,0.0839867784332139,2.4190174616187106,0.047720193862915,,,,
14,11,MLPRegressor,0.0555051747331797,0.0668179953711907,2.441581973611806,15.512213706970217,,,,
14,11,BaggingRegressor,0.0509520880548417,0.0623194439338762,2.447459914264558,5.389671802520752,,,,
14,11,OrthogonalMatchingPursuit,0.040103604263041,0.0516008993943062,2.461408516477164,0.0338227748870849,,,,
14,11,DummyRegressor,-0.012774197627889,-0.0006435511298172,2.528295505352075,0.0290162563323974,,,,
14,11,QuantileRegressor,-0.0322221091993877,-0.0198585225840104,2.552455016234151,12.047451257705688,,,,
14,11,AdaBoostRegressor,-0.073492899127338,-0.0606349857760655,2.6029816496641964,5.258536338806152,,,,
14,11,PassiveAggressiveRegressor,-0.3327534872835562,-0.3167902434912324,2.900323438097145,0.0607659816741943,,,,
14,11,DecisionTreeRegressor,-0.3382903472364682,-0.3222607849192891,2.906341820583643,0.9213588237762452,,,,
14,11,RANSACRegressor,-0.3636994582688961,-0.347365554722955,2.933802352125584,0.2645304203033447,,,,
14,11,ExtraTreeRegressor,-0.3921813157586635,-0.3755062667277504,2.964281331206186,0.2190268039703369,,,,
14,11,Lars,-3.778449059661949,-3.721214508774329,5.491803616496643,0.046332836151123,,,,
14,11,TweedieRegressor,0.0805718388292079,0.123805137943822,2.4542941424617872,0.020322561264038,0.0678,0.0255,0.0509,DJF
14,11,LassoLars,-0.0288041105346583,0.0195722582992597,2.5961755494398564,0.0173671245574951,-0.0503,0.0344,-0.0706,DJF
14,11,Lasso,-0.0288041105346583,0.0195722582992597,2.5961755494398564,0.0168356895446777,-0.0503,0.0344,-0.0706,DJF
14,11,ElasticNet,-0.0326684928061578,0.0158895867928778,2.6010468418551462,0.0167160034179687,-0.053,0.0284,-0.0747,DJF
14,11,PoissonRegressor,-0.0343651539641709,0.0142727059401004,2.6031827083022634,0.0278968811035156,-0.0506,0.0238,-0.078,DJF
14,11,LinearSVR,-0.0433188604862995,0.0057400201008305,2.6144253100457484,0.1654741764068603,,,,DJF
14,11,HuberRegressor,-0.046590008582966,0.0026226877453867,2.618520644521026,0.1359961032867431,,,,DJF
14,11,DummyRegressor,-0.052111193391731,-0.0026388802228407,2.62541843608319,0.0147230625152587,,,,DJF
14,11,GradientBoostingRegressor,-0.0550604186718073,-0.0054494271982112,2.629095581569556,4.587383985519409,,,,DJF
14,11,KNeighborsRegressor,-0.0551116678559595,-0.005498266546118,2.6291594344850115,0.0391900539398193,,,,DJF
14,11,CatBoostRegressor,-0.0625395085393469,-0.012576835724017,2.638397664015022,2.230846881866455,,,,DJF
14,11,LarsCV,-0.0695689380928541,-0.0192757278377042,2.647110684596765,0.0739889144897461,,,,DJF
14,11,BayesianRidge,-0.0728188959607711,-0.0223728663701392,2.651129346976487,0.0309209823608398,,,,DJF
14,11,Ridge,-0.0736403057354628,-0.0231556518607545,2.6521440787696218,0.0179910659790039,,,,DJF
14,11,LinearRegression,-0.0736676729238052,-0.0231817321907108,2.65217788025025,0.0219831466674804,,,,DJF
14,11,TransformedTargetRegressor,-0.0736676729238052,-0.0231817321907108,2.65217788025025,0.0210552215576171,,,,DJF
14,11,RidgeCV,-0.073668136267482,-0.0231821737470674,2.652178452526825,0.0223245620727539,,,,DJF
14,11,HistGradientBoostingRegressor,-0.0762744801805459,-0.0256659623037176,2.65539560081342,0.5266449451446533,,,,DJF
14,11,ElasticNetCV,-0.0771482915549865,-0.0264986853690154,2.65647332037106,0.1414446830749511,,,,DJF
14,11,LassoLarsIC,-0.0777299007942891,-0.0270529462114854,2.657190408693413,0.0341029167175293,,,,DJF
14,11,LassoLarsCV,-0.0796235776084077,-0.0288575786613038,2.659523855801205,0.0830793380737304,,,,DJF
14,11,LassoCV,-0.0796993160568246,-0.0289297557406729,2.6596171404802296,0.1475203037261963,,,,DJF
14,11,RandomForestRegressor,-0.0816687422768804,-0.0308065757121367,2.662041673529458,10.612928628921509,,,,DJF
14,11,QuantileRegressor,-0.0841074071663932,-0.0331305698388197,2.665040823088178,1.0805046558380127,,,,DJF
14,11,ExtraTreesRegressor,-0.0844963464365899,-0.0335012204285998,2.6655188412597366,4.517759799957275,,,,DJF
14,11,SGDRegressor,-0.088644457771116,-0.0374542795060164,2.67061167362266,0.0324821472167968,,,,DJF
14,11,LGBMRegressor,-0.0917191065155242,-0.0403843522906564,2.6743803068269183,0.1989946365356445,,,,DJF
14,11,OrthogonalMatchingPursuitCV,-0.0961655994490957,-0.0446217624844047,2.679821051264235,0.0344500541687011,,,,DJF
14,11,OrthogonalMatchingPursuit,-0.1049387319962436,-0.0529823652879561,2.6905236181665027,0.0170245170593261,,,,DJF
14,11,BaggingRegressor,-0.1343219613642194,-0.0809839381025789,2.7260629498748896,1.09399676322937,,,,DJF
14,11,AdaBoostRegressor,-0.1577113606363969,-0.103273522361958,2.7540248686381905,1.3907761573791504,,,,DJF
14,11,XGBRegressor,-0.1608737470482766,-0.1062872072184202,2.757783729303632,0.9596829414367676,,,,DJF
14,11,MLPRegressor,-0.2106183608305321,-0.1536927325783126,2.8162508657228877,3.509989023208618,,,,DJF
14,11,PassiveAggressiveRegressor,-0.5244608190465252,-0.4527777084330522,3.1602820430874146,0.024303913116455,,,,DJF
14,11,DecisionTreeRegressor,-0.5514000274105322,-0.4784501828614476,3.188082911618986,0.1975502967834472,,,,DJF
14,11,ExtraTreeRegressor,-0.684014035519233,-0.604828422563783,3.321548234217565,0.0608603954315185,,,,DJF
14,11,RANSACRegressor,-1.0723521412453163,-0.9749061157949096,3.684677540251271,0.1870136260986328,,,,DJF
14,11,Lars,-69.74077567324599,-66.41440691118113,21.52794716229496,0.0232915878295898,,,,DJF
14,11,TweedieRegressor,0.3139111905281093,0.3462738702201796,1.7560245221106676,0.176302433013916,0.2864,0.1232,0.1592,JJA
14,11,HistGradientBoostingRegressor,0.2819295248755569,0.3158007737021816,1.796486440411868,0.5011792182922363,0.2045,0.16,0.0477,JJA
14,11,GradientBoostingRegressor,0.2764405546697739,0.3105707171853507,1.8033395894608235,4.2340989112854,0.2137,0.1148,0.1191,JJA
14,11,LGBMRegressor,0.2761044676437352,0.3102504833209175,1.8037583585614203,0.1865427494049072,0.2044,0.1644,0.0591,JJA
14,11,LarsCV,0.2716154868256261,0.3059732468810211,1.809342398217353,0.0621895790100097,0.2084,0.122,0.1095,JJA
14,11,ExtraTreesRegressor,0.2715829222250878,0.305942218346546,1.809382843787536,4.309967994689941,,,,JJA
14,11,OrthogonalMatchingPursuit,0.2682780400856299,0.3027932268740436,1.8134828504142968,0.0159657001495361,,,,JJA
14,11,PoissonRegressor,0.2668787791318682,0.3014599687954593,1.8152159703132984,0.0241107940673828,,,,JJA
14,11,KNeighborsRegressor,0.2668628464395927,0.3014447876452722,1.8152356949642243,0.0361318588256835,,,,JJA
14,11,RandomForestRegressor,0.2623779048861344,0.2971713999386752,1.820779550557329,9.947235584259031,,,,JJA
14,11,CatBoostRegressor,0.2550368979929523,0.290176666955549,1.8298175548585387,2.061702251434326,,,,JJA
14,11,OrthogonalMatchingPursuitCV,0.2528701953271198,0.2881121672456519,1.8324766073451169,0.02836275100708,,,,JJA
14,11,LassoCV,0.2365157754658714,0.2725291822835191,1.852424184797835,0.1426613330841064,,,,JJA
14,11,LassoLarsCV,0.2363538235780515,0.2723748696356907,1.8526206444472093,0.0684363842010498,,,,JJA
14,11,ElasticNetCV,0.2355114199885637,0.2715722020645749,1.8536422066338527,0.15610933303833,,,,JJA
14,11,HuberRegressor,0.2327046178421278,0.268897796245801,1.857041891279496,0.1226205825805664,,,,JJA
14,11,LinearSVR,0.2304800110349235,0.2667781237219555,1.85973198826837,0.3145101070404053,,,,JJA
14,11,LassoLarsIC,0.2294133940140065,0.2657618188246666,1.86102041152723,0.0292954444885253,,,,JJA
14,11,BayesianRidge,0.2216043379174695,0.2583211144307965,1.8704263494870952,0.0273008346557617,,,,JJA
14,11,RidgeCV,0.2184917975621704,0.255355392016785,1.8741622190171112,0.0222465991973876,,,,JJA
14,11,Ridge,0.2158713503262215,0.2528585507825318,1.877301682706754,0.0181102752685546,,,,JJA
14,11,LinearRegression,0.2155455672606978,0.2525481348427404,1.8776916248327595,0.0190310478210449,,,,JJA
14,11,TransformedTargetRegressor,0.2155455672606978,0.2525481348427404,1.8776916248327595,0.0204150676727294,,,,JJA
14,11,ElasticNet,0.2132352255917414,0.2503467715543952,1.8804546405114635,0.0185341835021972,,,,JJA
14,11,BaggingRegressor,0.2118944159157451,0.2490692076178325,1.8820562999629864,1.0300390720367432,,,,JJA
14,11,SGDRegressor,0.1975709364566928,0.2354213639823206,1.8990820704974063,0.0269908905029296,,,,JJA
14,11,XGBRegressor,0.1944885777701426,0.2324843995734378,1.9027260321673776,0.9303097724914552,,,,JJA
14,11,LassoLars,0.1100603384703931,0.1520386243916009,1.9999571442566588,0.0157005786895751,,,,JJA
14,11,Lasso,0.110059853417065,0.1520381622181469,1.9999576892855964,0.0165929794311523,,,,JJA
14,11,AdaBoostRegressor,0.0748987042101529,0.1185355577851458,2.039083700443065,1.287950038909912,,,,JJA
14,11,QuantileRegressor,-0.0561869807259196,-0.0063668401256404,2.178767123400404,0.9636800289154052,,,,JJA
14,11,DummyRegressor,-0.0682467229709509,-0.0178577266043966,2.1911706046448414,0.0154750347137451,,,,JJA
14,11,MLPRegressor,-0.0948483297196938,-0.0432045405819723,2.2182852350099176,3.085609674453736,,,,JJA
14,11,ExtraTreeRegressor,-0.1257683342023545,-0.0726660542871491,2.249390842495733,0.0594785213470459,,,,JJA
14,11,DecisionTreeRegressor,-0.18699740909401,-0.1310069652688208,2.3097516921914254,0.1843080520629882,,,,JJA
14,11,RANSACRegressor,-1.1498290176475323,-1.0484219885132149,3.1084391398226674,0.1740508079528808,,,,JJA
14,11,PassiveAggressiveRegressor,-1.175168304811241,-1.0725660262824088,3.126704521253671,0.0209827423095703,,,,JJA
14,11,Lars,-13437301.554547152,-12803466.528389266,7771.349777536815,0.0206682682037353,,,,JJA
14,11,TweedieRegressor,0.1501816391966751,0.1948045402890318,1.9948265078608816,0.0198357105255126,0.1368,0.0288,0.1173,MAM
14,11,KNeighborsRegressor,0.1477353147043835,0.1924866692414929,1.9976956421807297,0.0348010063171386,0.1472,0.1034,0.0797,MAM
14,11,CatBoostRegressor,0.0573471844946783,0.1068447068957746,2.100960852020455,2.181608200073242,0.0451,0.041,0.0119,MAM
14,11,LinearSVR,0.0542286597741885,0.1038899320147505,2.1044332272008006,0.2180657386779785,0.0347,0.026,0.0081,MAM
14,11,HuberRegressor,0.0477072240617845,0.0977109287493221,2.1116761773596653,0.12485933303833,0.0273,0.0232,0.0023,MAM
14,11,PoissonRegressor,0.0471231365712424,0.097157510963651,2.112323674957985,0.025792121887207,,,,MAM
14,11,HistGradientBoostingRegressor,0.0313957206061963,0.0822559219745991,2.129684486584294,0.5024213790893555,,,,MAM
14,11,GradientBoostingRegressor,0.0275116600287873,0.0785758085686993,2.133950185128484,4.267419099807739,,,,MAM
14,11,RandomForestRegressor,0.0167936124891401,0.0684205523234326,2.145677372248886,10.041216135025024,,,,MAM
14,11,ExtraTreesRegressor,0.0146741013410828,0.0664123340594624,2.1479888598852512,4.209871768951416,,,,MAM
14,11,BayesianRidge,0.0113818057586436,0.0632929128074897,2.1515744333399582,0.0254862308502197,,,,MAM
14,11,ElasticNet,0.0111628979138621,0.0630854995403221,2.151812629670328,0.0164916515350341,,,,MAM
14,11,ElasticNetCV,0.0110165551337114,0.0629468410368422,2.1519718523531197,0.1404924392700195,,,,MAM
14,11,TransformedTargetRegressor,0.0109742334502069,0.0629067416120982,2.152017896651329,0.0201179981231689,,,,MAM
14,11,LinearRegression,0.0109742334502069,0.0629067416120982,2.152017896651329,0.0197432041168212,,,,MAM
14,11,LassoLarsCV,0.0109447164528724,0.0628787745154404,2.152050009380206,0.0684175491333007,,,,MAM
14,11,RidgeCV,0.0108769395058907,0.0628145564513225,2.1521237448341664,0.0224153995513916,,,,MAM
14,11,Ridge,0.0108769395057982,0.0628145564512348,2.152123744834267,0.0183057785034179,,,,MAM
14,11,LassoLarsIC,0.0107753872990952,0.0627183366241136,2.152234220120283,0.0295312404632568,,,,MAM
14,11,LGBMRegressor,0.0089429939485102,0.0609821599605489,2.154226646821501,0.1774308681488037,,,,MAM
14,11,LassoCV,0.0076264684516041,0.0597347635737487,2.155657015127086,0.1505403518676757,,,,MAM
14,11,LarsCV,-0.0041144063857072,0.0486103874151758,2.1683714209180867,0.0663044452667236,,,,MAM
14,11,SGDRegressor,-0.0087747331006868,0.0441947686373889,2.1733975519287263,0.0255467891693115,,,,MAM
14,11,XGBRegressor,-0.0135743396407763,0.0396471834442119,2.1785617745992245,0.971132755279541,,,,MAM
14,11,LassoLars,-0.0138096477553972,0.0394242310648977,2.178814643823688,0.0163421630859375,,,,MAM
14,11,Lasso,-0.0138096477553975,0.0394242310648975,2.1788146438236886,0.0164766311645507,,,,MAM
14,11,OrthogonalMatchingPursuitCV,-0.0339502118156613,0.0203412228771096,2.200350614237468,0.0280652046203613,,,,MAM
14,11,DummyRegressor,-0.0578631493726384,-0.0023160761850435,2.22564974710794,0.0148577690124511,,,,MAM
14,11,MLPRegressor,-0.0592574792966045,-0.0036371915855808,2.227116037022269,3.1965160369873047,,,,MAM
14,11,BaggingRegressor,-0.0690776546027434,-0.01294172174729,2.2374158056068807,1.039812088012695,,,,MAM
14,11,OrthogonalMatchingPursuit,-0.0735678126184253,-0.0171961071717168,2.242109488905931,0.0161571502685546,,,,MAM
14,11,QuantileRegressor,-0.07909763177527,-0.0224355624288439,2.247876490812766,0.949446439743042,,,,MAM
14,11,AdaBoostRegressor,-0.107567751489638,-0.0494107517031341,2.2773366038820466,1.1988582611083984,,,,MAM
14,11,RANSACRegressor,-0.2222214149941406,-0.1580440944868635,2.392307600473368,0.1778392791748047,,,,MAM
14,11,PassiveAggressiveRegressor,-0.2915235385471741,-0.2237072500586994,2.459196536460713,0.026491641998291,,,,MAM
14,11,ExtraTreeRegressor,-0.4166462148067185,-0.3422598908086993,2.5755665636017104,0.0583996772766113,,,,MAM
14,11,DecisionTreeRegressor,-0.52172770342097,-0.4418236816544079,2.66938090305494,0.181260347366333,,,,MAM
14,11,Lars,-9.401205941687248e+19,-8.907560355484298e+19,20981370788.22693,0.0223674774169921,,,,MAM
14,11,TweedieRegressor,0.077061771993719,0.1191836992353849,2.4813293926498945,0.0223309993743896,0.1071,0.0398,0.0642,SON
14,11,KNeighborsRegressor,0.0335545023581437,0.0776620554959566,2.5391408131286544,0.0382831096649169,0.0736,0.0609,0.0095,SON
14,11,Lasso,-0.023957182989829,0.0227751428058528,2.613599275459777,0.0160963535308837,0.0053,0.0391,-0.0193,SON
14,11,LassoLars,-0.023957182989829,0.0227751428058528,2.613599275459777,0.0165255069732666,0.0053,0.0391,-0.0193,SON
14,11,HuberRegressor,-0.0287959270666995,0.0181572339049043,2.619767322820538,0.1271359920501709,0.0005,0.0687,-0.0646,SON
14,11,ElasticNet,-0.0293225749144099,0.0176546217094729,2.620437775658699,0.0162231922149658,,,,SON
14,11,LinearSVR,-0.0313396576624964,0.0157295964904571,2.6230040522706477,0.1801753044128418,,,,SON
14,11,PoissonRegressor,-0.0498613710831747,-0.0019468054657885,2.646452362364392,0.0269727706909179,,,,SON
14,11,CatBoostRegressor,-0.0516050017899296,-0.0036108587062106,2.6486490910862583,2.1547677516937256,,,,SON
14,11,DummyRegressor,-0.0571733743456495,-0.0089250966118217,2.655652287354688,0.0143771171569824,,,,SON
14,11,HistGradientBoostingRegressor,-0.0658969858141758,-0.0172505716542996,2.666586767554403,0.5020272731781006,,,,SON
14,11,GradientBoostingRegressor,-0.0689141891833995,-0.0201300730441977,2.6703582150277745,4.557099103927612,,,,SON
14,11,LGBMRegressor,-0.0707444979821971,-0.0218768484799671,2.672643473150839,0.2116501331329345,,,,SON
14,11,RandomForestRegressor,-0.0718224266807323,-0.0229055816496643,2.67398842258025,11.49111270904541,,,,SON
14,11,ExtraTreesRegressor,-0.073801268101918,-0.0247941108356033,2.6764556964833357,4.556108236312866,,,,SON
14,11,LinearRegression,-0.0758797003989157,-0.0267776856748274,2.6790446963739143,0.0198142528533935,,,,SON
14,11,TransformedTargetRegressor,-0.0758797003989157,-0.0267776856748274,2.6790446963739143,0.0227422714233398,,,,SON
14,11,SGDRegressor,-0.0758840059675332,-0.0267817947418345,2.679050057010064,0.0338702201843261,,,,SON
14,11,Ridge,-0.0761687410667795,-0.0270535348314802,2.6794045418410675,0.0192213058471679,,,,SON
14,11,BayesianRidge,-0.0768398980078042,-0.0276940608776306,2.680239922295571,0.0252642631530761,,,,SON
14,11,LassoLarsCV,-0.0772578962129451,-0.0280929820855795,2.6807600677598837,0.0711810588836669,,,,SON
14,11,RidgeCV,-0.077456585657857,-0.0282826035537966,2.6810072760532595,0.0252995491027832,,,,SON
14,11,LassoLarsIC,-0.0788003899898568,-0.0295650780734839,2.6826786318192344,0.0303976535797119,,,,SON
14,11,ElasticNetCV,-0.0803872124879914,-0.0310794796665314,2.6846509014818114,0.158005952835083,,,,SON
14,11,LassoCV,-0.0804785860483816,-0.0311666830340031,2.6847644260228165,0.1699919700622558,,,,SON
14,11,QuantileRegressor,-0.0812794929875977,-0.0319310374252834,2.685759285229515,1.0433948040008545,,,,SON
14,11,BaggingRegressor,-0.0855779690255074,-0.0360333355507125,2.69109242120238,1.1800460815429688,,,,SON
14,11,XGBRegressor,-0.0984848180953605,-0.0483511296427325,2.7070428613791417,0.9871947765350342,,,,SON
14,11,LarsCV,-0.1076013389236236,-0.0570515820761965,2.7182527662121974,0.0624525547027587,,,,SON
14,11,MLPRegressor,-0.1365803995901804,-0.0847080689800809,2.753583076319637,3.4157464504241943,,,,SON
14,11,OrthogonalMatchingPursuitCV,-0.1570378720374046,-0.1042318839626752,2.7782536261536714,0.0294549465179443,,,,SON
14,11,OrthogonalMatchingPursuit,-0.1664593138069485,-0.1132233410672804,2.7895419715734744,0.0161960124969482,,,,SON
14,11,AdaBoostRegressor,-0.1688898727443122,-0.1155429718584155,2.792446752651632,1.2877230644226074,,,,SON
14,11,PassiveAggressiveRegressor,-0.429155736237069,-0.363930575861138,3.087719787939033,0.0325617790222168,,,,SON
14,11,RANSACRegressor,-0.4603797715210933,-0.3937295791088731,3.1212676196095,0.1783537864685058,,,,SON
14,11,ExtraTreeRegressor,-0.5241913948413439,-0.454628907247165,3.188730790249453,0.0602071285247802,,,,SON
14,11,DecisionTreeRegressor,-0.5581992723374405,-0.4870847010847174,3.224108148557793,0.2106528282165527,,,,SON
14,11,Lars,-176486378050.6491,-168431725908.33246,1085059.8601055038,0.0213136672973632,,,,SON
1,6,KNeighborsRegressor,0.2571612604341099,0.3192946122565356,2.7425950902956022,0.0223951339721679,0.2841,0.1234,0.1636,DJF
1,6,TweedieRegressor,0.2548940109164758,0.3172170025684434,2.7467772967583794,0.0140008926391601,0.2855,0.1016,0.1732,DJF
1,6,GammaRegressor,0.2471221290571167,0.3100951851768746,2.7610653647654453,0.0146896839141845,0.2801,0.1092,0.1554,DJF
1,6,LinearSVR,0.2073988709742129,0.2736945044429126,2.832968628674228,0.1068522930145263,0.2375,0.1073,0.1273,DJF
1,6,HuberRegressor,0.2034568528993081,0.2700822090694403,2.8400048048576,0.0632390975952148,0.2328,0.1135,0.1207,DJF
1,6,LGBMRegressor,0.171927821342723,0.2411903641672164,2.895666346619618,0.6278350353240967,,,,DJF
1,6,HistGradientBoostingRegressor,0.1602592863725981,0.2304978218990536,2.9159966916997,0.6002576351165771,,,,DJF
1,6,CatBoostRegressor,0.1467452534355092,0.218114144876777,2.939366758812471,2.7159643173217773,,,,DJF
1,6,PoissonRegressor,0.1454649203554695,0.216940902853618,2.941571233975713,0.0265295505523681,,,,DJF
1,6,Ridge,0.1354397093291034,0.2077542317829888,2.958775843017425,0.0120761394500732,,,,DJF
1,6,RidgeCV,0.135439709329077,0.2077542317829646,2.95877584301747,0.0172269344329834,,,,DJF
1,6,LinearRegression,0.135381529051989,0.2077009178859304,2.958875396226354,0.0175395011901855,,,,DJF
1,6,TransformedTargetRegressor,0.135381529051989,0.2077009178859304,2.958875396226354,0.0146138668060302,,,,DJF
1,6,LassoLarsIC,0.1351704414715949,0.2075074863299187,2.959236563465101,0.0225365161895751,,,,DJF
1,6,LassoLarsCV,0.1346791467277392,0.2070572850125938,2.9600769897294037,0.0527470111846923,,,,DJF
1,6,BayesianRidge,0.1346242757612965,0.2070070036251285,2.960170839143637,0.0194020271301269,,,,DJF
1,6,LassoCV,0.1312003540381456,0.2038694694067022,2.9660211232379026,0.1658487319946289,,,,DJF
1,6,ElasticNetCV,0.1299109951290682,0.2026879565030309,2.9682211977663164,0.3023750782012939,,,,DJF
1,6,SGDRegressor,0.1261394861623871,0.1992319083235257,2.9746473035127217,0.0214931964874267,,,,DJF
1,6,GradientBoostingRegressor,0.1189590006376718,0.1926520210304316,2.986843594284856,2.7886574268341064,,,,DJF
1,6,MLPRegressor,0.1170149026334146,0.1908705334540398,2.990137150964142,1.6858737468719482,,,,DJF
1,6,RandomForestRegressor,0.1104216942386883,0.1848288015979058,3.0012799959517587,5.858347892761231,,,,DJF
1,6,ElasticNet,0.077654814378959,0.1548026458900127,3.0560549902309586,0.0116631984710693,,,,DJF
1,6,ExtraTreesRegressor,0.0703268651995997,0.1480876292628302,3.0681710130779307,2.4189178943634038,,,,DJF
1,6,BaggingRegressor,0.0572781904077701,0.1361303863773805,3.0896280494956114,0.606053352355957,,,,DJF
1,6,XGBRegressor,0.0502056841496295,0.1296494466278204,3.101195928260457,0.6346349716186523,,,,DJF
1,6,OrthogonalMatchingPursuitCV,0.0465198857621066,0.1262719399269861,3.1072073956697026,0.019317626953125,,,,DJF
1,6,OrthogonalMatchingPursuit,0.0166177241362133,0.0988708884742624,3.155553954300385,0.0164511203765869,,,,DJF
1,6,LarsCV,-0.041790523144656,0.0453480893860307,3.2479147627885334,0.0547654628753662,,,,DJF
1,6,Lasso,-0.0584021787539188,0.0301258845247546,3.273706830888681,0.0130336284637451,,,,DJF
1,6,LassoLars,-0.0584021787539188,0.0301258845247546,3.273706830888681,0.0119464397430419,,,,DJF
1,6,AdaBoostRegressor,-0.0983842042563902,-0.0065119195137552,3.33496715744933,0.7191612720489502,,,,DJF
1,6,DecisionTreeRegressor,-0.151317401303842,-0.0550176186669035,3.414380806152832,0.1103129386901855,,,,DJF
1,6,DummyRegressor,-0.1721437319712107,-0.0741019700033585,3.445123989807755,0.0109074115753173,,,,DJF
1,6,RANSACRegressor,-0.235668914579219,-0.1323137079694329,3.537247779974416,0.1253952980041504,,,,DJF
1,6,QuantileRegressor,-0.2802026687433854,-0.1731225198707973,3.6004251449641047,0.4236221313476562,,,,DJF
1,6,ExtraTreeRegressor,-0.5941038799941141,-0.4607680536005543,4.017655839112957,0.0346136093139648,,,,DJF
1,6,PassiveAggressiveRegressor,-1.0067045888316437,-0.8388575507323426,4.507711822868243,0.0162124633789062,,,,DJF
1,6,Lars,-54.53466393568817,-49.88957122731277,23.71354573190117,0.0174160003662109,,,,DJF
1,6,LinearSVR,0.5105216948168732,0.5534583882539896,2.7220622199865647,0.0934584140777587,0.523,0.0603,0.4805,JJA
1,6,HuberRegressor,0.5048456910860948,0.5482802795873145,2.73779928337352,0.0639877319335937,0.5164,0.064,0.4666,JJA
1,6,TweedieRegressor,0.4827703252447556,0.5281413493460929,2.7981632012331943,0.0188305377960205,0.4893,0.0867,0.4049,JJA
1,6,PoissonRegressor,0.4761706014823249,0.5221205487207176,2.815958553085736,0.0242581367492675,0.4794,0.0991,0.3879,JJA
1,6,ElasticNetCV,0.4601957535761883,0.5075470032624877,2.858574218278127,0.1112759113311767,0.4665,0.0965,0.3636,JJA
1,6,LassoCV,0.4553189598391015,0.5030979984497067,2.8714578997649323,0.1074249744415283,,,,JJA
1,6,LassoLarsCV,0.4548800502928071,0.5026975897408065,2.8726145918476376,0.059474229812622,,,,JJA
1,6,BayesianRidge,0.4546516336451792,0.5024892096412162,2.873216371579137,0.0240545272827148,,,,JJA
1,6,LassoLarsIC,0.4544048928440379,0.5022641127699996,2.873866286002626,0.0262353420257568,,,,JJA
1,6,LinearRegression,0.4530633686137372,0.5010402661037603,2.877397287471381,0.0153288841247558,,,,JJA
1,6,TransformedTargetRegressor,0.4530633686137372,0.5010402661037603,2.877397287471381,0.0155537128448486,,,,JJA
1,6,RidgeCV,0.4530014111418132,0.5009837434977946,2.877560259928229,0.0233380794525146,,,,JJA
1,6,Ridge,0.4527527198315014,0.5007568672147031,2.8782143227772803,0.0180222988128662,,,,JJA
1,6,SGDRegressor,0.4490012323278587,0.4973344575622571,2.8880628352514712,0.0232651233673095,,,,JJA
1,6,GradientBoostingRegressor,0.4240936773501359,0.4746117758281942,2.952617893739573,2.8430089950561523,,,,JJA
1,6,HistGradientBoostingRegressor,0.4124756713060951,0.4640128931213499,2.982251403190776,0.7252655029296875,,,,JJA
1,6,CatBoostRegressor,0.4090589931185164,0.4608959235467168,2.990910297757008,2.4202468395233154,,,,JJA
1,6,OrthogonalMatchingPursuitCV,0.4079990182868246,0.4599289289634189,2.9935915038619494,0.020143985748291,,,,JJA
1,6,OrthogonalMatchingPursuit,0.4010312827342004,0.453572398283832,3.011156962258941,0.0135939121246337,,,,JJA
1,6,LGBMRegressor,0.4006653091495911,0.4532385276452411,3.012076739531231,0.5063114166259766,,,,JJA
1,6,KNeighborsRegressor,0.3750477795563022,0.4298681497706617,3.0757761982611616,0.0195939540863037,,,,JJA
1,6,ElasticNet,0.3651351766598281,0.4208250734440537,3.1000732543359875,0.0212852954864501,,,,JJA
1,6,MLPRegressor,0.357595619175079,0.4139468806509493,3.11842692160186,1.6899831295013428,,,,JJA
1,6,ExtraTreesRegressor,0.3525995301881389,0.4093890450839162,3.13052970617516,2.476516008377075,,,,JJA
1,6,XGBRegressor,0.3371151860497908,0.3952629767471777,3.167746057369439,0.7025492191314697,,,,JJA
1,6,RandomForestRegressor,0.3364681211887107,0.3946726719616309,3.169291753664272,5.477352857589722,,,,JJA
1,6,BaggingRegressor,0.2772016655129804,0.3406050281872804,3.30780497239613,0.5944333076477051,,,,JJA
1,6,LarsCV,0.2364567719309236,0.3034342480773339,3.399759053584245,0.0474817752838134,,,,JJA
1,6,RANSACRegressor,0.1876213430755897,0.2588826287707135,3.5067965983118854,0.1312894821166992,,,,JJA
1,6,Lasso,0.1681274306641557,0.2410987086760719,3.5486218805651477,0.0169508457183837,,,,JJA
1,6,LassoLars,0.1680971768859587,0.2410711087380677,3.548686408623372,0.016484260559082,,,,JJA
1,6,AdaBoostRegressor,0.1519291236628169,0.2263213057976576,3.583004872747254,0.7123711109161377,,,,JJA
1,6,DecisionTreeRegressor,0.0737347241616603,0.1549860641474797,3.744544670048979,0.1082253456115722,,,,JJA
1,6,ExtraTreeRegressor,-0.0730208815075028,0.0211037572212254,4.030281777521974,0.0473053455352783,,,,JJA
1,6,DummyRegressor,-0.1024859280230348,-0.0057766360911895,4.085242596157488,0.011866807937622,,,,JJA
1,6,QuantileRegressor,-0.1520716030675521,-0.0510126905177668,4.17610163941489,0.422283411026001,,,,JJA
1,6,PassiveAggressiveRegressor,-0.1577386378920811,-0.0561826170243546,4.186360151708519,0.01641845703125,,,,JJA
1,6,Lars,-2.326355202593245e+21,-2.1222889567517323e+21,187658973876.942,0.016857624053955,,,,JJA
1,6,LinearSVR,0.4570356797624416,0.5013794082754909,2.593325522098345,0.1171021461486816,0.4919,0.0503,0.4449,MAM
1,6,HuberRegressor,0.4519138337362915,0.4966758618340535,2.605528383584091,0.0591278076171875,0.4857,0.0485,0.4466,MAM
1,6,SGDRegressor,0.4046446057763643,0.4532670971376412,2.7155608241079623,0.0226285457611084,0.434,0.068,0.3657,MAM
1,6,BayesianRidge,0.4021399098537429,0.4509669589582467,2.72126709254564,0.017331838607788,0.4309,0.0646,0.3628,MAM
1,6,RidgeCV,0.4005226164312948,0.4494817493906264,2.724945306792535,0.0146641731262207,0.4291,0.0651,0.3597,MAM
1,6,LassoLarsIC,0.3988998379866362,0.4479915027608673,2.728631012131365,0.0233607292175292,,,,MAM
1,6,ElasticNetCV,0.3988426856501772,0.4479390180380938,2.7287607275605485,0.0902981758117675,,,,MAM
1,6,Ridge,0.3982394863990783,0.447385081883727,2.730129399038632,0.0156459808349609,,,,MAM
1,6,PoissonRegressor,0.3981537710698518,0.4473063668989927,2.7303238332049515,0.033806562423706,,,,MAM
1,6,LinearRegression,0.3977413488052743,0.4469276270335187,2.731259166385686,0.0146312713623046,,,,MAM
1,6,TransformedTargetRegressor,0.3977413488052743,0.4469276270335187,2.731259166385686,0.0148370265960693,,,,MAM
1,6,LassoLarsCV,0.3946553441234274,0.4440936554019133,2.7382477823945277,0.0495460033416748,,,,MAM
1,6,LassoCV,0.3940415294353704,0.4435299707700497,2.739635711431625,0.1009659767150878,,,,MAM
1,6,TweedieRegressor,0.3805491504090951,0.4311395101760473,2.769968400636489,0.0141096115112304,,,,MAM
1,6,KNeighborsRegressor,0.3782749292366808,0.4290510239451188,2.775048504602857,0.0196599960327148,,,,MAM
1,6,ExtraTreesRegressor,0.3762443333987008,0.427186266242727,2.7795765577835247,2.3697381019592285,,,,MAM
1,6,LarsCV,0.3693403474904123,0.4208461267334821,2.7949169780111576,0.0450773239135742,,,,MAM
1,6,GradientBoostingRegressor,0.3654800277836968,0.4173010781461898,2.8034578866273536,2.810011625289917,,,,MAM
1,6,RandomForestRegressor,0.3607964647244068,0.4130000202369326,2.813785403526973,5.923220872879028,,,,MAM
1,6,LGBMRegressor,0.3594066248316435,0.4117236881394039,2.8168427925281736,0.4519071578979492,,,,MAM
1,6,CatBoostRegressor,0.3580298513362943,0.410459355310644,2.819868169573822,3.1889801025390625,,,,MAM
1,6,HistGradientBoostingRegressor,0.3541129654508639,0.4068623602870002,2.828457591950075,0.836613655090332,,,,MAM
1,6,XGBRegressor,0.3257270617001736,0.3807947245377274,2.8899428413034665,0.8894343376159668,,,,MAM
1,6,OrthogonalMatchingPursuitCV,0.2871272866948342,0.3453473812478876,2.9715112855889334,0.0276014804840087,,,,MAM
1,6,ElasticNet,0.2809346288091556,0.339660475821112,2.9843899958805244,0.0123572349548339,,,,MAM
1,6,OrthogonalMatchingPursuit,0.280667859151838,0.3394154931594011,2.9849435414277488,0.0200421810150146,,,,MAM
1,6,BaggingRegressor,0.2787593224991158,0.3376628261062661,2.9889007540216697,0.6067318916320801,,,,MAM
1,6,MLPRegressor,0.2592933493028122,0.3197866329350689,3.0289667805058342,1.7580804824829102,,,,MAM
1,6,PassiveAggressiveRegressor,0.2205948032401677,0.2842485851897003,3.107084302536041,0.0271003246307373,,,,MAM
1,6,AdaBoostRegressor,0.2115362758039738,0.2759298648943933,3.125087967853032,0.7159647941589355,,,,MAM
1,6,RANSACRegressor,0.203349496352554,0.2684116971949044,3.141270282723615,0.1259896755218505,,,,MAM
1,6,LassoLars,0.1651099733695663,0.2332951842558993,3.2157777413457653,0.0121576786041259,,,,MAM
1,6,Lasso,0.1651046278718636,0.2332902753233448,3.2157880360579223,0.0120196342468261,,,,MAM
1,6,DecisionTreeRegressor,-0.0236664806259616,0.059936045014997,3.5608249939699594,0.1085233688354492,,,,MAM
1,6,DummyRegressor,-0.0889760033114521,-3.966910271291368e-05,3.6726584622262815,0.0109014511108398,,,,MAM
1,6,ExtraTreeRegressor,-0.0916133274076631,-0.0024616037536797,3.6771030658008135,0.0377304553985595,,,,MAM
1,6,QuantileRegressor,-0.1218930176356491,-0.0302683610229375,3.727752849150253,0.4423568248748779,,,,MAM
1,6,Lars,-5.618556976837834e+24,-5.159691162032567e+24,8342261185598.242,0.0162010192871093,,,,MAM
1,6,TweedieRegressor,0.1812459683679836,0.2488495122642052,3.049556945622246,0.0215213298797607,0.2232,0.1384,0.0667,SON
1,6,GammaRegressor,0.1682811750845302,0.236955206499569,3.0736066519262435,0.023299217224121,0.2111,0.1525,0.0405,SON
1,6,HuberRegressor,0.1528343324333653,0.2227837912232709,3.1020171556160823,0.0631191730499267,0.1978,0.1811,-0.0037,SON
1,6,LinearSVR,0.1487839921445114,0.2190678827013866,3.109423760836614,0.1004161834716796,0.1946,0.1882,-0.0155,SON
1,6,PoissonRegressor,0.1353385051049479,0.206732573490778,3.133885185971799,0.0259678363800048,0.1794,0.1703,-0.0072,SON
1,6,BayesianRidge,0.1154055975653226,0.1884455023535071,3.169801854960245,0.0165424346923828,,,,SON
1,6,RidgeCV,0.1138165961381764,0.1869877028790609,3.172647543204773,0.0182571411132812,,,,SON
1,6,Ridge,0.1123220562008894,0.1856165653219169,3.175321736231464,0.0141277313232421,,,,SON
1,6,ElasticNetCV,0.1121100989055894,0.1854221090876967,3.1757008108948583,0.1161146163940429,,,,SON
1,6,LassoLarsIC,0.112061951310132,0.1853779369817726,3.175786914073274,0.0243666172027587,,,,SON
1,6,LinearRegression,0.1120321186784765,0.1853505675949326,3.1758402631135585,0.0135722160339355,,,,SON
1,6,TransformedTargetRegressor,0.1120321186784765,0.1853505675949326,3.1758402631135585,0.0189106464385986,,,,SON
1,6,LassoCV,0.1112041469255348,0.184590960482142,3.177320549399911,0.1271049976348877,,,,SON
1,6,LassoLarsCV,0.1111152681761903,0.1845094203451288,3.1774794099617787,0.0541515350341796,,,,SON
1,6,SGDRegressor,0.108514680641847,0.182123560221878,3.1821241506869318,0.0222804546356201,,,,SON
1,6,KNeighborsRegressor,0.1043830422647272,0.178333066297915,3.189489492605866,0.0231976509094238,,,,SON
1,6,OrthogonalMatchingPursuitCV,0.0749803147229608,0.1513580869017989,3.2414215064183405,0.0199160575866699,,,,SON
1,6,GradientBoostingRegressor,0.0522629096363848,0.1305164308590687,3.280982851241941,2.7310516834259038,,,,SON
1,6,CatBoostRegressor,0.0392739600928676,0.118599963387952,3.3033896431700067,2.402088165283203,,,,SON
1,6,ElasticNet,-0.0148543575333952,0.0689409563913806,3.3951727940258367,0.0119884014129638,,,,SON
1,6,LGBMRegressor,-0.0226630037808392,0.0617770607515236,3.408209591260664,0.3690764904022217,,,,SON
1,6,HistGradientBoostingRegressor,-0.0273316469309883,0.0574939018981758,3.415980281931997,0.6091809272766113,,,,SON
1,6,MLPRegressor,-0.0544134753168867,0.0326481877826727,3.4607122921880977,1.6357994079589844,,,,SON
1,6,ExtraTreesRegressor,-0.0594416189576789,0.0280352119654322,3.468953965590293,2.3636064529418945,,,,SON
1,6,OrthogonalMatchingPursuit,-0.0792108746286976,0.0098982801571581,3.5011698359990007,0.0149805545806884,,,,SON
1,6,RandomForestRegressor,-0.093931433251349,-0.0036068194966503,3.5249671380277894,5.478207349777222,,,,SON
1,6,XGBRegressor,-0.1035182892569477,-0.0124021002357317,3.540379272439551,0.6118690967559814,,,,SON
1,6,BaggingRegressor,-0.1150684056551731,-0.0229985372983239,3.558858961272153,0.5801477432250977,,,,SON
1,6,LarsCV,-0.1426913288869316,-0.0483406687036069,3.602670037833238,0.0474193096160888,,,,SON
1,6,AdaBoostRegressor,-0.187766517476144,-0.0896940527304073,3.6730391808848193,0.662844181060791,,,,SON
1,6,Lasso,-0.2867816905224463,-0.1805336610297672,3.823071832458989,0.0167944431304931,,,,SON
1,6,LassoLars,-0.286792329205854,-0.1805434212897743,3.823087636370058,0.0167973041534423,,,,SON
1,6,DummyRegressor,-0.4152246048913743,-0.2983711971480498,4.009338340077009,0.0103886127471923,,,,SON
1,6,ExtraTreeRegressor,-0.5254539734870245,-0.3994990582449764,4.162551080987656,0.0394248962402343,,,,SON
1,6,QuantileRegressor,-0.568275912373541,-0.4387852407096706,4.220571459319631,0.4047303199768066,,,,SON
1,6,DecisionTreeRegressor,-0.5996478159385552,-0.4675668036133533,4.262576737087608,0.1017472743988037,,,,SON
1,6,RANSACRegressor,-0.647305241593743,-0.5112892124713238,4.325607025457088,0.1222469806671142,,,,SON
1,6,PassiveAggressiveRegressor,-0.6621873522807935,-0.5249425250282509,4.34510232647138,0.0163443088531494,,,,SON
1,6,Lars,-3951886804755214.5,-3625584224546068.0,211866489.17920297,0.0203361511230468,,,,SON
2,16,TweedieRegressor,0.4589086835631525,0.4638941686654576,2.533878504584128,0.0398459434509277,0.3997,0.1462,0.1749,
2,16,LinearSVR,0.4509985657721741,0.4560569327951578,2.5523324652589525,0.772782564163208,0.3957,0.173,0.1232,
2,16,HuberRegressor,0.4475365479488732,0.4526268131704745,2.5603673567226943,0.237551212310791,0.3896,0.1645,0.1275,
2,16,KNeighborsRegressor,0.4250578160615961,0.4303551949062374,2.611936367235858,0.4815068244934082,0.3595,0.1683,0.131,
2,16,GradientBoostingRegressor,0.4111795249664249,0.4166047750435157,2.6432726163852487,20.69785976409912,0.3467,0.1653,0.067,
2,16,LinearRegression,0.4073479049319752,0.4128084586334619,2.651858928914021,0.0340826511383056,,,,
2,16,TransformedTargetRegressor,0.4073479049319752,0.4128084586334619,2.651858928914021,0.0506825447082519,,,,
2,16,Ridge,0.4072924147775153,0.412753479751924,2.6519830730944656,0.0264046192169189,,,,
2,16,LassoLarsIC,0.40702295137528,0.4124864991205937,2.652585841809204,0.05955171585083,,,,
2,16,RidgeCV,0.4068865142564385,0.4123513191005131,2.6528909888255034,0.0462346076965332,,,,
2,16,BayesianRidge,0.4063088422178307,0.4117789695929735,2.654182586482118,0.0526778697967529,,,,
2,16,ElasticNetCV,0.4043795309258777,0.409867434510713,2.65849172171845,0.1808669567108154,,,,
2,16,PoissonRegressor,0.4032100635256032,0.4087087423014729,2.661100341606313,0.0376605987548828,,,,
2,16,CatBoostRegressor,0.4018212117301721,0.4073326870520686,2.6641950035610056,4.74997353553772,,,,
2,16,SGDRegressor,0.4003090655774524,0.405834473449896,2.667560309630326,0.0685400962829589,,,,
2,16,LGBMRegressor,0.399791323596285,0.405321501818678,2.668711577654184,0.7647640705108643,,,,
2,16,HistGradientBoostingRegressor,0.3982732605095308,0.4038174257996764,2.6720843330668687,1.016221523284912,,,,
2,16,LarsCV,0.398124930933858,0.4036704628969981,2.672413655902819,0.1208624839782714,,,,
2,16,LassoLarsCV,0.398124930933858,0.4036704628969981,2.672413655902819,0.1262984275817871,,,,
2,16,LassoCV,0.3980161050857306,0.4035626397440316,2.6726552463528552,0.1721124649047851,,,,
2,16,ExtraTreesRegressor,0.3796244550209859,0.3853404459145272,2.713175208190169,16.88160252571106,,,,
2,16,RandomForestRegressor,0.3665352254269621,0.3723718173302763,2.7416482846052697,51.23922061920166,,,,
2,16,XGBRegressor,0.3608038307748067,0.3666932303684049,2.754023152295973,1.1689634323120115,,,,
2,16,Lars,0.3593705913352971,0.3652731964519866,2.7571090315810984,0.0325429439544677,,,,
2,16,BaggingRegressor,0.3489035788271629,0.3549026244767898,2.7795414782061765,5.163483381271362,,,,
2,16,OrthogonalMatchingPursuitCV,0.345018545181355,0.3510533865955316,2.787821781327623,0.0544784069061279,,,,
2,16,OrthogonalMatchingPursuit,0.3357478363097707,0.3418680958032309,2.807482087476293,0.022648811340332,,,,
2,16,ElasticNet,0.3206569520697171,0.326916255336888,2.839194028127042,0.0283765792846679,,,,
2,16,MLPRegressor,0.2977260631196513,0.3041966460761656,2.886714147433559,10.14548373222351,,,,
2,16,Lasso,0.2023688396924661,0.2097180211449311,3.076462042126926,0.0266370773315429,,,,
2,16,LassoLars,0.2023682923083265,0.2097174788042571,3.0764630977565983,0.0225167274475097,,,,
2,16,AdaBoostRegressor,0.1328802451588772,0.1408696777894772,3.207672681255575,4.619709014892578,,,,
2,16,PassiveAggressiveRegressor,0.0661596420181976,0.0747638222207327,3.328793269302072,0.0508291721343994,,,,
2,16,DecisionTreeRegressor,0.03862531534029,0.0474831901989483,3.377511575430928,0.8631784915924072,,,,
2,16,DummyRegressor,-0.0095355292540972,-0.0002339119698151,3.4610773810241526,0.0250132083892822,,,,
2,16,QuantileRegressor,-0.0228373284599336,-0.013413151600659,3.4838046120915416,11.678706645965576,,,,
2,16,ExtraTreeRegressor,-0.0646455137619814,-0.0548361263501695,3.5542913068516357,0.1950485706329345,,,,
2,16,RANSACRegressor,-0.0982666893611907,-0.0881475245329241,3.609976800654666,0.1782658100128173,,,,
2,16,TweedieRegressor,0.2425726426475817,0.2677270567293963,3.0125084711203023,0.0245344638824462,0.2351,0.0663,0.1719,DJF
2,16,HuberRegressor,0.2156713770630168,0.2417191911088945,3.065538786024741,0.0793561935424804,0.2002,0.0762,0.1129,DJF
2,16,LinearSVR,0.2095358973668192,0.2357874727310207,3.077505652152843,0.1685776710510254,0.1956,0.074,0.1121,DJF
2,16,KNeighborsRegressor,0.1938329163945669,0.2206059929718691,3.107923454750772,0.0446844100952148,0.1789,0.0808,0.0877,DJF
2,16,GradientBoostingRegressor,0.1824308427687633,0.2095825859978449,3.1298248388275005,4.831977605819702,0.1693,0.1073,0.0598,DJF
2,16,CatBoostRegressor,0.1746106881934643,0.202022141353091,3.144757804270947,3.7550103664398193,,,,DJF
2,16,LinearRegression,0.1645525654387287,0.1922980521953761,3.1638606573496157,0.0155239105224609,,,,DJF
2,16,TransformedTargetRegressor,0.1645525654387287,0.1922980521953761,3.1638606573496157,0.0246515274047851,,,,DJF
2,16,LassoLarsIC,0.1641492842347666,0.1919081640941285,3.1646241833017164,0.025639533996582,,,,DJF
2,16,RidgeCV,0.1640578314432823,0.1918197484802213,3.164797303808849,0.0265874862670898,,,,DJF
2,16,Ridge,0.1640578314432206,0.1918197484801616,3.1647973038089656,0.0264091491699218,,,,DJF
2,16,LassoLarsCV,0.1622462783702137,0.1900683576863321,3.1682246315498594,0.0671586990356445,,,,DJF
2,16,PoissonRegressor,0.1585171290889508,0.1864630546911628,3.1752682671086263,0.0250685214996337,,,,DJF
2,16,BayesianRidge,0.1584416570388178,0.1863900890928792,3.175410657786433,0.03096604347229,,,,DJF
2,16,LassoCV,0.1584119221147638,0.1863613416755282,3.1754667559533094,0.1733381748199463,,,,DJF
2,16,HistGradientBoostingRegressor,0.1566310162900801,0.1846395803247269,3.178824823141892,0.7957777976989746,,,,DJF
2,16,ElasticNetCV,0.1560844069995823,0.1841111241102974,3.179854795647449,0.1523184776306152,,,,DJF
2,16,SGDRegressor,0.1548253180623581,0.1828938499348259,3.1822260207990385,0.0382630825042724,,,,DJF
2,16,LGBMRegressor,0.134158365574779,0.1629132538029228,3.220898326984494,0.8136308193206787,,,,DJF
2,16,LarsCV,0.1216547250426739,0.1508248633253895,3.2440715021016806,0.0779790878295898,,,,DJF
2,16,ExtraTreesRegressor,0.1089890889476216,0.1385798572113536,3.2673773516556204,4.185248136520386,,,,DJF
2,16,XGBRegressor,0.1005257226086479,0.1303975620792093,3.2828584500801887,0.9154014587402344,,,,DJF
2,16,RandomForestRegressor,0.0923870826090897,0.122529209016906,3.2976770158082447,10.630764722824097,,,,DJF
2,16,MLPRegressor,0.0770928596969563,0.1077429123269467,3.325345587772937,2.6284220218658447,,,,DJF
2,16,OrthogonalMatchingPursuitCV,0.0739838769924774,0.104737179970587,3.330941898260488,0.0249063968658447,,,,DJF
2,16,ElasticNet,0.0643600447626684,0.0954329584052366,3.348205943016982,0.0180761814117431,,,,DJF
2,16,OrthogonalMatchingPursuit,0.0556345833014674,0.0869972724169168,3.363781830966701,0.0194342136383056,,,,DJF
2,16,RANSACRegressor,0.0522822423929599,0.0837562638633044,3.3697469761835244,0.1336088180541992,,,,DJF
2,16,BaggingRegressor,0.0398026498384885,0.0716911227220812,3.391860909254478,1.1029114723205566,,,,DJF
2,16,AdaBoostRegressor,0.0065462577288077,0.0395391864389211,3.4500994048255227,1.242783546447754,,,,DJF
2,16,DummyRegressor,-0.036952736209644,-0.0025151914646743,3.5248225981624204,0.016514778137207,,,,DJF
2,16,Lasso,-0.0589015856995835,-0.0237351123737672,3.561931658169598,0.0130782127380371,,,,DJF
2,16,LassoLars,-0.0589017937627573,-0.0237353135270939,3.561932008110886,0.0134940147399902,,,,DJF
2,16,QuantileRegressor,-0.0598016688967917,-0.0246053035090754,3.563445185900908,1.058258056640625,,,,DJF
2,16,PassiveAggressiveRegressor,-0.2964819751929095,-0.2534253782307833,3.941313898362344,0.0219671726226806,,,,DJF
2,16,DecisionTreeRegressor,-0.2970763397560279,-0.2540000037493701,3.942217230971068,0.193152904510498,,,,DJF
2,16,ExtraTreeRegressor,-0.4119456129317529,-0.3650544302144622,4.113076312829881,0.0573542118072509,,,,DJF
2,16,Lars,-2.3944102874612847,-2.281680794519766,6.3773455682743965,0.0203351974487304,,,,DJF
2,16,LinearSVR,0.618300581909347,0.6361741238594816,1.9615401545364155,0.1447803974151611,0.6157,0.066,0.5538,JJA
2,16,HuberRegressor,0.6114088826601043,0.6296051368539599,1.979169039253087,0.0733740329742431,0.6069,0.0686,0.5388,JJA
2,16,TweedieRegressor,0.5932831678664154,0.6123281808175198,2.024801841585104,0.0221946239471435,0.5896,0.0771,0.5162,JJA
2,16,LinearRegression,0.5690636970553061,0.5892428163399172,2.084217292061321,0.0165235996246337,0.5574,0.0839,0.4637,JJA
2,16,TransformedTargetRegressor,0.5690636970553061,0.5892428163399172,2.084217292061321,0.023932933807373,0.5574,0.0839,0.4637,JJA
2,16,Ridge,0.5689848296677747,0.5891676420142369,2.084408003834296,0.022306203842163,,,,JJA
2,16,LassoLarsIC,0.5688367568917982,0.5890265029270418,2.084766016262821,0.0230097770690917,,,,JJA
2,16,RidgeCV,0.5687709567864985,0.5889637839921255,2.084925088948501,0.0240333080291748,,,,JJA
2,16,BayesianRidge,0.5687601568771503,0.5889534898017375,2.0849511967227023,0.0186762809753417,,,,JJA
2,16,SGDRegressor,0.5681317960118624,0.5883545527022538,2.08646963810518,0.0310940742492675,,,,JJA
2,16,ElasticNetCV,0.5656998243674408,0.5860364611036168,2.0923361401783884,0.1137073040008544,,,,JJA
2,16,LassoLarsCV,0.5638803522330287,0.5843021879765393,2.096714411944673,0.0544040203094482,,,,JJA
2,16,LassoCV,0.5638114572477106,0.5842365190831456,2.0968800171918875,0.1187300682067871,,,,JJA
2,16,LGBMRegressor,0.5516087162938107,0.5726051863945167,2.126008687790903,1.4406390190124512,,,,JJA
2,16,PoissonRegressor,0.5509730483722779,0.5719992844006312,2.127515136446186,0.0207805633544921,,,,JJA
2,16,HistGradientBoostingRegressor,0.5449256309005914,0.5662350446461413,2.1417937251398427,1.3741092681884766,,,,JJA
2,16,GradientBoostingRegressor,0.5442626829973456,0.5656031400890411,2.143353229485404,4.263096332550049,,,,JJA
2,16,CatBoostRegressor,0.5436521890393111,0.5650212332570332,2.144788339395625,3.543363094329834,,,,JJA
2,16,RANSACRegressor,0.5252997901516534,0.5475282078864876,2.1874904510279127,0.1314003467559814,,,,JJA
2,16,ExtraTreesRegressor,0.5112059018599981,0.5340942831464707,2.219726315517392,3.6632063388824463,,,,JJA
2,16,KNeighborsRegressor,0.4969922324976052,0.520546186230808,2.251768812703202,0.0332398414611816,,,,JJA
2,16,OrthogonalMatchingPursuitCV,0.4823567307422456,0.506596009739747,2.2842926361607,0.0231461524963378,,,,JJA
2,16,RandomForestRegressor,0.4791077540748883,0.503499170377313,2.2914500792503563,9.627109289169312,,,,JJA
2,16,ElasticNet,0.4745804430228221,0.4991838562007337,2.3013865519672065,0.0130760669708251,,,,JJA
2,16,XGBRegressor,0.4609463039370184,0.486188152347876,2.3310547183580352,1.0138165950775146,,,,JJA
2,16,LarsCV,0.457998896782685,0.4833787611372939,2.337418835112853,0.0494978427886962,,,,JJA
2,16,OrthogonalMatchingPursuit,0.4576554895275556,0.4830514343467648,2.3381592021323265,0.0129833221435546,,,,JJA
2,16,PassiveAggressiveRegressor,0.4430531108261338,0.4691328298821421,2.3694270671141093,0.0171809196472167,,,,JJA
2,16,MLPRegressor,0.4296200601435936,0.4563287982221975,2.397831027388919,2.367775678634644,,,,JJA
2,16,BaggingRegressor,0.4224971315207685,0.4495394094412319,2.412756681162608,0.9806571006774902,,,,JJA
2,16,LassoLars,0.3464632188206246,0.3770658776687743,2.566678492394951,0.0130565166473388,,,,JJA
2,16,Lasso,0.346458877952191,0.3770617400668126,2.566687016471535,0.0177431106567382,,,,JJA
2,16,AdaBoostRegressor,0.3241330764499426,0.355781371517323,2.610159522476164,0.9267206192016602,,,,JJA
2,16,DecisionTreeRegressor,0.1192634989368992,0.1605050624622265,2.9796101964983475,0.1748790740966797,,,,JJA
2,16,ExtraTreeRegressor,0.0689615383442119,0.1125585526777295,3.0635167920439303,0.0540752410888671,,,,JJA
2,16,QuantileRegressor,-0.049128808265427,-2.069064652721053e-06,3.2520024216657264,0.7739243507385254,,,,JJA
2,16,DummyRegressor,-0.078504647148361,-0.0280023483745044,3.297216499518368,0.0132300853729248,,,,JJA
2,16,Lars,-4.181931817361781e+26,-3.986107746829752e+26,64926938925783.59,0.0172774791717529,,,,JJA
2,16,LinearSVR,0.4152459908364296,0.4357556793885424,2.2312504985123387,0.1925029754638672,0.4148,0.2633,0.1114,MAM
2,16,HuberRegressor,0.4112119282211088,0.4318631076677575,2.238933672559913,0.0779056549072265,0.4083,0.2483,0.1224,MAM
2,16,TweedieRegressor,0.4067972121979221,0.427603233593942,2.247311727416826,0.0227932929992675,0.3961,0.1976,0.1688,MAM
2,16,GradientBoostingRegressor,0.3805367825959045,0.402263863486929,2.2965160679595984,4.84286379814148,0.3765,0.2545,0.0838,MAM
2,16,PoissonRegressor,0.3723676212221799,0.394381227648526,2.3116091057857657,0.0237312316894531,0.3586,0.1934,0.1379,MAM
2,16,LGBMRegressor,0.3609477902033294,0.3833619362990818,2.3325442798174163,0.510840654373169,,,,MAM
2,16,ExtraTreesRegressor,0.3593258163965667,0.3817968516749412,2.3355025108513896,4.094483137130737,,,,MAM
2,16,CatBoostRegressor,0.3536618953752627,0.3763315872755848,2.34580337411102,3.902236700057984,,,,MAM
2,16,ElasticNetCV,0.3507050353347797,0.3734784362778311,2.351163028275297,0.1064231395721435,,,,MAM
2,16,BayesianRidge,0.3486765400461759,0.371521088524681,2.354832857991664,0.0197608470916748,,,,MAM
2,16,TransformedTargetRegressor,0.34815812445098,0.3710208558615069,2.3557698265882583,0.0214824676513671,,,,MAM
2,16,LinearRegression,0.34815812445098,0.3710208558615069,2.3557698265882583,0.0200316905975341,,,,MAM
2,16,Ridge,0.3480219777884378,0.3708894844131614,2.3560158321504154,0.0189056396484375,,,,MAM
2,16,LassoLarsIC,0.3477502707253205,0.3706273072158588,2.3565067071802828,0.0315163135528564,,,,MAM
2,16,RidgeCV,0.3477211387950988,0.3705991970602746,2.356559331826457,0.0221753120422363,,,,MAM
2,16,LassoCV,0.3474517750415969,0.3703392809832402,2.357045861579867,0.0951204299926757,,,,MAM
2,16,LassoLarsCV,0.3474286870396128,0.3703170027708813,2.3570875588798503,0.0505671501159668,,,,MAM
2,16,RandomForestRegressor,0.3455285600736628,0.3684835209440332,2.3605166937614483,10.655352115631104,,,,MAM
2,16,HistGradientBoostingRegressor,0.3437785355635492,0.3667948768726999,2.3636705397562525,0.8893027305603027,,,,MAM
2,16,LarsCV,0.3395126689913804,0.3626786314975285,2.371340792904232,0.0562183856964111,,,,MAM
2,16,SGDRegressor,0.3371175920832444,0.3603675596251416,2.375636412058398,0.0316216945648193,,,,MAM
2,16,ElasticNet,0.3096930198629323,0.3339048780906549,2.424280447914306,0.0135242938995361,,,,MAM
2,16,XGBRegressor,0.3083895970710405,0.3326471716086892,2.4265681056456625,0.8484382629394531,,,,MAM
2,16,BaggingRegressor,0.301884150048629,0.3263698969292306,2.4379538238760854,1.0866849422454834,,,,MAM
2,16,KNeighborsRegressor,0.2963004538696985,0.3209820435624995,2.447684072929404,0.0434958934783935,,,,MAM
2,16,OrthogonalMatchingPursuitCV,0.2833048283267446,0.3084422271773265,2.4701820742465204,0.0211055278778076,,,,MAM
2,16,OrthogonalMatchingPursuit,0.2804836963839903,0.3057200437438659,2.475038996372441,0.0124039649963378,,,,MAM
2,16,Lasso,0.2154784282137344,0.2429947732880774,2.584426415524706,0.0142827033996582,,,,MAM
2,16,LassoLars,0.215476453858647,0.2429928681816096,2.5844296675527025,0.0126872062683105,,,,MAM
2,16,MLPRegressor,0.192441477386416,0.2207658215154974,2.622096850482174,2.631212949752808,,,,MAM
2,16,AdaBoostRegressor,0.1359149816866536,0.1662219386812761,2.712313990385402,1.1729340553283691,,,,MAM
2,16,RANSACRegressor,0.075193841444908,0.1076305344573625,2.8059962289744864,0.1286549568176269,,,,MAM
2,16,PassiveAggressiveRegressor,0.0333216653634562,0.0672269849726882,2.868816163015825,0.0169429779052734,,,,MAM
2,16,QuantileRegressor,-0.0363621271549912,-1.2715056803669356e-05,2.970417489563596,0.9656317234039308,,,,MAM
2,16,ExtraTreeRegressor,-0.0817895645553745,-0.0438468284641881,3.034821277590476,0.0522117614746093,,,,MAM
2,16,DummyRegressor,-0.0831362606452221,-0.045146290474501,3.036709681270981,0.0116498470306396,,,,MAM
2,16,DecisionTreeRegressor,-0.1406000750360556,-0.1005946164416498,3.116222251620594,0.1914613246917724,,,,MAM
2,16,Lars,-3.439066947410006e+31,-3.318444957828205e+31,1.711126201888312e+16,0.0192534923553466,,,,MAM
2,16,TweedieRegressor,0.4227293652905191,0.4429923750892137,2.5391213801200587,0.0198171138763427,0.4297,0.0405,0.3974,SON
2,16,GammaRegressor,0.4062042432925897,0.4270473080756111,2.57520777175155,0.0279417037963867,0.4136,0.0402,0.3899,SON
2,16,LinearSVR,0.3857420529128124,0.4073033693082284,2.619202770394855,0.1486716270446777,0.3933,0.0403,0.3696,SON
2,16,HuberRegressor,0.3840007893450621,0.405623226536538,2.62291252688725,0.074073314666748,0.3918,0.0461,0.3589,SON
2,16,ElasticNetCV,0.3548183737765232,0.3774651547282053,2.6843227053285093,0.1160182952880859,0.3622,0.0402,0.3282,SON
2,16,LassoLarsCV,0.3514874130889394,0.3742511154376114,2.691243130560163,0.0530028343200683,,,,SON
2,16,LassoCV,0.3513639397700917,0.3741319762056189,2.6914993174966155,0.1149818897247314,,,,SON
2,16,LarsCV,0.3494467339462265,0.372282066998036,2.69547408167751,0.04974365234375,,,,SON
2,16,BayesianRidge,0.3493156292343097,0.3721555642455858,2.695745674772746,0.025698184967041,,,,SON
2,16,LassoLarsIC,0.3451407840257503,0.368127261965564,2.7043799119959537,0.0256664752960205,,,,SON
2,16,PoissonRegressor,0.3449556799720445,0.3679486553240398,2.7047620981992258,0.0239548683166503,,,,SON
2,16,Ridge,0.3438191848269878,0.3668520527542775,2.7071074485344084,0.0214223861694335,,,,SON
2,16,RidgeCV,0.3438191848269319,0.3668520527542237,2.7071074485345235,0.0212268829345703,,,,SON
2,16,LinearRegression,0.3434371839374636,0.3664834606323264,2.707895315969979,0.0154874324798583,,,,SON
2,16,TransformedTargetRegressor,0.3434371839374636,0.3664834606323264,2.707895315969979,0.0221514701843261,,,,SON
2,16,SGDRegressor,0.3412943928576619,0.3644158845280247,2.712310527433168,0.0375943183898925,,,,SON
2,16,OrthogonalMatchingPursuitCV,0.3128371632896535,0.3369575436734019,2.7702793284843352,0.0237650871276855,,,,SON
2,16,KNeighborsRegressor,0.3122106422594706,0.3363530144110491,2.77154194247412,0.045626163482666,,,,SON
2,16,GradientBoostingRegressor,0.2997613277485176,0.3243406883189673,2.796512567864081,4.606676816940308,,,,SON
2,16,OrthogonalMatchingPursuit,0.29309108202525,0.3179045775859861,2.8098003334777726,0.014841079711914,,,,SON
2,16,LGBMRegressor,0.2814569488801165,0.3066788188492231,2.832827477833404,1.0031509399414062,,,,SON
2,16,CatBoostRegressor,0.2761042987323557,0.3015140542370702,2.843359206143376,3.653111696243286,,,,SON
2,16,HistGradientBoostingRegressor,0.2586955410077559,0.2847163683514774,2.877345647912324,1.0842413902282717,,,,SON
2,16,ExtraTreesRegressor,0.2416604892835895,0.2682792708609985,2.91021832780816,3.706453800201416,,,,SON
2,16,ElasticNet,0.2408099001879791,0.2674585386369189,2.911849988956232,0.0193219184875488,,,,SON
2,16,BaggingRegressor,0.2339967361328829,0.2608845262062216,2.9248866450179243,0.9916760921478271,,,,SON
2,16,RandomForestRegressor,0.2212096374760234,0.2485462726660224,2.9491985636060503,9.492544651031494,,,,SON
2,16,XGBRegressor,0.2048911501906708,0.2328005871964584,2.979936591903071,0.8822462558746338,,,,SON
2,16,AdaBoostRegressor,0.1298374952134593,0.1603814208884938,3.117409914442712,1.097597360610962,,,,SON
2,16,PassiveAggressiveRegressor,0.1082187233604701,0.1395214982815144,3.155897609209548,0.0211756229400634,,,,SON
2,16,Lasso,0.0981098417023123,0.1297674525629955,3.173734211238761,0.0153450965881347,,,,SON
2,16,LassoLars,0.0981087887774283,0.1297664365972533,3.173736063849481,0.0128824710845947,,,,SON
2,16,MLPRegressor,0.0593965975330249,0.0924130976196191,3.2411341154413824,2.450581789016724,,,,SON
2,16,RANSACRegressor,-0.0443598836609171,-0.0077013854044887,3.4152210612613803,0.1294493675231933,,,,SON
2,16,DummyRegressor,-0.057276644993546,-0.020164750278484,3.436276079072979,0.0159132480621337,,,,SON
2,16,QuantileRegressor,-0.103507177669009,-0.064772526346774,3.510599693847801,0.8039712905883789,,,,SON
2,16,DecisionTreeRegressor,-0.2522606618104437,-0.2083045543365982,3.739737320979891,0.1759881973266601,,,,SON
2,16,ExtraTreeRegressor,-0.4159657037626301,-0.3662633194651901,3.976674978110189,0.0556931495666503,,,,SON
2,16,Lars,-5145324610115.595,-4964716491975.777,7580539.566808281,0.0178911685943603,,,,SON
3,9,TweedieRegressor,0.5095196699852321,0.5183342126572228,2.4846598877548267,0.0397863388061523,0.4294,0.1632,0.1852,
3,9,KNeighborsRegressor,0.4890127212073387,0.4981957993006574,2.536069758575123,0.4590878486633301,0.398,0.2012,0.0698,
3,9,LinearSVR,0.4746923170822905,0.4841327506810513,2.5713608509484707,1.5578091144561768,0.3939,0.1731,0.1098,
3,9,HuberRegressor,0.4731860183611223,0.4826535220247603,2.5750448489868663,0.7015786170959473,0.3918,0.1721,0.1089,
3,9,LinearRegression,0.4438428950457691,0.4538377311971032,2.645787108359662,0.0664610862731933,0.3561,0.1718,0.0741,
3,9,TransformedTargetRegressor,0.4438428950457691,0.4538377311971032,2.645787108359662,0.0637097358703613,,,,
3,9,Ridge,0.4437990760949682,0.4537946997274469,2.64589133550212,0.0517170429229736,,,,
3,9,LassoLarsCV,0.4434624405770612,0.4534641139692467,2.646691915140151,0.1968486309051513,,,,
3,9,RidgeCV,0.4434447698318599,0.4534467607893544,2.6467339326522032,0.0944676399230957,,,,
3,9,LassoLarsIC,0.4432533432910468,0.4532587744219984,2.647189064088713,0.0979187488555908,,,,
3,9,BayesianRidge,0.4431463544332109,0.4531537082872467,2.64744340430423,0.0845942497253418,,,,
3,9,ElasticNetCV,0.4408980383206632,0.4509457972166577,2.6527825932134554,0.3888473510742187,,,,
3,9,LassoCV,0.4398446293338226,0.449911319301865,2.655280482851388,0.4531383514404297,,,,
3,9,LGBMRegressor,0.4353132975131857,0.4454614211601133,2.665998689451853,0.6072688102722168,,,,
3,9,SGDRegressor,0.4348128194191049,0.444969937280982,2.667179856308128,0.1360158920288086,,,,
3,9,CatBoostRegressor,0.4320792723008921,0.4422855154105007,2.673622029528691,5.395298957824707,,,,
3,9,HistGradientBoostingRegressor,0.431343267540749,0.441562737572964,2.675353927404954,1.3627912998199463,,,,
3,9,OrthogonalMatchingPursuitCV,0.4194907730122231,0.4299232471393996,2.703091299690836,0.1255578994750976,,,,
3,9,XGBRegressor,0.4168800745066821,0.4273594661389502,2.7091627277106585,1.5414555072784424,,,,
3,9,GradientBoostingRegressor,0.4168723315652419,0.4273518623478155,2.709180714421282,41.79184889793396,,,,
3,9,OrthogonalMatchingPursuit,0.4127532353287843,0.4233067914031472,2.718732429327967,0.0419821739196777,,,,
3,9,RandomForestRegressor,0.393536228012793,0.4044351376531382,2.762858114864795,110.08241391181946,,,,
3,9,ElasticNet,0.3876279008087792,0.398632990450794,2.776283734963832,0.0457069873809814,,,,
3,9,LarsCV,0.3840360788818285,0.3951057180393037,2.7844138711627213,0.5091052055358887,,,,
3,9,ExtraTreesRegressor,0.3766537587772204,0.3878560674253934,2.8010497575928524,31.359330654144287,,,,
3,9,MLPRegressor,0.3714334802611464,0.3827296038187536,2.8127541463556547,18.700525760650635,,,,
3,9,PoissonRegressor,0.3593226009998547,0.3708363721480203,2.8397221764979927,0.0657300949096679,,,,
3,9,BaggingRegressor,0.3527960054833692,0.3644270676851457,2.854149684084855,11.00940489768982,,,,
3,9,Lasso,0.2018860439143568,0.2162291461603049,3.1694842916197143,0.0439162254333496,,,,
3,9,LassoLars,0.2018797839609472,0.216222998706058,3.1694967214143204,0.0351858139038085,,,,
3,9,RANSACRegressor,0.1678560246416054,0.1828106887355063,3.2363492910777394,0.2453701496124267,,,,
3,9,AdaBoostRegressor,0.108638407869441,0.1246572863222665,3.349524120504714,9.32102346420288,,,,
3,9,PassiveAggressiveRegressor,0.1070934554383528,0.1231400986113856,3.3524256450320835,0.1060235500335693,,,,
3,9,DecisionTreeRegressor,0.0711216117089109,0.087814713734909,3.4192871991249585,1.867628574371338,,,,
3,9,ExtraTreeRegressor,-0.0177650173511874,0.0005254881523283,3.579150090351266,0.3470640182495117,,,,
3,9,QuantileRegressor,-0.019026367197122,-0.0007131936652247,3.5813672831429155,33.78491258621216,,,,
3,9,DummyRegressor,-0.0329246981592192,-0.0143617543025238,3.6057074075366455,0.0278518199920654,,,,
3,9,Lars,-3.275359016618454,-3.198525487965167,7.335714929720275,0.0454103946685791,,,,
3,9,TweedieRegressor,0.2750267477600846,0.3256062769861252,2.5759134526497034,0.0283246040344238,0.2265,0.0801,0.1682,DJF
3,9,LinearSVR,0.2001587785316463,0.2559616544480431,2.705653430684371,0.3129405975341797,0.1482,0.0869,0.0958,DJF
3,9,HuberRegressor,0.1957934255290266,0.2519008609572341,2.713026806934083,0.1131520271301269,0.1418,0.0897,0.0829,DJF
3,9,CatBoostRegressor,0.1899775031245568,0.2464907005809831,2.722819271384299,3.7909610271453857,0.1302,0.1045,0.0339,DJF
3,9,HistGradientBoostingRegressor,0.1577197515751618,0.2164834898373597,2.7765057911884665,0.8959920406341553,0.098,0.1007,0.0263,DJF
3,9,LGBMRegressor,0.1566319905627654,0.2154716191281538,2.7782980689283203,0.6670525074005127,,,,DJF
3,9,KNeighborsRegressor,0.1557214733493844,0.2146246263715203,2.7797974178365097,0.0393986701965332,,,,DJF
3,9,PoissonRegressor,0.1404471974187847,0.2004159975988695,2.8048300762135625,0.0266869068145751,,,,DJF
3,9,LinearRegression,0.1393581904144267,0.1994029678273736,2.806606297951799,0.0195937156677246,,,,DJF
3,9,TransformedTargetRegressor,0.1393581904144267,0.1994029678273736,2.806606297951799,0.02691650390625,,,,DJF
3,9,LassoLarsIC,0.1391912010163472,0.1992476288524159,2.806878566135423,0.0312867164611816,,,,DJF
3,9,Ridge,0.139004036861707,0.199073522662053,2.8071836969039574,0.0195226669311523,,,,DJF
3,9,LassoLarsCV,0.1370831933655609,0.1972866915028474,2.8103133030288268,0.0741281509399414,,,,DJF
3,9,RidgeCV,0.1365108232497702,0.1967542541858328,2.811245184695691,0.0282793045043945,,,,DJF
3,9,BayesianRidge,0.1349235569809589,0.1952777274241478,2.8138278145974374,0.0323379039764404,,,,DJF
3,9,ElasticNet,0.1329859383268653,0.1934752914668515,2.816977291023167,0.0206477642059326,,,,DJF
3,9,GradientBoostingRegressor,0.1316269977737192,0.1922111607197387,2.819184063668437,9.30904459953308,,,,DJF
3,9,LassoCV,0.1274122063276611,0.1882904244908475,2.826017469122264,0.1682367324829101,,,,DJF
3,9,SGDRegressor,0.127330867318116,0.1882147602959218,2.8261491808577683,0.0452089309692382,,,,DJF
3,9,ElasticNetCV,0.1272930828713435,0.1881796119733427,2.826210362881656,0.1627435684204101,,,,DJF
3,9,XGBRegressor,0.1198997928833409,0.1813021329147357,2.838156484159968,1.1093549728393557,,,,DJF
3,9,LarsCV,0.106321521457227,0.1686711827509088,2.859966361779086,0.096642255783081,,,,DJF
3,9,ExtraTreesRegressor,0.0900010385750741,0.1534893382093712,2.8859627665275385,7.481975555419922,,,,DJF
3,9,OrthogonalMatchingPursuitCV,0.088558910225205,0.1521478234653069,2.888248637880802,0.0267243385314941,,,,DJF
3,9,RandomForestRegressor,0.0849725611285444,0.148811684770739,2.893925416417893,21.974186897277832,,,,DJF
3,9,OrthogonalMatchingPursuit,0.057640983679831,0.1233869615626335,2.936827718268604,0.014216661453247,,,,DJF
3,9,BaggingRegressor,0.0412016400547701,0.1080945488881581,2.962333273123169,2.235111951828003,,,,DJF
3,9,MLPRegressor,0.033023101545756,0.1004866060890753,2.9749407783884023,4.4315385818481445,,,,DJF
3,9,Lasso,-0.0076636523543127,0.0626384629262206,3.0368830809348424,0.0156524181365966,,,,DJF
3,9,LassoLars,-0.0076636523543127,0.0626384629262206,3.0368830809348424,0.0151038169860839,,,,DJF
3,9,DummyRegressor,-0.0754782254421171,-0.000444860876388,3.1374086265012004,0.017540693283081,,,,DJF
3,9,QuantileRegressor,-0.1020281216125638,-0.0251424387093617,3.175898497960828,2.6366779804229736,,,,DJF
3,9,AdaBoostRegressor,-0.1338410283408286,-0.0547358403170499,3.2214126471754865,2.281456708908081,,,,DJF
3,9,PassiveAggressiveRegressor,-0.3864830855445351,-0.2897517074832885,3.5622759861719646,0.0281202793121337,,,,DJF
3,9,ExtraTreeRegressor,-0.4954132791700985,-0.3910821201582313,3.699566956501082,0.0942280292510986,,,,DJF
3,9,RANSACRegressor,-0.5235585817306161,-0.4172637969587127,3.734219601157273,0.1438565254211425,,,,DJF
3,9,DecisionTreeRegressor,-0.585143116067214,-0.4745517358764781,3.808943362089244,0.388411283493042,,,,DJF
3,9,Lars,-1428.9638459944413,-1329.1989265064572,114.40178585510782,0.0253658294677734,,,,DJF
3,9,KNeighborsRegressor,0.6030353240117425,0.632659553563105,2.2672768624190844,0.0378568172454834,0.6239,0.0708,0.5473,JJA
3,9,TweedieRegressor,0.6029736620742437,0.632602493262733,2.267452947678014,0.0285394191741943,0.6264,0.0964,0.5583,JJA
3,9,LinearSVR,0.5534020599535763,0.5867302644346526,2.404844405108705,0.2553131580352783,0.5826,0.1141,0.5027,JJA
3,9,HuberRegressor,0.5496008478291068,0.5832127248567853,2.415057119580761,0.1111180782318115,0.58,0.1143,0.4926,JJA
3,9,GradientBoostingRegressor,0.5395159011210469,0.5738803861120135,2.441945369186453,9.008131742477415,0.5671,0.0474,0.5188,JJA
3,9,ElasticNetCV,0.5341090933069098,0.5688770714183344,2.456239672542897,0.11061692237854,,,,JJA
3,9,CatBoostRegressor,0.5285080227430881,0.5636939911950964,2.470960360254302,3.153225898742676,,,,JJA
3,9,LassoCV,0.527422575182275,0.5626895471835978,2.4738029918878373,0.133063793182373,,,,JJA
3,9,LassoLarsCV,0.5272864764173425,0.5625636050429139,2.474159184627113,0.0677635669708252,,,,JJA
3,9,SGDRegressor,0.5252918709954135,0.5607178507718752,2.4793735229935,0.0430140495300293,,,,JJA
3,9,HistGradientBoostingRegressor,0.5199117000484677,0.5557391851194775,2.493384100357753,1.0583887100219729,,,,JJA
3,9,BayesianRidge,0.5182766193014248,0.5542261253237064,2.4976264647121984,0.0251150131225585,,,,JJA
3,9,LassoLarsIC,0.5181969589241955,0.5541524097507481,2.497832966669189,0.0307233333587646,,,,JJA
3,9,LGBMRegressor,0.5181417778921155,0.5541013467061366,2.49797600131512,0.3780982494354248,,,,JJA
3,9,RidgeCV,0.5172491280551498,0.553275312528646,2.500288700393852,0.0264761447906494,,,,JJA
3,9,TransformedTargetRegressor,0.5168811860653475,0.5529348288962916,2.5012413511566267,0.0249738693237304,,,,JJA
3,9,LinearRegression,0.5168811860653475,0.5529348288962916,2.5012413511566267,0.020118236541748,,,,JJA
3,9,Ridge,0.516872159595333,0.5529264760434424,2.5012647173286195,0.0208191871643066,,,,JJA
3,9,ElasticNet,0.5143370340410556,0.5505805389633649,2.507818597056481,0.0164122581481933,,,,JJA
3,9,ExtraTreesRegressor,0.5130436647776635,0.5493836897942557,2.511155663215776,7.131028175354004,,,,JJA
3,9,RandomForestRegressor,0.5079887020158991,0.5447059630594887,2.524155828330606,20.80948281288147,,,,JJA
3,9,BaggingRegressor,0.4833196074238843,0.5218778456758333,2.586661595941868,2.1243278980255127,,,,JJA
3,9,XGBRegressor,0.4797645732594847,0.5185881125684784,2.595545140676352,0.95127534866333,,,,JJA
3,9,OrthogonalMatchingPursuitCV,0.4376172623314455,0.4795861233514868,2.698637900981016,0.0278003215789794,,,,JJA
3,9,MLPRegressor,0.3815877111372077,0.4277378819478638,2.8298777876917454,4.372243881225586,,,,JJA
3,9,OrthogonalMatchingPursuit,0.3773535599471513,0.4238197121899012,2.8395490787470927,0.0149910449981689,,,,JJA
3,9,PassiveAggressiveRegressor,0.3383937569352133,0.3877673571639287,2.9270384138731997,0.0255522727966308,,,,JJA
3,9,LassoLars,0.3197890202095941,0.3705510336267885,2.967908063251377,0.0156364440917968,,,,JJA
3,9,Lasso,0.3197831068166646,0.3705455615318389,2.967920963931412,0.024930715560913,,,,JJA
3,9,AdaBoostRegressor,0.3068036183693569,0.358534691625375,2.996103198892689,2.2101662158966064,,,,JJA
3,9,DecisionTreeRegressor,0.219315756098583,0.2775757743001812,3.1795549274110426,0.3696920871734619,,,,JJA
3,9,LarsCV,0.1288208246883732,0.1938341959802856,3.3587862565631785,0.072620153427124,,,,JJA
3,9,ExtraTreeRegressor,0.0927133698540733,0.1604213273276499,3.427684813224219,0.0849404335021972,,,,JJA
3,9,RANSACRegressor,0.0561258753299306,0.1265642428426223,3.4961146398720047,0.1447885036468505,,,,JJA
3,9,QuantileRegressor,-0.0859897792621937,-0.004945765884418,3.750088299181185,2.3726706504821777,,,,JJA
3,9,PoissonRegressor,-0.1285913381875099,-0.0443681039944121,3.8229355915286423,0.0240247249603271,,,,JJA
3,9,DummyRegressor,-0.1591367101754086,-0.0726339706100798,3.874324160665848,0.0127315521240234,,,,JJA
3,9,Lars,-276424687159822.72,-255795979162820.97,59829729.33232241,0.0220367908477783,,,,JJA
3,9,TweedieRegressor,0.4197407955502593,0.4639978535167649,1.9834750995719856,0.0269489288330078,0.4258,0.1629,0.2383,MAM
3,9,LinearSVR,0.4045504300609238,0.4499660752257686,2.009269660644,0.3325691223144531,0.4143,0.1623,0.2281,MAM
3,9,HuberRegressor,0.4043403608684286,0.4497720282598196,2.009624055420647,0.1209912300109863,0.4144,0.157,0.2344,MAM
3,9,PoissonRegressor,0.3975976425483152,0.4435435850658166,2.020966269141468,0.0244801044464111,0.4074,0.1262,0.2617,MAM
3,9,LGBMRegressor,0.3913178746324568,0.4377427824994728,2.031472781341711,0.3788394927978515,0.3937,0.1425,0.2632,MAM
3,9,HistGradientBoostingRegressor,0.3862654757698281,0.4330757360924684,2.039886532505254,0.8755760192871094,,,,MAM
3,9,KNeighborsRegressor,0.3824494517680572,0.4295507647687986,2.046218417929716,0.0385706424713134,,,,MAM
3,9,CatBoostRegressor,0.3742511014243547,0.4219777123326665,2.059756018604168,3.425800323486328,,,,MAM
3,9,ElasticNetCV,0.370398331023321,0.4184187973012032,2.0660873036149505,0.1855232715606689,,,,MAM
3,9,LassoCV,0.3692019178617793,0.4173136359909656,2.068049433770092,0.1987438201904297,,,,MAM
3,9,BayesianRidge,0.3687396057559207,0.4168865849779267,2.0688071319950567,0.0302968025207519,,,,MAM
3,9,LassoLarsIC,0.3677866386928052,0.4160063018433539,2.070368105546545,0.0305218696594238,,,,MAM
3,9,LassoLarsCV,0.3673115115288159,0.4155674131918723,2.0711459310705544,0.0701189041137695,,,,MAM
3,9,Ridge,0.366998789107789,0.4152785424809238,2.071657726185092,0.0159409046173095,,,,MAM
3,9,RidgeCV,0.3669987891075225,0.4152785424806775,2.071657726185528,0.0283756256103515,,,,MAM
3,9,LinearRegression,0.3668104640720495,0.4151045812190965,2.0719658740960165,0.0195488929748535,,,,MAM
3,9,TransformedTargetRegressor,0.3668104640720495,0.4151045812190965,2.0719658740960165,0.0240223407745361,,,,MAM
3,9,ExtraTreesRegressor,0.3638473482796717,0.4123674657837645,2.0768082700443324,7.361107110977173,,,,MAM
3,9,GradientBoostingRegressor,0.3625458179502862,0.4111652047167897,2.0789316973365386,9.27649188041687,,,,MAM
3,9,SGDRegressor,0.3580136721762541,0.4069787310780652,2.086308959864476,0.0395693778991699,,,,MAM
3,9,RandomForestRegressor,0.356204597392282,0.4053076365742266,2.0892464318816693,21.62887454032898,,,,MAM
3,9,OrthogonalMatchingPursuitCV,0.3411684649929217,0.3914183278324447,2.113503264031705,0.026170015335083,,,,MAM
3,9,BaggingRegressor,0.3208819139606409,0.3726790561161852,2.145795755589029,2.205864191055298,,,,MAM
3,9,ElasticNet,0.3187292753398492,0.3706906017969793,2.149193889380056,0.0210483074188232,,,,MAM
3,9,XGBRegressor,0.2907145493135957,0.3448125921625588,2.1929375258299406,0.935640811920166,,,,MAM
3,9,LarsCV,0.2763966106574504,0.3315866996751025,2.214960724860232,0.0691797733306884,,,,MAM
3,9,MLPRegressor,0.2675875702913119,0.3234495352690932,2.2284022415698908,4.519497632980347,,,,MAM
3,9,OrthogonalMatchingPursuit,0.237875488419812,0.2960036291335551,2.273153159798143,0.0141546726226806,,,,MAM
3,9,Lasso,0.1688949579839195,0.2322843255953154,2.3737976312185625,0.0208914279937744,,,,MAM
3,9,LassoLars,0.168884770338608,0.2322749149737989,2.373812180122116,0.0157215595245361,,,,MAM
3,9,ExtraTreeRegressor,0.0336652069607499,0.1073687081247605,2.559643852129861,0.0933701992034912,,,,MAM
3,9,AdaBoostRegressor,-0.0293427184058712,0.0491664719810173,2.641774427937362,2.2979891300201416,,,,MAM
3,9,DecisionTreeRegressor,-0.0368564442923249,0.0422258268825133,2.6513987624706954,0.3747665882110595,,,,MAM
3,9,QuantileRegressor,-0.1185735137463093,-0.0332585847317603,2.7538989434732253,2.449901342391968,,,,MAM
3,9,PassiveAggressiveRegressor,-0.2122013905613431,-0.1197453522981899,2.8668378028330967,0.0343203544616699,,,,MAM
3,9,DummyRegressor,-0.2722022445795549,-0.1751698699929786,2.936931466534011,0.0187139511108398,,,,MAM
3,9,RANSACRegressor,-0.3412522910021094,-0.2389533874511011,3.0155808172738974,0.1442341804504394,,,,MAM
3,9,Lars,-62309216271946.89,-57556818420696.63,20553788.248202957,0.0189337730407714,,,,MAM
3,9,TweedieRegressor,0.4121144828482274,0.4520162147816056,2.9396875949681025,0.0168242454528808,0.4381,0.1202,0.3005,SON
3,9,LinearSVR,0.3828352178557436,0.4247242302184759,3.012002769621899,0.2693889141082763,0.4125,0.1351,0.2572,SON
3,9,HuberRegressor,0.3784095654481691,0.4205989614584744,3.022782925663332,0.1113395690917968,0.4079,0.1321,0.2559,SON
3,9,KNeighborsRegressor,0.3716152300892636,0.414265780083205,3.039258390835676,0.0395338535308837,0.4005,0.1391,0.2413,SON
3,9,OrthogonalMatchingPursuit,0.3404863804296689,0.3852497482738091,3.1136277081135404,0.0143525600433349,0.3611,0.0996,0.2507,SON
3,9,SGDRegressor,0.3386399154135801,0.3835286089375452,3.1179833317299748,0.0307660102844238,,,,SON
3,9,OrthogonalMatchingPursuitCV,0.3370443448481939,0.3820413350168685,3.121742226135024,0.0258386135101318,,,,SON
3,9,LinearRegression,0.3339989591635787,0.3792026497180869,3.1289041050375874,0.0189008712768554,,,,SON
3,9,TransformedTargetRegressor,0.3339989591635787,0.3792026497180869,3.1289041050375874,0.0197625160217285,,,,SON
3,9,RidgeCV,0.3338760177558971,0.3790880527498408,3.1291928839590635,0.0202271938323974,,,,SON
3,9,Ridge,0.3338760177555018,0.3790880527494722,3.129192883959992,0.0152502059936523,,,,SON
3,9,LassoLarsCV,0.3334376205187659,0.3786794109812931,3.130222424941296,0.0586194992065429,,,,SON
3,9,LassoLarsIC,0.3333081229992179,0.3785587028861489,3.130526474769374,0.0285074710845947,,,,SON
3,9,BayesianRidge,0.3325863237990799,0.3778858945819477,3.1322206608827363,0.0253713130950927,,,,SON
3,9,PoissonRegressor,0.3303318156068132,0.3757844073077082,3.137506485811975,0.0240001678466796,,,,SON
3,9,LassoCV,0.3298369138520978,0.3753230961698287,3.1386656200859493,0.1816051006317138,,,,SON
3,9,ElasticNetCV,0.3289670472097307,0.3745122702497941,3.1407019416947946,0.1539652347564697,,,,SON
3,9,ElasticNet,0.2343678787665639,0.2863338598457564,3.354786385234134,0.023998737335205,,,,SON
3,9,LarsCV,0.2283203345100303,0.2806967823939649,3.368009650741595,0.0601143836975097,,,,SON
3,9,GradientBoostingRegressor,0.2278208005098706,0.2802311534164404,3.3690995869046136,8.974393367767334,,,,SON
3,9,CatBoostRegressor,0.2273981801020653,0.2798372176516989,3.3700214295767403,3.25765061378479,,,,SON
3,9,LGBMRegressor,0.2128885036938794,0.2663123609092269,3.4015192016866806,0.3653261661529541,,,,SON
3,9,HistGradientBoostingRegressor,0.2073385998340937,0.2611391473566665,3.413490151276457,0.8524496555328369,,,,SON
3,9,XGBRegressor,0.1822699052361858,0.2377719478672139,3.467047484367505,0.9641051292419434,,,,SON
3,9,RandomForestRegressor,0.1683901073194218,0.224834217682357,3.49634775925028,21.054643869400024,,,,SON
3,9,ExtraTreesRegressor,0.1616789393902623,0.2185785588886608,3.5104273336388885,6.953106880187988,,,,SON
3,9,AdaBoostRegressor,0.1451193256546005,0.2031429008364149,3.5449290613924336,2.299856662750244,,,,SON
3,9,BaggingRegressor,0.1113264567886755,0.1716436656039238,3.61431437114897,2.1295876502990723,,,,SON
3,9,RANSACRegressor,0.1093307163070779,0.1697833826210771,3.618370522204801,0.1457870006561279,,,,SON
3,9,MLPRegressor,0.0411168348672059,0.1061994026364001,3.754374971997197,4.335371255874634,,,,SON
3,9,LassoLars,0.0045523211314797,0.0721166432266281,3.8252869444448256,0.0145630836486816,,,,SON
3,9,Lasso,0.0045497397386039,0.0721142370414136,3.825291904304733,0.0148541927337646,,,,SON
3,9,DummyRegressor,-0.0743207927631068,-0.0014030918968326,3.973944429348773,0.0130321979522705,,,,SON
3,9,QuantileRegressor,-0.101878082955062,-0.0270899777771167,4.024589330243327,2.3184118270874023,,,,SON
3,9,ExtraTreeRegressor,-0.1755506108231792,-0.0957621078261308,4.156956355866431,0.0853166580200195,,,,SON
3,9,DecisionTreeRegressor,-0.3451739504806499,-0.2538725511267596,4.446763409411064,0.3644783496856689,,,,SON
3,9,PassiveAggressiveRegressor,-0.3672622664006748,-0.2744616600838869,4.483123607392967,0.0251338481903076,,,,SON
3,9,Lars,-278327960374356.0,-259436922339897.38,63963646.967613816,0.0191738605499267,,,,SON
4,30,TweedieRegressor,0.5394792997530393,0.5415568367466346,2.7563867014250043,0.0522458553314209,0.4838,0.1323,0.228,
4,30,KNeighborsRegressor,0.5279399028015225,0.5300694972249742,2.7907068185161603,1.7887115478515625,0.4643,0.1625,0.1763,
4,30,CatBoostRegressor,0.5222537298928625,0.5244089762241728,2.80746415688361,5.752411127090454,0.4585,0.1792,0.1528,
4,30,LinearSVR,0.5040253245798775,0.5062628043186148,2.8605221742964364,1.5418989658355713,0.4423,0.1421,0.1819,
4,30,HuberRegressor,0.5036781466690268,0.5059171926239032,2.86152316933745,0.4547119140625,0.441,0.1436,0.1764,
4,30,HistGradientBoostingRegressor,0.5024838300336584,0.5047282638831305,2.864963992282548,1.7466709613800049,,,,
4,30,LGBMRegressor,0.501780944783156,0.5040285495435327,2.86698707244482,1.066347360610962,,,,
4,30,PoissonRegressor,0.4931126068132991,0.4953993168577504,2.891820371231072,0.072216510772705,,,,
4,30,XGBRegressor,0.4870680385012809,0.4893820172749592,2.9090115692234133,2.29296875,,,,
4,30,GradientBoostingRegressor,0.4861511415124161,0.4884692566634878,2.911610425639731,47.14873433113098,,,,
4,30,SGDRegressor,0.4776759165769596,0.4800322658254845,2.935523714595929,0.1543431282043457,,,,
4,30,TransformedTargetRegressor,0.4711071545275491,0.4734931372890789,2.953924656179003,0.07474946975708,,,,
4,30,LinearRegression,0.4711071545275491,0.4734931372890789,2.953924656179003,0.0720758438110351,,,,
4,30,Ridge,0.4710870990870025,0.4734731723242039,2.953980661567644,0.0416088104248046,,,,
4,30,RidgeCV,0.4709349662094685,0.4733217257604032,2.954405462387104,0.0671818256378173,,,,
4,30,LassoLarsCV,0.4708938696492862,0.4732808145982368,2.9545202058840254,0.2700295448303222,,,,
4,30,BayesianRidge,0.4708194464595473,0.473206727152211,2.9547279875308847,0.0842058658599853,,,,
4,30,LassoLarsIC,0.4707899425893486,0.4731773563821785,2.954810355160769,0.1040403842926025,,,,
4,30,ElasticNetCV,0.4693147104281883,0.4717087794037001,2.9589259210028844,0.4024899005889892,,,,
4,30,LassoCV,0.4681704393899172,0.4705696704904137,2.9621142419653057,0.5014774799346924,,,,
4,30,ExtraTreesRegressor,0.4524821376362571,0.4549521430303792,3.005486031774105,34.92550444602966,,,,
4,30,MLPRegressor,0.4452033948980796,0.4477062367256069,3.0253976498309982,20.104238986968998,,,,
4,30,RandomForestRegressor,0.4346390300991956,0.4371895307152894,3.0540664308974037,133.74847745895386,,,,
4,30,OrthogonalMatchingPursuitCV,0.42934282929347,0.4319172225447776,3.0683380602990606,0.1016767024993896,,,,
4,30,OrthogonalMatchingPursuit,0.4213321976336566,0.4239427290729032,3.089798990803377,0.0335443019866943,,,,
4,30,BaggingRegressor,0.4159053090667621,0.4185403227100699,3.1042536264593017,12.406818628311155,,,,
4,30,ElasticNet,0.3960684529855911,0.3987929562052049,3.156526398687101,0.0380125045776367,,,,
4,30,LarsCV,0.3866689515680066,0.389435858553414,3.1809954136279304,0.1864125728607177,,,,
4,30,AdaBoostRegressor,0.2381669162113561,0.2416037571908537,3.5452387052228853,10.32643175125122,,,,
4,30,PassiveAggressiveRegressor,0.1804144102116699,0.1841117888122186,3.677161671958023,0.0692584514617919,,,,
4,30,RANSACRegressor,0.1697099172722677,0.1734555868184077,3.701097218344735,0.2934029102325439,,,,
4,30,Lasso,0.1681557787788339,0.1719084594760721,3.7045594592117927,0.040074348449707,,,,
4,30,LassoLars,0.1681506782198784,0.171903381927157,3.704570816683829,0.0375843048095703,,,,
4,30,DecisionTreeRegressor,0.1525273907808,0.1563505754840444,3.739197485397572,2.127086877822876,,,,
4,30,ExtraTreeRegressor,0.0614989719801367,0.0657328112042864,3.934893152538267,0.3720922470092773,,,,
4,30,DummyRegressor,-0.0214238462984328,-0.0168159191722745,4.105051066916548,0.0288295745849609,,,,
4,30,QuantileRegressor,-0.0716837910623933,-0.0668491273433149,4.204834422191117,37.96945190429688,,,,
4,30,Lars,-2.1737271935957385,-2.159409627308841,7.236030092274801,0.0436577796936035,,,,
4,30,TweedieRegressor,0.3321750134872111,0.3442586984060191,2.79601132357929,0.0250122547149658,0.3089,0.0802,0.2164,DJF
4,30,CatBoostRegressor,0.2879588189181736,0.3008425556084358,2.887088852506997,3.6674821376800537,0.239,0.1258,0.1158,DJF
4,30,LinearSVR,0.2842986976284235,0.2972486608800202,2.89449962513879,0.3621265888214111,0.2517,0.1061,0.1302,DJF
4,30,HuberRegressor,0.279239810562194,0.2922813097679444,2.904711400667776,0.1388454437255859,0.2439,0.1104,0.1188,DJF
4,30,KNeighborsRegressor,0.2699812626894887,0.2831902868869045,2.923308151157485,0.129551887512207,0.2371,0.0749,0.1555,DJF
4,30,PoissonRegressor,0.2641320214942185,0.2774468823839492,2.934996220670643,0.0339574813842773,,,,DJF
4,30,LGBMRegressor,0.2567261809490676,0.2701750437786985,2.9497282783060563,0.4088273048400879,,,,DJF
4,30,HistGradientBoostingRegressor,0.2543300584225795,0.2678222769070926,2.9544790330603425,1.30472731590271,,,,DJF
4,30,LinearRegression,0.2442401619647849,0.2579149479364716,2.974400863737864,0.0224099159240722,,,,DJF
4,30,TransformedTargetRegressor,0.2442401619647849,0.2579149479364716,2.974400863737864,0.0275893211364746,,,,DJF
4,30,LassoLarsIC,0.2441516463346932,0.257828033916092,2.9745750415949312,0.0346686840057373,,,,DJF
4,30,Ridge,0.2440738661046266,0.2577516610484512,2.97472808630171,0.0260829925537109,,,,DJF
4,30,LassoLarsCV,0.2431945241042443,0.2568882299407176,2.9764577811443145,0.0766844749450683,,,,DJF
4,30,RidgeCV,0.2428846706781717,0.2565839830301952,2.977067033647494,0.0349462032318115,,,,DJF
4,30,BayesianRidge,0.2421189559027076,0.2558321231662291,2.978572093741506,0.0282204151153564,,,,DJF
4,30,GradientBoostingRegressor,0.2401391749552739,0.2538881645519819,2.9824599560121743,10.614561557769775,,,,DJF
4,30,LassoCV,0.2387527700263672,0.252526845357615,2.9851795414170885,0.1966211795806884,,,,DJF
4,30,ElasticNetCV,0.2383559159621397,0.2521371720062506,2.9859575582212026,0.16951584815979,,,,DJF
4,30,SGDRegressor,0.2260922403367929,0.2400953964223757,3.0099008838402908,0.0524818897247314,,,,DJF
4,30,XGBRegressor,0.2170290244360251,0.2311961711591368,3.0274740238069957,1.211505889892578,,,,DJF
4,30,ExtraTreesRegressor,0.2079343592581439,0.2222660656648121,3.0450061986800616,8.466995477676392,,,,DJF
4,30,LarsCV,0.1969488240126125,0.2114793036746279,3.066049803906567,0.1079146862030029,,,,DJF
4,30,MLPRegressor,0.1956678757368406,0.2102215329913007,3.068494160134409,5.251078128814697,,,,DJF
4,30,OrthogonalMatchingPursuitCV,0.1943431830881522,0.2089208094496453,3.0710199447437763,0.031052827835083,,,,DJF
4,30,RandomForestRegressor,0.1941643603957357,0.2087452223909878,3.0713607459221786,25.112653255462646,,,,DJF
4,30,ElasticNet,0.1858676924910227,0.2005986751359378,3.087131211539321,0.0168564319610595,,,,DJF
4,30,OrthogonalMatchingPursuit,0.1717630120940958,0.1867492060851556,3.113758346604294,0.0176193714141845,,,,DJF
4,30,BaggingRegressor,0.167462212209161,0.1825262252572461,3.1218323109180544,2.5238616466522217,,,,DJF
4,30,AdaBoostRegressor,0.0550654484996376,0.0721631786232871,3.325894420266738,2.607139110565185,,,,DJF
4,30,LassoLars,0.0505328717896704,0.0677126147609068,3.333861552670866,0.018085241317749,,,,DJF
4,30,Lasso,0.0505328717896704,0.0677126147609068,3.333861552670866,0.0178849697113037,,,,DJF
4,30,DummyRegressor,-0.0243689409033354,-0.0058339178471833,3.462866866341773,0.014686107635498,,,,DJF
4,30,QuantileRegressor,-0.0596822766943305,-0.0405082909881604,3.522049288370424,2.989682197570801,,,,DJF
4,30,RANSACRegressor,-0.0964068223308747,-0.0765683394177707,3.582559883868653,0.1653401851654052,,,,DJF
4,30,DecisionTreeRegressor,-0.2248525462456025,-0.2026899549383842,3.7866005930711713,0.4367690086364746,,,,DJF
4,30,ExtraTreeRegressor,-0.2989817081478871,-0.2754778171681304,3.899501678939432,0.0982005596160888,,,,DJF
4,30,PassiveAggressiveRegressor,-0.3513831697696064,-0.3269311220656932,3.9773778135865383,0.0255088806152343,,,,DJF
4,30,Lars,-0.852055782450454,-0.8185445198005663,4.656232153028969,0.0320885181427001,,,,DJF
4,30,LinearSVR,0.6487279338930845,0.6550407306082646,2.566244284991942,0.2749977111816406,0.6548,0.0435,0.6068,JJA
4,30,CatBoostRegressor,0.6482170284620219,0.6545390067843897,2.5681098357747065,3.2446441650390625,0.6547,0.0288,0.6328,JJA
4,30,LGBMRegressor,0.6473781672585657,0.6537152209619861,2.571169968203945,0.4342756271362304,0.6544,0.0315,0.6342,JJA
4,30,HuberRegressor,0.645271482778542,0.6516463962270107,2.578839059022451,0.1357872486114502,0.6514,0.0466,0.5995,JJA
4,30,HistGradientBoostingRegressor,0.6411900179190604,0.6476382803765852,2.593632538118265,1.4596796035766602,0.649,0.0365,0.6147,JJA
4,30,GradientBoostingRegressor,0.6372061296823812,0.6437259875754695,2.6079914182242336,10.121640920639038,,,,JJA
4,30,TweedieRegressor,0.6256677455181899,0.6323949625516091,2.649139404398634,0.0200583934783935,,,,JJA
4,30,ExtraTreesRegressor,0.6223152634588964,0.6291027287721351,2.6609756755199,8.132055282592773,,,,JJA
4,30,KNeighborsRegressor,0.6219828012150259,0.6287762412890371,2.662146598325878,0.1345703601837158,,,,JJA
4,30,PoissonRegressor,0.6196542447955441,0.6264895319298095,2.6703333178525885,0.0428457260131835,,,,JJA
4,30,BayesianRidge,0.6108774233036508,0.6178704408561012,2.7009677717788656,0.0352990627288818,,,,JJA
4,30,RidgeCV,0.6106190260547495,0.6176166873277273,2.701864413168725,0.022958755493164,,,,JJA
4,30,Ridge,0.6105047633986097,0.6175044781138903,2.7022608110155137,0.01739501953125,,,,JJA
4,30,LinearRegression,0.6104990707967564,0.6174988878151852,2.7022805581616267,0.0213587284088134,,,,JJA
4,30,TransformedTargetRegressor,0.6104990707967564,0.6174988878151852,2.7022805581616267,0.0273802280426025,,,,JJA
4,30,LassoLarsIC,0.609580004841795,0.6165963386205966,2.705466828773519,0.0319049358367919,,,,JJA
4,30,ElasticNetCV,0.6077049119587263,0.6147549434930144,2.711955898418985,0.1394808292388916,,,,JJA
4,30,LassoCV,0.6057478513306247,0.6128330536829099,2.718712112478397,0.1600644588470459,,,,JJA
4,30,LassoLarsCV,0.6057027489926232,0.6127887618901201,2.7188676179922013,0.0680863857269287,,,,JJA
4,30,XGBRegressor,0.6049577379955462,0.612057139668949,2.7214350089059414,1.1863584518432615,,,,JJA
4,30,RandomForestRegressor,0.6039710044986619,0.6110881390024799,2.7248316788095943,23.61654758453369,,,,JJA
4,30,SGDRegressor,0.6035976208451369,0.6107214655184472,2.726115887698602,0.0341897010803222,,,,JJA
4,30,BaggingRegressor,0.5880029086008683,0.5954070096843193,2.779222151693361,2.4255504608154297,,,,JJA
4,30,MLPRegressor,0.5496863902207461,0.5577790868821144,2.905585931402637,4.990704536437988,,,,JJA
4,30,ElasticNet,0.5294814585675862,0.5379372630262358,2.970055457756825,0.0255358219146728,,,,JJA
4,30,OrthogonalMatchingPursuitCV,0.4997226799097838,0.5087132867005425,3.062538767658727,0.0296752452850341,,,,JJA
4,30,AdaBoostRegressor,0.4872173237654795,0.496432667387905,3.100579418953818,2.6030614376068115,,,,JJA
4,30,OrthogonalMatchingPursuit,0.4109635352848152,0.421549254498946,3.3231295943984094,0.0176100730895996,,,,JJA
4,30,RANSACRegressor,0.3979295078721777,0.408749464799395,3.3596950458768355,0.1670124530792236,,,,JJA
4,30,DecisionTreeRegressor,0.3684613813760896,0.3798109172539156,3.440932427128419,0.4234285354614258,,,,JJA
4,30,Lasso,0.3501890300451556,0.361866942843865,3.490355853482834,0.0251839160919189,,,,JJA
4,30,LassoLars,0.3501812875198232,0.36185933946136,3.490376647290084,0.0179860591888427,,,,JJA
4,30,PassiveAggressiveRegressor,0.3033579395254021,0.3158774653725894,3.6139407956180207,0.0308074951171875,,,,JJA
4,30,ExtraTreeRegressor,0.2811283821913086,0.2940474008819601,3.671147688298769,0.1025226116180419,,,,JJA
4,30,LarsCV,0.1027960420281265,0.1189199150747457,4.101302266479698,0.0686018466949462,,,,JJA
4,30,DummyRegressor,-0.0238346940026583,-0.0054351088468596,4.381180123383064,0.0170469284057617,,,,JJA
4,30,QuantileRegressor,-0.0790520481360161,-0.059660138325265,4.497771459711178,2.6497652530670166,,,,JJA
4,30,Lars,-5.982993703380261e+19,-5.875471851682133e+19,33491566443.343285,0.0255892276763916,,,,JJA
4,30,TweedieRegressor,0.5376713618422124,0.5461527269939044,2.229845992539133,0.0205070972442626,0.5151,0.1584,0.3333,MAM
4,30,LinearSVR,0.4877932171623194,0.4971895910831084,2.347048875825548,0.382624864578247,0.4639,0.1674,0.2706,MAM
4,30,HuberRegressor,0.4834551186921058,0.4929310745253121,2.3569670006295964,0.143336534500122,0.4598,0.1642,0.2703,MAM
4,30,CatBoostRegressor,0.4801292181051119,0.4896661871981693,2.364542779892753,3.5587382316589355,0.4543,0.1792,0.2503,MAM
4,30,KNeighborsRegressor,0.4788097430079863,0.4883709177183982,2.3675415809937346,0.1350684165954589,0.4529,0.1748,0.2562,MAM
4,30,HistGradientBoostingRegressor,0.4754389815127453,0.4850619924511581,2.3751851969779274,1.394627571105957,,,,MAM
4,30,LGBMRegressor,0.4649979872047456,0.4748125369706594,2.3987068698191685,0.4153034687042236,,,,MAM
4,30,PoissonRegressor,0.46332503165159,0.4731702715927552,2.4024543302601464,0.033869981765747,,,,MAM
4,30,ExtraTreesRegressor,0.4419645623457657,0.4522016576145959,2.449798478979865,8.295910120010376,,,,MAM
4,30,GradientBoostingRegressor,0.435091620941705,0.4454547995220651,2.464838558553102,10.502780199050903,,,,MAM
4,30,ElasticNet,0.4285392805076796,0.439022661012023,2.4790921079100587,0.0176148414611816,,,,MAM
4,30,RandomForestRegressor,0.4260637744713799,0.4365925678463443,2.484455884817092,24.523975372314453,,,,MAM
4,30,LinearRegression,0.4255684194878758,0.4361063000924602,2.485527800229512,0.0217325687408447,,,,MAM
4,30,TransformedTargetRegressor,0.4255684194878758,0.4361063000924602,2.485527800229512,0.0227599143981933,,,,MAM
4,30,Ridge,0.4254328467381375,0.4359732144090644,2.4858210901268403,0.0178875923156738,,,,MAM
4,30,RidgeCV,0.4254328467375486,0.4359732144084863,2.4858210901281144,0.0235364437103271,,,,MAM
4,30,LassoLarsCV,0.4253953570789854,0.4359364124933538,2.485902186883532,0.0764906406402587,,,,MAM
4,30,LassoLarsIC,0.4252558443522042,0.4357994591113362,2.48620395432307,0.0323519706726074,,,,MAM
4,30,BayesianRidge,0.4249416640851533,0.4354910424447815,2.486883395336728,0.028318166732788,,,,MAM
4,30,ElasticNetCV,0.4248276995387324,0.4353791685647239,2.487129807291858,0.1826283931732177,,,,MAM
4,30,LassoCV,0.4233677758315305,0.4339460269883104,2.4902842695180976,0.214714765548706,,,,MAM
4,30,XGBRegressor,0.4176945518849161,0.4283768776758573,2.502504676264603,1.172024488449097,,,,MAM
4,30,SGDRegressor,0.397764663962731,0.4088126012320653,2.5449695355772555,0.0375607013702392,,,,MAM
4,30,MLPRegressor,0.3902958370668973,0.4014807890978755,2.560702061603497,5.180504322052002,,,,MAM
4,30,OrthogonalMatchingPursuitCV,0.3890530032296877,0.4002607549030118,2.5633106275120148,0.0305488109588623,,,,MAM
4,30,BaggingRegressor,0.386692976760046,0.3979440228447577,2.56825676038944,2.4941232204437256,,,,MAM
4,30,Lasso,0.2564402848025843,0.2700808013879424,2.827856694209168,0.0289900302886962,,,,MAM
4,30,LassoLars,0.2564156377682748,0.2700566065006138,2.8279035617989337,0.0201613903045654,,,,MAM
4,30,OrthogonalMatchingPursuit,0.2454928317887498,0.2593341781277251,2.84859794106656,0.0166220664978027,,,,MAM
4,30,LarsCV,0.1941138050007868,0.2088976936167528,2.94398999073944,0.0631959438323974,,,,MAM
4,30,AdaBoostRegressor,0.0946543991434486,0.1112628590042495,3.120374131093178,2.5170834064483643,,,,MAM
4,30,PassiveAggressiveRegressor,0.0888932062138713,0.1056073544896054,3.130286681940039,0.0277299880981445,,,,MAM
4,30,RANSACRegressor,0.0809560287851739,0.0978157836586623,3.1438919827710974,0.1646513938903808,,,,MAM
4,30,DecisionTreeRegressor,0.0419373195450862,0.0595128681062241,3.2099364373053154,0.4266741275787353,,,,MAM
4,30,DummyRegressor,-0.0187959117532212,-0.0001062191201617,3.3101148891142955,0.014805793762207,,,,MAM
4,30,QuantileRegressor,-0.0528009763019263,-0.0334874647105742,3.364903473670985,2.8331453800201416,,,,MAM
4,30,ExtraTreeRegressor,-0.0665092591972489,-0.0469442707488689,3.3867394459833524,0.104304552078247,,,,MAM
4,30,Lars,-2.207200549539684e+21,-2.1667097119003503e+21,154070811054.35822,0.0243453979492187,,,,MAM
4,30,TweedieRegressor,0.4418521551366663,0.4517875400333633,3.357969314781166,0.0248374938964843,0.4375,0.0305,0.4091,SON
4,30,KNeighborsRegressor,0.4331296878314512,0.4432203381667299,3.3841059662759645,0.1290063858032226,0.4308,0.0537,0.3697,SON
4,30,LinearSVR,0.432446896305572,0.4425497007621578,3.386143419515524,0.315479040145874,0.4265,0.048,0.3789,SON
4,30,HuberRegressor,0.4311644994932699,0.4412901314247583,3.3899667880641022,0.1309316158294677,0.4248,0.0522,0.3728,SON
4,30,LinearRegression,0.4171611161114282,0.4275360171300143,3.431439577917582,0.0231745243072509,0.4095,0.0663,0.3416,SON
4,30,TransformedTargetRegressor,0.4171611161114282,0.4275360171300143,3.431439577917582,0.0235528945922851,,,,SON
4,30,RidgeCV,0.4171293909690355,0.4275048567152354,3.431532966871942,0.0284371376037597,,,,SON
4,30,Ridge,0.4171293909686951,0.4275048567149011,3.431532966872944,0.0177817344665527,,,,SON
4,30,LassoLarsCV,0.4169529161358443,0.4273315232457678,3.4320524075230097,0.064587116241455,,,,SON
4,30,LassoLarsIC,0.4168066093103827,0.4271878207743987,3.4324829912698145,0.032252550125122,,,,SON
4,30,BayesianRidge,0.4166568617578543,0.4270407388230823,3.43292364521406,0.0282206535339355,,,,SON
4,30,PoissonRegressor,0.4146069624965777,0.425027329066061,3.4389500949936447,0.0318574905395507,,,,SON
4,30,LassoCV,0.4143916264349256,0.424815826122595,3.439582543480399,0.2094612121582031,,,,SON
4,30,ElasticNetCV,0.4139722731790506,0.424403937620088,3.440813862968682,0.1610174179077148,,,,SON
4,30,SGDRegressor,0.4004264691358534,0.4110992574621535,3.480353224219848,0.0696537494659423,,,,SON
4,30,GradientBoostingRegressor,0.3922238190825043,0.4030426197713046,3.5040793728957853,10.029984474182127,,,,SON
4,30,CatBoostRegressor,0.3733176854930977,0.3844730273256967,3.558162813202757,3.120915412902832,,,,SON
4,30,LGBMRegressor,0.367060119011208,0.3783268494876699,3.5758832229213406,0.4025259017944336,,,,SON
4,30,HistGradientBoostingRegressor,0.3601793239425778,0.3715685369261948,3.59526769399717,1.3295578956604004,,,,SON
4,30,OrthogonalMatchingPursuitCV,0.3525310945523505,0.3640564508597651,3.6166922481773818,0.0306229591369628,,,,SON
4,30,OrthogonalMatchingPursuit,0.3418251572554356,0.353541086022645,3.646470767401537,0.0170912742614746,,,,SON
4,30,ExtraTreesRegressor,0.3327269143998791,0.3446047976482989,3.6715876564424135,7.909494876861572,,,,SON
4,30,AdaBoostRegressor,0.3126918478957446,0.3249263680083599,3.726300241725045,2.5796172618865967,,,,SON
4,30,XGBRegressor,0.3004890511591274,0.3129407887769435,3.759233960484148,1.2016139030456543,,,,SON
4,30,RandomForestRegressor,0.2937097325390853,0.3062821463190461,3.77740636728198,23.646032571792603,,,,SON
4,30,BaggingRegressor,0.2793667322393713,0.2921944605025154,3.815568465187671,2.394383668899536,,,,SON
4,30,MLPRegressor,0.2472187065012769,0.2606186899694108,3.899747661702456,4.81257438659668,,,,SON
4,30,ElasticNet,0.2413834111471846,0.2548872665658462,3.9148332185803625,0.0209481716156005,,,,SON
4,30,PassiveAggressiveRegressor,0.1274970673303587,0.1430281717489242,4.1984167385084765,0.0298035144805908,,,,SON
4,30,ExtraTreeRegressor,0.0706428233997482,0.0871859693439773,4.3330472576434165,0.0930778980255127,,,,SON
4,30,DecisionTreeRegressor,-0.0235343211462253,-0.0053147624232903,4.547296808449612,0.4146728515625,,,,SON
4,30,LassoLars,-0.049770584675437,-0.0310840038564519,4.605208491898213,0.0179460048675537,,,,SON
4,30,Lasso,-0.0497736314470995,-0.0310869963936504,4.605215174791008,0.0171217918395996,,,,SON
4,30,LarsCV,-0.0632678064196046,-0.0443409665110279,4.634719225344408,0.0631561279296875,,,,SON
4,30,RANSACRegressor,-0.0897639144051276,-0.07036542700472,4.692111335421045,0.1644806861877441,,,,SON
4,30,DummyRegressor,-0.1295722185401755,-0.1094651181310348,4.777042426279524,0.0156633853912353,,,,SON
4,30,QuantileRegressor,-0.2171851326908576,-0.1955184669586231,4.9588436642384925,2.560668468475342,,,,SON
4,30,Lars,-9898390176168.87,-9722192566229.137,14141138.687688015,0.0252852439880371,,,,SON
5,21,TweedieRegressor,0.3744180032793259,0.3788554543909953,2.523847285990141,0.0444531440734863,0.2661,0.1286,0.0493,
5,21,KNeighborsRegressor,0.3406092256356895,0.3452864931083241,2.591148988608388,0.9121034145355223,0.2215,0.1356,-0.0325,
5,21,CatBoostRegressor,0.3138293506020171,0.3186965762046194,2.6432425732291764,5.454892873764038,0.2021,0.1291,-0.0632,
5,21,PoissonRegressor,0.3032894169769603,0.3082314056648602,2.663465990478441,0.0521345138549804,0.1799,0.1494,-0.1463,
5,21,HistGradientBoostingRegressor,0.2896179114779003,0.2946568764816037,2.6894715420838597,1.274794340133667,0.1706,0.12,-0.0353,
5,21,LinearSVR,0.2839098732548418,0.2889893271803671,2.70025509906556,1.3807523250579834,,,,
5,21,HuberRegressor,0.2829274371233741,0.2880138597793401,2.7021067646692427,0.3524098396301269,,,,
5,21,LGBMRegressor,0.2822798725023011,0.2873708885390913,2.7033265811619205,0.7378804683685303,,,,
5,21,MLPRegressor,0.2718351022186959,0.2770002063170815,2.7229258919624035,15.05252766609192,,,,
5,21,XGBRegressor,0.2673655863014292,0.2725623940909053,2.7312698415753496,1.4456827640533447,,,,
5,21,SGDRegressor,0.2610776303554672,0.2663190406067289,2.742965587444245,0.0954177379608154,,,,
5,21,GradientBoostingRegressor,0.2581619598731902,0.2634240518980494,2.748371913164506,34.03261208534241,,,,
5,21,BayesianRidge,0.2524398393781033,0.2577425202147971,2.7589512474897147,0.087040901184082,,,,
5,21,RidgeCV,0.2524185651756986,0.2577213969170437,2.7589905045774894,0.0656402111053466,,,,
5,21,Ridge,0.2523859929427077,0.2576890557292112,2.7590506087337032,0.051581859588623,,,,
5,21,TransformedTargetRegressor,0.2523786320212534,0.2576817470211027,2.7590641913476173,0.0572214126586914,,,,
5,21,LinearRegression,0.2523786320212534,0.2576817470211027,2.7590641913476173,0.0537757873535156,,,,
5,21,LassoLarsIC,0.2520495642995405,0.2573550134808963,2.759671329614777,0.0840446949005127,,,,
5,21,LassoLarsCV,0.2517249175965392,0.2570326695997164,2.7602701801260494,0.2123548984527588,,,,
5,21,ElasticNetCV,0.251237201030154,0.2565484125613083,2.7611695888018635,0.3352389335632324,,,,
5,21,LassoCV,0.2505266906240669,0.2558429420304221,2.762479332385291,0.4802103042602539,,,,
5,21,ExtraTreesRegressor,0.2455714063889174,0.2509228071947967,2.7715966137946757,26.36103105545044,,,,
5,21,ElasticNet,0.225451437880331,0.2309455559912051,2.8083114972033867,0.0331940650939941,,,,
5,21,RandomForestRegressor,0.2206075984302187,0.2261360754274822,2.81707906158906,88.83702516555786,,,,
5,21,LarsCV,0.2079073351944442,0.2135258991787207,2.8399385808717152,0.1659393310546875,,,,
5,21,OrthogonalMatchingPursuitCV,0.2037982917689443,0.2094460024988305,2.847295255523399,0.0778398513793945,,,,
5,21,OrthogonalMatchingPursuit,0.198382692789503,0.2040688180770933,2.8569622013051257,0.029200792312622,,,,
5,21,BaggingRegressor,0.1929172833930211,0.1986421765593695,2.8666850101122936,8.778797626495361,,,,
5,21,Lasso,0.0780937091758108,0.0846330822979875,3.063827720364495,0.0350356101989746,,,,
5,21,LassoLars,0.0780874374840173,0.084626855093289,3.063838141895773,0.0344493389129638,,,,
5,21,AdaBoostRegressor,0.0763047809232888,0.0828568434797913,3.066798907182684,7.430896282196045,,,,
5,21,RANSACRegressor,0.0471693114464469,0.0539280411098943,3.114790347053812,0.2224354743957519,,,,
5,21,QuantileRegressor,-0.0120062849231501,-0.0048278040244202,3.210055615218758,24.00830841064453,,,,
5,21,DummyRegressor,-0.0317180341541218,-0.0243997315789428,3.2411674062765883,0.0272893905639648,,,,
5,21,ExtraTreeRegressor,-0.1321173875948424,-0.1240869206273507,3.3952103193597822,0.284470796585083,,,,
5,21,DecisionTreeRegressor,-0.1607108172965328,-0.1524775280817876,3.4378186864238462,1.5031957626342771,,,,
5,21,PassiveAggressiveRegressor,-0.7530783504361531,-0.7406432108129457,4.2249504037463685,0.0688838958740234,,,,
5,21,Lars,-36.90234013680693,-36.63348684138507,19.64508735327628,0.0480821132659912,,,,
5,21,TweedieRegressor,0.1559307905524709,0.1810021532093282,2.50364673888963,0.0216138362884521,0.1797,0.0743,0.0984,DJF
5,21,KNeighborsRegressor,0.0767607741434677,0.1041837214461369,2.6184310696466246,0.064871072769165,0.0998,0.0467,0.0593,DJF
5,21,CatBoostRegressor,0.0544706234927242,0.0825556544780887,2.6498514897037597,3.335362434387207,0.0764,0.0988,-0.0336,DJF
5,21,PoissonRegressor,0.039896773207226,0.0684146908347341,2.670195047888712,0.0297069549560546,0.0672,0.1079,-0.0487,DJF
5,21,GradientBoostingRegressor,0.0258494446930609,0.0547846097021779,2.6896580082709507,7.598325252532959,0.0522,0.0755,-0.0339,DJF
5,21,ElasticNet,0.0246304260461396,0.0536017995299176,2.6913403550922834,0.020188570022583,,,,DJF
5,21,HistGradientBoostingRegressor,0.0238189305349646,0.0528144078458071,2.6924597033869606,0.913644313812256,,,,DJF
5,21,LGBMRegressor,0.0230857627380173,0.0521030173101553,2.693470609200748,0.426239013671875,,,,DJF
5,21,HuberRegressor,0.0103268502299335,0.0397230824013216,2.711002483305918,0.1053123474121093,,,,DJF
5,21,LinearSVR,0.0052410088055154,0.0347883055736684,2.7179593562027584,0.2121987342834472,,,,DJF
5,21,ExtraTreesRegressor,-0.0162987333232804,0.0138883577655297,2.747228059556345,6.263856887817383,,,,DJF
5,21,LinearRegression,-0.0224213091683262,0.0079476406089507,2.7554908148449777,0.0198824405670166,,,,DJF
5,21,TransformedTargetRegressor,-0.0224213091683262,0.0079476406089507,2.7554908148449777,0.0189113616943359,,,,DJF
5,21,Ridge,-0.0225252080762663,0.007846827807187,2.755630818389021,0.0237572193145751,,,,DJF
5,21,RidgeCV,-0.0225252080763018,0.0078468278071525,2.755630818389069,0.0292916297912597,,,,DJF
5,21,XGBRegressor,-0.0227222157214062,0.0076556718742789,2.755896266217472,0.9609534740447998,,,,DJF
5,21,BayesianRidge,-0.0234066642866419,0.0069915534644462,2.7568182926139424,0.0290005207061767,,,,DJF
5,21,LassoLarsIC,-0.0236566799594364,0.0067489639997547,2.7571550139359826,0.0286908149719238,,,,DJF
5,21,LassoLarsCV,-0.0241892487313379,0.006232214102266,2.757872140954035,0.0639729499816894,,,,DJF
5,21,LassoCV,-0.0249249932080211,0.00551832342192,2.758862546252866,0.2203798294067382,,,,DJF
5,21,ElasticNetCV,-0.0253796124408196,0.0050772077306897,2.75947434366754,0.1815605163574218,,,,DJF
5,21,LassoLars,-0.0269053212547023,0.0035968170003877,2.7615265540494054,0.0152914524078369,,,,DJF
5,21,Lasso,-0.0269053212547025,0.0035968170003876,2.7615265540494054,0.016592264175415,,,,DJF
5,21,RandomForestRegressor,-0.0274644761146047,0.0030542707006804,2.762278283942795,17.901305675506592,,,,DJF
5,21,DummyRegressor,-0.0306964315916005,-8.168609878067556e-05,2.7666193347054557,0.018683910369873,,,,DJF
5,21,QuantileRegressor,-0.0432321674971041,-0.0122450734130317,2.783392844280819,1.8497185707092283,,,,DJF
5,21,SGDRegressor,-0.0439730081610501,-0.0129639089087416,2.7843809678792377,0.0291216373443603,,,,DJF
5,21,OrthogonalMatchingPursuitCV,-0.0671063975383983,-0.035410167908545,2.8150614744484974,0.0257477760314941,,,,DJF
5,21,BaggingRegressor,-0.0702531123645759,-0.0384634159577075,2.819208987284229,1.840993404388428,,,,DJF
5,21,MLPRegressor,-0.0846314289507406,-0.052414653833392,2.8380831406468623,3.748101949691773,,,,DJF
5,21,OrthogonalMatchingPursuit,-0.0855659985760566,-0.0533214639648866,2.8393055905580984,0.0181901454925537,,,,DJF
5,21,LarsCV,-0.0884489427361101,-0.0561187761201862,2.843073271231659,0.0878784656524658,,,,DJF
5,21,AdaBoostRegressor,-0.1869923172421197,-0.1517351197002747,2.9689848088453736,1.9464659690856931,,,,DJF
5,21,PassiveAggressiveRegressor,-0.3650695070248724,-0.3245228880043318,3.1839145544323637,0.0278396606445312,,,,DJF
5,21,DecisionTreeRegressor,-0.4995795668891916,-0.4550375995558493,3.337096600387322,0.3244078159332275,,,,DJF
5,21,ExtraTreeRegressor,-0.5705716576956787,-0.5239210143977875,3.415174503088171,0.0803298950195312,,,,DJF
5,21,RANSACRegressor,-0.6753659049066325,-0.6256025611965346,3.527271245141697,0.1404323577880859,,,,DJF
5,21,Lars,-1.1568198667207383,-1.092755910283489,4.00212785741762,0.023038625717163,,,,DJF
5,21,TweedieRegressor,0.4271287851500384,0.441751136067933,2.487547752975583,0.0271379947662353,0.4181,0.0991,0.3486,JJA
5,21,PoissonRegressor,0.3639391306790801,0.3801743769181279,2.6211523567664194,0.0297236442565917,0.3536,0.1153,0.2742,JJA
5,21,LinearSVR,0.3476116266832235,0.3642636271365729,2.6545813107932967,0.2724332809448242,0.3341,0.0797,0.2868,JJA
5,21,HuberRegressor,0.344560753812752,0.3612906268010821,2.6607811022653958,0.1027295589447021,0.33,0.0822,0.2777,JJA
5,21,KNeighborsRegressor,0.3415180480399366,0.3583255851007436,2.666949942437025,0.0743544101715087,0.3218,0.1088,0.2379,JJA
5,21,SGDRegressor,0.3220310325469038,0.3393359693225075,2.706124878345009,0.0262892246246337,,,,JJA
5,21,ElasticNetCV,0.3141737758939007,0.331679266582939,2.721760893843854,0.1285238265991211,,,,JJA
5,21,BayesianRidge,0.3133499938211338,0.330876511278904,2.723395028606028,0.0274498462677001,,,,JJA
5,21,RidgeCV,0.3127594757975159,0.3303010660352424,2.7245658348526964,0.0203213691711425,,,,JJA
5,21,LinearRegression,0.3126278507391703,0.3301728006635817,2.724826736207167,0.021787405014038,,,,JJA
5,21,TransformedTargetRegressor,0.3126278507391703,0.3301728006635817,2.724826736207167,0.0195035934448242,,,,JJA
5,21,Ridge,0.3126237629372487,0.3301688172014709,2.7248348384669256,0.0196826457977294,,,,JJA
5,21,LassoLarsIC,0.3116633581113788,0.3292329263955467,2.7267377490741045,0.0274970531463623,,,,JJA
5,21,LassoCV,0.3113945013371987,0.3289709321028402,2.727270214076851,0.1430819034576416,,,,JJA
5,21,LassoLarsCV,0.311325690193082,0.3289038773407344,2.727406476346065,0.0572540760040283,,,,JJA
5,21,CatBoostRegressor,0.2975121325487211,0.3154429062499733,2.7546240836969287,3.496724367141724,,,,JJA
5,21,ElasticNet,0.2872066723963787,0.3054004896069079,2.7747556157566797,0.0193789005279541,,,,JJA
5,21,HistGradientBoostingRegressor,0.275295525842643,0.2937933711841524,2.797843366721974,1.1955182552337646,,,,JJA
5,21,LGBMRegressor,0.2634678267070622,0.2822675702114197,2.8205823727132198,0.4885194301605224,,,,JJA
5,21,ExtraTreesRegressor,0.2616196536732039,0.2804665711914715,2.8241189854922344,5.962671995162964,,,,JJA
5,21,OrthogonalMatchingPursuit,0.2598500871107687,0.2787421722384008,2.827501033755609,0.0183992385864257,,,,JJA
5,21,MLPRegressor,0.2550190321093034,0.2740344283402061,2.836713759027224,3.74660325050354,,,,JJA
5,21,GradientBoostingRegressor,0.2486949464625761,0.2678717629170197,2.848728636097601,7.309278726577759,,,,JJA
5,21,OrthogonalMatchingPursuitCV,0.2429087176718788,0.2622332257290345,2.85967743791434,0.0362517833709716,,,,JJA
5,21,XGBRegressor,0.2388375901722926,0.2582660124310827,2.867355839982461,0.940352201461792,,,,JJA
5,21,LarsCV,0.2347843764189715,0.254316255636865,2.874980083604459,0.0633766651153564,,,,JJA
5,21,PassiveAggressiveRegressor,0.2109886558895831,0.2311279131130481,2.919339139482766,0.0242166519165039,,,,JJA
5,21,AdaBoostRegressor,0.188354057147614,0.2090710551217247,2.960917025694708,1.771726369857788,,,,JJA
5,21,RandomForestRegressor,0.1855552882567043,0.2063437238939409,2.966017643119652,17.183950185775757,,,,JJA
5,21,Lasso,0.1785719943378068,0.1995386762747317,2.97870626583767,0.0231034755706787,,,,JJA
5,21,LassoLars,0.178549952562384,0.1995171971084377,2.978746230103358,0.0152904987335205,,,,JJA
5,21,BaggingRegressor,0.1604002497482001,0.1818307595390855,3.0114737128028355,1.7410588264465332,,,,JJA
5,21,QuantileRegressor,-0.0382013590434453,-0.0117016079617919,3.3487576807728487,1.7431509494781494,,,,JJA
5,21,DecisionTreeRegressor,-0.0431321018663786,-0.0165064951823248,3.3567004098851827,0.3059914112091064,,,,JJA
5,21,DummyRegressor,-0.067091127347733,-0.0398539743524704,3.395030503190688,0.0170395374298095,,,,JJA
5,21,RANSACRegressor,-0.109831009388511,-0.0815029348437108,3.462353079651711,0.1445322036743164,,,,JJA
5,21,ExtraTreeRegressor,-0.3118756922226224,-0.278390493045074,3.764343694020515,0.0759723186492919,,,,JJA
5,21,Lars,-125006896895070.52,-121816136622649.52,36745986.6996621,0.0205380916595459,,,,JJA
5,21,TweedieRegressor,0.2356846086095054,0.2570873420336325,2.346295482881647,0.0229523181915283,0.1263,0.0975,0.0207,MAM
5,21,KNeighborsRegressor,0.193176843682935,0.2157699003315148,2.410657875567337,0.0684375762939453,0.0745,0.112,-0.0497,MAM
5,21,CatBoostRegressor,0.1691329344756313,0.192399280429954,2.446313849848366,3.317178964614868,0.063,0.0611,0.0036,MAM
5,21,PoissonRegressor,0.1597508525575809,0.1832799201586442,2.4600868644976672,0.0244841575622558,0.0239,0.1654,-0.1603,MAM
5,21,LinearSVR,0.1551465007562615,0.1788045016685006,2.4668179813195734,0.3026406764984131,0.0042,0.2128,-0.2395,MAM
5,21,LGBMRegressor,0.1499521557271259,0.1737556112294777,2.4743896307145525,0.480161190032959,,,,MAM
5,21,HuberRegressor,0.1494892653831186,0.1733056829672876,2.4750632487883197,0.1021664142608642,,,,MAM
5,21,HistGradientBoostingRegressor,0.1373818756543942,0.1615373302875941,2.4926177956048865,0.926239013671875,,,,MAM
5,21,GradientBoostingRegressor,0.1316475194868891,0.1559635503662232,2.5008890583602934,7.314058542251587,,,,MAM
5,21,ExtraTreesRegressor,0.1149447626333461,0.1397285122795809,2.5248267921233487,5.958667278289795,,,,MAM
5,21,SGDRegressor,0.1117859193209578,0.1366581244426484,2.5293284481841907,0.035820722579956,,,,MAM
5,21,XGBRegressor,0.0980100998385966,0.1232680621953253,2.548867379335777,1.0302257537841797,,,,MAM
5,21,MLPRegressor,0.0949627629983491,0.1203060583717618,2.5531693721745508,3.703572988510132,,,,MAM
5,21,BayesianRidge,0.091503249283522,0.1169434196520605,2.558044475318732,0.0233161449432373,,,,MAM
5,21,LinearRegression,0.0908880119623527,0.1163454105072774,2.558910487262549,0.0177812576293945,,,,MAM
5,21,TransformedTargetRegressor,0.0908880119623527,0.1163454105072774,2.558910487262549,0.0199103355407714,,,,MAM
5,21,LassoLarsCV,0.0908589820142656,0.1163171934699955,2.558951342760316,0.0590078830718994,,,,MAM
5,21,RidgeCV,0.0908125485400995,0.1162720602486842,2.5590166898745634,0.0193634033203125,,,,MAM
5,21,Ridge,0.0908125485398374,0.1162720602484294,2.559016689874932,0.0157561302185058,,,,MAM
5,21,LassoLarsIC,0.0903017613636584,0.1157755763845889,2.5597354247036104,0.0268363952636718,,,,MAM
5,21,ElasticNetCV,0.0896216776918352,0.1151145367483799,2.560692065573881,0.1403009891510009,,,,MAM
5,21,LassoCV,0.0888271073282106,0.1143422163327099,2.561809296846421,0.1561651229858398,,,,MAM
5,21,RandomForestRegressor,0.0748740237420786,0.1007798538177515,2.5813496789084955,17.02396059036255,,,,MAM
5,21,ElasticNet,0.0741578199706122,0.1000837055345962,2.582348685933408,0.0146477222442626,,,,MAM
5,21,OrthogonalMatchingPursuitCV,0.0440810496299354,0.0708491596278525,2.62395835164286,0.0243377685546875,,,,MAM
5,21,OrthogonalMatchingPursuit,0.0324281638989017,0.0595225837026038,2.6399032527141517,0.0138397216796875,,,,MAM
5,21,BaggingRegressor,0.0315328517643422,0.0586523425363425,2.6411243459832168,1.7210350036621094,,,,MAM
5,21,LarsCV,-0.0373090425000262,-0.0082618073335662,2.7333829666976075,0.0569312572479248,,,,MAM
5,21,Lasso,-0.0449981470661644,-0.0157355978328244,2.7434949306319,0.0143444538116455,,,,MAM
5,21,LassoLars,-0.0449987456873512,-0.0157361796911281,2.7434957164294445,0.0138914585113525,,,,MAM
5,21,QuantileRegressor,-0.0630196506328548,-0.0332524544421402,2.7670502641222665,1.7538583278656006,,,,MAM
5,21,AdaBoostRegressor,-0.1062269649199987,-0.0752498563814798,2.8227246906376724,1.859230756759644,,,,MAM
5,21,RANSACRegressor,-0.1303217607653637,-0.0986699379685738,2.85330006433247,0.1404685974121093,,,,MAM
5,21,DummyRegressor,-0.1306544045909157,-0.0989932669390232,2.853719884096054,0.0122110843658447,,,,MAM
5,21,DecisionTreeRegressor,-0.4878602128235108,-0.4461964234165052,3.273613982659331,0.2939867973327636,,,,MAM
5,21,ExtraTreeRegressor,-0.5349199532977347,-0.4919383740205736,3.3249817640617647,0.0707640647888183,,,,MAM
5,21,PassiveAggressiveRegressor,-0.946611326595968,-0.8921013641212832,3.7444326622216826,0.0200271606445312,,,,MAM
5,21,Lars,-317900432597997.75,-308998429196062.5,47851103.915257625,0.0225918292999267,,,,MAM
5,21,TweedieRegressor,0.3420940621218813,0.3624276934436639,2.7024157290142576,0.0178685188293457,0.3598,0.0277,0.3303,SON
5,21,KNeighborsRegressor,0.307338088854689,0.3287459089106911,2.772878946638502,0.062396764755249,0.3239,0.0447,0.2758,SON
5,21,PoissonRegressor,0.2815033182523084,0.3037096030590709,2.8241167088297634,0.0294311046600341,0.2984,0.0185,0.2784,SON
5,21,LinearSVR,0.2716150395703631,0.2941269373858396,2.8434836926234057,0.2111344337463379,0.2913,0.0163,0.2778,SON
5,21,HuberRegressor,0.2683829408481247,0.2909947318246594,2.84978547518974,0.1096060276031494,0.2882,0.0167,0.2716,SON
5,21,CatBoostRegressor,0.2542580120226183,0.2773063564312599,2.8771635850456065,3.4338064193725586,,,,SON
5,21,BayesianRidge,0.2502405169908571,0.2734130284849584,2.8849031683119453,0.0248141288757324,,,,SON
5,21,LassoLarsIC,0.2493944713472187,0.2725931312300313,2.886530404545152,0.0275111198425292,,,,SON
5,21,RidgeCV,0.2493683539718655,0.2725678210537791,2.8865806226286788,0.0201101303100585,,,,SON
5,21,Ridge,0.249368353971495,0.27256782105342,2.8865806226293915,0.018122911453247,,,,SON
5,21,TransformedTargetRegressor,0.249297492796745,0.2724991499561863,2.8867168689945943,0.0221633911132812,,,,SON
5,21,LinearRegression,0.249297492796745,0.2724991499561863,2.8867168689945943,0.0203714370727539,,,,SON
5,21,LassoLarsCV,0.2487553361743165,0.2719737495480498,2.887759072920049,0.0591280460357666,,,,SON
5,21,ElasticNetCV,0.2482791207644982,0.2715122523342768,2.888674205879315,0.1434025764465332,,,,SON
5,21,LassoCV,0.2477445439422713,0.270994197460539,2.8897011454521087,0.1898186206817627,,,,SON
5,21,SGDRegressor,0.2353391927306563,0.2589722533948874,2.913430566932802,0.043835163116455,,,,SON
5,21,HistGradientBoostingRegressor,0.2320383664518123,0.2557734444117494,2.9197120267941448,1.1545591354370115,,,,SON
5,21,LGBMRegressor,0.2318391553884048,0.2555803902836807,2.920090692340415,0.5439934730529785,,,,SON
5,21,GradientBoostingRegressor,0.2303167206155817,0.2541050087833694,2.9229829557833886,7.472041368484497,,,,SON
5,21,LarsCV,0.2098766336148178,0.2342966552407335,2.9615407284721704,0.0635526180267334,,,,SON
5,21,XGBRegressor,0.1965978560635964,0.2214282794682243,2.986322800457903,0.9530208110809326,,,,SON
5,21,ExtraTreesRegressor,0.1957139520553724,0.220571693921793,2.987965126834045,5.9749596118927,,,,SON
5,21,OrthogonalMatchingPursuitCV,0.1949185733807968,0.2198008976925167,2.989442198628206,0.0355913639068603,,,,SON
5,21,RandomForestRegressor,0.1940832054194262,0.2189913481090731,2.990992747852729,16.7760066986084,,,,SON
5,21,ElasticNet,0.1917664851510265,0.2167462297720457,2.9952886757373665,0.0147466659545898,,,,SON
5,21,AdaBoostRegressor,0.1532921271120267,0.1794609830735369,3.065752251694552,1.9239051342010496,,,,SON
5,21,RANSACRegressor,0.150170411457173,0.1764357490151588,3.07139859211364,0.1459667682647705,,,,SON
5,21,BaggingRegressor,0.1439012678274417,0.1703603632585991,3.08270654063091,1.7139675617218018,,,,SON
5,21,OrthogonalMatchingPursuit,0.1389641863466071,0.1655758701477079,3.0915826744241763,0.016566514968872,,,,SON
5,21,MLPRegressor,0.1070632316981825,0.1346608653338843,3.1483326264626514,3.7140378952026367,,,,SON
5,21,Lasso,0.0563046606051211,0.0854710687594958,3.236578627978816,0.0169446468353271,,,,SON
5,21,LassoLars,0.0563022655440054,0.0854687477215602,3.236582735129915,0.0187964439392089,,,,SON
5,21,QuantileRegressor,-0.0325156445867866,-0.0006041033735961,3.385466941270051,1.7268965244293213,,,,SON
5,21,DummyRegressor,-0.0369107681909357,-0.0048633886795399,3.392664771570609,0.0125510692596435,,,,SON
5,21,PassiveAggressiveRegressor,-0.1529483364667736,-0.1173146310127868,3.5774632445538925,0.0296082496643066,,,,SON
5,21,ExtraTreeRegressor,-0.1799995954845108,-0.1435298277669263,3.619188357233405,0.0738909244537353,,,,SON
5,21,DecisionTreeRegressor,-0.1805158768022414,-0.1440301525878864,3.6199800164018776,0.2868521213531494,,,,SON
5,21,Lars,-167918950677884.25,-162729147944021.03,43173783.83778781,0.0244534015655517,,,,SON
6,16,TweedieRegressor,0.2700259583211601,0.2775000952666772,2.9775275569035524,0.0896825790405273,0.1814,0.1277,-0.0213,
6,16,KNeighborsRegressor,0.2091901850970811,0.2172872139186126,3.0991179584051314,1.088757038116455,0.1131,0.1488,-0.1524,
6,16,PoissonRegressor,0.2077388472278671,0.2158507361641005,3.101960491070612,0.1395702362060547,0.1089,0.1398,-0.0811,
6,16,LinearSVR,0.1757950519769383,0.1842340104891198,3.163877718253829,3.999746799468994,0.0598,0.1262,-0.1467,
6,16,HuberRegressor,0.1716517635129313,0.1801331447738909,3.17182017526313,1.491322040557861,0.0533,0.1259,-0.1527,
6,16,BayesianRidge,0.1407512598750823,0.1495490285453032,3.230438914705052,0.1702818870544433,,,,
6,16,LassoLarsCV,0.1407263041368398,0.1495243283265649,3.230485826267936,0.4720559120178222,,,,
6,16,RidgeCV,0.1407045499647383,0.1495027968934269,3.2305267190010567,0.1407587528228759,,,,
6,16,LassoLarsIC,0.1406340236714875,0.1494329927123937,3.2306592883053717,0.1847691535949707,,,,
6,16,Ridge,0.1405799612581475,0.149379483839122,3.2307609065307816,0.0728025436401367,,,,
6,16,TransformedTargetRegressor,0.1405580943071112,0.1493578407817823,3.2308020077606763,0.1177527904510498,,,,
6,16,LinearRegression,0.1405580943071112,0.1493578407817823,3.2308020077606763,0.1242604255676269,,,,
6,16,ElasticNetCV,0.1404575526991516,0.1492583286100817,3.2309909795383045,0.8252716064453125,,,,
6,16,LassoCV,0.1391405320167433,0.1479547927810769,3.2334653501660235,0.9613854885101318,,,,
6,16,ElasticNet,0.139119749288584,0.1479342228453561,3.233504380825675,0.0843672752380371,,,,
6,16,SGDRegressor,0.134320829894539,0.1431844391447655,3.2425043328285086,0.3194942474365234,,,,
6,16,OrthogonalMatchingPursuitCV,0.1176554119758186,0.1266896569043938,3.2735667008886105,0.2188611030578613,,,,
6,16,LGBMRegressor,0.1169278209272612,0.1259695155935349,3.2749161323039533,1.642463207244873,,,,
6,16,HistGradientBoostingRegressor,0.1064962022497739,0.1156447052984109,3.294202425545252,1.5873675346374512,,,,
6,16,OrthogonalMatchingPursuit,0.1061838009025328,0.1153355025997765,3.2947782615631303,0.075275182723999,,,,
6,16,GradientBoostingRegressor,0.1015366907257396,0.1107359737558514,3.3033322281167634,47.35566711425781,,,,
6,16,CatBoostRegressor,0.0982737908376151,0.1075064823990046,3.309325057265261,9.007593870162964,,,,
6,16,LarsCV,0.0904466542262466,0.0997594871181279,3.323656775740952,0.3420302867889404,,,,
6,16,XGBRegressor,0.0701348084557635,0.0796556124647488,3.360563271742345,2.1001317501068115,,,,
6,16,PassiveAggressiveRegressor,0.0619763449442736,0.0715806827093492,3.37527355312501,0.1904313564300537,,,,
6,16,RandomForestRegressor,0.0471095197105265,0.05686607752919,3.401915917960839,141.85391974449158,,,,
6,16,ExtraTreesRegressor,0.0458559672608568,0.0556253600875373,3.4041528373831684,48.38382577896118,,,,
6,16,MLPRegressor,0.0230057627528955,0.0330091167178828,3.444673644798069,34.16985392570496,,,,
6,16,BaggingRegressor,0.0162985173106895,0.0263705461436858,3.4564775800150214,14.29698133468628,,,,
6,16,DummyRegressor,-0.0184781826066409,-0.0080500783478698,3.517045172090095,0.0594871044158935,,,,
6,16,QuantileRegressor,-0.0651164616987953,-0.0542108323981251,3.596670308304947,49.63121652603149,,,,
6,16,LassoLars,-0.0691911205128734,-0.0582437711560863,3.603543366595863,0.0730032920837402,,,,
6,16,Lasso,-0.0692086987965339,-0.0582611694573202,3.6035729889177808,0.0864756107330322,,,,
6,16,AdaBoostRegressor,-0.1833575098846658,-0.1712412213875533,3.791054840529335,12.830731630325316,,,,
6,16,RANSACRegressor,-0.203200224722128,-0.1908807684963043,3.8227071902014966,0.7364487648010254,,,,
6,16,DecisionTreeRegressor,-0.3310982381158009,-0.3174692459166632,4.020750601046324,2.3446741104125977,,,,
6,16,ExtraTreeRegressor,-0.3806973814016257,-0.3665605481449538,4.094975727112615,0.5258145332336426,,,,
6,16,Lars,-0.6894218103114658,-0.672123976076195,4.529717623665757,0.0824341773986816,,,,
6,16,TweedieRegressor,-0.00323598341604,0.0366101059517637,3.474656146816381,0.0331401824951171,0.0351,0.0618,-0.0338,DJF
6,16,KNeighborsRegressor,-0.0373382295699487,0.0038623179416555,3.533218326969301,0.0930938720703125,-0.0031,0.1085,-0.1258,DJF
6,16,DummyRegressor,-0.0587242457310279,-0.0166742977540674,3.5694533645036053,0.0219013690948486,-0.0172,0.0102,-0.0288,DJF
6,16,QuantileRegressor,-0.099690292124364,-0.0560132725783832,3.637855784523997,4.012788534164429,-0.0562,0.014,-0.0717,DJF
6,16,ElasticNet,-0.1193742548364165,-0.0749154362418547,3.670269373650668,0.0261905193328857,-0.0806,0.0606,-0.146,DJF
6,16,CatBoostRegressor,-0.1595869632902629,-0.1135309938744979,3.735613573915361,4.954605102539063,,,,DJF
6,16,HistGradientBoostingRegressor,-0.1665048631954495,-0.1201741316475279,3.746740023678178,0.8289303779602051,,,,DJF
6,16,LinearSVR,-0.1668765104132008,-0.1205310179431267,3.7473368298542695,0.5074646472930908,,,,DJF
6,16,HuberRegressor,-0.1697332351254752,-0.1232742805088413,3.751921104894716,0.2953238487243652,,,,DJF
6,16,PoissonRegressor,-0.1759680162167849,-0.129261431283197,3.761906851199419,0.0477998256683349,,,,DJF
6,16,LGBMRegressor,-0.1844261665279474,-0.1373836444681437,3.775411369973478,0.3454370498657226,,,,DJF
6,16,GradientBoostingRegressor,-0.187668782259293,-0.1404974714016866,3.780575829013327,10.903032064437866,,,,DJF
6,16,XGBRegressor,-0.1995621311912196,-0.1519184454863611,3.799458071827247,1.3603081703186035,,,,DJF
6,16,LarsCV,-0.2045780177919842,-0.1567351132900962,3.8073933716404857,0.1532564163208007,,,,DJF
6,16,BayesianRidge,-0.205932388815649,-0.1580356919959631,3.8095331975920015,0.0525059700012207,,,,DJF
6,16,ElasticNetCV,-0.2063051885078475,-0.1583936849925316,3.810121988089163,0.2583863735198974,,,,DJF
6,16,RidgeCV,-0.206739069682877,-0.1588103334642279,3.81080713460027,0.0391163825988769,,,,DJF
6,16,Ridge,-0.2077021578820104,-0.1597351701461848,3.812327517708432,0.0274577140808105,,,,DJF
6,16,LassoLarsCV,-0.2077892667694596,-0.1598188192808227,3.8124650026083815,0.1256477832794189,,,,DJF
6,16,LassoLarsIC,-0.2078328768048394,-0.1598606972318317,3.812533830936896,0.0541319847106933,,,,DJF
6,16,LinearRegression,-0.2078328768048403,-0.1598606972318326,3.812533830936897,0.0370714664459228,,,,DJF
6,16,TransformedTargetRegressor,-0.2078328768048403,-0.1598606972318326,3.812533830936897,0.0383863449096679,,,,DJF
6,16,LassoCV,-0.2079439677469774,-0.1599673759123667,3.812709156615233,0.3793108463287353,,,,DJF
6,16,OrthogonalMatchingPursuitCV,-0.2201586955735999,-0.1716969645049222,3.831937724080968,0.0579407215118408,,,,DJF
6,16,SGDRegressor,-0.2221149965028404,-0.173575565926823,3.835008398813132,0.0547893047332763,,,,DJF
6,16,OrthogonalMatchingPursuit,-0.222609113455857,-0.1740500577581398,3.8357835922979793,0.0268440246582031,,,,DJF
6,16,MLPRegressor,-0.241821967636274,-0.1924998241732272,3.865805074651985,8.926405429840088,,,,DJF
6,16,LassoLars,-0.2541348134196732,-0.2043236337163323,3.884922813094256,0.0284371376037597,,,,DJF
6,16,Lasso,-0.2541348134196732,-0.2043236337163323,3.884922813094256,0.0276539325714111,,,,DJF
6,16,RandomForestRegressor,-0.2684672886506074,-0.2180868579451553,3.9070585436930414,30.201061248779297,,,,DJF
6,16,ExtraTreesRegressor,-0.2734063853244219,-0.2228297857307777,3.914657711503821,10.886096954345703,,,,DJF
6,16,BaggingRegressor,-0.2919214692198264,-0.2406094955967972,3.94301419408354,2.986219882965088,,,,DJF
6,16,AdaBoostRegressor,-0.3334956621636977,-0.2805324628721124,4.005955183958738,2.9866597652435303,,,,DJF
6,16,PassiveAggressiveRegressor,-0.5132451343479221,-0.4531427238927974,4.267415455869418,0.0631783008575439,,,,DJF
6,16,DecisionTreeRegressor,-0.617775449590025,-0.553521349650439,4.412344395985321,0.5116686820983887,,,,DJF
6,16,ExtraTreeRegressor,-0.6922253913653071,-0.6250143210992536,4.512730376361461,0.1446962356567382,,,,DJF
6,16,RANSACRegressor,-0.7515045106214842,-0.6819390181431377,4.591091124558983,0.2530844211578369,,,,DJF
6,16,Lars,-1.062539070178841,-0.9806200426783578,4.982087775451308,0.03536057472229,,,,DJF
6,16,TweedieRegressor,0.3690365349959882,0.3949428816430508,2.5179103879792795,0.0334713459014892,0.3357,0.067,0.2923,JJA
6,16,PoissonRegressor,0.35219358589326,0.378791476983409,2.55129562938288,0.0485551357269287,0.3166,0.0806,0.2659,JJA
6,16,KNeighborsRegressor,0.3122234055143069,0.3404624080251246,2.6288261085904727,0.084479808807373,0.266,0.1052,0.1892,JJA
6,16,HuberRegressor,0.2727968627526146,0.302654655796531,2.7031244145681703,0.2616457939147949,0.2176,0.1161,0.1155,JJA
6,16,LinearSVR,0.2691876209358718,0.2991936036529209,2.7098241616092387,0.4434964656829834,0.2154,0.114,0.1188,JJA
6,16,ElasticNet,0.2611240180760633,0.2914610793776848,2.7247329140147487,0.0283823013305664,,,,JJA
6,16,SGDRegressor,0.2586332603323341,0.2890725881471562,2.729321600023225,0.0498299598693847,,,,JJA
6,16,ElasticNetCV,0.2488421640789914,0.2796834985830474,2.7472853117123512,0.1968522071838379,,,,JJA
6,16,LGBMRegressor,0.2480932103242807,0.2789652956668057,2.748654582535729,2.950460433959961,,,,JJA
6,16,PassiveAggressiveRegressor,0.2438095053953369,0.2748574727833022,2.7564731731248653,0.0484347343444824,,,,JJA
6,16,BayesianRidge,0.2346142965722769,0.2660398044684882,2.773181766554631,0.046572208404541,,,,JJA
6,16,CatBoostRegressor,0.2344517246637236,0.2658839075014357,2.7734762700401348,7.206137895584106,,,,JJA
6,16,LassoLarsCV,0.23404906184659,0.2654977773729617,2.7742055701982022,0.1170694828033447,,,,JJA
6,16,LassoLarsIC,0.233962911691591,0.2654151644049837,2.774361579877169,0.052640676498413,,,,JJA
6,16,RidgeCV,0.2334910037025843,0.2649626322001972,2.77521600444751,0.0433769226074218,,,,JJA
6,16,Ridge,0.2334910037019204,0.2649626321995606,2.775216004448712,0.028386116027832,,,,JJA
6,16,LassoCV,0.2334576548801671,0.2649306526268756,2.775276375023404,0.2854034900665283,,,,JJA
6,16,LinearRegression,0.2334228322788205,0.2648972597856208,2.7753394121445125,0.0370917320251464,,,,JJA
6,16,TransformedTargetRegressor,0.2334228322788205,0.2648972597856208,2.7753394121445125,0.0393624305725097,,,,JJA
6,16,HistGradientBoostingRegressor,0.2315685770818744,0.2631191373294251,2.7786939858948103,0.7843472957611084,,,,JJA
6,16,GradientBoostingRegressor,0.2312181156509237,0.2627830652820446,2.7793275584119663,10.18717360496521,,,,JJA
6,16,OrthogonalMatchingPursuitCV,0.2175418629295121,0.2496683375355085,2.803940017208334,0.0584630966186523,,,,JJA
6,16,OrthogonalMatchingPursuit,0.1832802149304186,0.216813417784553,2.864670669256469,0.0298459529876709,,,,JJA
6,16,ExtraTreesRegressor,0.170776670071824,0.2048232483991671,2.8865156690002176,10.017212867736816,,,,JJA
6,16,RandomForestRegressor,0.1690098719443036,0.2031289921655685,2.889589133436262,26.68603563308716,,,,JJA
6,16,XGBRegressor,0.1606356204332029,0.1950985739738104,2.9041124633658693,1.6615417003631592,,,,JJA
6,16,RANSACRegressor,0.1386461631232771,0.1740119684694929,2.941907134499304,0.2487738132476806,,,,JJA
6,16,BaggingRegressor,0.1276878492852988,0.1635035854004097,2.9605617522334517,2.626706123352051,,,,JJA
6,16,MLPRegressor,0.093405069967836,0.1306284019490836,3.0181777015042077,8.52049970626831,,,,JJA
6,16,AdaBoostRegressor,0.0477192753195784,0.0868183926650337,3.093290160063085,2.823485851287842,,,,JJA
6,16,LassoLars,0.0153236366664468,0.0557528669128063,3.1454654533314983,0.0260522365570068,,,,JJA
6,16,Lasso,0.0153158777506665,0.0557454265656484,3.145477845907564,0.0272960662841796,,,,JJA
6,16,LarsCV,0.0065620628427686,0.0473510292406477,3.159428515242978,0.1036508083343505,,,,JJA
6,16,QuantileRegressor,-0.0465297704866658,-0.0035609386692387,3.2427536493895106,3.62917685508728,,,,JJA
6,16,DummyRegressor,-0.0565247428153892,-0.0131455334844654,3.258201950380829,0.0215585231781005,,,,JJA
6,16,DecisionTreeRegressor,-0.1733958022193549,-0.125218054865458,3.433684818263892,0.4619331359863281,,,,JJA
6,16,ExtraTreeRegressor,-0.254745235019981,-0.203227410589416,3.550716029320722,0.1221070289611816,,,,JJA
6,16,Lars,-179552803477654.28,-172180653699830.84,42475085.17203302,0.0362162590026855,,,,JJA
6,16,TweedieRegressor,0.2233885250565694,0.2553917451778646,2.209572287662747,0.0318779945373535,0.1787,0.1833,-0.0286,MAM
6,16,PoissonRegressor,0.154793337609799,0.1896232824885161,2.3050893734764006,0.0481681823730468,0.1007,0.1674,-0.0908,MAM
6,16,ElasticNet,0.1230340645748973,0.1591727707050525,2.347997741311592,0.0295720100402832,0.0575,0.1144,-0.0705,MAM
6,16,KNeighborsRegressor,0.1106584558726441,0.1473071458778921,2.36450699325134,0.0886518955230712,0.0619,0.2379,-0.2125,MAM
6,16,LinearSVR,0.1100390325574792,0.1467132482487918,2.365330285400103,0.5539112091064453,0.0463,0.1387,-0.1139,MAM
6,16,HuberRegressor,0.1055416924402345,0.1424012380814336,2.3712992491277403,0.2646002769470215,,,,MAM
6,16,ElasticNetCV,0.0627311231865357,0.10135484063764,2.4273835850296783,0.2863647937774658,,,,MAM
6,16,LassoCV,0.0602694476782613,0.0989946078014099,2.4305691769620004,0.3297443389892578,,,,MAM
6,16,SGDRegressor,0.0575511164626312,0.0963882957292809,2.4340820567505848,0.0568585395812988,,,,MAM
6,16,BayesianRidge,0.0572887326702272,0.0961367244557948,2.434420865171074,0.0493776798248291,,,,MAM
6,16,GradientBoostingRegressor,0.0561234861957086,0.0950194963799513,2.4359249440912105,10.733446836471558,,,,MAM
6,16,Ridge,0.0543479931025202,0.0933171692109328,2.4382149342937227,0.026717185974121,,,,MAM
6,16,RidgeCV,0.0543479931020909,0.0933171692105211,2.438214934294276,0.0365345478057861,,,,MAM
6,16,LassoLarsIC,0.0541178939784167,0.0930965521935918,2.4385115534479342,0.0550906658172607,,,,MAM
6,16,LassoLarsCV,0.0541178939784167,0.0930965521935918,2.4385115534479342,0.1237525939941406,,,,MAM
6,16,LinearRegression,0.0541178634126385,0.0930965228873924,2.438511592847666,0.0400290489196777,,,,MAM
6,16,TransformedTargetRegressor,0.0541178634126385,0.0930965228873924,2.438511592847666,0.0360336303710937,,,,MAM
6,16,HistGradientBoostingRegressor,0.0422024661391194,0.0816721447322875,2.453822644884975,0.8145110607147217,,,,MAM
6,16,LGBMRegressor,0.0346097687307903,0.0743923332061697,2.4635294745704712,0.2629110813140869,,,,MAM
6,16,OrthogonalMatchingPursuitCV,0.0205172701310593,0.0608805694388452,2.4814452886254617,0.0533726215362548,,,,MAM
6,16,CatBoostRegressor,0.0165246771995489,0.0570525064358312,2.486497611112218,3.972430229187012,,,,MAM
6,16,RandomForestRegressor,-0.041527410779478,0.0013926748295662,2.558831361196195,28.073810338974,,,,MAM
6,16,DummyRegressor,-0.0492679019855073,-0.0060288400905001,2.5683222049044367,0.0213971138000488,,,,MAM
6,16,QuantileRegressor,-0.0584085296805956,-0.0147927935673843,2.5794848312231884,3.836422681808472,,,,MAM
6,16,ExtraTreesRegressor,-0.0638232883925868,-0.019984416618167,2.586074663577846,10.90767741203308,,,,MAM
6,16,Lasso,-0.0671496843516958,-0.0231737358207195,2.5901146175841245,0.0374286174774169,,,,MAM
6,16,LassoLars,-0.0671783721833818,-0.0232012414615392,2.590149431947056,0.026606798171997,,,,MAM
6,16,MLPRegressor,-0.0734506251457758,-0.0292150224611973,2.5977499753643074,9.267273664474487,,,,MAM
6,16,XGBRegressor,-0.0827584511188235,-0.0381392841771137,2.6089881336934906,1.2531969547271729,,,,MAM
6,16,RANSACRegressor,-0.0830731281954839,-0.0384409937918239,2.609367225224353,0.2494378089904785,,,,MAM
6,16,LarsCV,-0.0947822652679313,-0.0496676114794176,2.623434282454033,0.1176862716674804,,,,MAM
6,16,BaggingRegressor,-0.1073862841907726,-0.061752234018076,2.6384926142380687,2.8875060081481934,,,,MAM
6,16,OrthogonalMatchingPursuit,-0.1153515957389172,-0.0693893047057201,2.6479648097534927,0.0247859954833984,,,,MAM
6,16,AdaBoostRegressor,-0.4114191850819306,-0.3532563065758072,2.9787518216633075,2.8904519081115723,,,,MAM
6,16,ExtraTreeRegressor,-0.5993269002602901,-0.5334205719528606,3.170844421575607,0.1288681030273437,,,,MAM
6,16,DecisionTreeRegressor,-0.6211906113452639,-0.5543833059326844,3.192444476938457,0.4883871078491211,,,,MAM
6,16,PassiveAggressiveRegressor,-0.7053620513570624,-0.6350861426472936,3.274270912874565,0.0437197685241699,,,,MAM
6,16,Lars,-123897669385225.05,-118791996196273.44,27908589.0796912,0.0369009971618652,,,,MAM
6,16,TweedieRegressor,0.1614779950519457,0.1967100120665698,3.4670759799453066,0.0321407318115234,0.2008,0.0914,0.1391,SON
6,16,KNeighborsRegressor,0.0612175582043088,0.1006621986158924,3.6685007002942895,0.0852344036102294,0.1024,0.0734,0.0544,SON
6,16,PoissonRegressor,0.0513891045394224,0.0912467051890264,3.687654131547232,0.0498843193054199,0.102,0.139,-0.0263,SON
6,16,HuberRegressor,0.0426964728631653,0.0829193101378221,3.7045115799259714,0.2541463375091553,0.09,0.1107,-0.0064,SON
6,16,LinearSVR,0.03720468274579,0.0776582675043702,3.715122272004392,0.4283168315887451,0.0844,0.1082,-0.0098,SON
6,16,TransformedTargetRegressor,0.02084512057276,0.0619860818932321,3.746552506033021,0.0372791290283203,,,,SON
6,16,LinearRegression,0.02084512057276,0.0619860818932321,3.746552506033021,0.0359635353088378,,,,SON
6,16,Ridge,0.0207714855549496,0.0619155407837331,3.7466933786772896,0.028313398361206,,,,SON
6,16,RidgeCV,0.0207714855548901,0.0619155407836762,3.7466933786774033,0.0402145385742187,,,,SON
6,16,LassoLarsCV,0.0204199724293413,0.061578797117184,3.7473657925777513,0.1208686828613281,,,,SON
6,16,LassoLarsIC,0.0203432632762327,0.0615053110377354,3.747512514448809,0.0515327453613281,,,,SON
6,16,BayesianRidge,0.0202515881367451,0.061417487794865,3.747687854280942,0.0515251159667968,,,,SON
6,16,LassoCV,0.0194386041010745,0.0606386627522897,3.749242426132914,0.4173061847686767,,,,SON
6,16,ElasticNetCV,0.0194151121580951,0.060616157865738,3.7492873373756654,0.3406307697296142,,,,SON
6,16,SGDRegressor,-0.0034801604148377,0.0386828715353653,3.79280506640084,0.057772159576416,,,,SON
6,16,OrthogonalMatchingPursuitCV,-0.0235660935248305,0.0194408851946999,3.8305759063276015,0.0563042163848876,,,,SON
6,16,LarsCV,-0.0354538746306061,0.0080525906900075,3.852756004260725,0.1112227439880371,,,,SON
6,16,ElasticNet,-0.041021449411144,0.0027189476229374,3.863100139533727,0.0323164463043212,,,,SON
6,16,OrthogonalMatchingPursuit,-0.0412259169845825,0.0025230711240131,3.86347949767789,0.0263812541961669,,,,SON
6,16,RANSACRegressor,-0.0495550509444111,-0.0054560992240577,3.878901386532018,0.2528440952301025,,,,SON
6,16,GradientBoostingRegressor,-0.0644255785426135,-0.0197018147383021,3.906283671835424,10.366485118865969,,,,SON
6,16,HistGradientBoostingRegressor,-0.0993148034495123,-0.0531251058255832,3.9697866350925386,0.7845401763916016,,,,SON
6,16,CatBoostRegressor,-0.1108603790900795,-0.0641855732459586,3.990578567402904,4.108486890792847,,,,SON
6,16,LGBMRegressor,-0.1231400188413565,-0.0759492617471819,4.01257421598857,0.9220552444458008,,,,SON
6,16,XGBRegressor,-0.1247943996533587,-0.0775341307603605,4.015528381506752,1.3534739017486572,,,,SON
6,16,RandomForestRegressor,-0.1477816683485584,-0.0995555478297114,4.056353254440919,27.449804544448853,,,,SON
6,16,ExtraTreesRegressor,-0.1672901445798187,-0.1182443401857087,4.090680274161065,10.446641683578491,,,,SON
6,16,DummyRegressor,-0.1747015904193241,-0.12534438073784,4.103646152230859,0.0278594493865966,,,,SON
6,16,AdaBoostRegressor,-0.2158225736718833,-0.1647375915848294,4.174853386201132,3.4787380695343018,,,,SON
6,16,BaggingRegressor,-0.2214639326612044,-0.1701419186838431,4.184527737757238,2.808834791183472,,,,SON
6,16,MLPRegressor,-0.2561242070008043,-0.2033458789755604,4.24348254090647,8.518772840499878,,,,SON
6,16,QuantileRegressor,-0.2805848054778366,-0.2267787212140619,4.284600157244861,3.686124324798584,,,,SON
6,16,LassoLars,-0.291804929335502,-0.2375274112961953,4.303329452206896,0.0263319015502929,,,,SON
6,16,Lasso,-0.2918142977999953,-0.2375363861277266,4.303345056542801,0.0259273052215576,,,,SON
6,16,PassiveAggressiveRegressor,-0.3439829807762433,-0.2875131076343844,4.389378294609108,0.0521912574768066,,,,SON
6,16,ExtraTreeRegressor,-0.5080654801667848,-0.4447013843614578,4.64960678806091,0.1270880699157714,,,,SON
6,16,DecisionTreeRegressor,-0.557025518279503,-0.4916042780156584,4.724479754980846,0.4860432147979736,,,,SON
6,16,Lars,-4.563520682594798e+19,-4.371776116099219e+19,25577384885.18061,0.0341794490814209,,,,SON
7,9,TweedieRegressor,0.2865179621901641,0.2983045597310755,2.719983166480304,0.0450794696807861,0.1671,0.1375,-0.0476,
7,9,LinearSVR,0.2220578651204662,0.2349093321063615,2.840196196039169,1.0512406826019287,0.0765,0.1737,-0.2441,
7,9,HuberRegressor,0.2172337886482392,0.2301649485273983,2.848988719227421,0.5129663944244385,0.0664,0.1792,-0.2917,
7,9,KNeighborsRegressor,0.2092007299313815,0.222264594525026,2.8635701332876207,0.3453578948974609,0.0922,0.1629,-0.169,
7,9,PoissonRegressor,0.207039424701273,0.2201389936764721,2.867480623813851,0.0571343898773193,0.0648,0.1695,-0.1983,
7,9,CatBoostRegressor,0.1996654496385674,0.2128868353824237,2.8807825462167638,5.784738779067993,,,,
7,9,TransformedTargetRegressor,0.187753832012952,0.2011719955810199,2.9021411407319637,0.0483903884887695,,,,
7,9,LinearRegression,0.187753832012952,0.2011719955810199,2.9021411407319637,0.0441088676452636,,,,
7,9,LassoLarsIC,0.1877538320129507,0.2011719955810186,2.902141140731966,0.0673620700836181,,,,
7,9,Ridge,0.1877504072982214,0.2011686274419732,2.902147258947985,0.0396277904510498,,,,
7,9,RidgeCV,0.187750407298198,0.2011686274419502,2.902147258948028,0.0497500896453857,,,,
7,9,LassoLarsCV,0.1874597786076817,0.2008827998861891,2.902666416994253,0.1857609748840332,,,,
7,9,BayesianRidge,0.1873818945645914,0.2008062024737666,2.902805527633472,0.0641994476318359,,,,
7,9,LassoCV,0.1849954742698715,0.1984592054218009,2.9070647458073253,0.3630642890930176,,,,
7,9,ElasticNetCV,0.1846864681383458,0.1981553040171176,2.907615795324272,0.3565590381622314,,,,
7,9,HistGradientBoostingRegressor,0.1846549637674233,0.1981243200928513,2.9076719710885968,1.4233646392822266,,,,
7,9,LGBMRegressor,0.1797927827185098,0.1933424614180938,2.916328805104909,1.8638956546783447,,,,
7,9,SGDRegressor,0.177069687339333,0.1906643510947404,2.921165912625354,0.0659558773040771,,,,
7,9,GradientBoostingRegressor,0.1749620422865824,0.18859152396687,2.924904287385071,24.200453996658325,,,,
7,9,XGBRegressor,0.1693953495928083,0.1831167920554821,2.934755149946107,1.6347904205322266,,,,
7,9,RandomForestRegressor,0.1606868332030543,0.1745521388219465,2.95009982857057,58.56199169158936,,,,
7,9,LarsCV,0.1563261520338817,0.1702634953372868,2.957753573993295,0.2204635143280029,,,,
7,9,MLPRegressor,0.1535931668125659,0.1675756585502438,2.962540353277548,12.86376667022705,,,,
7,9,ExtraTreesRegressor,0.1490109724387119,0.1630691612200107,2.970548684559714,19.865225315093998,,,,
7,9,BaggingRegressor,0.1331429615788917,0.1474632871034694,2.99811601393734,5.911598205566406,,,,
7,9,OrthogonalMatchingPursuitCV,0.1292672275146607,0.1436515794830307,3.0048108555349566,0.0821106433868408,,,,
7,9,ElasticNet,0.1268239718400036,0.1412486859615893,3.009023616662565,0.0301532745361328,,,,
7,9,OrthogonalMatchingPursuit,0.1176999000034296,0.1322753421839897,3.0247038454398667,0.0312979221343994,,,,
7,9,RANSACRegressor,0.0984329208898485,0.1133266501703025,3.0575510487450543,0.2124590873718261,,,,
7,9,Lasso,0.0411903117788995,0.057029678875063,3.1531229174642683,0.0387368202209472,,,,
7,9,LassoLars,0.0411879174521123,0.0570273241021325,3.1531268544300937,0.0393693447113037,,,,
7,9,PassiveAggressiveRegressor,0.0384532210125611,0.0543378043658777,3.157620281887791,0.070338487625122,,,,
7,9,DummyRegressor,-0.0182782085397625,-0.0014564319669692,3.249435487584064,0.0236225128173828,,,,
7,9,AdaBoostRegressor,-0.0339182895939595,-0.0168381416381122,3.2742949869250983,3.925962448120117,,,,
7,9,QuantileRegressor,-0.0376160128554199,-0.0204747791628745,3.2801448837994336,12.941778898239136,,,,
7,9,ExtraTreeRegressor,-0.239479034220106,-0.2190030589851925,3.5850423205824185,0.2211487293243408,,,,
7,9,DecisionTreeRegressor,-0.2505123106113283,-0.2298540675946214,3.6009631739045203,1.0183768272399902,,,,
7,9,Lars,-58.054790017140895,-57.07921529218813,24.745843332173767,0.0450515747070312,,,,
7,9,TweedieRegressor,0.0124503964599416,0.0777069781916635,3.238647849246857,0.0242178440093994,0.0583,0.0765,-0.0292,DJF
7,9,CatBoostRegressor,-0.0695414163260521,0.0011331266029821,3.3704126168459267,3.493030309677124,-0.0225,0.0354,-0.0612,DJF
7,9,HuberRegressor,-0.0887186618775732,-0.0167769000794957,3.400494699297034,0.1000599861145019,-0.0399,0.0588,-0.1072,DJF
7,9,PoissonRegressor,-0.0893847587198737,-0.0173989817119526,3.4015347808700813,0.0286595821380615,-0.0419,0.065,-0.1056,DJF
7,9,LinearSVR,-0.0953716587874231,-0.0229902716428798,3.4108688320005194,0.154679536819458,-0.0461,0.0632,-0.1179,DJF
7,9,TransformedTargetRegressor,-0.0960097566817634,-0.0235862044781227,3.411862171258665,0.0370800495147705,,,,DJF
7,9,LinearRegression,-0.0960097566817634,-0.0235862044781227,3.411862171258665,0.021378755569458,,,,DJF
7,9,LassoLarsIC,-0.0960097566817641,-0.0235862044781234,3.4118621712586665,0.0302319526672363,,,,DJF
7,9,Ridge,-0.0962622816068217,-0.0238220427341242,3.412255201800459,0.0308978557586669,,,,DJF
7,9,RidgeCV,-0.0962622816068399,-0.0238220427341413,3.4122552018004875,0.0289721488952636,,,,DJF
7,9,KNeighborsRegressor,-0.0968971127630953,-0.0244149246950493,3.413243054998086,0.0392878055572509,,,,DJF
7,9,LassoLarsCV,-0.0987886191289784,-0.0261814416534953,3.4161847119723974,0.0707838535308837,,,,DJF
7,9,BayesianRidge,-0.0990784617721594,-0.0264521316991093,3.4166352493647163,0.0374040603637695,,,,DJF
7,9,LassoCV,-0.0998700437413633,-0.0271914064897313,3.4178653981478244,0.1933894157409668,,,,DJF
7,9,ElasticNetCV,-0.1012493052428142,-0.0284795273633331,3.420007766333748,0.1583843231201172,,,,DJF
7,9,ElasticNet,-0.1034895311632908,-0.0305717207339986,3.4234845892266623,0.0162150859832763,,,,DJF
7,9,DummyRegressor,-0.1038213628584567,-0.0308816252246382,3.423999290667787,0.0140435695648193,,,,DJF
7,9,GradientBoostingRegressor,-0.1065656027397121,-0.0334445276688062,3.428252896771137,5.505529880523682,,,,DJF
7,9,XGBRegressor,-0.1092349575883697,-0.035937493430548,3.4323853726360047,1.077847242355347,,,,DJF
7,9,SGDRegressor,-0.1114253797637365,-0.0379831740524765,3.435772691519023,0.0432751178741455,,,,DJF
7,9,HistGradientBoostingRegressor,-0.1115346693933529,-0.0380852419004003,3.435941612033768,1.0221490859985352,,,,DJF
7,9,Lasso,-0.1135446700372651,-0.0399624231185031,3.439046834795767,0.0155031681060791,,,,DJF
7,9,LassoLars,-0.1135446700372651,-0.0399624231185031,3.439046834795767,0.0156793594360351,,,,DJF
7,9,LarsCV,-0.1167584510448052,-0.0429638397422851,3.444005944517136,0.0884449481964111,,,,DJF
7,9,LGBMRegressor,-0.1254873686267614,-0.0511159566029666,3.4574394350893485,1.1817586421966553,,,,DJF
7,9,RandomForestRegressor,-0.1268940288867415,-0.0524296657444458,3.4595993544843293,12.171841144561768,,,,DJF
7,9,BaggingRegressor,-0.1309591785329755,-0.0562261931673604,3.4658338042878345,1.2456741333007812,,,,DJF
7,9,ExtraTreesRegressor,-0.1321682953014251,-0.0573554123519919,3.467685983569614,4.592403173446655,,,,DJF
7,9,MLPRegressor,-0.1646100240462245,-0.0876534145277516,3.51701750970761,3.0084824562072754,,,,DJF
7,9,OrthogonalMatchingPursuitCV,-0.1694441559903017,-0.0921681104402818,3.524309272581225,0.0359387397766113,,,,DJF
7,9,OrthogonalMatchingPursuit,-0.1749414956889503,-0.0973021898064205,3.5325831220671837,0.0146174430847167,,,,DJF
7,9,QuantileRegressor,-0.1759539962942398,-0.0982477850853693,3.534104888186514,1.0327672958374023,,,,DJF
7,9,AdaBoostRegressor,-0.185634226218712,-0.107288352239502,3.548621115773727,1.5628178119659424,,,,DJF
7,9,PassiveAggressiveRegressor,-0.389623386920886,-0.2977980529833826,3.841782959157381,0.0235671997070312,,,,DJF
7,9,DecisionTreeRegressor,-0.5261291913410597,-0.4252836500630161,4.026056991320504,0.2172482013702392,,,,DJF
7,9,ExtraTreeRegressor,-0.5581423928846732,-0.4551814418129989,4.0680645963550415,0.0607905387878418,,,,DJF
7,9,RANSACRegressor,-0.9847611240343676,-0.8536095079087487,4.5913287556018245,0.153041124343872,,,,DJF
7,9,Lars,-4.444408210115964,-4.084645553059843,7.604306419569968,0.0242292881011962,,,,DJF
7,9,TweedieRegressor,0.3840343120085913,0.4249773784186553,2.03542464909259,0.02146577835083,0.2894,0.1149,0.1897,JJA
7,9,LinearSVR,0.3348716726487395,0.3790825658995618,2.1150931145332,0.2582080364227295,0.1997,0.1987,-0.0102,JJA
7,9,CatBoostRegressor,0.3342993531300445,0.378548288298653,2.1160029004612646,3.276723623275757,0.1998,0.1737,0.0116,JJA
7,9,HuberRegressor,0.3325570779971658,0.3769218217048874,2.1187700978625963,0.0942142009735107,0.1927,0.2053,-0.0274,JJA
7,9,ExtraTreesRegressor,0.3301565222593102,0.3746808302332113,2.122576910712049,4.30665397644043,0.2098,0.1515,0.0561,JJA
7,9,PoissonRegressor,0.3240390954927182,0.3689700271069392,2.1322472275375137,0.0292849540710449,,,,JJA
7,9,HistGradientBoostingRegressor,0.3230513645263603,0.3680479503407086,2.133804505329416,1.096648931503296,,,,JJA
7,9,RandomForestRegressor,0.3222411635710722,0.3672916032155356,2.135081037542406,11.234712600708008,,,,JJA
7,9,GradientBoostingRegressor,0.3202560942711463,0.3654384809148662,2.138205441667321,5.139613628387451,,,,JJA
7,9,LGBMRegressor,0.3173287934642198,0.3627057569710293,2.1428045606821224,0.7004001140594482,,,,JJA
7,9,BayesianRidge,0.3112855866095423,0.3570642403799567,2.152268032431733,0.0226006507873535,,,,JJA
7,9,ElasticNetCV,0.3108448098733647,0.3566527619497289,2.1529566472783555,0.1213064193725586,,,,JJA
7,9,KNeighborsRegressor,0.3105149853287922,0.3563448607500689,2.15347178016444,0.036405324935913,,,,JJA
7,9,LassoLarsCV,0.3095335267509446,0.3554286394484445,2.1550039322064216,0.0628762245178222,,,,JJA
7,9,LassoCV,0.3094730985474911,0.3553722278907155,2.1550982308957973,0.1435935497283935,,,,JJA
7,9,RidgeCV,0.3092327313227236,0.3551478378079192,2.1554732850090668,0.0219538211822509,,,,JJA
7,9,LassoLarsIC,0.3081677382766691,0.3541536345507456,2.157134249596068,0.0291841030120849,,,,JJA
7,9,Ridge,0.307812384038389,0.353821900608954,2.157688176055641,0.0183701515197753,,,,JJA
7,9,TransformedTargetRegressor,0.3076131316171762,0.3536358924402589,2.1579987086687846,0.021191120147705,,,,JJA
7,9,LinearRegression,0.3076131316171762,0.3536358924402589,2.1579987086687846,0.0200531482696533,,,,JJA
7,9,XGBRegressor,0.2982073278425483,0.3448552898027924,2.1726070465022693,1.000987529754639,,,,JJA
7,9,LarsCV,0.2919791183155825,0.3390410676151375,2.182226384935127,0.0597951412200927,,,,JJA
7,9,SGDRegressor,0.2919517566055675,0.3390155246303081,2.18226855097162,0.0262970924377441,,,,JJA
7,9,BaggingRegressor,0.2839507373699118,0.3315463308977611,2.194563845500149,1.1540374755859375,,,,JJA
7,9,OrthogonalMatchingPursuitCV,0.2585976017711716,0.3078784111069135,2.233077328847469,0.026648998260498,,,,JJA
7,9,OrthogonalMatchingPursuit,0.2497047754753504,0.2995766884792045,2.2464298449757627,0.0165629386901855,,,,JJA
7,9,ElasticNet,0.2369826976739941,0.2877002436188541,2.26539512859148,0.0167927742004394,,,,JJA
7,9,AdaBoostRegressor,0.2044697536845348,0.2573484258916189,2.313157036577635,1.4483411312103271,,,,JJA
7,9,MLPRegressor,0.1748613634368468,0.2297080970341022,2.3558098361658777,2.93141508102417,,,,JJA
7,9,Lasso,0.1607421432318551,0.216527377433578,2.375879864869819,0.0156574249267578,,,,JJA
7,9,LassoLars,0.1607389381186099,0.2165243853633108,2.3758844015903824,0.0155675411224365,,,,JJA
7,9,DecisionTreeRegressor,0.048691598408624,0.1119248008777701,2.529516026324725,0.2053914070129394,,,,JJA
7,9,PassiveAggressiveRegressor,0.0415541399625646,0.105261767291493,2.538987496117909,0.0223519802093505,,,,JJA
7,9,ExtraTreeRegressor,-0.0001615960882299,0.0663188645084765,2.593652906275257,0.0592308044433593,,,,JJA
7,9,QuantileRegressor,-0.0712134120004557,-1.0157140750477469e-05,2.684199369213717,0.97273588180542,,,,JJA
7,9,DummyRegressor,-0.0789015110426083,-0.0071872303972355,2.6938143982082936,0.0138554573059082,,,,JJA
7,9,RANSACRegressor,-0.2103993208896812,-0.1299444177286242,2.853258402312927,0.1617712974548339,,,,JJA
7,9,Lars,-10590028.53232238,-9886112.241399918,8439.667846967324,0.0241103172302246,,,,JJA
7,9,GammaRegressor,0.1531286288082839,0.2054764470824971,2.34865624711133,0.0247740745544433,0.1601,0.1066,0.0516,MAM
7,9,TweedieRegressor,0.1468389132160443,0.1995755188551625,2.3573618505129383,0.0198884010314941,0.1453,0.0832,0.0565,MAM
7,9,LinearSVR,0.0819246811316061,0.1386738423253942,2.445399886433993,0.1940779685974121,0.0746,0.0731,-0.0043,MAM
7,9,HuberRegressor,0.0681936636605089,0.1257915828023731,2.463619093499936,0.0998885631561279,0.0538,0.0574,-0.0119,MAM
7,9,KNeighborsRegressor,0.0611380258404079,0.1191720764409322,2.472928765731857,0.0408623218536376,0.0765,0.157,-0.1041,MAM
7,9,PoissonRegressor,0.049031497306782,0.1078138910172145,2.488821776124692,0.0291402339935302,,,,MAM
7,9,LinearRegression,-0.002207253807684,0.0597423703974612,2.554991752083116,0.0213797092437744,,,,MAM
7,9,TransformedTargetRegressor,-0.002207253807684,0.0597423703974612,2.554991752083116,0.0202908515930175,,,,MAM
7,9,Ridge,-0.0025798283558144,0.0593928258694762,2.555466622146101,0.0177075862884521,,,,MAM
7,9,SGDRegressor,-0.0026390619637965,0.0593372536795699,2.555542111033928,0.0376269817352294,,,,MAM
7,9,BayesianRidge,-0.0036350744589963,0.0584028078908043,2.556811122063213,0.0287444591522216,,,,MAM
7,9,RidgeCV,-0.0041744666217289,0.0578967572765921,2.557498094184415,0.0223059654235839,,,,MAM
7,9,LassoLarsIC,-0.0043328312861006,0.057748181636804,2.5576997530462906,0.031351089477539,,,,MAM
7,9,ElasticNetCV,-0.007748389561015,0.0545437499036081,2.5620452038335664,0.1353204250335693,,,,MAM
7,9,LassoCV,-0.0093120452109578,0.0530767487924667,2.5640321103288777,0.1529240608215332,,,,MAM
7,9,LassoLarsCV,-0.009434490286569,0.0529618724371887,2.5641876338787304,0.0618510246276855,,,,MAM
7,9,ElasticNet,-0.0261442840284935,0.0372849642974435,2.5853238151219684,0.0178694725036621,,,,MAM
7,9,LarsCV,-0.0326772355227813,0.0311558353543137,2.593540494950253,0.0694315433502197,,,,MAM
7,9,GradientBoostingRegressor,-0.0344387623671202,0.0295031940978802,2.595751565576333,5.51420783996582,,,,MAM
7,9,HistGradientBoostingRegressor,-0.0636690003406239,0.0020797702848266,2.6321702897150496,1.3023340702056885,,,,MAM
7,9,LGBMRegressor,-0.064436491927839,0.0013597197984697,2.633119741222288,1.858081340789795,,,,MAM
7,9,QuantileRegressor,-0.0668309801577546,-0.0008867574831681,2.636079726360934,1.026594638824463,,,,MAM
7,9,CatBoostRegressor,-0.0699663489930768,-0.0038283191789443,2.639950544984057,4.095600843429565,,,,MAM
7,9,OrthogonalMatchingPursuit,-0.0740155607966672,-0.0076272362968732,2.644941180618917,0.0209021568298339,,,,MAM
7,9,DummyRegressor,-0.0766778874518869,-0.010124996057196,2.6482173617240563,0.0134885311126708,,,,MAM
7,9,ExtraTreesRegressor,-0.0766814166039628,-0.0101283070611355,2.648221701905205,4.423892021179199,,,,MAM
7,9,OrthogonalMatchingPursuitCV,-0.0774551037776773,-0.0108541701650461,2.6491730173027555,0.0284464359283447,,,,MAM
7,9,XGBRegressor,-0.0937386951539516,-0.0261312208655892,2.6691164397153515,1.0466346740722656,,,,MAM
7,9,RandomForestRegressor,-0.0951365924382374,-0.0274427096638958,2.6708215815435814,11.824352979660034,,,,MAM
7,9,LassoLars,-0.0951711502255656,-0.02747513132426,2.670863721015829,0.0184829235076904,,,,MAM
7,9,Lasso,-0.0951711502255658,-0.0274751313242602,2.670863721015829,0.0202271938323974,,,,MAM
7,9,PassiveAggressiveRegressor,-0.0972850588909994,-0.0294583725584514,2.6734401402897343,0.0230255126953125,,,,MAM
7,9,BaggingRegressor,-0.1156325755283105,-0.0466717707223023,2.6956985499409303,1.197265625,,,,MAM
7,9,AdaBoostRegressor,-0.1944740441164383,-0.120639796883966,2.78932481241626,1.4356513023376465,,,,MAM
7,9,MLPRegressor,-0.2522815730767636,-0.1748740582574581,2.856023171771912,3.114153385162353,,,,MAM
7,9,RANSACRegressor,-0.5352550035003392,-0.440355999163093,3.1622848858400934,0.1565349102020263,,,,MAM
7,9,DecisionTreeRegressor,-0.6318970079659971,-0.5310242533527143,3.260296552107148,0.2046449184417724,,,,MAM
7,9,ExtraTreeRegressor,-0.7086425596283517,-0.6030259178930826,3.3360791160152,0.0585691928863525,,,,MAM
7,9,Lars,-1603673370795.1016,-1504545209138.749,3231980.192470128,0.024660587310791,,,,MAM
7,9,GammaRegressor,0.1679865757995707,0.2269481570421209,3.05748889555159,0.0226702690124511,0.2445,0.2018,0.0356,SON
7,9,TweedieRegressor,0.1679158835942491,0.2268824745206409,3.057618782904109,0.0202183723449707,0.2425,0.1863,0.0492,SON
7,9,HuberRegressor,0.1022731988749774,0.1658916336003727,3.1759365484826625,0.0954060554504394,0.1842,0.2052,-0.0335,SON
7,9,LinearSVR,0.1017517013190704,0.1654070925641756,3.176858879577092,0.1541845798492431,0.1836,0.2045,-0.0335,SON
7,9,PoissonRegressor,0.0695466257629771,0.1354842664569393,3.2333076457487957,0.031259536743164,0.1557,0.2249,-0.0809,SON
7,9,SGDRegressor,0.0658873959322525,0.1320843521260299,3.2396592838147065,0.0369164943695068,,,,SON
7,9,TransformedTargetRegressor,0.0609143963309286,0.1274637698192881,3.248271435373828,0.0206708908081054,,,,SON
7,9,LinearRegression,0.0609143963309286,0.1274637698192881,3.248271435373828,0.0191373825073242,,,,SON
7,9,RidgeCV,0.0606761297856477,0.127242388304775,3.24868348797263,0.0195631980895996,,,,SON
7,9,Ridge,0.0606761297852901,0.1272423883044428,3.2486834879732487,0.0165052413940429,,,,SON
7,9,LassoLarsIC,0.0599069140772365,0.1265276839457788,3.250013395080169,0.0336298942565918,,,,SON
7,9,LassoLarsCV,0.05931468755891,0.1259774262358376,3.251036932595224,0.0620121955871582,,,,SON
7,9,LassoCV,0.0591381030612157,0.1258133556001847,3.251342058962728,0.1908040046691894,,,,SON
7,9,BayesianRidge,0.0581263078123919,0.1248732623768681,3.2530898226389664,0.0223522186279296,,,,SON
7,9,ElasticNetCV,0.0575010164582595,0.1242922830084616,3.254169474541704,0.1537637710571289,,,,SON
7,9,KNeighborsRegressor,0.0088096218855917,0.079051459704723,3.3371694592873165,0.0324175357818603,,,,SON
7,9,ElasticNet,0.0036760905492242,0.0742817219276257,3.3458001623232687,0.0229790210723876,,,,SON
7,9,GradientBoostingRegressor,0.0015340619972471,0.0722914906746076,3.349394852519655,5.189519166946411,,,,SON
7,9,LarsCV,-0.0001956481893072,0.0706843583752894,3.35229478892974,0.0651121139526367,,,,SON
7,9,CatBoostRegressor,-0.0083494046087435,0.0631084272139234,3.365931277822678,3.265493869781494,,,,SON
7,9,OrthogonalMatchingPursuitCV,-0.0163817526062801,0.0556453007280232,3.37931091729223,0.0305769443511962,,,,SON
7,9,RANSACRegressor,-0.0379028628121858,0.0356493085682052,3.4149006762540464,0.1511967182159423,,,,SON
7,9,OrthogonalMatchingPursuit,-0.0424773975688357,0.0313989534399794,3.422417953291488,0.0177493095397949,,,,SON
7,9,ExtraTreesRegressor,-0.0466643582546719,0.027508706503533,3.429283891177473,4.1963512897491455,,,,SON
7,9,HistGradientBoostingRegressor,-0.05916867080426,0.015890526339349,3.4497075944365743,1.094813108444214,,,,SON
7,9,RandomForestRegressor,-0.0670273847160445,0.0085887291614704,3.462481840880567,10.83585786819458,,,,SON
7,9,LGBMRegressor,-0.0727728104366327,0.0032504595943098,3.4717912200212604,1.0157887935638428,,,,SON
7,9,BaggingRegressor,-0.0854145880892922,-0.0084954440514684,3.492187462098828,1.13392972946167,,,,SON
7,9,Lasso,-0.0928600593927735,-0.0154132835302935,3.504144434690575,0.0201284885406494,,,,SON
7,9,LassoLars,-0.0928610593200762,-0.0154142125966063,3.5041460377727174,0.0178472995758056,,,,SON
7,9,XGBRegressor,-0.0941095243590304,-0.0165742037351621,3.506147003527184,1.0382611751556396,,,,SON
7,9,DummyRegressor,-0.0991816546372077,-0.0212868917101614,3.51426459643749,0.0133624076843261,,,,SON
7,9,AdaBoostRegressor,-0.1071102743785392,-0.0286536407611623,3.526916373373028,1.3889153003692627,,,,SON
7,9,MLPRegressor,-0.1372980285171763,-0.0567021052364316,3.574677483901765,2.947274923324585,,,,SON
7,9,QuantileRegressor,-0.1474589748386536,-0.0661429844957568,3.59061057157826,0.8964285850524902,,,,SON
7,9,DecisionTreeRegressor,-0.5028560830301905,-0.3963544708469486,4.109210776724305,0.196833848953247,,,,SON
7,9,ExtraTreeRegressor,-0.5684559942010883,-0.4573055694151844,4.19793674987783,0.0562107563018798,,,,SON
7,9,PassiveAggressiveRegressor,-0.6773117343843738,-0.5584471232862684,4.341168212432519,0.0228078365325927,,,,SON
7,9,Lars,-5.794514850941816e+18,-5.383879940245152e+18,8068787198.38333,0.0227978229522705,,,,SON
8,15,TweedieRegressor,0.2972160852915683,0.3044331725033162,2.489026238752274,0.0507559776306152,0.1936,0.1045,-0.0015,
8,15,KNeighborsRegressor,0.2290090053092963,0.2369265303574665,2.607013146315235,0.5871665477752686,0.1282,0.177,-0.1823,
8,15,LinearSVR,0.2094486394213739,0.2175670354108851,2.639876522575356,2.162123203277588,0.0771,0.1228,-0.1129,
8,15,HuberRegressor,0.2083060065668113,0.216436136576965,2.641783622248502,0.5772359371185303,0.074,0.1234,-0.1158,
8,15,PoissonRegressor,0.2072943485901989,0.2154348676028509,2.64347097131172,0.0740494728088378,0.078,0.1232,-0.0973,
8,15,CatBoostRegressor,0.1865022010615462,0.1948562405303346,2.6779148252428007,3.500565767288208,,,,
8,15,LGBMRegressor,0.1735017214884475,0.1819892665667268,2.6992278431899077,1.8777649402618408,,,,
8,15,HistGradientBoostingRegressor,0.1682345510103949,0.1767761861551993,2.7078151047787213,1.0966310501098633,,,,
8,15,LinearRegression,0.1657761197615289,0.1743430012336264,2.711813867628712,0.0667579174041748,,,,
8,15,TransformedTargetRegressor,0.1657761197615289,0.1743430012336264,2.711813867628712,0.0626940727233886,,,,
8,15,LassoLarsIC,0.1657761197615275,0.1743430012336251,2.7118138676287145,0.1220550537109375,,,,
8,15,RidgeCV,0.1657244033100839,0.1742918158730795,2.711897923731652,0.0689172744750976,,,,
8,15,Ridge,0.1657244033100007,0.1742918158729971,2.7118979237317875,0.0433216094970703,,,,
8,15,BayesianRidge,0.1654403444766612,0.1740106741203286,2.7123595655455177,0.1109983921051025,,,,
8,15,LassoLarsCV,0.1652417296298375,0.1738140989056608,2.712682300312305,0.2660949230194092,,,,
8,15,ElasticNetCV,0.163022969266548,0.17161812362141,2.716285018636653,0.6224076747894287,,,,
8,15,LassoCV,0.1629523266235721,0.1715482064277573,2.7163996463367157,0.686004638671875,,,,
8,15,SGDRegressor,0.1599022927266487,0.1685294941933992,2.7213441540753958,0.1009385585784912,,,,
8,15,GradientBoostingRegressor,0.1531157524065055,0.1618126467793279,2.7323139276712207,23.66483187675476,,,,
8,15,ElasticNet,0.1406730526297201,0.1494977246132124,2.7523127621781445,0.0484170913696289,,,,
8,15,RandomForestRegressor,0.1254089328258737,0.134390356381975,2.7766496625645205,64.21450018882751,,,,
8,15,XGBRegressor,0.1248344664818348,0.1338217893956453,2.7775614200682157,1.705369472503662,,,,
8,15,ExtraTreesRegressor,0.119779109296743,0.1288183471063384,2.7855721022032665,24.153600215911865,,,,
8,15,MLPRegressor,0.1181606599810816,0.1272165181054202,2.7881318215154463,18.86545419692993,,,,
8,15,OrthogonalMatchingPursuitCV,0.1039948552109509,0.1131961859995195,2.8104367782436346,0.102571964263916,,,,
8,15,OrthogonalMatchingPursuit,0.0856992006825526,0.0950884147330514,2.8389851325444138,0.0395050048828125,,,,
8,15,BaggingRegressor,0.0809630368385928,0.0904008878979866,2.846328739237487,6.290843963623047,,,,
8,15,Lasso,0.0302674187366109,0.0402258774670657,2.9237791324687783,0.0511205196380615,,,,
8,15,LassoLars,0.0302643153544588,0.0402228059544245,2.923783810870274,0.0495529174804687,,,,
8,15,QuantileRegressor,-0.0130535618952847,-0.002650227736159,2.9883727832046967,15.184393405914308,,,,
8,15,DummyRegressor,-0.0143454914144607,-0.0039288900649283,2.990277685892051,0.0401935577392578,,,,
8,15,RANSACRegressor,-0.0344940725826825,-0.0238705597423765,3.019830532127383,0.3114626407623291,,,,
8,15,AdaBoostRegressor,-0.0701339250049684,-0.0591444164186554,3.0714088726395827,6.319588661193848,,,,
8,15,LarsCV,-0.2858291729859001,-0.2726246287630873,3.3667448609279016,0.2569928169250488,,,,
8,15,DecisionTreeRegressor,-0.3001151079004531,-0.2867638573629085,3.385395955025361,1.0876097679138184,,,,
8,15,ExtraTreeRegressor,-0.3146792109582497,-0.3011783975184683,3.404305027737672,0.2711989879608154,,,,
8,15,PassiveAggressiveRegressor,-0.4683804039093775,-0.4533011893553103,3.5978069672522635,0.0845930576324462,,,,
8,15,Lars,-32153.65462804289,-31823.44936600228,532.4029988635679,0.0594620704650878,,,,
8,15,TweedieRegressor,0.0188755857476301,0.0611654311895426,2.7311444552673594,0.0332388877868652,0.0584,0.0154,0.0407,DJF
8,15,DummyRegressor,-0.0516621900293008,-0.006331923217693,2.827618146181633,0.0202827453613281,-0.0098,0.0146,-0.0266,DJF
8,15,KNeighborsRegressor,-0.0536470825077333,-0.0082312599858482,2.830285291721647,0.0516412258148193,-0.0149,0.0271,-0.032,DJF
8,15,QuantileRegressor,-0.1074336341777832,-0.0596994258080512,2.9016263382280227,1.3631272315979004,-0.0632,0.0268,-0.0929,DJF
8,15,ElasticNet,-0.1114980312736277,-0.0635886333739024,2.90694609753124,0.0262365341186523,-0.0616,0.0405,-0.0956,DJF
8,15,LassoLars,-0.1326885619956821,-0.0838657791510406,2.934525498219522,0.0199356079101562,,,,DJF
8,15,Lasso,-0.1326885619956825,-0.0838657791510411,2.9345254982195224,0.0209701061248779,,,,DJF
8,15,PoissonRegressor,-0.2022115486974181,-0.1503920853914948,3.023243151642592,0.0593433380126953,,,,DJF
8,15,HuberRegressor,-0.2043240828061774,-0.1524135619955664,3.025898217240838,0.2015044689178466,,,,DJF
8,15,LinearSVR,-0.2146309013677227,-0.1622761211363554,3.038818718283508,0.1866106986999511,,,,DJF
8,15,CatBoostRegressor,-0.2178869304668129,-0.1653918041535882,3.042889033004556,2.8984169960021973,,,,DJF
8,15,GradientBoostingRegressor,-0.2362955682980221,-0.1830069662162108,3.0657997622415847,5.712822198867798,,,,DJF
8,15,SGDRegressor,-0.2380144543496505,-0.1846517623518206,3.0679302924117997,0.0442936420440673,,,,DJF
8,15,TransformedTargetRegressor,-0.2492663342845134,-0.195418647461905,3.081840429966902,0.0289537906646728,,,,DJF
8,15,LinearRegression,-0.2492663342845134,-0.195418647461905,3.081840429966902,0.0284388065338134,,,,DJF
8,15,LassoLarsIC,-0.2492663342845145,-0.1954186474619061,3.0818404299669035,0.0412774085998535,,,,DJF
8,15,RidgeCV,-0.2496130721638036,-0.1957504397429501,3.0822680876441564,0.0271661281585693,,,,DJF
8,15,Ridge,-0.2496130721638181,-0.1957504397429639,3.082268087644174,0.0217645168304443,,,,DJF
8,15,BayesianRidge,-0.2496382342771415,-0.1957745172824372,3.0822991196452905,0.0412015914916992,,,,DJF
8,15,LassoLarsCV,-0.2503891785702312,-0.1964930932870316,3.08322510255836,0.0873913764953613,,,,DJF
8,15,LassoCV,-0.2511072896332007,-0.197180251286942,3.0841103390472377,0.2853832244873047,,,,DJF
8,15,ElasticNetCV,-0.251522417028426,-0.1975774852599594,3.084621962837031,0.2521729469299316,,,,DJF
8,15,LGBMRegressor,-0.2609035084455333,-0.2065542192883982,3.0961611475144246,0.9904181957244872,,,,DJF
8,15,LarsCV,-0.2647768343228021,-0.2102605914640607,3.1009129962244426,0.0822451114654541,,,,DJF
8,15,HistGradientBoostingRegressor,-0.2705230772393974,-0.2157591514963199,3.1079491807722865,0.6948106288909912,,,,DJF
8,15,ExtraTreesRegressor,-0.2871025939040352,-0.2316240338219648,3.128161832259295,5.600336074829102,,,,DJF
8,15,AdaBoostRegressor,-0.2938335545581452,-0.2380648668616733,3.1363305976482216,1.7024846076965332,,,,DJF
8,15,XGBRegressor,-0.3046551779350024,-0.2484200409550454,3.1494194198975243,1.4371473789215088,,,,DJF
8,15,RandomForestRegressor,-0.3068962994255373,-0.250564562381333,3.152123277256764,13.25721025466919,,,,DJF
8,15,OrthogonalMatchingPursuit,-0.3248976568794657,-0.2677899992553507,3.1737579079024925,0.0269544124603271,,,,DJF
8,15,OrthogonalMatchingPursuitCV,-0.3321795059196317,-0.2747579754920615,3.182467696777674,0.0464034080505371,,,,DJF
8,15,BaggingRegressor,-0.3833879389737895,-0.3237591485007813,3.243057302894363,1.3825469017028809,,,,DJF
8,15,MLPRegressor,-0.4118847270061587,-0.3510276267041692,3.276289350211892,4.65459942817688,,,,DJF
8,15,Lars,-0.6659901982250949,-0.5941802758878063,3.5589251234742547,0.0272772312164306,,,,DJF
8,15,PassiveAggressiveRegressor,-0.6744824939632721,-0.6023065243958896,3.5679843085004936,0.0466210842132568,,,,DJF
8,15,DecisionTreeRegressor,-0.7438192591881343,-0.6686546359472665,3.6411063569185047,0.2493982315063476,,,,DJF
8,15,RANSACRegressor,-0.8514021585735063,-0.7716003413936139,3.7517424120888543,0.2412099838256836,,,,DJF
8,15,ExtraTreeRegressor,-0.9516111975625194,-0.8674900252537903,3.851937932693176,0.0752618312835693,,,,DJF
8,15,TweedieRegressor,0.4169881016643763,0.4391464930707134,1.9528537269731856,0.029611587524414,0.3642,0.0358,0.3272,JJA
8,15,LinearSVR,0.3722486378732499,0.396107431197324,2.026398417931381,0.3473060131072998,0.2949,0.1025,0.2018,JJA
8,15,HuberRegressor,0.3601628532806332,0.3844809880799336,2.0458120433563334,0.1864221096038818,0.2776,0.1141,0.1682,JJA
8,15,PoissonRegressor,0.352614759795012,0.3772197731473975,2.0578437809877266,0.0344746112823486,0.2892,0.0707,0.2376,JJA
8,15,KNeighborsRegressor,0.33859051518843,0.3637285445942751,2.080013794176915,0.066843032836914,0.2708,0.0727,0.2272,JJA
8,15,GradientBoostingRegressor,0.3337816321921787,0.3591024316443341,2.087561635356801,5.294223546981812,,,,JJA
8,15,SGDRegressor,0.3332628477336548,0.3586033645005345,2.0883742696483143,0.0425341129302978,,,,JJA
8,15,PassiveAggressiveRegressor,0.3297066343303593,0.3551823112350332,2.093936302458624,0.0298600196838378,,,,JJA
8,15,BayesianRidge,0.3289857304946241,0.3544888066160278,2.095062019295288,0.0330176353454589,,,,JJA
8,15,RidgeCV,0.3273438740097408,0.352909351771195,2.097623581504052,0.0313665866851806,,,,JJA
8,15,Ridge,0.3263834865895655,0.3519854655620905,2.099120492534261,0.0265262126922607,,,,JJA
8,15,LassoLarsIC,0.3263645980664694,0.3519672949304973,2.099149922489713,0.0381531715393066,,,,JJA
8,15,LinearRegression,0.3262589392889694,0.3518656519004529,2.0993145404103566,0.0260021686553955,,,,JJA
8,15,TransformedTargetRegressor,0.3262589392889694,0.3518656519004529,2.0993145404103566,0.0307917594909667,,,,JJA
8,15,ElasticNetCV,0.326254810900237,0.3518616804183868,2.099320972238342,0.2177495956420898,,,,JJA
8,15,LGBMRegressor,0.3249889409002016,0.3506439220315284,2.1012922073610323,0.3280434608459472,,,,JJA
8,15,LassoCV,0.3243531629184369,0.3500323079088681,2.1022815547739806,0.2429907321929931,,,,JJA
8,15,LassoLarsCV,0.3242389867962407,0.3499224712507756,2.102459177314943,0.094961404800415,,,,JJA
8,15,ExtraTreesRegressor,0.3107667298059142,0.3369622510548449,2.123313507183767,5.592005252838135,,,,JJA
8,15,HistGradientBoostingRegressor,0.308086378336036,0.334383771051305,2.127438165932912,0.7035059928894043,,,,JJA
8,15,CatBoostRegressor,0.3064119344391293,0.3327729673362908,2.13001083046202,2.17941951751709,,,,JJA
8,15,LarsCV,0.3062492329273332,0.3326164495812774,2.130260644204585,0.0966382026672363,,,,JJA
8,15,RandomForestRegressor,0.3039135756795547,0.3303695630903824,2.1338436153297518,12.355530261993408,,,,JJA
8,15,ElasticNet,0.2739137352253616,0.3015099192750734,2.179340634726505,0.0227768421173095,,,,JJA
8,15,BaggingRegressor,0.2733060825285919,0.3009253614865423,2.180252375744819,1.3174874782562256,,,,JJA
8,15,XGBRegressor,0.2494140226884041,0.2779413613531186,2.2158034238647097,1.233950138092041,,,,JJA
8,15,OrthogonalMatchingPursuitCV,0.2427202305609082,0.2715019785547926,2.225661858503263,0.037966251373291,,,,JJA
8,15,OrthogonalMatchingPursuit,0.2269273220372142,0.2563093072638404,2.2487499576277825,0.0209372043609619,,,,JJA
8,15,AdaBoostRegressor,0.2211802086683769,0.250780623034866,2.2570932162106887,1.522484302520752,,,,JJA
8,15,MLPRegressor,0.1942076594134787,0.2248332128986083,2.29584504877008,4.452364444732666,,,,JJA
8,15,Lasso,0.1705387102212047,0.2020638437009732,2.329319525625165,0.0215425491333007,,,,JJA
8,15,LassoLars,0.1705345046832315,0.2020597980018587,2.329325430680302,0.0247926712036132,,,,JJA
8,15,ExtraTreeRegressor,0.0062096892860523,0.0439804358925791,2.5496371877248607,0.0707292556762695,,,,JJA
8,15,DecisionTreeRegressor,-0.0359904086642517,0.0033842268001835,2.603208017643301,0.2289977073669433,,,,JJA
8,15,QuantileRegressor,-0.0547934543560888,-0.0147041761077577,2.626725673478881,1.2789027690887451,,,,JJA
8,15,DummyRegressor,-0.0861434339104318,-0.0448626446148494,2.6654748947029123,0.0186991691589355,,,,JJA
8,15,RANSACRegressor,-0.9950857995030028,-0.9192590588124324,3.612532763452963,0.213184118270874,,,,JJA
8,15,Lars,-14130.72702803688,-13593.625916329398,304.0385311961257,0.0327141284942626,,,,JJA
8,15,TweedieRegressor,0.1563408072213419,0.1909800988956481,2.258236604575662,0.0251340866088867,0.1609,0.1359,0.0044,MAM
8,15,GammaRegressor,0.1537672061608895,0.1885121657619479,2.2616783821685718,0.0288615226745605,0.1602,0.1407,0.0002,MAM
8,15,LinearSVR,0.0679180976473745,0.1061878837841155,2.373629654034209,0.2418780326843261,0.0706,0.1397,-0.0886,MAM
8,15,KNeighborsRegressor,0.0642069715948399,0.1026291306078255,2.3783503164786843,0.0567049980163574,0.096,0.2432,-0.1699,MAM
8,15,HuberRegressor,0.0495822008348229,0.0886048294501814,2.3968629471749647,0.1604530811309814,0.0479,0.1279,-0.0991,MAM
8,15,ElasticNet,0.0089026711456183,0.0495955359252234,2.447620455362784,0.0231149196624755,,,,MAM
8,15,PoissonRegressor,-0.0015852227351771,0.0395382581253,2.460536860319206,0.0353984832763671,,,,MAM
8,15,CatBoostRegressor,-0.018683363368368,0.0231421396896398,2.481449995337285,2.4081673622131348,,,,MAM
8,15,LinearRegression,-0.0236083472237147,0.0184193677626605,2.487441241487692,0.0243310928344726,,,,MAM
8,15,TransformedTargetRegressor,-0.0236083472237147,0.0184193677626605,2.487441241487692,0.0273513793945312,,,,MAM
8,15,Ridge,-0.0240656117325006,0.0179808778003118,2.4879967721271528,0.023179292678833,,,,MAM
8,15,SGDRegressor,-0.024141475934081,0.0179081284610227,2.4880889275471305,0.0329508781433105,,,,MAM
8,15,BayesianRidge,-0.0255624972787278,0.0165454519708551,2.489814471314375,0.0336153507232666,,,,MAM
8,15,LassoLarsIC,-0.0259369284896933,0.0161863943041353,2.4902689434569965,0.0375165939331054,,,,MAM
8,15,RidgeCV,-0.0260825163459657,0.0160467840514507,2.4904456307589373,0.0281226634979248,,,,MAM
8,15,ElasticNetCV,-0.0289567304718572,0.013290580542042,2.493931251160333,0.1879892349243164,,,,MAM
8,15,LassoLarsCV,-0.0307103582703447,0.0116089538849158,2.4960555219109324,0.079768419265747,,,,MAM
8,15,LassoCV,-0.030717284738841,0.011602311806093,2.496063908758292,0.2129795551300048,,,,MAM
8,15,QuantileRegressor,-0.0429450888413118,-0.0001234382958199,2.5108261486912404,1.314577579498291,,,,MAM
8,15,LarsCV,-0.0448508561871647,-0.0019509578948084,2.513119110520098,0.0843775272369384,,,,MAM
8,15,LGBMRegressor,-0.0553285453439778,-0.0119984499603289,2.5256883669721883,0.2587089538574219,,,,MAM
8,15,GradientBoostingRegressor,-0.062876482180864,-0.0192364806314673,2.5347044078620664,5.418468236923218,,,,MAM
8,15,HistGradientBoostingRegressor,-0.0640360562994863,-0.0203484444988688,2.5360866834472096,0.6414361000061035,,,,MAM
8,15,DummyRegressor,-0.0656473227814964,-0.0218935549665626,2.538006151139272,0.0175068378448486,,,,MAM
8,15,ExtraTreesRegressor,-0.0749224104205665,-0.0307878224014739,2.5490272595478376,5.319416522979736,,,,MAM
8,15,RandomForestRegressor,-0.0798344802203592,-0.0354982105032823,2.554844762278848,12.788998126983644,,,,MAM
8,15,OrthogonalMatchingPursuitCV,-0.0885597319963542,-0.0438652174527083,2.565145792243113,0.0385096073150634,,,,MAM
8,15,Lasso,-0.0890970912253801,-0.044380513574703,2.565778846478432,0.0211579799652099,,,,MAM
8,15,LassoLars,-0.0890970912253801,-0.044380513574703,2.565778846478432,0.0221762657165527,,,,MAM
8,15,OrthogonalMatchingPursuit,-0.094490880377503,-0.0495528424057989,2.572124551402164,0.0206701755523681,,,,MAM
8,15,BaggingRegressor,-0.1196856639730155,-0.0737131686456562,2.601560800014364,1.3010375499725342,,,,MAM
8,15,XGBRegressor,-0.1197999884564666,-0.0738227991494036,2.601693611620595,1.1960885524749756,,,,MAM
8,15,AdaBoostRegressor,-0.1662423172958471,-0.1183582805455614,2.6550965544403144,1.5398170948028564,,,,MAM
8,15,MLPRegressor,-0.2646678163410523,-0.2127425866555163,2.764866423927729,4.513887166976929,,,,MAM
8,15,PassiveAggressiveRegressor,-0.3484378206044005,-0.2930731290649861,2.8549689131456764,0.0377147197723388,,,,MAM
8,15,RANSACRegressor,-0.3585135045839793,-0.302735121640294,2.8656153918500924,0.2174339294433593,,,,MAM
8,15,ExtraTreeRegressor,-0.4585707170148667,-0.3986841456045846,2.9692698352631184,0.0716066360473632,,,,MAM
8,15,DecisionTreeRegressor,-0.8562714239563831,-0.7800559001625536,3.3497057653884155,0.2271745204925537,,,,MAM
8,15,Lars,-5341758830188.271,-5122434790627.579,5682351.037144621,0.0284698009490966,,,,MAM
8,15,GammaRegressor,0.1506645215330619,0.1868921011833105,2.9645743655250407,0.025470495223999,0.1949,0.1033,0.0923,SON
8,15,TweedieRegressor,0.142484060885263,0.1790605701366024,2.9788169520474392,0.0283896923065185,0.1869,0.0984,0.096,SON
8,15,PoissonRegressor,0.0921232815384262,0.1308478809040857,3.0650400639557054,0.033499002456665,0.1396,0.1104,0.0329,SON
8,15,HuberRegressor,0.0901399652450893,0.1289491610403226,3.0683861281478,0.1580986976623535,0.1363,0.0984,0.0407,SON
8,15,LinearSVR,0.0815447002744246,0.1207205187461316,3.082845273934609,0.2009038925170898,0.1279,0.0991,0.0289,SON
8,15,LassoCV,0.0609520382776286,0.1010062167397203,3.1172138935352582,0.2923719882965088,,,,SON
8,15,LassoLarsCV,0.0608972942774218,0.100953807791655,3.1173047548533,0.0768766403198242,,,,SON
8,15,LassoLarsIC,0.0608895111350964,0.1009463566317037,3.1173176727035843,0.0357823371887207,,,,SON
8,15,ElasticNetCV,0.0600273102348446,0.1001209320731688,3.1187483549871704,0.2299339771270752,,,,SON
8,15,LinearRegression,0.0595376026287544,0.0996521124692341,3.119560653014115,0.0257258415222167,,,,SON
8,15,TransformedTargetRegressor,0.0595376026287544,0.0996521124692341,3.119560653014115,0.0289344787597656,,,,SON
8,15,Ridge,0.0595040961283664,0.0996200351560665,3.119616223885177,0.0258684158325195,,,,SON
8,15,RidgeCV,0.059504096128258,0.0996200351559627,3.119616223885357,0.0308527946472167,,,,SON
8,15,BayesianRidge,0.0587731187737893,0.0989202369303575,3.120828310980497,0.0312662124633789,,,,SON
8,15,SGDRegressor,0.0551367322845329,0.0954389569738183,3.126851087272104,0.0503017902374267,,,,SON
8,15,CatBoostRegressor,0.0547061241210032,0.0950267159831406,3.127563515344568,2.282966136932373,,,,SON
8,15,KNeighborsRegressor,0.0375298245162505,0.0785830547501545,3.1558500271621583,0.0515480041503906,,,,SON
8,15,HistGradientBoostingRegressor,0.0329692493167207,0.0742170064548701,3.163318041568232,0.6612458229064941,,,,SON
8,15,GradientBoostingRegressor,0.0254786230898244,0.0670458856120593,3.1755459485267146,5.176250457763672,,,,SON
8,15,ElasticNet,0.0225406351237514,0.064233214668236,3.180329165588037,0.0213613510131835,,,,SON
8,15,LarsCV,0.0185440083679202,0.0604070601436962,3.186824383114349,0.0780975818634033,,,,SON
8,15,OrthogonalMatchingPursuitCV,0.0116798463012887,0.0538356822410441,3.1979490616312427,0.0362615585327148,,,,SON
8,15,LGBMRegressor,0.0077210296670036,0.0500457250840509,3.204347515309725,0.3089971542358398,,,,SON
8,15,XGBRegressor,-0.0019104722175091,0.0408250455548017,3.2198613726017085,1.2528116703033447,,,,SON
8,15,MLPRegressor,-0.0198624239777012,0.0236388168554709,3.248579590471868,4.223522424697876,,,,SON
8,15,OrthogonalMatchingPursuit,-0.0211135826400903,0.0224410251502453,3.2505716447889563,0.0199799537658691,,,,SON
8,15,ExtraTreesRegressor,-0.0218683721001207,0.0217184305013061,3.2517728059673523,5.100389719009399,,,,SON
8,15,RandomForestRegressor,-0.0224199640577562,0.0211903661627168,3.252650321014458,11.87046480178833,,,,SON
8,15,DummyRegressor,-0.0446658355725155,-0.000106629315868,3.287845581089977,0.0168550014495849,,,,SON
8,15,Lasso,-0.0468365079943626,-0.0021847138145083,3.2912596547546524,0.0195794105529785,,,,SON
8,15,LassoLars,-0.0468372387563955,-0.0021854134065966,3.291260803514348,0.0197365283966064,,,,SON
8,15,QuantileRegressor,-0.061677077162453,-0.0163922729232963,3.314506967769707,1.1686697006225586,,,,SON
8,15,BaggingRegressor,-0.0788162072566167,-0.0328003500750548,3.3411536436468383,1.2268972396850586,,,,SON
8,15,AdaBoostRegressor,-0.0955512676999961,-0.0488215927744037,3.366968620964164,1.5027711391448977,,,,SON
8,15,RANSACRegressor,-0.1747866328311538,-0.1246772503881188,3.486600709647877,0.2171368598937988,,,,SON
8,15,DecisionTreeRegressor,-0.385265578208491,-0.3261784208441478,3.7860752145596672,0.2171759605407714,,,,SON
8,15,PassiveAggressiveRegressor,-0.5239648995071937,-0.458961657348119,3.971094281753,0.0265953540802001,,,,SON
8,15,ExtraTreeRegressor,-0.5494209068461129,-0.4833318634261365,4.004123111736125,0.0684113502502441,,,,SON
8,15,Lars,-2.785130186296448e+21,-2.6663331641321445e+21,169763947879.5849,0.0283892154693603,,,,SON
9,36,TweedieRegressor,0.4017044757043051,0.4041920760547908,2.532178519647245,0.0989472866058349,0.3529,0.1204,0.1417,
9,36,KNeighborsRegressor,0.3849037490028248,0.3874612036175225,2.567485404206421,3.4305992126464844,0.3322,0.1395,0.0687,
9,36,CatBoostRegressor,0.3575585912000476,0.3602297418418289,2.6239358080698865,7.231360197067261,0.3002,0.1621,0.0404,
9,36,XGBRegressor,0.3406638886815756,0.3434052843213547,2.658213593440992,2.624201536178589,0.2818,0.1519,0.0183,
9,36,HistGradientBoostingRegressor,0.3359369950158763,0.3386980441911776,2.667725170936178,2.2779290676116943,0.2745,0.1552,0.0258,
9,36,LGBMRegressor,0.3344390757099046,0.3372063529521715,2.670732254669825,0.8689656257629395,,,,
9,36,GradientBoostingRegressor,0.3168441254519724,0.3196845591907381,2.705804078032396,84.30500507354736,,,,
9,36,LinearSVR,0.3117643235648979,0.3146258781652471,2.7158453384538714,3.4974207878112797,,,,
9,36,HuberRegressor,0.3111477450608323,0.314011863278726,2.7170616056681505,0.8369190692901611,,,,
9,36,ExtraTreesRegressor,0.3037162313495176,0.3066112484047955,2.731678465405327,60.803744316101074,,,,
9,36,RandomForestRegressor,0.2994021883786872,0.3023151424138863,2.7401278802746933,260.83841252326965,,,,
9,36,BayesianRidge,0.2880362072295969,0.2909964188783697,2.762265360850689,0.1353590488433838,,,,
9,36,RidgeCV,0.2880123256070683,0.2909726365511395,2.7623116882244685,0.1720640659332275,,,,
9,36,Ridge,0.287990067372895,0.2909504708625208,2.7623548657274672,0.0758664608001709,,,,
9,36,LinearRegression,0.2879896284072804,0.2909500337220427,2.762355717245514,0.11147141456604,,,,
9,36,TransformedTargetRegressor,0.2879896284072804,0.2909500337220427,2.762355717245514,0.1207795143127441,,,,
9,36,ElasticNetCV,0.2878654530262757,0.2908263746389357,2.762596585660521,0.5986053943634033,,,,
9,36,LassoLarsIC,0.2877706099275909,0.290731925880031,2.762780542820351,0.152146577835083,,,,
9,36,LassoLarsCV,0.2875948511793701,0.2905568979036543,2.7631214111579507,0.3821878433227539,,,,
9,36,LassoCV,0.2864956145049998,0.2894622316487931,2.76525232897616,1.046478509902954,,,,
9,36,MLPRegressor,0.2858829429347786,0.2888521074518198,2.7664393069296844,40.18189358711243,,,,
9,36,ElasticNet,0.2845302637186316,0.2875050524216402,2.76905815948367,0.0499610900878906,,,,
9,36,PoissonRegressor,0.2823724789923045,0.285356239358686,2.7732306163028,0.1024937629699707,,,,
9,36,SGDRegressor,0.2789139098484914,0.2819120502953932,2.779905305465649,0.2046205997467041,,,,
9,36,OrthogonalMatchingPursuitCV,0.2774665109633594,0.2804706694228114,2.7826938870314257,0.2014896869659423,,,,
9,36,LarsCV,0.2730691927467984,0.2760916344289932,2.791148740379698,0.3724627494812011,,,,
9,36,OrthogonalMatchingPursuit,0.2694132372684445,0.2724508797264433,2.7981587043539604,0.0660014152526855,,,,
9,36,BaggingRegressor,0.2676315410828133,0.2706765914987121,2.8015685887819464,26.17973256111145,,,,
9,36,LassoLars,0.1550481623997586,0.1585613133460777,3.0092094761505166,0.0743026733398437,,,,
9,36,Lasso,0.155037606658153,0.1585508014932619,3.009228272688407,0.0757110118865966,,,,
9,36,PassiveAggressiveRegressor,0.1171256690889093,0.120796494635523,3.075996864476425,0.181812047958374,,,,
9,36,RANSACRegressor,0.0650321666281672,0.068919587167919,3.165445045164283,0.3721215724945068,,,,
9,36,AdaBoostRegressor,0.0574923064750508,0.0614110763363299,3.178182963772765,29.91053915023804,,,,
9,36,DummyRegressor,-0.0045223717520301,-0.000345756513294,3.2810756972943564,0.0437080860137939,,,,
9,36,QuantileRegressor,-0.0091676492434249,-0.004971719813881,3.288653391712237,120.68911266326904,,,,
9,36,DecisionTreeRegressor,-0.0460450939953931,-0.0416958350810632,3.3482019642190486,3.781746864318848,,,,
9,36,ExtraTreeRegressor,-0.0509423051419137,-0.0465726845439846,3.3560303579509743,0.6429979801177979,,,,
9,36,Lars,-2682.614070703309,-2671.456107737251,169.58852914155605,0.0830311775207519,,,,
9,36,KNeighborsRegressor,0.2214977654638201,0.2345452889476668,2.628894487207445,0.2521138191223144,0.2192,0.1125,0.1072,DJF
9,36,TweedieRegressor,0.2151091795831525,0.2282637743387422,2.6396591339098867,0.0390436649322509,0.2138,0.0877,0.1241,DJF
9,36,CatBoostRegressor,0.114649370169334,0.1294876488815799,2.803502025809997,5.00167179107666,0.1107,0.0812,0.0619,DJF
9,36,ElasticNet,0.1068959943189646,0.1218642178778647,2.815750971223923,0.0216484069824218,0.1049,0.0835,0.027,DJF
9,36,LGBMRegressor,0.0934576940601347,0.1086511405284006,2.836855808762099,0.5564708709716797,0.0889,0.0848,0.0295,DJF
9,36,HistGradientBoostingRegressor,0.0857997963368809,0.1011215874597265,2.8488125954725474,1.6959588527679443,,,,DJF
9,36,GradientBoostingRegressor,0.0815339029069683,0.096927189450427,2.855451506141882,22.30148339271545,,,,DJF
9,36,XGBRegressor,0.0628727678343756,0.0785788108315649,2.8843137686154354,1.9126346111297607,,,,DJF
9,36,ExtraTreesRegressor,0.0383778432218911,0.0544944156818595,2.9217661592905717,17.585833072662354,,,,DJF
9,36,HuberRegressor,0.0312610436892362,0.0474968921190256,2.932557972423467,0.2914180755615234,,,,DJF
9,36,TransformedTargetRegressor,0.0311692342207727,0.0474066213567375,2.932696931535312,0.0480759143829345,,,,DJF
9,36,LinearRegression,0.0311692342207727,0.0474066213567375,2.932696931535312,0.0564312934875488,,,,DJF
9,36,Ridge,0.0310749272435417,0.0473138949433706,2.932839663920756,0.0405857563018798,,,,DJF
9,36,RidgeCV,0.0304646146997044,0.0467138111013853,2.933763196146822,0.0564026832580566,,,,DJF
9,36,LassoLarsIC,0.0302261105820792,0.0464793042594745,2.9341240244291917,0.0903115272521972,,,,DJF
9,36,BayesianRidge,0.0302129089296298,0.0464663238637701,2.934143995658676,0.0907363891601562,,,,DJF
9,36,LassoLarsCV,0.0299358359708773,0.0461938945858906,2.93456311543586,0.227396011352539,,,,DJF
9,36,ElasticNetCV,0.0262154918929506,0.0425359026433481,2.940184979064168,0.2256312370300293,,,,DJF
9,36,LassoCV,0.0257008862404981,0.0420299216666351,2.9409617607623564,1.056300163269043,,,,DJF
9,36,RandomForestRegressor,0.0247653584590028,0.0411100731217011,2.9423733864343795,65.83556509017944,,,,DJF
9,36,LinearSVR,0.0245359766089726,0.0408845356602189,2.9427193992501244,0.7337970733642578,,,,DJF
9,36,SGDRegressor,0.0216437206910765,0.0380407533051926,2.9470787594452026,0.0910077095031738,,,,DJF
9,36,AdaBoostRegressor,0.010955041796142,0.0275312142800056,2.9631336514563547,5.98253059387207,,,,DJF
9,36,LassoLars,0.0017630585743527,0.018493286642939,2.976871188358806,0.0583548545837402,,,,DJF
9,36,Lasso,0.0017630585743524,0.0184932866429387,2.976871188358807,0.1250786781311035,,,,DJF
9,36,MLPRegressor,-0.0065420153622139,0.0103274038896666,2.989228938594596,13.591818571090698,,,,DJF
9,36,BaggingRegressor,-0.0144242890086578,0.0025772353881353,3.000910503428996,6.04914140701294,,,,DJF
9,36,LarsCV,-0.022045915813297,-0.004916654654415,3.012162708431384,0.2559778690338135,,,,DJF
9,36,DummyRegressor,-0.0331164060829065,-0.0158016059809582,3.0284321853932923,0.024315595626831,,,,DJF
9,36,QuantileRegressor,-0.0669220092281319,-0.0490406347717944,3.077581488493392,11.622907638549805,,,,DJF
9,36,OrthogonalMatchingPursuitCV,-0.0714309072847403,-0.053473964704549,3.0840776855761765,0.0591118335723876,,,,DJF
9,36,OrthogonalMatchingPursuit,-0.0942753179848816,-0.0759355081862522,3.116782708175004,0.028339147567749,,,,DJF
9,36,PoissonRegressor,-0.1004744819013241,-0.0820307755007432,3.1255986612560807,0.050814151763916,,,,DJF
9,36,ExtraTreeRegressor,-0.3741554820139874,-0.3511249432092835,3.492699012036688,0.1784014701843261,,,,DJF
9,36,DecisionTreeRegressor,-0.3893470971304844,-0.3660619502512026,3.5119522544275856,1.13055419921875,,,,DJF
9,36,PassiveAggressiveRegressor,-0.6175289627720335,-0.5904195388149602,3.7893895821749584,0.0743968486785888,,,,DJF
9,36,RANSACRegressor,-0.6813244762619834,-0.6531458537547994,3.86339391680505,0.1914825439453125,,,,DJF
9,36,Lars,-74.73950816075262,-73.47013092900816,25.93011627645519,0.0547771453857421,,,,DJF
9,36,TweedieRegressor,0.5235676621433324,0.531420942437673,2.078111825442609,0.0323379039764404,0.5057,0.0519,0.4584,JJA
9,36,LinearSVR,0.4928560056314022,0.5012155220220933,2.1440452228106293,1.2792589664459229,0.4693,0.0682,0.4244,JJA
9,36,HuberRegressor,0.4851982824664003,0.4936840250631079,2.1601717962085165,0.2735567092895508,0.4602,0.0701,0.4181,JJA
9,36,PoissonRegressor,0.4778254046279551,0.4864326781780437,2.1755855587626685,0.0487933158874511,0.4588,0.0474,0.4128,JJA
9,36,KNeighborsRegressor,0.4669657032658441,0.4757519828823411,2.1980920457349487,0.299147367477417,0.4362,0.0871,0.3714,JJA
9,36,ElasticNetCV,0.4655798618926672,0.4743889850482825,2.2009476119913605,0.1798288822174072,,,,JJA
9,36,LassoLarsCV,0.4633731351643834,0.472218632936399,2.2054870053790108,0.1138839721679687,,,,JJA
9,36,LassoCV,0.4633645615079432,0.4722102006039661,2.2055046237779203,0.2815592288970947,,,,JJA
9,36,BayesianRidge,0.4633159095291599,0.4721623505808769,2.205604598289984,0.0479857921600341,,,,JJA
9,36,RidgeCV,0.4628589133097736,0.4717128872662058,2.206543454592538,0.0409889221191406,,,,JJA
9,36,SGDRegressor,0.4628151989877146,0.4716698935098951,2.2066332406759086,0.0717906951904296,,,,JJA
9,36,Ridge,0.4624231747695558,0.4712843312293983,2.207438267086897,0.0255713462829589,,,,JJA
9,36,LassoLarsIC,0.4624109033045382,0.4712722620412766,2.207463461947997,0.0548927783966064,,,,JJA
9,36,TransformedTargetRegressor,0.4623726768521254,0.4712346656952222,2.2075419438196398,0.0385956764221191,,,,JJA
9,36,LinearRegression,0.4623726768521254,0.4712346656952222,2.2075419438196398,0.0402789115905761,,,,JJA
9,36,OrthogonalMatchingPursuitCV,0.4584550590617358,0.4673816240222566,2.2155703750420344,0.0433595180511474,,,,JJA
9,36,CatBoostRegressor,0.4504505213542749,0.4595090292440396,2.2318844070265,3.708638668060303,,,,JJA
9,36,LGBMRegressor,0.4461389626744652,0.4552685402127981,2.2406225645764173,0.4254248142242431,,,,JJA
9,36,OrthogonalMatchingPursuit,0.4457208780461958,0.4548573470893904,2.2414680773262634,0.0217440128326416,,,,JJA
9,36,HistGradientBoostingRegressor,0.4409089450932024,0.4501247317125452,2.251176621022634,1.575597047805786,,,,JJA
9,36,GradientBoostingRegressor,0.4385280425823685,0.4477830748474943,2.2559648732198343,22.551401138305664,,,,JJA
9,36,XGBRegressor,0.4150965022562428,0.4247377687025685,2.302557090975558,1.4983911514282229,,,,JJA
9,36,ElasticNet,0.4106971625134352,0.420410945548928,2.311200187329459,0.020881175994873,,,,JJA
9,36,ExtraTreesRegressor,0.4069126713669038,0.4166888361245922,2.3186095515749745,17.980047464370728,,,,JJA
9,36,RandomForestRegressor,0.4010497758773088,0.4109225817694411,2.330041540560952,56.68908882141113,,,,JJA
9,36,MLPRegressor,0.3790743233042932,0.3893093619311455,2.3724010499622783,10.186684608459473,,,,JJA
9,36,BaggingRegressor,0.366309533155048,0.3767549804107339,2.396662522890296,5.733147382736206,,,,JJA
9,36,AdaBoostRegressor,0.2356640814280555,0.2482630251407798,2.6321487716924987,4.386368751525879,,,,JJA
9,36,Lasso,0.1876022297064371,0.200993401744243,2.713642668277673,0.0290803909301757,,,,JJA
9,36,LassoLars,0.1875910452360829,0.2009824016332903,2.7136613478904343,0.0299715995788574,,,,JJA
9,36,RANSACRegressor,0.1577310446940384,0.1716145989023784,2.763081497696461,0.2491888999938964,,,,JJA
9,36,PassiveAggressiveRegressor,0.1396924779881623,0.1538733712081376,2.792512706941725,0.05485200881958,,,,JJA
9,36,DecisionTreeRegressor,0.0642138067609503,0.0796388539022533,2.9124375015885064,0.7811663150787354,,,,JJA
9,36,QuantileRegressor,-0.0174158262307781,-0.0006452356885127,3.036809451395727,9.512568950653076,,,,JJA
9,36,DummyRegressor,-0.0303789779439529,-0.013394709076745,3.0560945942821616,0.0172924995422363,,,,JJA
9,36,ExtraTreeRegressor,-0.0391231877575781,-0.0219947835637719,3.069034821328927,0.1498453617095947,,,,JJA
9,36,LarsCV,-1.2360499233418025e+19,-1.2156754740559487e+19,10584888898.712902,0.1135706901550293,,,,JJA
9,36,Lars,-1.2365435992100592e+19,-1.2161610124098937e+19,10587002479.426346,0.0303163528442382,,,,JJA
9,36,TweedieRegressor,0.3902290804416494,0.4005253999088635,2.286658480509029,0.0351457595825195,0.3748,0.1376,0.2159,MAM
9,36,KNeighborsRegressor,0.3390927390982771,0.3502525239915519,2.380609780230988,0.3532593250274658,0.3236,0.1658,0.1321,MAM
9,36,LinearSVR,0.3172794412018943,0.3288075557031755,2.419576971229907,0.9781160354614258,0.2907,0.137,0.1413,MAM
9,36,CatBoostRegressor,0.3162873671802907,0.3278322334005108,2.421334299350584,4.62262487411499,0.2962,0.1791,0.0928,MAM
9,36,HuberRegressor,0.3148597081626604,0.326428681195561,2.423860972771417,0.3692491054534912,0.2876,0.1355,0.1408,MAM
9,36,LGBMRegressor,0.3081104795568162,0.3197934170502282,2.435770286206542,0.5180325508117676,,,,MAM
9,36,HistGradientBoostingRegressor,0.3037240245377974,0.3154810297519809,2.443479259721965,1.949756622314453,,,,MAM
9,36,GradientBoostingRegressor,0.3006420911627485,0.3124511365277301,2.448881087231095,21.942742824554443,,,,MAM
9,36,ElasticNet,0.2912853152481277,0.3032523549531311,2.465208563347655,0.0360987186431884,,,,MAM
9,36,PoissonRegressor,0.288726880890693,0.3007371211758407,2.469654211642938,0.0574119091033935,,,,MAM
9,36,ElasticNetCV,0.2853518603215249,0.2974190896969587,2.47550658346007,0.2960820198059082,,,,MAM
9,36,LassoLarsCV,0.282448284959708,0.2945645428121706,2.480530408047104,0.1266446113586425,,,,MAM
9,36,LassoCV,0.2823503810911709,0.2944682921046407,2.480699625982633,0.1906092166900634,,,,MAM
9,36,BayesianRidge,0.2822548095788221,0.294374334370174,2.4808648015194943,0.061047077178955,,,,MAM
9,36,XGBRegressor,0.281846239116878,0.2939726628466117,2.4815708068578504,1.4714453220367432,,,,MAM
9,36,RidgeCV,0.2815341725538202,0.2936658657001908,2.4821099192349765,0.0456557273864746,,,,MAM
9,36,Ridge,0.2815341725537553,0.2936658657001271,2.4821099192350884,0.1519825458526611,,,,MAM
9,36,LassoLarsIC,0.2815013329985495,0.2936335806589867,2.482166644587359,0.0516276359558105,,,,MAM
9,36,LinearRegression,0.2815013326094662,0.2936335802764732,2.4821666452594338,0.0359010696411132,,,,MAM
9,36,TransformedTargetRegressor,0.2815013326094662,0.2936335802764732,2.4821666452594338,0.0436756610870361,,,,MAM
9,36,RandomForestRegressor,0.277668079248215,0.289865053519821,2.4887791257480423,67.80973529815674,,,,MAM
9,36,SGDRegressor,0.2771404367581326,0.2893463205652185,2.489687950246873,0.0593888759613037,,,,MAM
9,36,ExtraTreesRegressor,0.2697065036318971,0.2820379135142852,2.5024572577182367,23.021929025650024,,,,MAM
9,36,LarsCV,0.2533635912111305,0.26597096021507,2.53030302009496,0.111875295639038,,,,MAM
9,36,OrthogonalMatchingPursuitCV,0.2448463396449495,0.2575975271556351,2.54469430466502,0.0557765960693359,,,,MAM
9,36,BaggingRegressor,0.2421365303405277,0.2549334744811191,2.5492559333957603,7.84724235534668,,,,MAM
9,36,OrthogonalMatchingPursuit,0.2268654685528103,0.2399202730237759,2.574811780306249,0.021834373474121,,,,MAM
9,36,MLPRegressor,0.2191009476164097,0.232286860320823,2.5877087825264757,8.843541860580444,,,,MAM
9,36,LassoLars,0.152690344685824,0.1669976371770576,2.695498096986046,0.0261268615722656,,,,MAM
9,36,Lasso,0.1526880152332301,0.1669953470585601,2.6955018022611354,0.0392234325408935,,,,MAM
9,36,AdaBoostRegressor,0.1009630341617237,0.1161437709207189,2.776557849485585,7.360810995101929,,,,MAM
9,36,RANSACRegressor,0.0778505028519133,0.0934215074941885,2.8120213828437346,0.1987049579620361,,,,MAM
9,36,PassiveAggressiveRegressor,-0.0057510761182761,0.0112315874559534,2.93672448951389,0.0721287727355957,,,,MAM
9,36,QuantileRegressor,-0.0188025784173013,-0.0015995330031257,2.955717817545213,7.7817182540893555,,,,MAM
9,36,DummyRegressor,-0.0249782909389078,-0.0076709652007274,2.9646626736061537,0.0296356678009033,,,,MAM
9,36,ExtraTreeRegressor,-0.0912380297774742,-0.0728118716761661,3.058987471548024,0.2692582607269287,,,,MAM
9,36,DecisionTreeRegressor,-0.1211587987858291,-0.1022274119395394,3.100641223037341,1.3059289455413818,,,,MAM
9,36,Lars,-1.4800534379472755e+17,-1.455061916480999e+17,1126566025.7330184,0.0330231189727783,,,,MAM
9,36,TweedieRegressor,0.3199221550259751,0.3310913167135046,2.993931641899441,0.0264410972595214,0.3352,0.0884,0.2802,SON
9,36,KNeighborsRegressor,0.2646027530693565,0.2766804450809912,3.113318602068561,0.2765674591064453,0.2811,0.1005,0.2087,SON
9,36,CatBoostRegressor,0.2551435121043022,0.2673765566135381,3.133277565931482,3.693209171295166,0.2737,0.119,0.1886,SON
9,36,GradientBoostingRegressor,0.2504441007393425,0.2627543253622365,3.1431461839496837,20.28216767311096,0.2679,0.1072,0.1932,SON
9,36,HistGradientBoostingRegressor,0.2444876373227267,0.2568956870747256,3.155610222945997,1.726776361465454,0.2631,0.1214,0.1725,SON
9,36,LGBMRegressor,0.240477890037323,0.2529517933031333,3.1639730611356875,0.4139957427978515,,,,SON
9,36,PoissonRegressor,0.236431593240357,0.2489719502856795,3.172389780176913,0.0413415431976318,,,,SON
9,36,HuberRegressor,0.2351750285565413,0.2477360226130944,3.1749990253061267,0.2571635246276855,,,,SON
9,36,LinearSVR,0.2327770408873106,0.24537741795303,3.1799724834943794,0.6660566329956055,,,,SON
9,36,RandomForestRegressor,0.2265741443470015,0.2392763938011566,3.1928014348771856,49.49269604682922,,,,SON
9,36,XGBRegressor,0.2232984926445923,0.2360545392982395,3.1995554470241103,1.3325445652008057,,,,SON
9,36,LarsCV,0.2183078067263173,0.2311458171997902,3.209818339353887,0.1029348373413086,,,,SON
9,36,ElasticNetCV,0.2180169803633361,0.2308597671821864,3.210415385730426,0.238692045211792,,,,SON
9,36,ExtraTreesRegressor,0.2171459798787963,0.23000307145013,3.2122028255293227,16.716896295547485,,,,SON
9,36,LassoCV,0.2163629079523599,0.2292328601940182,3.2138089724500483,0.3126142024993896,,,,SON
9,36,BayesianRidge,0.2161975818234113,0.2290702492752165,3.2141479677458777,0.0448274612426757,,,,SON
9,36,LassoLarsCV,0.2160142771850939,0.2288899551145358,3.2145237855377764,0.1183009147644043,,,,SON
9,36,LassoLarsIC,0.2152585381677774,0.2281466278694014,3.216072765197066,0.0553197860717773,,,,SON
9,36,Ridge,0.2152263545162973,0.2281149727815405,3.2161387129702086,0.0213904380798339,,,,SON
9,36,RidgeCV,0.2152263545161465,0.2281149727813923,3.2161387129705177,0.0333931446075439,,,,SON
9,36,LinearRegression,0.2151567852834919,0.228046546109128,3.216281263211096,0.037339448928833,,,,SON
9,36,TransformedTargetRegressor,0.2151567852834919,0.228046546109128,3.216281263211096,0.0328748226165771,,,,SON
9,36,SGDRegressor,0.1947762425499856,0.2080007203183251,3.257773278064023,0.0570030212402343,,,,SON
9,36,BaggingRegressor,0.1946991878528156,0.2079249311180065,3.2579291482342376,5.277540922164917,,,,SON
9,36,ElasticNet,0.1863598026588919,0.1997225066298225,3.2747546308973154,0.0271303653717041,,,,SON
9,36,OrthogonalMatchingPursuit,0.1775786138695833,0.1910855344447178,3.2923785553925287,0.0223844051361084,,,,SON
9,36,MLPRegressor,0.1703837052754386,0.1840087904077763,3.3067487915438525,9.577336311340332,,,,SON
9,36,OrthogonalMatchingPursuitCV,0.1311582494752176,0.1454275482977048,3.384019895420276,0.0448548793792724,,,,SON
9,36,LassoLars,0.1029162320680748,0.1176493596435991,3.43857947062066,0.0258131027221679,,,,SON
9,36,Lasso,0.102908865578878,0.117642114136889,3.4385935887038466,0.0250725746154785,,,,SON
9,36,AdaBoostRegressor,0.0916996050777249,0.1066169473300979,3.460009715209753,4.192552328109741,,,,SON
9,36,PassiveAggressiveRegressor,0.0404846628256487,0.0562431263923808,3.5562192397125885,0.0529184341430664,,,,SON
9,36,DummyRegressor,-0.0167859955377378,-8.695546503778573e-05,3.660811311409781,0.0254788398742675,,,,SON
9,36,QuantileRegressor,-0.0240057752885087,-0.0071881621907048,3.673785280238536,8.62039566040039,,,,SON
9,36,ExtraTreeRegressor,-0.0684761604008907,-0.05092819426292,3.752709832047523,0.1908345222473144,,,,SON
9,36,DecisionTreeRegressor,-0.1515224780835122,-0.1326106125675421,3.895819048182792,0.87528395652771,,,,SON
9,36,RANSACRegressor,-0.1633988449825365,-0.144291929645232,3.9158575148274295,0.2367861270904541,,,,SON
9,36,Lars,-34408131722369.75,-33843034668535.195,21295758.48298465,0.0326983928680419,,,,SON
